Godot Engine v4.7.1.stable.official.a13da4feb - https://godotengine.org

[   0% ] [90m[1mfirst_scan_filesystem[22m | Started Project initialization (5 steps)[39m[0m
[   0% ] [90m[1mfirst_scan_filesystem[22m | Scanning file structure...[39m[0m
WARNING: Detected another project.godot at res://tools/gpu_probe. The folder will be ignored.
     at: _should_skip_directory (editor/file_system/editor_file_system.cpp:3497)
[  16% ] [90m[1mfirst_scan_filesystem[22m | Loading global class names...[39m[0m
[  33% ] [90m[1mfirst_scan_filesystem[22m | Verifying GDExtensions...[39m[0m
[  50% ] [90m[1mfirst_scan_filesystem[22m | Creating autoload scripts...[39m[0m
[  66% ] [90m[1mfirst_scan_filesystem[22m | Initializing plugins...[39m[0m
[  83% ] [90m[1mfirst_scan_filesystem[22m | Starting file scan...[39m[0m
[92m[ DONE ][39m [1mfirst_scan_filesystem[22m
[0m
[   0% ] [90m[1mexport[22m | Started Exporting for macOS (3 steps)[39m[0m
[   0% ] [90m[1mexport[22m | Creating app bundle[39m[0m
[  25% ] [90m[1mexport[22m | Making PKG[39m[0m
[   0% ] [90m[1msavepack[22m | Started Packing (102 steps)[39m[0m
[   1% ] [90m[1msavepack[22m | Storing File: res://.godot/imported/bison.glb-df575a327e97aa2536ce2249863c8d5f.scn[39m[0m
[   1% ] [90m[1msavepack[22m | Storing File: res://assets/ext/animals/bison.glb.import[39m[0m
[   1% ] [90m[1msavepack[22m | Storing File: res://assets/ext/animals/bison_gaits.json[39m[0m
[   1% ] [90m[1msavepack[22m | Storing File: res://.godot/imported/black_bear.glb-ef38ce670cc43addc65998f5a9d58b11.scn[39m[0m
[   1% ] [90m[1msavepack[22m | Storing File: res://assets/ext/animals/black_bear.glb.import[39m[0m
[   1% ] [90m[1msavepack[22m | Storing File: res://assets/ext/animals/black_bear_gaits.json[39m[0m
[   1% ] [90m[1msavepack[22m | Storing File: res://.godot/imported/cougar.glb-c60537b54d41fc4b3139bb9fdb1e241e.scn[39m[0m
[   1% ] [90m[1msavepack[22m | Storing File: res://assets/ext/animals/cougar.glb.import[39m[0m
[   1% ] [90m[1msavepack[22m | Storing File: res://assets/ext/animals/cougar_gaits.json[39m[0m
[   1% ] [90m[1msavepack[22m | Storing File: res://.godot/imported/coyote.glb-478785922d35ed7b936015c5e4a59545.scn[39m[0m
[   1% ] [90m[1msavepack[22m | Storing File: res://assets/ext/animals/coyote.glb.import[39m[0m
[   1% ] [90m[1msavepack[22m | Storing File: res://assets/ext/animals/coyote_gaits.json[39m[0m
[   1% ] [90m[1msavepack[22m | Storing File: res://.godot/imported/elk.glb-95990ea8c529d488da83542d6415020f.scn[39m[0m
[   1% ] [90m[1msavepack[22m | Storing File: res://assets/ext/animals/elk.glb.import[39m[0m
[   1% ] [90m[1msavepack[22m | Storing File: res://assets/ext/animals/elk_gaits.json[39m[0m
[   1% ] [90m[1msavepack[22m | Storing File: res://.godot/imported/fox.glb-da7e94966e8f2d6b55c4a984ec28743d.scn[39m[0m
[   1% ] [90m[1msavepack[22m | Storing File: res://assets/ext/animals/fox.glb.import[39m[0m
[   1% ] [90m[1msavepack[22m | Storing File: res://assets/ext/animals/fox_gaits.json[39m[0m
[   1% ] [90m[1msavepack[22m | Storing File: res://.godot/imported/horse.glb-57d74b65cbd352a6f40d7380cee7a918.scn[39m[0m
[   1% ] [90m[1msavepack[22m | Storing File: res://assets/ext/animals/horse.glb.import[39m[0m
[   1% ] [90m[1msavepack[22m | Storing File: res://.godot/imported/horse_blanket_tex.png-ae1e6c4236319153af3b0ed2e0a27361.ctex[39m[0m
[   1% ] [90m[1msavepack[22m | Storing File: res://assets/ext/animals/horse_blanket_tex.png.import[39m[0m
[   1% ] [90m[1msavepack[22m | Storing File: res://assets/ext/animals/horse_gaits.json[39m[0m
[   1% ] [90m[1msavepack[22m | Storing File: res://.godot/imported/horse_hair_strands.png-36a288838e3189826377e88f9b80668c.ctex[39m[0m
[   1% ] [90m[1msavepack[22m | Storing File: res://assets/ext/animals/horse_hair_strands.png.import[39m[0m
[   1% ] [90m[1msavepack[22m | Storing File: res://.godot/imported/horse_leather_tex.png-3a3a781a8b1d66888e2e9d0adb1eecfa.ctex[39m[0m
[   1% ] [90m[1msavepack[22m | Storing File: res://assets/ext/animals/horse_leather_tex.png.import[39m[0m
[   1% ] [90m[1msavepack[22m | Storing File: res://.godot/imported/mule_deer.glb-c5f05ebfcb47574a8092163037ddd30e.scn[39m[0m
[   1% ] [90m[1msavepack[22m | Storing File: res://assets/ext/animals/mule_deer.glb.import[39m[0m
[   1% ] [90m[1msavepack[22m | Storing File: res://assets/ext/animals/mule_deer_gaits.json[39m[0m
[   1% ] [90m[1msavepack[22m | Storing File: res://.godot/imported/pronghorn.glb-95977cf55a49c0595f89717075ff11e4.scn[39m[0m
[   1% ] [90m[1msavepack[22m | Storing File: res://assets/ext/animals/pronghorn.glb.import[39m[0m
[   1% ] [90m[1msavepack[22m | Storing File: res://assets/ext/animals/pronghorn_gaits.json[39m[0m
[   1% ] [90m[1msavepack[22m | Storing File: res://.godot/imported/rabbit.glb-7c2ba613c45ba4ae903cfaf9f5d3a8a9.scn[39m[0m
[   1% ] [90m[1msavepack[22m | Storing File: res://assets/ext/animals/rabbit.glb.import[39m[0m
[   1% ] [90m[1msavepack[22m | Storing File: res://assets/ext/animals/rabbit_gaits.json[39m[0m
[   1% ] [90m[1msavepack[22m | Storing File: res://.godot/imported/raccoon.glb-b6e262e58a44044600485d89a7039298.scn[39m[0m
[   1% ] [90m[1msavepack[22m | Storing File: res://assets/ext/animals/raccoon.glb.import[39m[0m
[   1% ] [90m[1msavepack[22m | Storing File: res://assets/ext/animals/raccoon_gaits.json[39m[0m
[   1% ] [90m[1msavepack[22m | Storing File: res://.godot/imported/wolf.glb-b043cb915c177c1575fa20af359c77e4.scn[39m[0m
[   1% ] [90m[1msavepack[22m | Storing File: res://assets/ext/animals/wolf.glb.import[39m[0m
[   1% ] [90m[1msavepack[22m | Storing File: res://assets/ext/animals/wolf_gaits.json[39m[0m
[   1% ] [90m[1msavepack[22m | Storing File: res://.godot/imported/brass.ogg-b010dc432eb10ee290e4597ecc89ffe3.oggvorbisstr[39m[0m
[   1% ] [90m[1msavepack[22m | Storing File: res://assets/ext/audio/music/combat/brass.ogg.import[39m[0m
[   1% ] [90m[1msavepack[22m | Storing File: res://.godot/imported/melody.ogg-02eed7194f110b0cf46ac92af46a6af1.oggvorbisstr[39m[0m
[   1% ] [90m[1msavepack[22m | Storing File: res://assets/ext/audio/music/combat/melody.ogg.import[39m[0m
[   1% ] [90m[1msavepack[22m | Storing File: res://.godot/imported/ostinato.ogg-030c73f53b093c47e90609a0dd7d0494.oggvorbisstr[39m[0m
[   1% ] [90m[1msavepack[22m | Storing File: res://assets/ext/audio/music/combat/ostinato.ogg.import[39m[0m
[   1% ] [90m[1msavepack[22m | Storing File: res://.godot/imported/perc.ogg-fb14af02c31bbea638f7e760e3c9585b.oggvorbisstr[39m[0m
[   1% ] [90m[1msavepack[22m | Storing File: res://assets/ext/audio/music/combat/perc.ogg.import[39m[0m
[   1% ] [90m[1msavepack[22m | Storing File: res://.godot/imported/base.ogg-3fb1c8260c52bc0939aadb0e0e957794.oggvorbisstr[39m[0m
[   1% ] [90m[1msavepack[22m | Storing File: res://assets/ext/audio/music/explore_desert_day/base.ogg.import[39m[0m
[   1% ] [90m[1msavepack[22m | Storing File: res://.godot/imported/melody.ogg-9e67e0aa3fc2219f16cd90017fe9f5ee.oggvorbisstr[39m[0m
[   1% ] [90m[1msavepack[22m | Storing File: res://assets/ext/audio/music/explore_desert_day/melody.ogg.import[39m[0m
[   1% ] [90m[1msavepack[22m | Storing File: res://.godot/imported/pad.ogg-b631a22adb37bf4f23ae4849b45a538e.oggvorbisstr[39m[0m
[   1% ] [90m[1msavepack[22m | Storing File: res://assets/ext/audio/music/explore_desert_day/pad.ogg.import[39m[0m
[   1% ] [90m[1msavepack[22m | Storing File: res://.godot/imported/rhythm.ogg-8302d0bdde96f4e158af3f8218fbf317.oggvorbisstr[39m[0m
[   1% ] [90m[1msavepack[22m | Storing File: res://assets/ext/audio/music/explore_desert_day/rhythm.ogg.import[39m[0m
[   1% ] [90m[1msavepack[22m | Storing File: res://.godot/imported/base.ogg-6be93f991996cc8ef8949f9d32a58850.oggvorbisstr[39m[0m
[   1% ] [90m[1msavepack[22m | Storing File: res://assets/ext/audio/music/explore_mountains_day/base.ogg.import[39m[0m
[   2% ] [90m[1msavepack[22m | Storing File: res://.godot/imported/melody.ogg-d807e487cec3bcf2e1d347f1b25cb673.oggvorbisstr[39m[0m
[   2% ] [90m[1msavepack[22m | Storing File: res://assets/ext/audio/music/explore_mountains_day/melody.ogg.import[39m[0m
[   2% ] [90m[1msavepack[22m | Storing File: res://.godot/imported/pad.ogg-3c279dafa797069c573719ad5d1275c0.oggvorbisstr[39m[0m
[   2% ] [90m[1msavepack[22m | Storing File: res://assets/ext/audio/music/explore_mountains_day/pad.ogg.import[39m[0m
[   2% ] [90m[1msavepack[22m | Storing File: res://.godot/imported/rhythm.ogg-d8f7cdf7e6883435b69124d2381cc6d5.oggvorbisstr[39m[0m
[   2% ] [90m[1msavepack[22m | Storing File: res://assets/ext/audio/music/explore_mountains_day/rhythm.ogg.import[39m[0m
[   2% ] [90m[1msavepack[22m | Storing File: res://.godot/imported/base.ogg-132c65746159801e6d03b97bec2bc6b1.oggvorbisstr[39m[0m
[   2% ] [90m[1msavepack[22m | Storing File: res://assets/ext/audio/music/explore_night/base.ogg.import[39m[0m
[   2% ] [90m[1msavepack[22m | Storing File: res://.godot/imported/melody.ogg-3d19939504cb39fdf5f3e08766afefe1.oggvorbisstr[39m[0m
[   2% ] [90m[1msavepack[22m | Storing File: res://assets/ext/audio/music/explore_night/melody.ogg.import[39m[0m
[   2% ] [90m[1msavepack[22m | Storing File: res://.godot/imported/pad.ogg-884582fcab6a2e6d3cf4674f1b6abb1d.oggvorbisstr[39m[0m
[   2% ] [90m[1msavepack[22m | Storing File: res://assets/ext/audio/music/explore_night/pad.ogg.import[39m[0m
[   2% ] [90m[1msavepack[22m | Storing File: res://.godot/imported/base.ogg-8c9f2d8d36645b6cbbb6840f9ceab316.oggvorbisstr[39m[0m
[   2% ] [90m[1msavepack[22m | Storing File: res://assets/ext/audio/music/explore_plains_day/base.ogg.import[39m[0m
[   2% ] [90m[1msavepack[22m | Storing File: res://.godot/imported/melody.ogg-de69acfdee12624456ba9faa643f193e.oggvorbisstr[39m[0m
[   2% ] [90m[1msavepack[22m | Storing File: res://assets/ext/audio/music/explore_plains_day/melody.ogg.import[39m[0m
[   2% ] [90m[1msavepack[22m | Storing File: res://.godot/imported/pad.ogg-ce588f314c2890878adcc245392063b2.oggvorbisstr[39m[0m
[   2% ] [90m[1msavepack[22m | Storing File: res://assets/ext/audio/music/explore_plains_day/pad.ogg.import[39m[0m
[   2% ] [90m[1msavepack[22m | Storing File: res://.godot/imported/rhythm.ogg-b7897f0fe9162cc521b7a4ef50031628.oggvorbisstr[39m[0m
[   2% ] [90m[1msavepack[22m | Storing File: res://assets/ext/audio/music/explore_plains_day/rhythm.ogg.import[39m[0m
[   2% ] [90m[1msavepack[22m | Storing File: res://.godot/imported/base.ogg-f82bf6dbf945c8a2e9fb0ebb9f4580c9.oggvorbisstr[39m[0m
[   2% ] [90m[1msavepack[22m | Storing File: res://assets/ext/audio/music/explore_plains_night/base.ogg.import[39m[0m
[   2% ] [90m[1msavepack[22m | Storing File: res://.godot/imported/melody.ogg-feef8d08bc4a10a1df2842ee2df6f739.oggvorbisstr[39m[0m
[   2% ] [90m[1msavepack[22m | Storing File: res://assets/ext/audio/music/explore_plains_night/melody.ogg.import[39m[0m
[   2% ] [90m[1msavepack[22m | Storing File: res://.godot/imported/pad.ogg-0fa6ccbda610787d811981d5884e529e.oggvorbisstr[39m[0m
[   2% ] [90m[1msavepack[22m | Storing File: res://assets/ext/audio/music/explore_plains_night/pad.ogg.import[39m[0m
[   2% ] [90m[1msavepack[22m | Storing File: res://.godot/imported/base.ogg-2b653e1c2d7c84a47374497579e1b7e7.oggvorbisstr[39m[0m
[   2% ] [90m[1msavepack[22m | Storing File: res://assets/ext/audio/music/main_theme/base.ogg.import[39m[0m
[   2% ] [90m[1msavepack[22m | Storing File: res://.godot/imported/melody.ogg-582cdcc8307bd55e02309bacb7747e4b.oggvorbisstr[39m[0m
[   2% ] [90m[1msavepack[22m | Storing File: res://assets/ext/audio/music/main_theme/melody.ogg.import[39m[0m
[   2% ] [90m[1msavepack[22m | Storing File: res://.godot/imported/pad.ogg-e5ce92ab65d50d94954d8629c93ee40a.oggvorbisstr[39m[0m
[   2% ] [90m[1msavepack[22m | Storing File: res://assets/ext/audio/music/main_theme/pad.ogg.import[39m[0m
[   2% ] [90m[1msavepack[22m | Storing File: res://.godot/imported/perc.ogg-fcef6c37cfc2152918b562504f797936.oggvorbisstr[39m[0m
[   2% ] [90m[1msavepack[22m | Storing File: res://assets/ext/audio/music/main_theme/perc.ogg.import[39m[0m
[   2% ] [90m[1msavepack[22m | Storing File: res://.godot/imported/base.ogg-502e44de9aaa4d25f55949067df19fe4.oggvorbisstr[39m[0m
[   2% ] [90m[1msavepack[22m | Storing File: res://assets/ext/audio/music/mission_heist/base.ogg.import[39m[0m
[   2% ] [90m[1msavepack[22m | Storing File: res://.godot/imported/melody.ogg-21eeb52fa490ddc433c543d1504d9db4.oggvorbisstr[39m[0m
[   2% ] [90m[1msavepack[22m | Storing File: res://assets/ext/audio/music/mission_heist/melody.ogg.import[39m[0m
[   2% ] [90m[1msavepack[22m | Storing File: res://.godot/imported/rhythm.ogg-388eaee6bfbfbfa753d3097c6000b397.oggvorbisstr[39m[0m
[   2% ] [90m[1msavepack[22m | Storing File: res://assets/ext/audio/music/mission_heist/rhythm.ogg.import[39m[0m
[   2% ] [90m[1msavepack[22m | Storing File: res://.godot/imported/base.ogg-17e907564e798d017bbebaa50d848fa3.oggvorbisstr[39m[0m
[   2% ] [90m[1msavepack[22m | Storing File: res://assets/ext/audio/music/mission_ride/base.ogg.import[39m[0m
[   2% ] [90m[1msavepack[22m | Storing File: res://.godot/imported/melody.ogg-ce581aa710be31be6de4a50ebd6cb87a.oggvorbisstr[39m[0m
[   2% ] [90m[1msavepack[22m | Storing File: res://assets/ext/audio/music/mission_ride/melody.ogg.import[39m[0m
[   2% ] [90m[1msavepack[22m | Storing File: res://.godot/imported/perc.ogg-131b5a89f7f4294200b1e51dac9d1b64.oggvorbisstr[39m[0m
[   2% ] [90m[1msavepack[22m | Storing File: res://assets/ext/audio/music/mission_ride/perc.ogg.import[39m[0m
[   2% ] [90m[1msavepack[22m | Storing File: res://.godot/imported/piano.ogg-e0049cbb4d8a75165c9a33596e369c57.oggvorbisstr[39m[0m
[   2% ] [90m[1msavepack[22m | Storing File: res://assets/ext/audio/music/saloon_piano/piano.ogg.import[39m[0m
[   2% ] [90m[1msavepack[22m | Storing File: res://.godot/imported/main.ogg-370b1c5ae27df6ea97ef853657004902.oggvorbisstr[39m[0m
[   2% ] [90m[1msavepack[22m | Storing File: res://assets/ext/audio/music/stinger_death/main.ogg.import[39m[0m
[   2% ] [90m[1msavepack[22m | Storing File: res://.godot/imported/main.ogg-0fdae6e3a20e77d6bdc72a8c942fd045.oggvorbisstr[39m[0m
[   2% ] [90m[1msavepack[22m | Storing File: res://assets/ext/audio/music/stinger_discovery/main.ogg.import[39m[0m
[   2% ] [90m[1msavepack[22m | Storing File: res://.godot/imported/main.ogg-527c81d352e78f09055ea0c5601fb408.oggvorbisstr[39m[0m
[   2% ] [90m[1msavepack[22m | Storing File: res://assets/ext/audio/music/stinger_mission_complete/main.ogg.import[39m[0m
[   2% ] [90m[1msavepack[22m | Storing File: res://.godot/imported/main.ogg-b172da80f7171d4c026bf2e6ac04ae8f.oggvorbisstr[39m[0m
[   2% ] [90m[1msavepack[22m | Storing File: res://assets/ext/audio/music/stinger_nerve/main.ogg.import[39m[0m
[   2% ] [90m[1msavepack[22m | Storing File: res://.godot/imported/base.ogg-86f95090079b03168de95a5b8cce0cf0.oggvorbisstr[39m[0m
[   2% ] [90m[1msavepack[22m | Storing File: res://assets/ext/audio/music/tension/base.ogg.import[39m[0m
[   2% ] [90m[1msavepack[22m | Storing File: res://.godot/imported/high.ogg-fcb2a2d14cddb6496c931a46fd1ae6a6.oggvorbisstr[39m[0m
[   2% ] [90m[1msavepack[22m | Storing File: res://assets/ext/audio/music/tension/high.ogg.import[39m[0m
[   2% ] [90m[1msavepack[22m | Storing File: res://.godot/imported/pulse.ogg-7d1a96ae40c545f82d20e254cbacefc3.oggvorbisstr[39m[0m
[   2% ] [90m[1msavepack[22m | Storing File: res://assets/ext/audio/music/tension/pulse.ogg.import[39m[0m
[   2% ] [90m[1msavepack[22m | Storing File: res://.godot/imported/base.ogg-f1a16fc514550f2f022d32804d5db04b.oggvorbisstr[39m[0m
[   2% ] [90m[1msavepack[22m | Storing File: res://assets/ext/audio/music/town/base.ogg.import[39m[0m
[   2% ] [90m[1msavepack[22m | Storing File: res://.godot/imported/fiddle.ogg-38b43ccb8c054ab12f8d24400690e99e.oggvorbisstr[39m[0m
[   2% ] [90m[1msavepack[22m | Storing File: res://assets/ext/audio/music/town/fiddle.ogg.import[39m[0m
[   2% ] [90m[1msavepack[22m | Storing File: res://.godot/imported/melody.ogg-a3ffabe8d108d06f0747de71f598c617.oggvorbisstr[39m[0m
[   2% ] [90m[1msavepack[22m | Storing File: res://assets/ext/audio/music/town/melody.ogg.import[39m[0m
[   2% ] [90m[1msavepack[22m | Storing File: res://.godot/imported/rhythm.ogg-ccf68e0f6035a004dd3214603c6872a8.oggvorbisstr[39m[0m
[   2% ] [90m[1msavepack[22m | Storing File: res://assets/ext/audio/music/town/rhythm.ogg.import[39m[0m
[   2% ] [90m[1msavepack[22m | Storing File: res://.godot/imported/fire_camp.ogg-fc3df9e095bd592b45f6fc475f0f0115.oggvorbisstr[39m[0m
[   2% ] [90m[1msavepack[22m | Storing File: res://assets/ext/audio/sfx/amb/fire_camp.ogg.import[39m[0m
[   3% ] [90m[1msavepack[22m | Storing File: res://.godot/imported/fire_stove.ogg-a3a73481f476869701162346257a3f9d.oggvorbisstr[39m[0m
[   3% ] [90m[1msavepack[22m | Storing File: res://assets/ext/audio/sfx/amb/fire_stove.ogg.import[39m[0m
[   3% ] [90m[1msavepack[22m | Storing File: res://.godot/imported/wind_calm.ogg-864676b24b6672f250df21c8d0c636ce.oggvorbisstr[39m[0m
[   3% ] [90m[1msavepack[22m | Storing File: res://assets/ext/audio/sfx/amb/wind_calm.ogg.import[39m[0m
[   3% ] [90m[1msavepack[22m | Storing File: res://.godot/imported/wind_dust.ogg-3761f5f6649012a3eb3580f4a5936e23.oggvorbisstr[39m[0m
[   3% ] [90m[1msavepack[22m | Storing File: res://assets/ext/audio/sfx/amb/wind_dust.ogg.import[39m[0m
[   3% ] [90m[1msavepack[22m | Storing File: res://.godot/imported/wind_grass.ogg-919f28f613bb91236a85d2b82cca7174.oggvorbisstr[39m[0m
[   3% ] [90m[1msavepack[22m | Storing File: res://assets/ext/audio/sfx/amb/wind_grass.ogg.import[39m[0m
[   3% ] [90m[1msavepack[22m | Storing File: res://.godot/imported/wind_gusty.ogg-0bfe2647b2e731f23dae969812bb8475.oggvorbisstr[39m[0m
[   3% ] [90m[1msavepack[22m | Storing File: res://assets/ext/audio/sfx/amb/wind_gusty.ogg.import[39m[0m
[   3% ] [90m[1msavepack[22m | Storing File: res://.godot/imported/wind_interior.ogg-14918ee840977c2909e0862d98e64337.oggvorbisstr[39m[0m
[   3% ] [90m[1msavepack[22m | Storing File: res://assets/ext/audio/sfx/amb/wind_interior.ogg.import[39m[0m
[   3% ] [90m[1msavepack[22m | Storing File: res://.godot/imported/wind_mountain.ogg-7f7239209c7efbfed43af0b378ce0c41.oggvorbisstr[39m[0m
[   3% ] [90m[1msavepack[22m | Storing File: res://assets/ext/audio/sfx/amb/wind_mountain.ogg.import[39m[0m
[   3% ] [90m[1msavepack[22m | Storing File: res://.godot/imported/wind_trees.ogg-f31e3c23d74c2ebb15e3c19d014ff667.oggvorbisstr[39m[0m
[   3% ] [90m[1msavepack[22m | Storing File: res://assets/ext/audio/sfx/amb/wind_trees.ogg.import[39m[0m
[   3% ] [90m[1msavepack[22m | Storing File: res://.godot/imported/bird_caw_1.ogg-e89f2ae51a0eefdbb2a870b649f825ed.oggvorbisstr[39m[0m
[   3% ] [90m[1msavepack[22m | Storing File: res://assets/ext/audio/sfx/birds/bird_caw_1.ogg.import[39m[0m
[   3% ] [90m[1msavepack[22m | Storing File: res://.godot/imported/bird_caw_2.ogg-80f24f19ab5c2fda61b065f1b02f3d72.oggvorbisstr[39m[0m
[   3% ] [90m[1msavepack[22m | Storing File: res://assets/ext/audio/sfx/birds/bird_caw_2.ogg.import[39m[0m
[   3% ] [90m[1msavepack[22m | Storing File: res://.godot/imported/bird_caw_3.ogg-b1d5bdbc05e46398abb09c384401a973.oggvorbisstr[39m[0m
[   3% ] [90m[1msavepack[22m | Storing File: res://assets/ext/audio/sfx/birds/bird_caw_3.ogg.import[39m[0m
[   3% ] [90m[1msavepack[22m | Storing File: res://.godot/imported/bird_caw_4.ogg-9f4038e558465b9d5dece972adc28701.oggvorbisstr[39m[0m
[   3% ] [90m[1msavepack[22m | Storing File: res://assets/ext/audio/sfx/birds/bird_caw_4.ogg.import[39m[0m
[   3% ] [90m[1msavepack[22m | Storing File: res://.godot/imported/bird_caw_5.ogg-0d3284bc597be17dba186dde27233260.oggvorbisstr[39m[0m
[   3% ] [90m[1msavepack[22m | Storing File: res://assets/ext/audio/sfx/birds/bird_caw_5.ogg.import[39m[0m
[   3% ] [90m[1msavepack[22m | Storing File: res://.godot/imported/bird_chip_1.wav-fa02227ed56597c6a53ed398f9155b5f.sample[39m[0m
[   3% ] [90m[1msavepack[22m | Storing File: res://assets/ext/audio/sfx/birds/bird_chip_1.wav.import[39m[0m
[   3% ] [90m[1msavepack[22m | Storing File: res://.godot/imported/bird_chip_2.wav-b6eb2747bf50ed9fd08ea089927c8f77.sample[39m[0m
[   3% ] [90m[1msavepack[22m | Storing File: res://assets/ext/audio/sfx/birds/bird_chip_2.wav.import[39m[0m
[   3% ] [90m[1msavepack[22m | Storing File: res://.godot/imported/bird_chip_3.wav-d08c980580d2c01204483c1aa0f981bf.sample[39m[0m
[   3% ] [90m[1msavepack[22m | Storing File: res://assets/ext/audio/sfx/birds/bird_chip_3.wav.import[39m[0m
[   3% ] [90m[1msavepack[22m | Storing File: res://.godot/imported/bird_chip_4.wav-84bad69890417a4504a8e8b454a078b8.sample[39m[0m
[   3% ] [90m[1msavepack[22m | Storing File: res://assets/ext/audio/sfx/birds/bird_chip_4.wav.import[39m[0m
[   3% ] [90m[1msavepack[22m | Storing File: res://.godot/imported/bird_dove_1.ogg-db9fc608083f0fc48cd122e0cd2212bd.oggvorbisstr[39m[0m
[   3% ] [90m[1msavepack[22m | Storing File: res://assets/ext/audio/sfx/birds/bird_dove_1.ogg.import[39m[0m
[   3% ] [90m[1msavepack[22m | Storing File: res://.godot/imported/bird_dove_2.ogg-ea5d11c8b9fc95a952bf80ec95e66d65.oggvorbisstr[39m[0m
[   3% ] [90m[1msavepack[22m | Storing File: res://assets/ext/audio/sfx/birds/bird_dove_2.ogg.import[39m[0m
[   3% ] [90m[1msavepack[22m | Storing File: res://.godot/imported/bird_dove_3.ogg-342bdb9b4527b576c35c31074f5279ab.oggvorbisstr[39m[0m
[   3% ] [90m[1msavepack[22m | Storing File: res://assets/ext/audio/sfx/birds/bird_dove_3.ogg.import[39m[0m
[   3% ] [90m[1msavepack[22m | Storing File: res://.godot/imported/bird_dove_4.ogg-cdc0e1f3ffe330e104cf984a5939e200.oggvorbisstr[39m[0m
[   3% ] [90m[1msavepack[22m | Storing File: res://assets/ext/audio/sfx/birds/bird_dove_4.ogg.import[39m[0m
[   3% ] [90m[1msavepack[22m | Storing File: res://.godot/imported/bird_feebee_1.wav-5a165531fd0bb55d18d6e03b83745c21.sample[39m[0m
[   3% ] [90m[1msavepack[22m | Storing File: res://assets/ext/audio/sfx/birds/bird_feebee_1.wav.import[39m[0m
[   3% ] [90m[1msavepack[22m | Storing File: res://.godot/imported/bird_feebee_2.wav-67ddd05d3ba2c3df21b9e3edcf8716f4.sample[39m[0m
[   3% ] [90m[1msavepack[22m | Storing File: res://assets/ext/audio/sfx/birds/bird_feebee_2.wav.import[39m[0m
[   3% ] [90m[1msavepack[22m | Storing File: res://.godot/imported/bird_feebee_3.wav-8b9733156c47f61da2cf5419f3ca53bd.sample[39m[0m
[   3% ] [90m[1msavepack[22m | Storing File: res://assets/ext/audio/sfx/birds/bird_feebee_3.wav.import[39m[0m
[   3% ] [90m[1msavepack[22m | Storing File: res://.godot/imported/bird_feebee_4.wav-d67f2490b3fadfe19a88b60f53b5fcbb.sample[39m[0m
[   3% ] [90m[1msavepack[22m | Storing File: res://assets/ext/audio/sfx/birds/bird_feebee_4.wav.import[39m[0m
[   3% ] [90m[1msavepack[22m | Storing File: res://.godot/imported/bird_hawk_1.ogg-c1c6a809444ca8c6a6bbeac37c6a2cd3.oggvorbisstr[39m[0m
[   3% ] [90m[1msavepack[22m | Storing File: res://assets/ext/audio/sfx/birds/bird_hawk_1.ogg.import[39m[0m
[   3% ] [90m[1msavepack[22m | Storing File: res://.godot/imported/bird_hawk_2.ogg-d829a925bf168b124fe5fd9147753064.oggvorbisstr[39m[0m
[   3% ] [90m[1msavepack[22m | Storing File: res://assets/ext/audio/sfx/birds/bird_hawk_2.ogg.import[39m[0m
[   3% ] [90m[1msavepack[22m | Storing File: res://.godot/imported/bird_hawk_3.ogg-0b27977b9a4062940389e3dc1184baa0.oggvorbisstr[39m[0m
[   3% ] [90m[1msavepack[22m | Storing File: res://assets/ext/audio/sfx/birds/bird_hawk_3.ogg.import[39m[0m
[   3% ] [90m[1msavepack[22m | Storing File: res://.godot/imported/bird_hawk_4.ogg-5d516132c42841d284953b46dc1ed589.oggvorbisstr[39m[0m
[   3% ] [90m[1msavepack[22m | Storing File: res://assets/ext/audio/sfx/birds/bird_hawk_4.ogg.import[39m[0m
[   3% ] [90m[1msavepack[22m | Storing File: res://.godot/imported/bird_meadow_1.wav-ff90de6801c06d73fbdb808300fa364d.sample[39m[0m
[   3% ] [90m[1msavepack[22m | Storing File: res://assets/ext/audio/sfx/birds/bird_meadow_1.wav.import[39m[0m
[   3% ] [90m[1msavepack[22m | Storing File: res://.godot/imported/bird_meadow_2.wav-c35f917629cd3881c8241e97b6ddf9a4.sample[39m[0m
[   3% ] [90m[1msavepack[22m | Storing File: res://assets/ext/audio/sfx/birds/bird_meadow_2.wav.import[39m[0m
[   3% ] [90m[1msavepack[22m | Storing File: res://.godot/imported/bird_meadow_3.wav-7dd875ee55ce02328728fa7e07d8353e.sample[39m[0m
[   3% ] [90m[1msavepack[22m | Storing File: res://assets/ext/audio/sfx/birds/bird_meadow_3.wav.import[39m[0m
[   3% ] [90m[1msavepack[22m | Storing File: res://.godot/imported/bird_meadow_4.wav-fe64a8d21cf25aa47f5bf2b990ef81aa.sample[39m[0m
[   3% ] [90m[1msavepack[22m | Storing File: res://assets/ext/audio/sfx/birds/bird_meadow_4.wav.import[39m[0m
[   3% ] [90m[1msavepack[22m | Storing File: res://.godot/imported/bird_meadow_5.wav-9a8051c540fa6bb08026c39c0ccbd6f9.sample[39m[0m
[   3% ] [90m[1msavepack[22m | Storing File: res://assets/ext/audio/sfx/birds/bird_meadow_5.wav.import[39m[0m
[   3% ] [90m[1msavepack[22m | Storing File: res://.godot/imported/bird_quail_1.wav-de109c1444172579b2c8cc5602f16cbc.sample[39m[0m
[   3% ] [90m[1msavepack[22m | Storing File: res://assets/ext/audio/sfx/birds/bird_quail_1.wav.import[39m[0m
[   4% ] [90m[1msavepack[22m | Storing File: res://.godot/imported/bird_quail_2.wav-8f023fd50d9757f284788bb409bf5bd5.sample[39m[0m
[   4% ] [90m[1msavepack[22m | Storing File: res://assets/ext/audio/sfx/birds/bird_quail_2.wav.import[39m[0m
[   4% ] [90m[1msavepack[22m | Storing File: res://.godot/imported/bird_quail_3.wav-900bfd8d2b3c127d438e7e60134b3c9f.sample[39m[0m
[   4% ] [90m[1msavepack[22m | Storing File: res://assets/ext/audio/sfx/birds/bird_quail_3.wav.import[39m[0m
[   4% ] [90m[1msavepack[22m | Storing File: res://.godot/imported/bird_quail_4.wav-95e49a97d262547f8b99b426c7b19d82.sample[39m[0m
[   4% ] [90m[1msavepack[22m | Storing File: res://assets/ext/audio/sfx/birds/bird_quail_4.wav.import[39m[0m
[   4% ] [90m[1msavepack[22m | Storing File: res://.godot/imported/bird_trill_1.wav-32770df09bc6c6e8e48e5822aff91e1b.sample[39m[0m
[   4% ] [90m[1msavepack[22m | Storing File: res://assets/ext/audio/sfx/birds/bird_trill_1.wav.import[39m[0m
[   4% ] [90m[1msavepack[22m | Storing File: res://.godot/imported/bird_trill_2.wav-a84aa68dcdcaf4435f766f72b321daf3.sample[39m[0m
[   4% ] [90m[1msavepack[22m | Storing File: res://assets/ext/audio/sfx/birds/bird_trill_2.wav.import[39m[0m
[   4% ] [90m[1msavepack[22m | Storing File: res://.godot/imported/bird_trill_3.wav-0f5991e955c9562478ac78f763cb4e44.sample[39m[0m
[   4% ] [90m[1msavepack[22m | Storing File: res://assets/ext/audio/sfx/birds/bird_trill_3.wav.import[39m[0m
[   4% ] [90m[1msavepack[22m | Storing File: res://.godot/imported/bird_trill_4.wav-a085428055f9959dc53341ffe49ba028.sample[39m[0m
[   4% ] [90m[1msavepack[22m | Storing File: res://assets/ext/audio/sfx/birds/bird_trill_4.wav.import[39m[0m
[   4% ] [90m[1msavepack[22m | Storing File: res://.godot/imported/bird_trill_5.wav-c6e3d1d2602caa1e8904a442be4862cc.sample[39m[0m
[   4% ] [90m[1msavepack[22m | Storing File: res://assets/ext/audio/sfx/birds/bird_trill_5.wav.import[39m[0m
[   4% ] [90m[1msavepack[22m | Storing File: res://.godot/imported/bird_warble_1.ogg-e1d57408b67bfe746f1c69252ca74b81.oggvorbisstr[39m[0m
[   4% ] [90m[1msavepack[22m | Storing File: res://assets/ext/audio/sfx/birds/bird_warble_1.ogg.import[39m[0m
[   4% ] [90m[1msavepack[22m | Storing File: res://.godot/imported/bird_warble_2.ogg-d857e4876341e34434f032fa69cbaf3d.oggvorbisstr[39m[0m
[   4% ] [90m[1msavepack[22m | Storing File: res://assets/ext/audio/sfx/birds/bird_warble_2.ogg.import[39m[0m
[   4% ] [90m[1msavepack[22m | Storing File: res://.godot/imported/bird_warble_3.ogg-7f0f36a6a7c4f0eafd6a99c2d6e942da.oggvorbisstr[39m[0m
[   4% ] [90m[1msavepack[22m | Storing File: res://assets/ext/audio/sfx/birds/bird_warble_3.ogg.import[39m[0m
[   4% ] [90m[1msavepack[22m | Storing File: res://.godot/imported/bird_warble_4.ogg-99b951a9ff34fb19e528b0632e068786.oggvorbisstr[39m[0m
[   4% ] [90m[1msavepack[22m | Storing File: res://assets/ext/audio/sfx/birds/bird_warble_4.ogg.import[39m[0m
[   4% ] [90m[1msavepack[22m | Storing File: res://.godot/imported/bird_warble_5.ogg-21fba3e1ed4d10a6fc35a5d06737543c.oggvorbisstr[39m[0m
[   4% ] [90m[1msavepack[22m | Storing File: res://assets/ext/audio/sfx/birds/bird_warble_5.ogg.import[39m[0m
[   4% ] [90m[1msavepack[22m | Storing File: res://.godot/imported/bird_woodpecker_1.wav-1bbd5a580f70ac2a190f87afa92209de.sample[39m[0m
[   4% ] [90m[1msavepack[22m | Storing File: res://assets/ext/audio/sfx/birds/bird_woodpecker_1.wav.import[39m[0m
[   4% ] [90m[1msavepack[22m | Storing File: res://.godot/imported/bird_woodpecker_2.wav-b2e324035ce892b7986cf34578e59632.sample[39m[0m
[   4% ] [90m[1msavepack[22m | Storing File: res://assets/ext/audio/sfx/birds/bird_woodpecker_2.wav.import[39m[0m
[   4% ] [90m[1msavepack[22m | Storing File: res://.godot/imported/bird_woodpecker_3.wav-9f4e73c092ef3fdf33e74083dfdbb83c.sample[39m[0m
[   4% ] [90m[1msavepack[22m | Storing File: res://assets/ext/audio/sfx/birds/bird_woodpecker_3.wav.import[39m[0m
[   4% ] [90m[1msavepack[22m | Storing File: res://.godot/imported/bird_woodpecker_4.wav-c4643960edfe565b304d418bac5f9094.sample[39m[0m
[   4% ] [90m[1msavepack[22m | Storing File: res://assets/ext/audio/sfx/birds/bird_woodpecker_4.wav.import[39m[0m
[   4% ] [90m[1msavepack[22m | Storing File: res://.godot/imported/owl_hoot_1.ogg-90eb96e9a998a12b4a84aca351411d7e.oggvorbisstr[39m[0m
[   4% ] [90m[1msavepack[22m | Storing File: res://assets/ext/audio/sfx/birds/owl_hoot_1.ogg.import[39m[0m
[   4% ] [90m[1msavepack[22m | Storing File: res://.godot/imported/owl_hoot_2.ogg-7170270a90a76be49fbabdbae25f21a8.oggvorbisstr[39m[0m
[   4% ] [90m[1msavepack[22m | Storing File: res://assets/ext/audio/sfx/birds/owl_hoot_2.ogg.import[39m[0m
[   4% ] [90m[1msavepack[22m | Storing File: res://.godot/imported/owl_hoot_3.ogg-172d8b6bce93ab328d5607385c52db13.oggvorbisstr[39m[0m
[   4% ] [90m[1msavepack[22m | Storing File: res://assets/ext/audio/sfx/birds/owl_hoot_3.ogg.import[39m[0m
[   4% ] [90m[1msavepack[22m | Storing File: res://.godot/imported/owl_hoot_4.ogg-959963056fe30c167152235dfa4e86d9.oggvorbisstr[39m[0m
[   4% ] [90m[1msavepack[22m | Storing File: res://assets/ext/audio/sfx/birds/owl_hoot_4.ogg.import[39m[0m
[   4% ] [90m[1msavepack[22m | Storing File: res://.godot/imported/poorwill_1.ogg-ad3646c3f912cb5687d98d3e0a3c43fd.oggvorbisstr[39m[0m
[   4% ] [90m[1msavepack[22m | Storing File: res://assets/ext/audio/sfx/birds/poorwill_1.ogg.import[39m[0m
[   4% ] [90m[1msavepack[22m | Storing File: res://.godot/imported/poorwill_2.ogg-f678fdec0edfc37e0bdfd41299b6716f.oggvorbisstr[39m[0m
[   4% ] [90m[1msavepack[22m | Storing File: res://assets/ext/audio/sfx/birds/poorwill_2.ogg.import[39m[0m
[   4% ] [90m[1msavepack[22m | Storing File: res://.godot/imported/poorwill_3.ogg-5f41387324a5aaa75b298434a3e8c8a4.oggvorbisstr[39m[0m
[   4% ] [90m[1msavepack[22m | Storing File: res://assets/ext/audio/sfx/birds/poorwill_3.ogg.import[39m[0m
[   4% ] [90m[1msavepack[22m | Storing File: res://.godot/imported/bullfrog_1.ogg-4f3c39ced44ef831d3043036a42c0ca5.oggvorbisstr[39m[0m
[   4% ] [90m[1msavepack[22m | Storing File: res://assets/ext/audio/sfx/creatures/bullfrog_1.ogg.import[39m[0m
[   4% ] [90m[1msavepack[22m | Storing File: res://.godot/imported/bullfrog_2.ogg-654ff0136d988f0ef419b41d44761a4d.oggvorbisstr[39m[0m
[   4% ] [90m[1msavepack[22m | Storing File: res://assets/ext/audio/sfx/creatures/bullfrog_2.ogg.import[39m[0m
[   4% ] [90m[1msavepack[22m | Storing File: res://.godot/imported/bullfrog_3.ogg-86f2b167d68e091775a297d14663ce49.oggvorbisstr[39m[0m
[   4% ] [90m[1msavepack[22m | Storing File: res://assets/ext/audio/sfx/creatures/bullfrog_3.ogg.import[39m[0m
[   4% ] [90m[1msavepack[22m | Storing File: res://.godot/imported/bullfrog_4.ogg-77aee91ab0a700c2d827b46f48b6a16b.oggvorbisstr[39m[0m
[   4% ] [90m[1msavepack[22m | Storing File: res://assets/ext/audio/sfx/creatures/bullfrog_4.ogg.import[39m[0m
[   4% ] [90m[1msavepack[22m | Storing File: res://.godot/imported/cattle_moo_synth_1.ogg-fd38223f4337e8863633bb34e3a0d653.oggvorbisstr[39m[0m
[   4% ] [90m[1msavepack[22m | Storing File: res://assets/ext/audio/sfx/creatures/cattle_moo_synth_1.ogg.import[39m[0m
[   4% ] [90m[1msavepack[22m | Storing File: res://.godot/imported/cattle_moo_synth_2.ogg-42109c0f1c25b04a8b28f20f13a85d3e.oggvorbisstr[39m[0m
[   4% ] [90m[1msavepack[22m | Storing File: res://assets/ext/audio/sfx/creatures/cattle_moo_synth_2.ogg.import[39m[0m
[   4% ] [90m[1msavepack[22m | Storing File: res://.godot/imported/cattle_moo_synth_3.ogg-7e2f4a448a11e7f3ffdc046ae54cce55.oggvorbisstr[39m[0m
[   4% ] [90m[1msavepack[22m | Storing File: res://assets/ext/audio/sfx/creatures/cattle_moo_synth_3.ogg.import[39m[0m
[   4% ] [90m[1msavepack[22m | Storing File: res://.godot/imported/cattle_moo_synth_4.ogg-13c515601c17b23c1002713716a85585.oggvorbisstr[39m[0m
[   4% ] [90m[1msavepack[22m | Storing File: res://assets/ext/audio/sfx/creatures/cattle_moo_synth_4.ogg.import[39m[0m
[   4% ] [90m[1msavepack[22m | Storing File: res://.godot/imported/cicadas_day.ogg-89347a23df7b7a2857fce8b8a8943591.oggvorbisstr[39m[0m
[   4% ] [90m[1msavepack[22m | Storing File: res://assets/ext/audio/sfx/creatures/cicadas_day.ogg.import[39m[0m
[   4% ] [90m[1msavepack[22m | Storing File: res://.godot/imported/coyote_chorus_1.ogg-a0da86589693c6d4f3804a073910b406.oggvorbisstr[39m[0m
[   4% ] [90m[1msavepack[22m | Storing File: res://assets/ext/audio/sfx/creatures/coyote_chorus_1.ogg.import[39m[0m
[   4% ] [90m[1msavepack[22m | Storing File: res://.godot/imported/coyote_chorus_2.ogg-18c8a45e8a8899add1c25584d8a57d09.oggvorbisstr[39m[0m
[   4% ] [90m[1msavepack[22m | Storing File: res://assets/ext/audio/sfx/creatures/coyote_chorus_2.ogg.import[39m[0m
[   4% ] [90m[1msavepack[22m | Storing File: res://.godot/imported/coyote_chorus_3.ogg-44a8e8a1bc115f6aa57d1fe41fd5c474.oggvorbisstr[39m[0m
[   4% ] [90m[1msavepack[22m | Storing File: res://assets/ext/audio/sfx/creatures/coyote_chorus_3.ogg.import[39m[0m
[   5% ] [90m[1msavepack[22m | Storing File: res://.godot/imported/coyote_chorus_4.ogg-c5d637d76fb622e615dc1c14a28bdeaa.oggvorbisstr[39m[0m
[   5% ] [90m[1msavepack[22m | Storing File: res://assets/ext/audio/sfx/creatures/coyote_chorus_4.ogg.import[39m[0m
[   5% ] [90m[1msavepack[22m | Storing File: res://.godot/imported/crickets_night.ogg-773f24d8cfbbf9f71e965891831a2de5.oggvorbisstr[39m[0m
[   5% ] [90m[1msavepack[22m | Storing File: res://assets/ext/audio/sfx/creatures/crickets_night.ogg.import[39m[0m
[   5% ] [90m[1msavepack[22m | Storing File: res://.godot/imported/dog_bark_synth_1.wav-c1f5f353d3e81c038d9f0f47272e774f.sample[39m[0m
[   5% ] [90m[1msavepack[22m | Storing File: res://assets/ext/audio/sfx/creatures/dog_bark_synth_1.wav.import[39m[0m
[   5% ] [90m[1msavepack[22m | Storing File: res://.godot/imported/dog_bark_synth_2.wav-d9543bbdf61483a2d8e272a62168fbb3.sample[39m[0m
[   5% ] [90m[1msavepack[22m | Storing File: res://assets/ext/audio/sfx/creatures/dog_bark_synth_2.wav.import[39m[0m
[   5% ] [90m[1msavepack[22m | Storing File: res://.godot/imported/dog_bark_synth_3.wav-33f61f28bb51e22b1ffbb83f54b81a99.sample[39m[0m
[   5% ] [90m[1msavepack[22m | Storing File: res://assets/ext/audio/sfx/creatures/dog_bark_synth_3.wav.import[39m[0m
[   5% ] [90m[1msavepack[22m | Storing File: res://.godot/imported/dog_bark_synth_4.wav-1838c63f6f6fa0d4c04ae2333b7f8c74.sample[39m[0m
[   5% ] [90m[1msavepack[22m | Storing File: res://assets/ext/audio/sfx/creatures/dog_bark_synth_4.wav.import[39m[0m
[   5% ] [90m[1msavepack[22m | Storing File: res://.godot/imported/elk_bugle_1.ogg-af2fa25d29a06b20920c15980416d2bd.oggvorbisstr[39m[0m
[   5% ] [90m[1msavepack[22m | Storing File: res://assets/ext/audio/sfx/creatures/elk_bugle_1.ogg.import[39m[0m
[   5% ] [90m[1msavepack[22m | Storing File: res://.godot/imported/elk_bugle_2.ogg-245733dcd53298db426713cae90a3fb2.oggvorbisstr[39m[0m
[   5% ] [90m[1msavepack[22m | Storing File: res://assets/ext/audio/sfx/creatures/elk_bugle_2.ogg.import[39m[0m
[   5% ] [90m[1msavepack[22m | Storing File: res://.godot/imported/elk_bugle_3.ogg-8dd95a08faaf6e657016e537c29b423d.oggvorbisstr[39m[0m
[   5% ] [90m[1msavepack[22m | Storing File: res://assets/ext/audio/sfx/creatures/elk_bugle_3.ogg.import[39m[0m
[   5% ] [90m[1msavepack[22m | Storing File: res://.godot/imported/frogs_night.ogg-2535cdf596500eb30b2189ca083476f8.oggvorbisstr[39m[0m
[   5% ] [90m[1msavepack[22m | Storing File: res://assets/ext/audio/sfx/creatures/frogs_night.ogg.import[39m[0m
[   5% ] [90m[1msavepack[22m | Storing File: res://.godot/imported/grasshoppers.ogg-002aa5635d48bf4380cb2e43c06c8c4a.oggvorbisstr[39m[0m
[   5% ] [90m[1msavepack[22m | Storing File: res://assets/ext/audio/sfx/creatures/grasshoppers.ogg.import[39m[0m
[   5% ] [90m[1msavepack[22m | Storing File: res://.godot/imported/rooster_1.ogg-795269260297b7caad8e88ebe5a1d676.oggvorbisstr[39m[0m
[   5% ] [90m[1msavepack[22m | Storing File: res://assets/ext/audio/sfx/creatures/rooster_1.ogg.import[39m[0m
[   5% ] [90m[1msavepack[22m | Storing File: res://.godot/imported/rooster_2.ogg-4555d831a56682295075b4cd0f6fb179.oggvorbisstr[39m[0m
[   5% ] [90m[1msavepack[22m | Storing File: res://assets/ext/audio/sfx/creatures/rooster_2.ogg.import[39m[0m
[   5% ] [90m[1msavepack[22m | Storing File: res://.godot/imported/wolf_howl_1.ogg-5b71b67a9f77ed52974a45388536f2b0.oggvorbisstr[39m[0m
[   5% ] [90m[1msavepack[22m | Storing File: res://assets/ext/audio/sfx/creatures/wolf_howl_1.ogg.import[39m[0m
[   5% ] [90m[1msavepack[22m | Storing File: res://.godot/imported/wolf_howl_2.ogg-c5c4e96fcbcf22320e925b9ca3fb9c1a.oggvorbisstr[39m[0m
[   5% ] [90m[1msavepack[22m | Storing File: res://assets/ext/audio/sfx/creatures/wolf_howl_2.ogg.import[39m[0m
[   5% ] [90m[1msavepack[22m | Storing File: res://.godot/imported/wolf_howl_3.ogg-56e155ff39add23cc9991d08fc3fb6ae.oggvorbisstr[39m[0m
[   5% ] [90m[1msavepack[22m | Storing File: res://assets/ext/audio/sfx/creatures/wolf_howl_3.ogg.import[39m[0m
[   5% ] [90m[1msavepack[22m | Storing File: res://.godot/imported/wolf_howl_4.ogg-9faf5b016b896278fbc074f65ebfaf6e.oggvorbisstr[39m[0m
[   5% ] [90m[1msavepack[22m | Storing File: res://assets/ext/audio/sfx/creatures/wolf_howl_4.ogg.import[39m[0m
[   5% ] [90m[1msavepack[22m | Storing File: res://.godot/imported/bottle_clink_1.wav-32455425b9e83fbabed55fcc537a4db0.sample[39m[0m
[   5% ] [90m[1msavepack[22m | Storing File: res://assets/ext/audio/sfx/foley/bottle_clink_1.wav.import[39m[0m
[   5% ] [90m[1msavepack[22m | Storing File: res://.godot/imported/bottle_clink_2.wav-14b4ce6ec01e3b6991d43fee3095d50b.sample[39m[0m
[   5% ] [90m[1msavepack[22m | Storing File: res://assets/ext/audio/sfx/foley/bottle_clink_2.wav.import[39m[0m
[   5% ] [90m[1msavepack[22m | Storing File: res://.godot/imported/bottle_clink_3.wav-558bce0cb30fa46faae62045ae0d59eb.sample[39m[0m
[   5% ] [90m[1msavepack[22m | Storing File: res://assets/ext/audio/sfx/foley/bottle_clink_3.wav.import[39m[0m
[   5% ] [90m[1msavepack[22m | Storing File: res://.godot/imported/bottle_clink_4.wav-ecb4d4cf6af663ba1a9bf313a6053222.sample[39m[0m
[   5% ] [90m[1msavepack[22m | Storing File: res://assets/ext/audio/sfx/foley/bottle_clink_4.wav.import[39m[0m
[   5% ] [90m[1msavepack[22m | Storing File: res://.godot/imported/coins_jingle_1.wav-440db7a0fe55a57af796ad93dfc4b5ac.sample[39m[0m
[   5% ] [90m[1msavepack[22m | Storing File: res://assets/ext/audio/sfx/foley/coins_jingle_1.wav.import[39m[0m
[   5% ] [90m[1msavepack[22m | Storing File: res://.godot/imported/coins_jingle_2.wav-67e70da501526e3c61cf5e21f6b4fb3f.sample[39m[0m
[   5% ] [90m[1msavepack[22m | Storing File: res://assets/ext/audio/sfx/foley/coins_jingle_2.wav.import[39m[0m
[   5% ] [90m[1msavepack[22m | Storing File: res://.godot/imported/coins_jingle_3.wav-cd86b9cf18fb01d17377feb0a577b630.sample[39m[0m
[   5% ] [90m[1msavepack[22m | Storing File: res://assets/ext/audio/sfx/foley/coins_jingle_3.wav.import[39m[0m
[   5% ] [90m[1msavepack[22m | Storing File: res://.godot/imported/coins_jingle_4.wav-968271cb527db9e52b69cb04a026e05c.sample[39m[0m
[   5% ] [90m[1msavepack[22m | Storing File: res://assets/ext/audio/sfx/foley/coins_jingle_4.wav.import[39m[0m
[   5% ] [90m[1msavepack[22m | Storing File: res://.godot/imported/coin_drop_1.wav-759ddce97a20fd5ca23841863cb015a1.sample[39m[0m
[   5% ] [90m[1msavepack[22m | Storing File: res://assets/ext/audio/sfx/foley/coin_drop_1.wav.import[39m[0m
[   5% ] [90m[1msavepack[22m | Storing File: res://.godot/imported/coin_drop_2.wav-ebc27c63b5e9297e7b67918f29ee515c.sample[39m[0m
[   5% ] [90m[1msavepack[22m | Storing File: res://assets/ext/audio/sfx/foley/coin_drop_2.wav.import[39m[0m
[   5% ] [90m[1msavepack[22m | Storing File: res://.godot/imported/coin_drop_3.wav-9583e26ada42c13911cf3a107c1cffc2.sample[39m[0m
[   5% ] [90m[1msavepack[22m | Storing File: res://assets/ext/audio/sfx/foley/coin_drop_3.wav.import[39m[0m
[   5% ] [90m[1msavepack[22m | Storing File: res://.godot/imported/coin_drop_4.wav-c76592fde5e2949b9caa89ae82838f55.sample[39m[0m
[   5% ] [90m[1msavepack[22m | Storing File: res://assets/ext/audio/sfx/foley/coin_drop_4.wav.import[39m[0m
[   5% ] [90m[1msavepack[22m | Storing File: res://.godot/imported/door_close_1.wav-cf57f754fd201040178b287dcbeabeb0.sample[39m[0m
[   5% ] [90m[1msavepack[22m | Storing File: res://assets/ext/audio/sfx/foley/door_close_1.wav.import[39m[0m
[   5% ] [90m[1msavepack[22m | Storing File: res://.godot/imported/door_close_2.wav-58daa075e9ffa802c189de2f93e5c402.sample[39m[0m
[   5% ] [90m[1msavepack[22m | Storing File: res://assets/ext/audio/sfx/foley/door_close_2.wav.import[39m[0m
[   5% ] [90m[1msavepack[22m | Storing File: res://.godot/imported/door_close_3.wav-2f30d6beb02ed56ea1ba219fffe91968.sample[39m[0m
[   5% ] [90m[1msavepack[22m | Storing File: res://assets/ext/audio/sfx/foley/door_close_3.wav.import[39m[0m
[   5% ] [90m[1msavepack[22m | Storing File: res://.godot/imported/door_close_4.wav-071a3ae544cab306aa1f81fcb98e8879.sample[39m[0m
[   5% ] [90m[1msavepack[22m | Storing File: res://assets/ext/audio/sfx/foley/door_close_4.wav.import[39m[0m
[   5% ] [90m[1msavepack[22m | Storing File: res://.godot/imported/door_open_1.wav-262c8c18b0090e552050f1e3586de50b.sample[39m[0m
[   5% ] [90m[1msavepack[22m | Storing File: res://assets/ext/audio/sfx/foley/door_open_1.wav.import[39m[0m
[   5% ] [90m[1msavepack[22m | Storing File: res://.godot/imported/door_open_2.wav-36480e91fd5aef825e566270a699f9a5.sample[39m[0m
[   5% ] [90m[1msavepack[22m | Storing File: res://assets/ext/audio/sfx/foley/door_open_2.wav.import[39m[0m
[   6% ] [90m[1msavepack[22m | Storing File: res://.godot/imported/door_open_3.wav-6e21dd655bad02c9a361854f4477038a.sample[39m[0m
[   6% ] [90m[1msavepack[22m | Storing File: res://assets/ext/audio/sfx/foley/door_open_3.wav.import[39m[0m
[   6% ] [90m[1msavepack[22m | Storing File: res://.godot/imported/door_open_4.wav-458ac8915b0c8492add48838dc67edf3.sample[39m[0m
[   6% ] [90m[1msavepack[22m | Storing File: res://assets/ext/audio/sfx/foley/door_open_4.wav.import[39m[0m
[   6% ] [90m[1msavepack[22m | Storing File: res://.godot/imported/glass_break_1.wav-2487d4a1a8a6e91584fd767c9652925f.sample[39m[0m
[   6% ] [90m[1msavepack[22m | Storing File: res://assets/ext/audio/sfx/foley/glass_break_1.wav.import[39m[0m
[   6% ] [90m[1msavepack[22m | Storing File: res://.godot/imported/glass_break_2.wav-4c7b5ca0a01d5f9fce1b234b1e817787.sample[39m[0m
[   6% ] [90m[1msavepack[22m | Storing File: res://assets/ext/audio/sfx/foley/glass_break_2.wav.import[39m[0m
[   6% ] [90m[1msavepack[22m | Storing File: res://.godot/imported/glass_break_3.wav-fca9e349a8f6db6b2fa7a3846c20361c.sample[39m[0m
[   6% ] [90m[1msavepack[22m | Storing File: res://assets/ext/audio/sfx/foley/glass_break_3.wav.import[39m[0m
[   6% ] [90m[1msavepack[22m | Storing File: res://.godot/imported/glass_break_4.wav-25a4f16f7640e889af4eb29c69d25209.sample[39m[0m
[   6% ] [90m[1msavepack[22m | Storing File: res://assets/ext/audio/sfx/foley/glass_break_4.wav.import[39m[0m
[   6% ] [90m[1msavepack[22m | Storing File: res://.godot/imported/glass_set_down_1.wav-fa32873eddb10b75099d7dec6dea5894.sample[39m[0m
[   6% ] [90m[1msavepack[22m | Storing File: res://assets/ext/audio/sfx/foley/glass_set_down_1.wav.import[39m[0m
[   6% ] [90m[1msavepack[22m | Storing File: res://.godot/imported/glass_set_down_2.wav-a9628c9ebb2e1e8bf477fd905915216a.sample[39m[0m
[   6% ] [90m[1msavepack[22m | Storing File: res://assets/ext/audio/sfx/foley/glass_set_down_2.wav.import[39m[0m
[   6% ] [90m[1msavepack[22m | Storing File: res://.godot/imported/glass_set_down_3.wav-8d44511a293e1c27c770f3f1b20ef556.sample[39m[0m
[   6% ] [90m[1msavepack[22m | Storing File: res://assets/ext/audio/sfx/foley/glass_set_down_3.wav.import[39m[0m
[   6% ] [90m[1msavepack[22m | Storing File: res://.godot/imported/glass_set_down_4.wav-e77b5dc318585413f4aaf23f038889d5.sample[39m[0m
[   6% ] [90m[1msavepack[22m | Storing File: res://assets/ext/audio/sfx/foley/glass_set_down_4.wav.import[39m[0m
[   6% ] [90m[1msavepack[22m | Storing File: res://.godot/imported/lantern_creak_1.wav-2717d84a715353721b6da075240e02d6.sample[39m[0m
[   6% ] [90m[1msavepack[22m | Storing File: res://assets/ext/audio/sfx/foley/lantern_creak_1.wav.import[39m[0m
[   6% ] [90m[1msavepack[22m | Storing File: res://.godot/imported/lantern_creak_2.wav-f6510b079cfc1bc84e8415c458be3802.sample[39m[0m
[   6% ] [90m[1msavepack[22m | Storing File: res://assets/ext/audio/sfx/foley/lantern_creak_2.wav.import[39m[0m
[   6% ] [90m[1msavepack[22m | Storing File: res://.godot/imported/lantern_creak_3.wav-6e09e662a3a8fd1433dd5e04cb7d68a7.sample[39m[0m
[   6% ] [90m[1msavepack[22m | Storing File: res://assets/ext/audio/sfx/foley/lantern_creak_3.wav.import[39m[0m
[   6% ] [90m[1msavepack[22m | Storing File: res://.godot/imported/register_ding_1.wav-207ff29a9de296520cef7ea51221cd16.sample[39m[0m
[   6% ] [90m[1msavepack[22m | Storing File: res://assets/ext/audio/sfx/foley/register_ding_1.wav.import[39m[0m
[   6% ] [90m[1msavepack[22m | Storing File: res://.godot/imported/register_ding_2.wav-a15bff4344936b12fa41149ee1891912.sample[39m[0m
[   6% ] [90m[1msavepack[22m | Storing File: res://assets/ext/audio/sfx/foley/register_ding_2.wav.import[39m[0m
[   6% ] [90m[1msavepack[22m | Storing File: res://.godot/imported/saloon_doors_1.wav-27774a74a0e998ee8382e110bc7784c3.sample[39m[0m
[   6% ] [90m[1msavepack[22m | Storing File: res://assets/ext/audio/sfx/foley/saloon_doors_1.wav.import[39m[0m
[   6% ] [90m[1msavepack[22m | Storing File: res://.godot/imported/saloon_doors_2.wav-56152f461c4615112f9fef589c48730f.sample[39m[0m
[   6% ] [90m[1msavepack[22m | Storing File: res://assets/ext/audio/sfx/foley/saloon_doors_2.wav.import[39m[0m
[   6% ] [90m[1msavepack[22m | Storing File: res://.godot/imported/saloon_doors_3.wav-9ad2c49539a0ce48743a6dd379499446.sample[39m[0m
[   6% ] [90m[1msavepack[22m | Storing File: res://assets/ext/audio/sfx/foley/saloon_doors_3.wav.import[39m[0m
[   6% ] [90m[1msavepack[22m | Storing File: res://.godot/imported/bolt_cycle_1.wav-f7dd4cd38f2c37f9e2a5b7746e12fbb7.sample[39m[0m
[   6% ] [90m[1msavepack[22m | Storing File: res://assets/ext/audio/sfx/guns/bolt_cycle_1.wav.import[39m[0m
[   6% ] [90m[1msavepack[22m | Storing File: res://.godot/imported/bolt_cycle_2.wav-75d2d16d7330e53159e59cf7dc7689ce.sample[39m[0m
[   6% ] [90m[1msavepack[22m | Storing File: res://assets/ext/audio/sfx/guns/bolt_cycle_2.wav.import[39m[0m
[   6% ] [90m[1msavepack[22m | Storing File: res://.godot/imported/bolt_cycle_3.wav-15665c4d9b8edbd50292f6e040f45b82.sample[39m[0m
[   6% ] [90m[1msavepack[22m | Storing File: res://assets/ext/audio/sfx/guns/bolt_cycle_3.wav.import[39m[0m
[   6% ] [90m[1msavepack[22m | Storing File: res://.godot/imported/break_close_1.wav-3ed2c5e44db5d4fbb9aaba6bed1d00d9.sample[39m[0m
[   6% ] [90m[1msavepack[22m | Storing File: res://assets/ext/audio/sfx/guns/break_close_1.wav.import[39m[0m
[   6% ] [90m[1msavepack[22m | Storing File: res://.godot/imported/break_close_2.wav-18dccd9fff5d1d45b1ee518548a69f4f.sample[39m[0m
[   6% ] [90m[1msavepack[22m | Storing File: res://assets/ext/audio/sfx/guns/break_close_2.wav.import[39m[0m
[   6% ] [90m[1msavepack[22m | Storing File: res://.godot/imported/break_open_1.wav-7fad7bf2638b07bf617c7a8393be7eee.sample[39m[0m
[   6% ] [90m[1msavepack[22m | Storing File: res://assets/ext/audio/sfx/guns/break_open_1.wav.import[39m[0m
[   6% ] [90m[1msavepack[22m | Storing File: res://.godot/imported/break_open_2.wav-d0bedefd852fd630d8a043e76d8bad4a.sample[39m[0m
[   6% ] [90m[1msavepack[22m | Storing File: res://assets/ext/audio/sfx/guns/break_open_2.wav.import[39m[0m
[   6% ] [90m[1msavepack[22m | Storing File: res://.godot/imported/casing_drop_1.wav-1a86734b5d051131a7ad9a8245391d20.sample[39m[0m
[   6% ] [90m[1msavepack[22m | Storing File: res://assets/ext/audio/sfx/guns/casing_drop_1.wav.import[39m[0m
[   6% ] [90m[1msavepack[22m | Storing File: res://.godot/imported/casing_drop_2.wav-a81016066c955b32933d3972ac615eff.sample[39m[0m
[   6% ] [90m[1msavepack[22m | Storing File: res://assets/ext/audio/sfx/guns/casing_drop_2.wav.import[39m[0m
[   6% ] [90m[1msavepack[22m | Storing File: res://.godot/imported/casing_drop_3.wav-eb2a9d0dbcecc4a0633da95fff52bb63.sample[39m[0m
[   6% ] [90m[1msavepack[22m | Storing File: res://assets/ext/audio/sfx/guns/casing_drop_3.wav.import[39m[0m
[   6% ] [90m[1msavepack[22m | Storing File: res://.godot/imported/casing_drop_4.wav-6bfa85aff641f129f5f5a6889f128184.sample[39m[0m
[   6% ] [90m[1msavepack[22m | Storing File: res://assets/ext/audio/sfx/guns/casing_drop_4.wav.import[39m[0m
[   6% ] [90m[1msavepack[22m | Storing File: res://.godot/imported/casing_drop_5.wav-ef9875cda658b45981dc6079c310e6bf.sample[39m[0m
[   6% ] [90m[1msavepack[22m | Storing File: res://assets/ext/audio/sfx/guns/casing_drop_5.wav.import[39m[0m
[   6% ] [90m[1msavepack[22m | Storing File: res://.godot/imported/casing_drop_6.wav-f9c3d39a87f427330164e0fcd98e20cd.sample[39m[0m
[   6% ] [90m[1msavepack[22m | Storing File: res://assets/ext/audio/sfx/guns/casing_drop_6.wav.import[39m[0m
[   6% ] [90m[1msavepack[22m | Storing File: res://.godot/imported/gun_draw_1.wav-aad9cdb31842902312f047e9eefa13b3.sample[39m[0m
[   6% ] [90m[1msavepack[22m | Storing File: res://assets/ext/audio/sfx/guns/gun_draw_1.wav.import[39m[0m
[   6% ] [90m[1msavepack[22m | Storing File: res://.godot/imported/gun_draw_2.wav-df47a6a53e6e4449cad1de5246261969.sample[39m[0m
[   6% ] [90m[1msavepack[22m | Storing File: res://assets/ext/audio/sfx/guns/gun_draw_2.wav.import[39m[0m
[   6% ] [90m[1msavepack[22m | Storing File: res://.godot/imported/gun_draw_3.wav-7d3fb297a15418b3be154cc11d184ad8.sample[39m[0m
[   6% ] [90m[1msavepack[22m | Storing File: res://assets/ext/audio/sfx/guns/gun_draw_3.wav.import[39m[0m
[   6% ] [90m[1msavepack[22m | Storing File: res://.godot/imported/gun_echo_pistol_1.wav-b2fb467f5c105f812057f6d4f806425a.sample[39m[0m
[   6% ] [90m[1msavepack[22m | Storing File: res://assets/ext/audio/sfx/guns/gun_echo_pistol_1.wav.import[39m[0m
[   6% ] [90m[1msavepack[22m | Storing File: res://.godot/imported/gun_echo_pistol_2.wav-6144caf37b1806942fa83804ad3334b8.sample[39m[0m
[   6% ] [90m[1msavepack[22m | Storing File: res://assets/ext/audio/sfx/guns/gun_echo_pistol_2.wav.import[39m[0m
[   7% ] [90m[1msavepack[22m | Storing File: res://.godot/imported/gun_echo_pistol_3.wav-cd3206339499a79587a18d0fa6ade8b2.sample[39m[0m
[   7% ] [90m[1msavepack[22m | Storing File: res://assets/ext/audio/sfx/guns/gun_echo_pistol_3.wav.import[39m[0m
[   7% ] [90m[1msavepack[22m | Storing File: res://.godot/imported/gun_echo_rifle_1.wav-1defb5406ade468f312caadf65d239dc.sample[39m[0m
[   7% ] [90m[1msavepack[22m | Storing File: res://assets/ext/audio/sfx/guns/gun_echo_rifle_1.wav.import[39m[0m
[   7% ] [90m[1msavepack[22m | Storing File: res://.godot/imported/gun_echo_rifle_2.wav-596d399a0b1d72b8751248d9af515e02.sample[39m[0m
[   7% ] [90m[1msavepack[22m | Storing File: res://assets/ext/audio/sfx/guns/gun_echo_rifle_2.wav.import[39m[0m
[   7% ] [90m[1msavepack[22m | Storing File: res://.godot/imported/gun_echo_rifle_3.wav-6804732ec5c1759da7c253be7283c048.sample[39m[0m
[   7% ] [90m[1msavepack[22m | Storing File: res://assets/ext/audio/sfx/guns/gun_echo_rifle_3.wav.import[39m[0m
[   7% ] [90m[1msavepack[22m | Storing File: res://.godot/imported/gun_echo_shotgun_1.wav-d3d0d0dc03ee0bd561ed6c3d3f1aa3a1.sample[39m[0m
[   7% ] [90m[1msavepack[22m | Storing File: res://assets/ext/audio/sfx/guns/gun_echo_shotgun_1.wav.import[39m[0m
[   7% ] [90m[1msavepack[22m | Storing File: res://.godot/imported/gun_echo_shotgun_2.wav-c7b00835f1c69f12ac1594cd60fc8555.sample[39m[0m
[   7% ] [90m[1msavepack[22m | Storing File: res://assets/ext/audio/sfx/guns/gun_echo_shotgun_2.wav.import[39m[0m
[   7% ] [90m[1msavepack[22m | Storing File: res://.godot/imported/gun_echo_shotgun_3.wav-6095ddf4f60e01b8c1bf7bdfc8b080c2.sample[39m[0m
[   7% ] [90m[1msavepack[22m | Storing File: res://assets/ext/audio/sfx/guns/gun_echo_shotgun_3.wav.import[39m[0m
[   7% ] [90m[1msavepack[22m | Storing File: res://.godot/imported/gun_echo_small_1.wav-0bd17ee92c3924f3e90bace833359a7e.sample[39m[0m
[   7% ] [90m[1msavepack[22m | Storing File: res://assets/ext/audio/sfx/guns/gun_echo_small_1.wav.import[39m[0m
[   7% ] [90m[1msavepack[22m | Storing File: res://.godot/imported/gun_echo_small_2.wav-ca15163e26c93f7b42cb910d49eadd3f.sample[39m[0m
[   7% ] [90m[1msavepack[22m | Storing File: res://assets/ext/audio/sfx/guns/gun_echo_small_2.wav.import[39m[0m
[   7% ] [90m[1msavepack[22m | Storing File: res://.godot/imported/gun_echo_small_3.wav-62b4c7cceafaf070a4cba718073853e8.sample[39m[0m
[   7% ] [90m[1msavepack[22m | Storing File: res://assets/ext/audio/sfx/guns/gun_echo_small_3.wav.import[39m[0m
[   7% ] [90m[1msavepack[22m | Storing File: res://.godot/imported/gun_holster_1.wav-10297d82e513bf429098201f090d94af.sample[39m[0m
[   7% ] [90m[1msavepack[22m | Storing File: res://assets/ext/audio/sfx/guns/gun_holster_1.wav.import[39m[0m
[   7% ] [90m[1msavepack[22m | Storing File: res://.godot/imported/gun_holster_2.wav-b58897167b59760e0dd66dc1c03b4436.sample[39m[0m
[   7% ] [90m[1msavepack[22m | Storing File: res://assets/ext/audio/sfx/guns/gun_holster_2.wav.import[39m[0m
[   7% ] [90m[1msavepack[22m | Storing File: res://.godot/imported/gun_holster_3.wav-e31d7376b50fa8e62758c8350770bbf8.sample[39m[0m
[   7% ] [90m[1msavepack[22m | Storing File: res://assets/ext/audio/sfx/guns/gun_holster_3.wav.import[39m[0m
[   7% ] [90m[1msavepack[22m | Storing File: res://.godot/imported/gun_revolver_heavy_1.wav-76d8fad6de1b8581322c7530b51c1212.sample[39m[0m
[   7% ] [90m[1msavepack[22m | Storing File: res://assets/ext/audio/sfx/guns/gun_revolver_heavy_1.wav.import[39m[0m
[   7% ] [90m[1msavepack[22m | Storing File: res://.godot/imported/gun_revolver_heavy_2.wav-55223701a5427d696d487c9fc793193e.sample[39m[0m
[   7% ] [90m[1msavepack[22m | Storing File: res://assets/ext/audio/sfx/guns/gun_revolver_heavy_2.wav.import[39m[0m
[   7% ] [90m[1msavepack[22m | Storing File: res://.godot/imported/gun_revolver_heavy_3.wav-edfbbfb452872606726c38afe612cffa.sample[39m[0m
[   7% ] [90m[1msavepack[22m | Storing File: res://assets/ext/audio/sfx/guns/gun_revolver_heavy_3.wav.import[39m[0m
[   7% ] [90m[1msavepack[22m | Storing File: res://.godot/imported/gun_revolver_heavy_4.wav-84405441157881dbbb1307030e17adc7.sample[39m[0m
[   7% ] [90m[1msavepack[22m | Storing File: res://assets/ext/audio/sfx/guns/gun_revolver_heavy_4.wav.import[39m[0m
[   7% ] [90m[1msavepack[22m | Storing File: res://.godot/imported/gun_revolver_heavy_distant_1.ogg-e04ea45e63de805c2cd83ba46665eb20.oggvorbisstr[39m[0m
[   7% ] [90m[1msavepack[22m | Storing File: res://assets/ext/audio/sfx/guns/gun_revolver_heavy_distant_1.ogg.import[39m[0m
[   7% ] [90m[1msavepack[22m | Storing File: res://.godot/imported/gun_revolver_heavy_distant_2.ogg-c29cb19e19921031bb0c76a36023f70d.oggvorbisstr[39m[0m
[   7% ] [90m[1msavepack[22m | Storing File: res://assets/ext/audio/sfx/guns/gun_revolver_heavy_distant_2.ogg.import[39m[0m
[   7% ] [90m[1msavepack[22m | Storing File: res://.godot/imported/gun_revolver_heavy_far_1.ogg-f8492695a4cb433da17577128a566328.oggvorbisstr[39m[0m
[   7% ] [90m[1msavepack[22m | Storing File: res://assets/ext/audio/sfx/guns/gun_revolver_heavy_far_1.ogg.import[39m[0m
[   7% ] [90m[1msavepack[22m | Storing File: res://.godot/imported/gun_revolver_heavy_far_2.ogg-92eb0dc97ca4aeaacd1e45ab52910bf0.oggvorbisstr[39m[0m
[   7% ] [90m[1msavepack[22m | Storing File: res://assets/ext/audio/sfx/guns/gun_revolver_heavy_far_2.ogg.import[39m[0m
[   7% ] [90m[1msavepack[22m | Storing File: res://.godot/imported/gun_revolver_heavy_far_3.ogg-79be4f04b18928d77783aaa01362f8dc.oggvorbisstr[39m[0m
[   7% ] [90m[1msavepack[22m | Storing File: res://assets/ext/audio/sfx/guns/gun_revolver_heavy_far_3.ogg.import[39m[0m
[   7% ] [90m[1msavepack[22m | Storing File: res://.godot/imported/gun_revolver_heavy_indoor_1.wav-8991c3f56ee3d72b403a978cc4ba9c63.sample[39m[0m
[   7% ] [90m[1msavepack[22m | Storing File: res://assets/ext/audio/sfx/guns/gun_revolver_heavy_indoor_1.wav.import[39m[0m
[   7% ] [90m[1msavepack[22m | Storing File: res://.godot/imported/gun_revolver_heavy_indoor_2.wav-159a43e93f769c12bf0e1e1bdd83cfab.sample[39m[0m
[   7% ] [90m[1msavepack[22m | Storing File: res://assets/ext/audio/sfx/guns/gun_revolver_heavy_indoor_2.wav.import[39m[0m
[   7% ] [90m[1msavepack[22m | Storing File: res://.godot/imported/gun_revolver_heavy_indoor_3.wav-2571ffe72b48f361a5db32b6dd772d7a.sample[39m[0m
[   7% ] [90m[1msavepack[22m | Storing File: res://assets/ext/audio/sfx/guns/gun_revolver_heavy_indoor_3.wav.import[39m[0m
[   7% ] [90m[1msavepack[22m | Storing File: res://.godot/imported/gun_revolver_light_1.wav-4011339bedbbc4afa590e9814b84cb29.sample[39m[0m
[   7% ] [90m[1msavepack[22m | Storing File: res://assets/ext/audio/sfx/guns/gun_revolver_light_1.wav.import[39m[0m
[   7% ] [90m[1msavepack[22m | Storing File: res://.godot/imported/gun_revolver_light_2.wav-d5bbc34000b8c902f8ae03fb813de587.sample[39m[0m
[   7% ] [90m[1msavepack[22m | Storing File: res://assets/ext/audio/sfx/guns/gun_revolver_light_2.wav.import[39m[0m
[   7% ] [90m[1msavepack[22m | Storing File: res://.godot/imported/gun_revolver_light_3.wav-2d1833347a18588d08f43de458a37b28.sample[39m[0m
[   7% ] [90m[1msavepack[22m | Storing File: res://assets/ext/audio/sfx/guns/gun_revolver_light_3.wav.import[39m[0m
[   7% ] [90m[1msavepack[22m | Storing File: res://.godot/imported/gun_revolver_light_4.wav-d3ccfc1215d64522a8b03931a902d21c.sample[39m[0m
[   7% ] [90m[1msavepack[22m | Storing File: res://assets/ext/audio/sfx/guns/gun_revolver_light_4.wav.import[39m[0m
[   7% ] [90m[1msavepack[22m | Storing File: res://.godot/imported/gun_revolver_light_distant_1.ogg-29ad864c024407bcc2c8a77c5c098343.oggvorbisstr[39m[0m
[   7% ] [90m[1msavepack[22m | Storing File: res://assets/ext/audio/sfx/guns/gun_revolver_light_distant_1.ogg.import[39m[0m
[   7% ] [90m[1msavepack[22m | Storing File: res://.godot/imported/gun_revolver_light_distant_2.ogg-fe56758729e27c5bd5d7581a2cf8d284.oggvorbisstr[39m[0m
[   7% ] [90m[1msavepack[22m | Storing File: res://assets/ext/audio/sfx/guns/gun_revolver_light_distant_2.ogg.import[39m[0m
[   7% ] [90m[1msavepack[22m | Storing File: res://.godot/imported/gun_revolver_light_far_1.ogg-b3f9ada4a2db3e8146cac7f7e4ce6bfb.oggvorbisstr[39m[0m
[   7% ] [90m[1msavepack[22m | Storing File: res://assets/ext/audio/sfx/guns/gun_revolver_light_far_1.ogg.import[39m[0m
[   7% ] [90m[1msavepack[22m | Storing File: res://.godot/imported/gun_revolver_light_far_2.ogg-5eb8985196695932c01fd1df5fd5916f.oggvorbisstr[39m[0m
[   7% ] [90m[1msavepack[22m | Storing File: res://assets/ext/audio/sfx/guns/gun_revolver_light_far_2.ogg.import[39m[0m
[   7% ] [90m[1msavepack[22m | Storing File: res://.godot/imported/gun_revolver_light_far_3.ogg-408cc1b9ce0173a62eaf417131fd6ccf.oggvorbisstr[39m[0m
[   7% ] [90m[1msavepack[22m | Storing File: res://assets/ext/audio/sfx/guns/gun_revolver_light_far_3.ogg.import[39m[0m
[   7% ] [90m[1msavepack[22m | Storing File: res://.godot/imported/gun_revolver_light_indoor_1.wav-543bf047c4dde2eec01635b7006c46d1.sample[39m[0m
[   7% ] [90m[1msavepack[22m | Storing File: res://assets/ext/audio/sfx/guns/gun_revolver_light_indoor_1.wav.import[39m[0m
[   8% ] [90m[1msavepack[22m | Storing File: res://.godot/imported/gun_revolver_light_indoor_2.wav-384cf471604ac57f8084f0b74bc0db40.sample[39m[0m
[   8% ] [90m[1msavepack[22m | Storing File: res://assets/ext/audio/sfx/guns/gun_revolver_light_indoor_2.wav.import[39m[0m
[   8% ] [90m[1msavepack[22m | Storing File: res://.godot/imported/gun_revolver_light_indoor_3.wav-bd7be77febc58022c3a0828d49d9f43a.sample[39m[0m
[   8% ] [90m[1msavepack[22m | Storing File: res://assets/ext/audio/sfx/guns/gun_revolver_light_indoor_3.wav.import[39m[0m
[   8% ] [90m[1msavepack[22m | Storing File: res://.godot/imported/gun_rifle_bolt_1.wav-c3b1dab59e85087d7d4902010e355a0e.sample[39m[0m
[   8% ] [90m[1msavepack[22m | Storing File: res://assets/ext/audio/sfx/guns/gun_rifle_bolt_1.wav.import[39m[0m
[   8% ] [90m[1msavepack[22m | Storing File: res://.godot/imported/gun_rifle_bolt_2.wav-6ead2cd94aa53fea5fe0a9efd18d0a28.sample[39m[0m
[   8% ] [90m[1msavepack[22m | Storing File: res://assets/ext/audio/sfx/guns/gun_rifle_bolt_2.wav.import[39m[0m
[   8% ] [90m[1msavepack[22m | Storing File: res://.godot/imported/gun_rifle_bolt_3.wav-e6d11e68b340f5d694eb122c7e35932b.sample[39m[0m
[   8% ] [90m[1msavepack[22m | Storing File: res://assets/ext/audio/sfx/guns/gun_rifle_bolt_3.wav.import[39m[0m
[   8% ] [90m[1msavepack[22m | Storing File: res://.godot/imported/gun_rifle_bolt_4.wav-efcae5aea123a75f79b13847f713d221.sample[39m[0m
[   8% ] [90m[1msavepack[22m | Storing File: res://assets/ext/audio/sfx/guns/gun_rifle_bolt_4.wav.import[39m[0m
[   8% ] [90m[1msavepack[22m | Storing File: res://.godot/imported/gun_rifle_bolt_distant_1.ogg-e154e8a81e9f7d9638184a325bae38da.oggvorbisstr[39m[0m
[   8% ] [90m[1msavepack[22m | Storing File: res://assets/ext/audio/sfx/guns/gun_rifle_bolt_distant_1.ogg.import[39m[0m
[   8% ] [90m[1msavepack[22m | Storing File: res://.godot/imported/gun_rifle_bolt_distant_2.ogg-ca251afcc466032f4a3f470dc3aa1ff7.oggvorbisstr[39m[0m
[   8% ] [90m[1msavepack[22m | Storing File: res://assets/ext/audio/sfx/guns/gun_rifle_bolt_distant_2.ogg.import[39m[0m
[   8% ] [90m[1msavepack[22m | Storing File: res://.godot/imported/gun_rifle_bolt_far_1.ogg-85a062c244003fa337566308a292247d.oggvorbisstr[39m[0m
[   8% ] [90m[1msavepack[22m | Storing File: res://assets/ext/audio/sfx/guns/gun_rifle_bolt_far_1.ogg.import[39m[0m
[   8% ] [90m[1msavepack[22m | Storing File: res://.godot/imported/gun_rifle_bolt_far_2.ogg-67d7088759d52d0eabe6d81fcc5667bc.oggvorbisstr[39m[0m
[   8% ] [90m[1msavepack[22m | Storing File: res://assets/ext/audio/sfx/guns/gun_rifle_bolt_far_2.ogg.import[39m[0m
[   8% ] [90m[1msavepack[22m | Storing File: res://.godot/imported/gun_rifle_bolt_far_3.ogg-b1a96c0094c3d2da20c89fbdfc141b91.oggvorbisstr[39m[0m
[   8% ] [90m[1msavepack[22m | Storing File: res://assets/ext/audio/sfx/guns/gun_rifle_bolt_far_3.ogg.import[39m[0m
[   8% ] [90m[1msavepack[22m | Storing File: res://.godot/imported/gun_rifle_bolt_indoor_1.wav-51e78618ad91ffe2830f215e57361ee3.sample[39m[0m
[   8% ] [90m[1msavepack[22m | Storing File: res://assets/ext/audio/sfx/guns/gun_rifle_bolt_indoor_1.wav.import[39m[0m
[   8% ] [90m[1msavepack[22m | Storing File: res://.godot/imported/gun_rifle_bolt_indoor_2.wav-58c4fb54cda5dc4066ec7596359c9f05.sample[39m[0m
[   8% ] [90m[1msavepack[22m | Storing File: res://assets/ext/audio/sfx/guns/gun_rifle_bolt_indoor_2.wav.import[39m[0m
[   8% ] [90m[1msavepack[22m | Storing File: res://.godot/imported/gun_rifle_bolt_indoor_3.wav-315c20d2f442592382cb8d6ef0d3c825.sample[39m[0m
[   8% ] [90m[1msavepack[22m | Storing File: res://assets/ext/audio/sfx/guns/gun_rifle_bolt_indoor_3.wav.import[39m[0m
[   8% ] [90m[1msavepack[22m | Storing File: res://.godot/imported/gun_rifle_heavy_1.wav-520705c16d1c66502f003608682e43ee.sample[39m[0m
[   8% ] [90m[1msavepack[22m | Storing File: res://assets/ext/audio/sfx/guns/gun_rifle_heavy_1.wav.import[39m[0m
[   8% ] [90m[1msavepack[22m | Storing File: res://.godot/imported/gun_rifle_heavy_2.wav-9585b77835ac94d289af500a9f6e7ec2.sample[39m[0m
[   8% ] [90m[1msavepack[22m | Storing File: res://assets/ext/audio/sfx/guns/gun_rifle_heavy_2.wav.import[39m[0m
[   8% ] [90m[1msavepack[22m | Storing File: res://.godot/imported/gun_rifle_heavy_3.wav-7b69135e544330fc9943c73bb97fc7a7.sample[39m[0m
[   8% ] [90m[1msavepack[22m | Storing File: res://assets/ext/audio/sfx/guns/gun_rifle_heavy_3.wav.import[39m[0m
[   8% ] [90m[1msavepack[22m | Storing File: res://.godot/imported/gun_rifle_heavy_4.wav-7d5c8b10598c7121708e257ac3784b8e.sample[39m[0m
[   8% ] [90m[1msavepack[22m | Storing File: res://assets/ext/audio/sfx/guns/gun_rifle_heavy_4.wav.import[39m[0m
[   8% ] [90m[1msavepack[22m | Storing File: res://.godot/imported/gun_rifle_heavy_distant_1.ogg-2416b4fd5b5a3e08322deda1538f0409.oggvorbisstr[39m[0m
[   8% ] [90m[1msavepack[22m | Storing File: res://assets/ext/audio/sfx/guns/gun_rifle_heavy_distant_1.ogg.import[39m[0m
[   8% ] [90m[1msavepack[22m | Storing File: res://.godot/imported/gun_rifle_heavy_distant_2.ogg-256e00583bb43cc41472815e870a0ca7.oggvorbisstr[39m[0m
[   8% ] [90m[1msavepack[22m | Storing File: res://assets/ext/audio/sfx/guns/gun_rifle_heavy_distant_2.ogg.import[39m[0m
[   8% ] [90m[1msavepack[22m | Storing File: res://.godot/imported/gun_rifle_heavy_far_1.ogg-884a8c0c3d5d5fd7e4f6f5600f510b07.oggvorbisstr[39m[0m
[   8% ] [90m[1msavepack[22m | Storing File: res://assets/ext/audio/sfx/guns/gun_rifle_heavy_far_1.ogg.import[39m[0m
[   8% ] [90m[1msavepack[22m | Storing File: res://.godot/imported/gun_rifle_heavy_far_2.ogg-6e347e2a2e63c735809dc67e68ded062.oggvorbisstr[39m[0m
[   8% ] [90m[1msavepack[22m | Storing File: res://assets/ext/audio/sfx/guns/gun_rifle_heavy_far_2.ogg.import[39m[0m
[   8% ] [90m[1msavepack[22m | Storing File: res://.godot/imported/gun_rifle_heavy_far_3.ogg-39446877944724c9eec7dd094fea3b08.oggvorbisstr[39m[0m
[   8% ] [90m[1msavepack[22m | Storing File: res://assets/ext/audio/sfx/guns/gun_rifle_heavy_far_3.ogg.import[39m[0m
[   8% ] [90m[1msavepack[22m | Storing File: res://.godot/imported/gun_rifle_heavy_indoor_1.wav-ed4fa0773204a96fd89c0da3d55d3e45.sample[39m[0m
[   8% ] [90m[1msavepack[22m | Storing File: res://assets/ext/audio/sfx/guns/gun_rifle_heavy_indoor_1.wav.import[39m[0m
[   8% ] [90m[1msavepack[22m | Storing File: res://.godot/imported/gun_rifle_heavy_indoor_2.wav-bebfa3f52f7d597cb4f3726bcb8d5074.sample[39m[0m
[   8% ] [90m[1msavepack[22m | Storing File: res://assets/ext/audio/sfx/guns/gun_rifle_heavy_indoor_2.wav.import[39m[0m
[   8% ] [90m[1msavepack[22m | Storing File: res://.godot/imported/gun_rifle_heavy_indoor_3.wav-267852f3bc8223e2d8056fb8b37c100b.sample[39m[0m
[   8% ] [90m[1msavepack[22m | Storing File: res://assets/ext/audio/sfx/guns/gun_rifle_heavy_indoor_3.wav.import[39m[0m
[   8% ] [90m[1msavepack[22m | Storing File: res://.godot/imported/gun_rifle_lever_1.wav-92b8d07118be15f9764bd0afb743aafc.sample[39m[0m
[   8% ] [90m[1msavepack[22m | Storing File: res://assets/ext/audio/sfx/guns/gun_rifle_lever_1.wav.import[39m[0m
[   8% ] [90m[1msavepack[22m | Storing File: res://.godot/imported/gun_rifle_lever_2.wav-04aed008d4f601d0b01355a0c7d069eb.sample[39m[0m
[   8% ] [90m[1msavepack[22m | Storing File: res://assets/ext/audio/sfx/guns/gun_rifle_lever_2.wav.import[39m[0m
[   8% ] [90m[1msavepack[22m | Storing File: res://.godot/imported/gun_rifle_lever_3.wav-50ee2f61dca4d9db9c28ae433f7ed422.sample[39m[0m
[   8% ] [90m[1msavepack[22m | Storing File: res://assets/ext/audio/sfx/guns/gun_rifle_lever_3.wav.import[39m[0m
[   8% ] [90m[1msavepack[22m | Storing File: res://.godot/imported/gun_rifle_lever_4.wav-a397f3bfcc61472abb9b8913cf09b337.sample[39m[0m
[   8% ] [90m[1msavepack[22m | Storing File: res://assets/ext/audio/sfx/guns/gun_rifle_lever_4.wav.import[39m[0m
[   8% ] [90m[1msavepack[22m | Storing File: res://.godot/imported/gun_rifle_lever_distant_1.ogg-12be73194c415ceda3b63167986c3f76.oggvorbisstr[39m[0m
[   8% ] [90m[1msavepack[22m | Storing File: res://assets/ext/audio/sfx/guns/gun_rifle_lever_distant_1.ogg.import[39m[0m
[   8% ] [90m[1msavepack[22m | Storing File: res://.godot/imported/gun_rifle_lever_distant_2.ogg-84cde69e8b8586b12c75330920704c8d.oggvorbisstr[39m[0m
[   8% ] [90m[1msavepack[22m | Storing File: res://assets/ext/audio/sfx/guns/gun_rifle_lever_distant_2.ogg.import[39m[0m
[   8% ] [90m[1msavepack[22m | Storing File: res://.godot/imported/gun_rifle_lever_far_1.ogg-6afe05fb1d2caf66f7d075a37b30c777.oggvorbisstr[39m[0m
[   8% ] [90m[1msavepack[22m | Storing File: res://assets/ext/audio/sfx/guns/gun_rifle_lever_far_1.ogg.import[39m[0m
[   8% ] [90m[1msavepack[22m | Storing File: res://.godot/imported/gun_rifle_lever_far_2.ogg-6bb6745bd50c90e7a09fb21f1626228e.oggvorbisstr[39m[0m
[   8% ] [90m[1msavepack[22m | Storing File: res://assets/ext/audio/sfx/guns/gun_rifle_lever_far_2.ogg.import[39m[0m
[   8% ] [90m[1msavepack[22m | Storing File: res://.godot/imported/gun_rifle_lever_far_3.ogg-895fa005a00959109057c9dfe453ebfe.oggvorbisstr[39m[0m
[   8% ] [90m[1msavepack[22m | Storing File: res://assets/ext/audio/sfx/guns/gun_rifle_lever_far_3.ogg.import[39m[0m
[   8% ] [90m[1msavepack[22m | Storing File: res://.godot/imported/gun_rifle_lever_indoor_1.wav-a60314e9907d2fe506b57e22228bd04a.sample[39m[0m
[   8% ] [90m[1msavepack[22m | Storing File: res://assets/ext/audio/sfx/guns/gun_rifle_lever_indoor_1.wav.import[39m[0m
[   9% ] [90m[1msavepack[22m | Storing File: res://.godot/imported/gun_rifle_lever_indoor_2.wav-7f2bb4d8ef6b312058d220495da72089.sample[39m[0m
[   9% ] [90m[1msavepack[22m | Storing File: res://assets/ext/audio/sfx/guns/gun_rifle_lever_indoor_2.wav.import[39m[0m
[   9% ] [90m[1msavepack[22m | Storing File: res://.godot/imported/gun_rifle_lever_indoor_3.wav-ddd00c38398a1f77c5bb8326b4d9fb11.sample[39m[0m
[   9% ] [90m[1msavepack[22m | Storing File: res://assets/ext/audio/sfx/guns/gun_rifle_lever_indoor_3.wav.import[39m[0m
[   9% ] [90m[1msavepack[22m | Storing File: res://.godot/imported/gun_rifle_small_1.wav-d967bf3b1677dac605740e5b56ef78fc.sample[39m[0m
[   9% ] [90m[1msavepack[22m | Storing File: res://assets/ext/audio/sfx/guns/gun_rifle_small_1.wav.import[39m[0m
[   9% ] [90m[1msavepack[22m | Storing File: res://.godot/imported/gun_rifle_small_2.wav-eb78ac71289dc454f4f937b806560d0f.sample[39m[0m
[   9% ] [90m[1msavepack[22m | Storing File: res://assets/ext/audio/sfx/guns/gun_rifle_small_2.wav.import[39m[0m
[   9% ] [90m[1msavepack[22m | Storing File: res://.godot/imported/gun_rifle_small_3.wav-08282d4d45b80cd1a8f16e406301ac94.sample[39m[0m
[   9% ] [90m[1msavepack[22m | Storing File: res://assets/ext/audio/sfx/guns/gun_rifle_small_3.wav.import[39m[0m
[   9% ] [90m[1msavepack[22m | Storing File: res://.godot/imported/gun_rifle_small_4.wav-edf231ae7af6de5080c9bd7f15b294a6.sample[39m[0m
[   9% ] [90m[1msavepack[22m | Storing File: res://assets/ext/audio/sfx/guns/gun_rifle_small_4.wav.import[39m[0m
[   9% ] [90m[1msavepack[22m | Storing File: res://.godot/imported/gun_rifle_small_distant_1.ogg-c8260fada445a077deb21cb0670c9397.oggvorbisstr[39m[0m
[   9% ] [90m[1msavepack[22m | Storing File: res://assets/ext/audio/sfx/guns/gun_rifle_small_distant_1.ogg.import[39m[0m
[   9% ] [90m[1msavepack[22m | Storing File: res://.godot/imported/gun_rifle_small_distant_2.ogg-1ad57812970bb54fcf506fe150aa8ed2.oggvorbisstr[39m[0m
[   9% ] [90m[1msavepack[22m | Storing File: res://assets/ext/audio/sfx/guns/gun_rifle_small_distant_2.ogg.import[39m[0m
[   9% ] [90m[1msavepack[22m | Storing File: res://.godot/imported/gun_rifle_small_far_1.ogg-a2520fae1ee85425f92ab4a73aad7c6c.oggvorbisstr[39m[0m
[   9% ] [90m[1msavepack[22m | Storing File: res://assets/ext/audio/sfx/guns/gun_rifle_small_far_1.ogg.import[39m[0m
[   9% ] [90m[1msavepack[22m | Storing File: res://.godot/imported/gun_rifle_small_far_2.ogg-e69808f8ee2b115132ac384e4a35a04f.oggvorbisstr[39m[0m
[   9% ] [90m[1msavepack[22m | Storing File: res://assets/ext/audio/sfx/guns/gun_rifle_small_far_2.ogg.import[39m[0m
[   9% ] [90m[1msavepack[22m | Storing File: res://.godot/imported/gun_rifle_small_far_3.ogg-0747b4ece03d6ee24297c83d4117084c.oggvorbisstr[39m[0m
[   9% ] [90m[1msavepack[22m | Storing File: res://assets/ext/audio/sfx/guns/gun_rifle_small_far_3.ogg.import[39m[0m
[   9% ] [90m[1msavepack[22m | Storing File: res://.godot/imported/gun_rifle_small_indoor_1.wav-6e4a6e7550db7b8f5e8098cfb3ba4d0c.sample[39m[0m
[   9% ] [90m[1msavepack[22m | Storing File: res://assets/ext/audio/sfx/guns/gun_rifle_small_indoor_1.wav.import[39m[0m
[   9% ] [90m[1msavepack[22m | Storing File: res://.godot/imported/gun_rifle_small_indoor_2.wav-6c48e30c0dd7d9ea66e1de9496ffea67.sample[39m[0m
[   9% ] [90m[1msavepack[22m | Storing File: res://assets/ext/audio/sfx/guns/gun_rifle_small_indoor_2.wav.import[39m[0m
[   9% ] [90m[1msavepack[22m | Storing File: res://.godot/imported/gun_rifle_small_indoor_3.wav-aaf23990ccd051b8daf53cddeab96453.sample[39m[0m
[   9% ] [90m[1msavepack[22m | Storing File: res://assets/ext/audio/sfx/guns/gun_rifle_small_indoor_3.wav.import[39m[0m
[   9% ] [90m[1msavepack[22m | Storing File: res://.godot/imported/gun_shotgun_1.wav-759437e5ee7e254aec8ee681623c5456.sample[39m[0m
[   9% ] [90m[1msavepack[22m | Storing File: res://assets/ext/audio/sfx/guns/gun_shotgun_1.wav.import[39m[0m
[   9% ] [90m[1msavepack[22m | Storing File: res://.godot/imported/gun_shotgun_2.wav-14d3ba0ddc6a8f2770edc00e9f8a5737.sample[39m[0m
[   9% ] [90m[1msavepack[22m | Storing File: res://assets/ext/audio/sfx/guns/gun_shotgun_2.wav.import[39m[0m
[   9% ] [90m[1msavepack[22m | Storing File: res://.godot/imported/gun_shotgun_3.wav-b36bd88ef181b09d1e5870d7ff1cf62a.sample[39m[0m
[   9% ] [90m[1msavepack[22m | Storing File: res://assets/ext/audio/sfx/guns/gun_shotgun_3.wav.import[39m[0m
[   9% ] [90m[1msavepack[22m | Storing File: res://.godot/imported/gun_shotgun_4.wav-da0f15debd09904fa295f8ad105f1395.sample[39m[0m
[   9% ] [90m[1msavepack[22m | Storing File: res://assets/ext/audio/sfx/guns/gun_shotgun_4.wav.import[39m[0m
[   9% ] [90m[1msavepack[22m | Storing File: res://.godot/imported/gun_shotgun_distant_1.ogg-c3f072a7d747069cc6484a64c8ec5cc2.oggvorbisstr[39m[0m
[   9% ] [90m[1msavepack[22m | Storing File: res://assets/ext/audio/sfx/guns/gun_shotgun_distant_1.ogg.import[39m[0m
[   9% ] [90m[1msavepack[22m | Storing File: res://.godot/imported/gun_shotgun_distant_2.ogg-2e4403ea26280d80173b9a17803e39b4.oggvorbisstr[39m[0m
[   9% ] [90m[1msavepack[22m | Storing File: res://assets/ext/audio/sfx/guns/gun_shotgun_distant_2.ogg.import[39m[0m
[   9% ] [90m[1msavepack[22m | Storing File: res://.godot/imported/gun_shotgun_far_1.ogg-1b48825b45455a6fdaa0631f63305e43.oggvorbisstr[39m[0m
[   9% ] [90m[1msavepack[22m | Storing File: res://assets/ext/audio/sfx/guns/gun_shotgun_far_1.ogg.import[39m[0m
[   9% ] [90m[1msavepack[22m | Storing File: res://.godot/imported/gun_shotgun_far_2.ogg-706022b9a564c6f5ebd3fb61db402d5b.oggvorbisstr[39m[0m
[   9% ] [90m[1msavepack[22m | Storing File: res://assets/ext/audio/sfx/guns/gun_shotgun_far_2.ogg.import[39m[0m
[   9% ] [90m[1msavepack[22m | Storing File: res://.godot/imported/gun_shotgun_far_3.ogg-e5f28ce286fa0187bc3193bb746e7dc2.oggvorbisstr[39m[0m
[   9% ] [90m[1msavepack[22m | Storing File: res://assets/ext/audio/sfx/guns/gun_shotgun_far_3.ogg.import[39m[0m
[   9% ] [90m[1msavepack[22m | Storing File: res://.godot/imported/gun_shotgun_indoor_1.wav-8f57d5646f9ad7d6ac837a9eac7de5a1.sample[39m[0m
[   9% ] [90m[1msavepack[22m | Storing File: res://assets/ext/audio/sfx/guns/gun_shotgun_indoor_1.wav.import[39m[0m
[   9% ] [90m[1msavepack[22m | Storing File: res://.godot/imported/gun_shotgun_indoor_2.wav-2f2acf2a6b23a8c87c1af8a6c361c255.sample[39m[0m
[   9% ] [90m[1msavepack[22m | Storing File: res://assets/ext/audio/sfx/guns/gun_shotgun_indoor_2.wav.import[39m[0m
[   9% ] [90m[1msavepack[22m | Storing File: res://.godot/imported/gun_shotgun_indoor_3.wav-0e4a96b529932e7b0233fd17db74a105.sample[39m[0m
[   9% ] [90m[1msavepack[22m | Storing File: res://assets/ext/audio/sfx/guns/gun_shotgun_indoor_3.wav.import[39m[0m
[   9% ] [90m[1msavepack[22m | Storing File: res://.godot/imported/lever_cycle_1.wav-a60fd382b756fe092d34a2725cd829e2.sample[39m[0m
[   9% ] [90m[1msavepack[22m | Storing File: res://assets/ext/audio/sfx/guns/lever_cycle_1.wav.import[39m[0m
[   9% ] [90m[1msavepack[22m | Storing File: res://.godot/imported/lever_cycle_2.wav-5390864b90ee590f295933a04ce8865e.sample[39m[0m
[   9% ] [90m[1msavepack[22m | Storing File: res://assets/ext/audio/sfx/guns/lever_cycle_2.wav.import[39m[0m
[   9% ] [90m[1msavepack[22m | Storing File: res://.godot/imported/lever_cycle_3.wav-88fa7049075520e77cadb1cd672838a5.sample[39m[0m
[   9% ] [90m[1msavepack[22m | Storing File: res://assets/ext/audio/sfx/guns/lever_cycle_3.wav.import[39m[0m
[   9% ] [90m[1msavepack[22m | Storing File: res://.godot/imported/lever_cycle_4.wav-e04127905154c2e6a9ddef11a46b7ba9.sample[39m[0m
[   9% ] [90m[1msavepack[22m | Storing File: res://assets/ext/audio/sfx/guns/lever_cycle_4.wav.import[39m[0m
[   9% ] [90m[1msavepack[22m | Storing File: res://.godot/imported/pump_cycle_1.wav-88ca514df3be3bcd3c43e547061601df.sample[39m[0m
[   9% ] [90m[1msavepack[22m | Storing File: res://assets/ext/audio/sfx/guns/pump_cycle_1.wav.import[39m[0m
[   9% ] [90m[1msavepack[22m | Storing File: res://.godot/imported/pump_cycle_2.wav-cbd5e1e18dd7e114b45bd7d85fc7fb6f.sample[39m[0m
[   9% ] [90m[1msavepack[22m | Storing File: res://assets/ext/audio/sfx/guns/pump_cycle_2.wav.import[39m[0m
[   9% ] [90m[1msavepack[22m | Storing File: res://.godot/imported/pump_cycle_3.wav-b56b02ca8d7b98cf01c82c23ea311ca2.sample[39m[0m
[   9% ] [90m[1msavepack[22m | Storing File: res://assets/ext/audio/sfx/guns/pump_cycle_3.wav.import[39m[0m
[   9% ] [90m[1msavepack[22m | Storing File: res://.godot/imported/revolver_cock_1.wav-c83e3d726439895984cb85e61817c21d.sample[39m[0m
[   9% ] [90m[1msavepack[22m | Storing File: res://assets/ext/audio/sfx/guns/revolver_cock_1.wav.import[39m[0m
[   9% ] [90m[1msavepack[22m | Storing File: res://.godot/imported/revolver_cock_2.wav-954509afd40e44b641f40f4d5599f5da.sample[39m[0m
[   9% ] [90m[1msavepack[22m | Storing File: res://assets/ext/audio/sfx/guns/revolver_cock_2.wav.import[39m[0m
[  10% ] [90m[1msavepack[22m | Storing File: res://.godot/imported/revolver_cock_3.wav-0d7f3f36b629fe3856a8a6a68e33d8fc.sample[39m[0m
[  10% ] [90m[1msavepack[22m | Storing File: res://assets/ext/audio/sfx/guns/revolver_cock_3.wav.import[39m[0m
[  10% ] [90m[1msavepack[22m | Storing File: res://.godot/imported/revolver_cock_4.wav-b801dd67a1b0cd87b064f05bb825cdb9.sample[39m[0m
[  10% ] [90m[1msavepack[22m | Storing File: res://assets/ext/audio/sfx/guns/revolver_cock_4.wav.import[39m[0m
[  10% ] [90m[1msavepack[22m | Storing File: res://.godot/imported/revolver_dryfire_1.wav-975e5e742f6bd737da181175db2fd48a.sample[39m[0m
[  10% ] [90m[1msavepack[22m | Storing File: res://assets/ext/audio/sfx/guns/revolver_dryfire_1.wav.import[39m[0m
[  10% ] [90m[1msavepack[22m | Storing File: res://.godot/imported/revolver_dryfire_2.wav-9cbd2b30430ee8d4496b85d2c093406d.sample[39m[0m
[  10% ] [90m[1msavepack[22m | Storing File: res://assets/ext/audio/sfx/guns/revolver_dryfire_2.wav.import[39m[0m
[  10% ] [90m[1msavepack[22m | Storing File: res://.godot/imported/revolver_dryfire_3.wav-71c0bfb7c0684b9a5283c7b100a15fa3.sample[39m[0m
[  10% ] [90m[1msavepack[22m | Storing File: res://assets/ext/audio/sfx/guns/revolver_dryfire_3.wav.import[39m[0m
[  10% ] [90m[1msavepack[22m | Storing File: res://.godot/imported/revolver_eject_1.wav-7f7cabf88a5ca6cd8c1d201f9f6484d2.sample[39m[0m
[  10% ] [90m[1msavepack[22m | Storing File: res://assets/ext/audio/sfx/guns/revolver_eject_1.wav.import[39m[0m
[  10% ] [90m[1msavepack[22m | Storing File: res://.godot/imported/revolver_eject_2.wav-bad5ffdcf32b6cc2f2b367078867c6ea.sample[39m[0m
[  10% ] [90m[1msavepack[22m | Storing File: res://assets/ext/audio/sfx/guns/revolver_eject_2.wav.import[39m[0m
[  10% ] [90m[1msavepack[22m | Storing File: res://.godot/imported/revolver_gate_1.wav-28f39d1108c2c74f7afa9ba1df0d70e5.sample[39m[0m
[  10% ] [90m[1msavepack[22m | Storing File: res://assets/ext/audio/sfx/guns/revolver_gate_1.wav.import[39m[0m
[  10% ] [90m[1msavepack[22m | Storing File: res://.godot/imported/revolver_gate_2.wav-111c13614c1d1df283f25ed6d64bfbe4.sample[39m[0m
[  10% ] [90m[1msavepack[22m | Storing File: res://assets/ext/audio/sfx/guns/revolver_gate_2.wav.import[39m[0m
[  10% ] [90m[1msavepack[22m | Storing File: res://.godot/imported/revolver_round_in_1.wav-9c021a2f76560bae7d3644fe05f38ca9.sample[39m[0m
[  10% ] [90m[1msavepack[22m | Storing File: res://assets/ext/audio/sfx/guns/revolver_round_in_1.wav.import[39m[0m
[  10% ] [90m[1msavepack[22m | Storing File: res://.godot/imported/revolver_round_in_2.wav-6afe9e8e3d5087ed155c931acc1ae2eb.sample[39m[0m
[  10% ] [90m[1msavepack[22m | Storing File: res://assets/ext/audio/sfx/guns/revolver_round_in_2.wav.import[39m[0m
[  10% ] [90m[1msavepack[22m | Storing File: res://.godot/imported/revolver_round_in_3.wav-a17ce601affb1c687d0ab850e2688331.sample[39m[0m
[  10% ] [90m[1msavepack[22m | Storing File: res://assets/ext/audio/sfx/guns/revolver_round_in_3.wav.import[39m[0m
[  10% ] [90m[1msavepack[22m | Storing File: res://.godot/imported/revolver_round_in_4.wav-a1fc265852e5b21b9eaf8b1c65d677d3.sample[39m[0m
[  10% ] [90m[1msavepack[22m | Storing File: res://assets/ext/audio/sfx/guns/revolver_round_in_4.wav.import[39m[0m
[  10% ] [90m[1msavepack[22m | Storing File: res://.godot/imported/shell_insert_1.wav-526943c3d436e9af58701d808cb18237.sample[39m[0m
[  10% ] [90m[1msavepack[22m | Storing File: res://assets/ext/audio/sfx/guns/shell_insert_1.wav.import[39m[0m
[  10% ] [90m[1msavepack[22m | Storing File: res://.godot/imported/shell_insert_2.wav-ff5a396910133bd97f227003a95eac06.sample[39m[0m
[  10% ] [90m[1msavepack[22m | Storing File: res://assets/ext/audio/sfx/guns/shell_insert_2.wav.import[39m[0m
[  10% ] [90m[1msavepack[22m | Storing File: res://.godot/imported/shell_insert_3.wav-25ee066b03b8af42764408718e27f72a.sample[39m[0m
[  10% ] [90m[1msavepack[22m | Storing File: res://assets/ext/audio/sfx/guns/shell_insert_3.wav.import[39m[0m
[  10% ] [90m[1msavepack[22m | Storing File: res://.godot/imported/shell_insert_4.wav-e456dd7095894a42255993ff837b2c1b.sample[39m[0m
[  10% ] [90m[1msavepack[22m | Storing File: res://assets/ext/audio/sfx/guns/shell_insert_4.wav.import[39m[0m
[  10% ] [90m[1msavepack[22m | Storing File: res://.godot/imported/hoof_dirt_hard_1.wav-34392b4187264a5f353e8b023d232806.sample[39m[0m
[  10% ] [90m[1msavepack[22m | Storing File: res://assets/ext/audio/sfx/hooves/hoof_dirt_hard_1.wav.import[39m[0m
[  10% ] [90m[1msavepack[22m | Storing File: res://.godot/imported/hoof_dirt_hard_2.wav-b2156d9b975ae1b0917f6560e449369c.sample[39m[0m
[  10% ] [90m[1msavepack[22m | Storing File: res://assets/ext/audio/sfx/hooves/hoof_dirt_hard_2.wav.import[39m[0m
[  10% ] [90m[1msavepack[22m | Storing File: res://.godot/imported/hoof_dirt_hard_3.wav-362d9dff63cea032c65ae8f8c160f577.sample[39m[0m
[  10% ] [90m[1msavepack[22m | Storing File: res://assets/ext/audio/sfx/hooves/hoof_dirt_hard_3.wav.import[39m[0m
[  10% ] [90m[1msavepack[22m | Storing File: res://.godot/imported/hoof_dirt_hard_4.wav-7b8a70becc88480be08711944c543eb3.sample[39m[0m
[  10% ] [90m[1msavepack[22m | Storing File: res://assets/ext/audio/sfx/hooves/hoof_dirt_hard_4.wav.import[39m[0m
[  10% ] [90m[1msavepack[22m | Storing File: res://.godot/imported/hoof_dirt_hard_5.wav-114afac1b178f6a7bd9d1fd4319b0a6e.sample[39m[0m
[  10% ] [90m[1msavepack[22m | Storing File: res://assets/ext/audio/sfx/hooves/hoof_dirt_hard_5.wav.import[39m[0m
[  10% ] [90m[1msavepack[22m | Storing File: res://.godot/imported/hoof_dirt_hard_6.wav-eb81c1b8eec66f9d4cc5b3238708e8cd.sample[39m[0m
[  10% ] [90m[1msavepack[22m | Storing File: res://assets/ext/audio/sfx/hooves/hoof_dirt_hard_6.wav.import[39m[0m
[  10% ] [90m[1msavepack[22m | Storing File: res://.godot/imported/hoof_dirt_hard_7.wav-132e332abd37becf997587193f689366.sample[39m[0m
[  10% ] [90m[1msavepack[22m | Storing File: res://assets/ext/audio/sfx/hooves/hoof_dirt_hard_7.wav.import[39m[0m
[  10% ] [90m[1msavepack[22m | Storing File: res://.godot/imported/hoof_dirt_hard_8.wav-8ae3a16f3388bec8b320cb74ed1a8bbc.sample[39m[0m
[  10% ] [90m[1msavepack[22m | Storing File: res://assets/ext/audio/sfx/hooves/hoof_dirt_hard_8.wav.import[39m[0m
[  10% ] [90m[1msavepack[22m | Storing File: res://.godot/imported/hoof_dirt_soft_1.wav-758ec6530cd95c3bd22ff2f39a0f704e.sample[39m[0m
[  10% ] [90m[1msavepack[22m | Storing File: res://assets/ext/audio/sfx/hooves/hoof_dirt_soft_1.wav.import[39m[0m
[  10% ] [90m[1msavepack[22m | Storing File: res://.godot/imported/hoof_dirt_soft_2.wav-5f5fafec83a56f7b81cc60d6dc1276da.sample[39m[0m
[  10% ] [90m[1msavepack[22m | Storing File: res://assets/ext/audio/sfx/hooves/hoof_dirt_soft_2.wav.import[39m[0m
[  10% ] [90m[1msavepack[22m | Storing File: res://.godot/imported/hoof_dirt_soft_3.wav-ee5f955738df1bda2e780fd59e6dd28c.sample[39m[0m
[  10% ] [90m[1msavepack[22m | Storing File: res://assets/ext/audio/sfx/hooves/hoof_dirt_soft_3.wav.import[39m[0m
[  10% ] [90m[1msavepack[22m | Storing File: res://.godot/imported/hoof_dirt_soft_4.wav-7e21aa2d3dde69f7560c73e3e56fe33b.sample[39m[0m
[  10% ] [90m[1msavepack[22m | Storing File: res://assets/ext/audio/sfx/hooves/hoof_dirt_soft_4.wav.import[39m[0m
[  10% ] [90m[1msavepack[22m | Storing File: res://.godot/imported/hoof_dirt_soft_5.wav-bfd8e23c71fcdbfb7a676775a42e9ab0.sample[39m[0m
[  10% ] [90m[1msavepack[22m | Storing File: res://assets/ext/audio/sfx/hooves/hoof_dirt_soft_5.wav.import[39m[0m
[  10% ] [90m[1msavepack[22m | Storing File: res://.godot/imported/hoof_dirt_soft_6.wav-50ea877b37334324cca5cf7086400bcf.sample[39m[0m
[  10% ] [90m[1msavepack[22m | Storing File: res://assets/ext/audio/sfx/hooves/hoof_dirt_soft_6.wav.import[39m[0m
[  10% ] [90m[1msavepack[22m | Storing File: res://.godot/imported/hoof_dirt_soft_7.wav-34692a83156ee86b54a6f19dbdc45578.sample[39m[0m
[  10% ] [90m[1msavepack[22m | Storing File: res://assets/ext/audio/sfx/hooves/hoof_dirt_soft_7.wav.import[39m[0m
[  10% ] [90m[1msavepack[22m | Storing File: res://.godot/imported/hoof_dirt_soft_8.wav-6398cb14a17284188036a4c256c6712f.sample[39m[0m
[  10% ] [90m[1msavepack[22m | Storing File: res://assets/ext/audio/sfx/hooves/hoof_dirt_soft_8.wav.import[39m[0m
[  10% ] [90m[1msavepack[22m | Storing File: res://.godot/imported/hoof_grass_hard_1.wav-a086efed87abc7c0b15b11d91e0440b0.sample[39m[0m
[  10% ] [90m[1msavepack[22m | Storing File: res://assets/ext/audio/sfx/hooves/hoof_grass_hard_1.wav.import[39m[0m
[  10% ] [90m[1msavepack[22m | Storing File: res://.godot/imported/hoof_grass_hard_2.wav-9d359076cc8514d5b385b9ab01b8d5e3.sample[39m[0m
[  10% ] [90m[1msavepack[22m | Storing File: res://assets/ext/audio/sfx/hooves/hoof_grass_hard_2.wav.import[39m[0m
[  10% ] [90m[1msavepack[22m | Storing File: res://.godot/imported/hoof_grass_hard_3.wav-3af9f5bd44578ee409544bfd19e30aa8.sample[39m[0m
[  10% ] [90m[1msavepack[22m | Storing File: res://assets/ext/audio/sfx/hooves/hoof_grass_hard_3.wav.import[39m[0m
[  11% ] [90m[1msavepack[22m | Storing File: res://.godot/imported/hoof_grass_hard_4.wav-03b849c1e3dd38166d207604a1b2b08e.sample[39m[0m
[  11% ] [90m[1msavepack[22m | Storing File: res://assets/ext/audio/sfx/hooves/hoof_grass_hard_4.wav.import[39m[0m
[  11% ] [90m[1msavepack[22m | Storing File: res://.godot/imported/hoof_grass_hard_5.wav-b780fe0074b4bdd9038dbbb49f6f442a.sample[39m[0m
[  11% ] [90m[1msavepack[22m | Storing File: res://assets/ext/audio/sfx/hooves/hoof_grass_hard_5.wav.import[39m[0m
[  11% ] [90m[1msavepack[22m | Storing File: res://.godot/imported/hoof_grass_hard_6.wav-309c1e5c6759378c0e816f4b7ff74899.sample[39m[0m
[  11% ] [90m[1msavepack[22m | Storing File: res://assets/ext/audio/sfx/hooves/hoof_grass_hard_6.wav.import[39m[0m
[  11% ] [90m[1msavepack[22m | Storing File: res://.godot/imported/hoof_grass_hard_7.wav-3cdea2c47ea8da52e8a3c1e1412670a5.sample[39m[0m
[  11% ] [90m[1msavepack[22m | Storing File: res://assets/ext/audio/sfx/hooves/hoof_grass_hard_7.wav.import[39m[0m
[  11% ] [90m[1msavepack[22m | Storing File: res://.godot/imported/hoof_grass_hard_8.wav-cdcd68dc0d81ff9a92927b14dd2ef3b0.sample[39m[0m
[  11% ] [90m[1msavepack[22m | Storing File: res://assets/ext/audio/sfx/hooves/hoof_grass_hard_8.wav.import[39m[0m
[  11% ] [90m[1msavepack[22m | Storing File: res://.godot/imported/hoof_grass_soft_1.wav-eb920fba987567690d25a905fae41aac.sample[39m[0m
[  11% ] [90m[1msavepack[22m | Storing File: res://assets/ext/audio/sfx/hooves/hoof_grass_soft_1.wav.import[39m[0m
[  11% ] [90m[1msavepack[22m | Storing File: res://.godot/imported/hoof_grass_soft_2.wav-50be7fecdce5de39aa55d038a7440f3d.sample[39m[0m
[  11% ] [90m[1msavepack[22m | Storing File: res://assets/ext/audio/sfx/hooves/hoof_grass_soft_2.wav.import[39m[0m
[  11% ] [90m[1msavepack[22m | Storing File: res://.godot/imported/hoof_grass_soft_3.wav-70b6c76be8d1e82eb24a2a9dbbab9f67.sample[39m[0m
[  11% ] [90m[1msavepack[22m | Storing File: res://assets/ext/audio/sfx/hooves/hoof_grass_soft_3.wav.import[39m[0m
[  11% ] [90m[1msavepack[22m | Storing File: res://.godot/imported/hoof_grass_soft_4.wav-0624d90227c006b2cfce5b981be8a10c.sample[39m[0m
[  11% ] [90m[1msavepack[22m | Storing File: res://assets/ext/audio/sfx/hooves/hoof_grass_soft_4.wav.import[39m[0m
[  11% ] [90m[1msavepack[22m | Storing File: res://.godot/imported/hoof_grass_soft_5.wav-9835aa61aab71b9d4b14331938946b6d.sample[39m[0m
[  11% ] [90m[1msavepack[22m | Storing File: res://assets/ext/audio/sfx/hooves/hoof_grass_soft_5.wav.import[39m[0m
[  11% ] [90m[1msavepack[22m | Storing File: res://.godot/imported/hoof_grass_soft_6.wav-402bb9180d1d9c0b2ad0c83d39d4d648.sample[39m[0m
[  11% ] [90m[1msavepack[22m | Storing File: res://assets/ext/audio/sfx/hooves/hoof_grass_soft_6.wav.import[39m[0m
[  11% ] [90m[1msavepack[22m | Storing File: res://.godot/imported/hoof_grass_soft_7.wav-ba24fda52b4a532159c2f108a1f328a1.sample[39m[0m
[  11% ] [90m[1msavepack[22m | Storing File: res://assets/ext/audio/sfx/hooves/hoof_grass_soft_7.wav.import[39m[0m
[  11% ] [90m[1msavepack[22m | Storing File: res://.godot/imported/hoof_grass_soft_8.wav-1cec20579b8377cafffc9c52e5e6c541.sample[39m[0m
[  11% ] [90m[1msavepack[22m | Storing File: res://assets/ext/audio/sfx/hooves/hoof_grass_soft_8.wav.import[39m[0m
[  11% ] [90m[1msavepack[22m | Storing File: res://.godot/imported/hoof_gravel_hard_1.wav-d380b6c4ae9cbb1b1ce35061a595bccd.sample[39m[0m
[  11% ] [90m[1msavepack[22m | Storing File: res://assets/ext/audio/sfx/hooves/hoof_gravel_hard_1.wav.import[39m[0m
[  11% ] [90m[1msavepack[22m | Storing File: res://.godot/imported/hoof_gravel_hard_2.wav-29a07cdba394a71e1ca23dfcd910c6fa.sample[39m[0m
[  11% ] [90m[1msavepack[22m | Storing File: res://assets/ext/audio/sfx/hooves/hoof_gravel_hard_2.wav.import[39m[0m
[  11% ] [90m[1msavepack[22m | Storing File: res://.godot/imported/hoof_gravel_hard_3.wav-392f6d616c2446fa689d36b00b98a557.sample[39m[0m
[  11% ] [90m[1msavepack[22m | Storing File: res://assets/ext/audio/sfx/hooves/hoof_gravel_hard_3.wav.import[39m[0m
[  11% ] [90m[1msavepack[22m | Storing File: res://.godot/imported/hoof_gravel_hard_4.wav-f5b6985e56aee316b9362a7d28fd6c2f.sample[39m[0m
[  11% ] [90m[1msavepack[22m | Storing File: res://assets/ext/audio/sfx/hooves/hoof_gravel_hard_4.wav.import[39m[0m
[  11% ] [90m[1msavepack[22m | Storing File: res://.godot/imported/hoof_gravel_hard_5.wav-e37697bb5127ea995aaf88baf1ee5558.sample[39m[0m
[  11% ] [90m[1msavepack[22m | Storing File: res://assets/ext/audio/sfx/hooves/hoof_gravel_hard_5.wav.import[39m[0m
[  11% ] [90m[1msavepack[22m | Storing File: res://.godot/imported/hoof_gravel_hard_6.wav-242d9391e135a5fd165772c4c2317ed4.sample[39m[0m
[  11% ] [90m[1msavepack[22m | Storing File: res://assets/ext/audio/sfx/hooves/hoof_gravel_hard_6.wav.import[39m[0m
[  11% ] [90m[1msavepack[22m | Storing File: res://.godot/imported/hoof_gravel_hard_7.wav-6778b191561b4262c166bc6144e0b561.sample[39m[0m
[  11% ] [90m[1msavepack[22m | Storing File: res://assets/ext/audio/sfx/hooves/hoof_gravel_hard_7.wav.import[39m[0m
[  11% ] [90m[1msavepack[22m | Storing File: res://.godot/imported/hoof_gravel_hard_8.wav-faf780c6be196cb3791353044b253fe4.sample[39m[0m
[  11% ] [90m[1msavepack[22m | Storing File: res://assets/ext/audio/sfx/hooves/hoof_gravel_hard_8.wav.import[39m[0m
[  11% ] [90m[1msavepack[22m | Storing File: res://.godot/imported/hoof_gravel_soft_1.wav-cba3244f7750972e42b59fc783fec66c.sample[39m[0m
[  11% ] [90m[1msavepack[22m | Storing File: res://assets/ext/audio/sfx/hooves/hoof_gravel_soft_1.wav.import[39m[0m
[  11% ] [90m[1msavepack[22m | Storing File: res://.godot/imported/hoof_gravel_soft_2.wav-689c3131450daa8c443152d2dd086d94.sample[39m[0m
[  11% ] [90m[1msavepack[22m | Storing File: res://assets/ext/audio/sfx/hooves/hoof_gravel_soft_2.wav.import[39m[0m
[  11% ] [90m[1msavepack[22m | Storing File: res://.godot/imported/hoof_gravel_soft_3.wav-63df6f202881e05a814ff1b19024a8b2.sample[39m[0m
[  11% ] [90m[1msavepack[22m | Storing File: res://assets/ext/audio/sfx/hooves/hoof_gravel_soft_3.wav.import[39m[0m
[  11% ] [90m[1msavepack[22m | Storing File: res://.godot/imported/hoof_gravel_soft_4.wav-3b1ec9db4f54523d3f0a9177bd3be30a.sample[39m[0m
[  11% ] [90m[1msavepack[22m | Storing File: res://assets/ext/audio/sfx/hooves/hoof_gravel_soft_4.wav.import[39m[0m
[  11% ] [90m[1msavepack[22m | Storing File: res://.godot/imported/hoof_gravel_soft_5.wav-8b067906152477137a426587b7ddc253.sample[39m[0m
[  11% ] [90m[1msavepack[22m | Storing File: res://assets/ext/audio/sfx/hooves/hoof_gravel_soft_5.wav.import[39m[0m
[  11% ] [90m[1msavepack[22m | Storing File: res://.godot/imported/hoof_gravel_soft_6.wav-89a1cadc84a7c3e1ba2ff2bb8c8daa88.sample[39m[0m
[  11% ] [90m[1msavepack[22m | Storing File: res://assets/ext/audio/sfx/hooves/hoof_gravel_soft_6.wav.import[39m[0m
[  11% ] [90m[1msavepack[22m | Storing File: res://.godot/imported/hoof_gravel_soft_7.wav-319cc26fc2e6dd0e5f9a6d0047859099.sample[39m[0m
[  11% ] [90m[1msavepack[22m | Storing File: res://assets/ext/audio/sfx/hooves/hoof_gravel_soft_7.wav.import[39m[0m
[  11% ] [90m[1msavepack[22m | Storing File: res://.godot/imported/hoof_gravel_soft_8.wav-671ae33f428e10ed6369e081f9ed2e24.sample[39m[0m
[  11% ] [90m[1msavepack[22m | Storing File: res://assets/ext/audio/sfx/hooves/hoof_gravel_soft_8.wav.import[39m[0m
[  11% ] [90m[1msavepack[22m | Storing File: res://.godot/imported/hoof_mud_hard_1.wav-38d24f6f4b679cca20fa1a8cfa0eb98a.sample[39m[0m
[  11% ] [90m[1msavepack[22m | Storing File: res://assets/ext/audio/sfx/hooves/hoof_mud_hard_1.wav.import[39m[0m
[  11% ] [90m[1msavepack[22m | Storing File: res://.godot/imported/hoof_mud_hard_2.wav-7b700da439c5efd57ba8d9923789349a.sample[39m[0m
[  11% ] [90m[1msavepack[22m | Storing File: res://assets/ext/audio/sfx/hooves/hoof_mud_hard_2.wav.import[39m[0m
[  11% ] [90m[1msavepack[22m | Storing File: res://.godot/imported/hoof_mud_hard_3.wav-7060ed02d11c82f18d96f42813282deb.sample[39m[0m
[  11% ] [90m[1msavepack[22m | Storing File: res://assets/ext/audio/sfx/hooves/hoof_mud_hard_3.wav.import[39m[0m
[  11% ] [90m[1msavepack[22m | Storing File: res://.godot/imported/hoof_mud_hard_4.wav-99a34ceb746b3cab198a140fe700219f.sample[39m[0m
[  11% ] [90m[1msavepack[22m | Storing File: res://assets/ext/audio/sfx/hooves/hoof_mud_hard_4.wav.import[39m[0m
[  11% ] [90m[1msavepack[22m | Storing File: res://.godot/imported/hoof_mud_hard_5.wav-2efd61acffafbd482ba076191b6cdb40.sample[39m[0m
[  11% ] [90m[1msavepack[22m | Storing File: res://assets/ext/audio/sfx/hooves/hoof_mud_hard_5.wav.import[39m[0m
[  11% ] [90m[1msavepack[22m | Storing File: res://.godot/imported/hoof_mud_hard_6.wav-240c5c59f5c88bfb72d46416ccc4aa23.sample[39m[0m
[  11% ] [90m[1msavepack[22m | Storing File: res://assets/ext/audio/sfx/hooves/hoof_mud_hard_6.wav.import[39m[0m
[  11% ] [90m[1msavepack[22m | Storing File: res://.godot/imported/hoof_mud_hard_7.wav-959c3d4ed2ed7b7af39d5563461c140e.sample[39m[0m
[  11% ] [90m[1msavepack[22m | Storing File: res://assets/ext/audio/sfx/hooves/hoof_mud_hard_7.wav.import[39m[0m
[  12% ] [90m[1msavepack[22m | Storing File: res://.godot/imported/hoof_mud_hard_8.wav-5128745000d558743af11858c53e250b.sample[39m[0m
[  12% ] [90m[1msavepack[22m | Storing File: res://assets/ext/audio/sfx/hooves/hoof_mud_hard_8.wav.import[39m[0m
[  12% ] [90m[1msavepack[22m | Storing File: res://.godot/imported/hoof_mud_soft_1.wav-d25478f5cf231779f0268b2e4f6ad6ed.sample[39m[0m
[  12% ] [90m[1msavepack[22m | Storing File: res://assets/ext/audio/sfx/hooves/hoof_mud_soft_1.wav.import[39m[0m
[  12% ] [90m[1msavepack[22m | Storing File: res://.godot/imported/hoof_mud_soft_2.wav-09bef375b52fee204685450dcbcfb0f6.sample[39m[0m
[  12% ] [90m[1msavepack[22m | Storing File: res://assets/ext/audio/sfx/hooves/hoof_mud_soft_2.wav.import[39m[0m
[  12% ] [90m[1msavepack[22m | Storing File: res://.godot/imported/hoof_mud_soft_3.wav-790c2478b0441963ae16ebbf338fb6fd.sample[39m[0m
[  12% ] [90m[1msavepack[22m | Storing File: res://assets/ext/audio/sfx/hooves/hoof_mud_soft_3.wav.import[39m[0m
[  12% ] [90m[1msavepack[22m | Storing File: res://.godot/imported/hoof_mud_soft_4.wav-5de223a49a8e0ccb5abd8628b774af0b.sample[39m[0m
[  12% ] [90m[1msavepack[22m | Storing File: res://assets/ext/audio/sfx/hooves/hoof_mud_soft_4.wav.import[39m[0m
[  12% ] [90m[1msavepack[22m | Storing File: res://.godot/imported/hoof_mud_soft_5.wav-748bc84e2b43d17863125e7703f91c52.sample[39m[0m
[  12% ] [90m[1msavepack[22m | Storing File: res://assets/ext/audio/sfx/hooves/hoof_mud_soft_5.wav.import[39m[0m
[  12% ] [90m[1msavepack[22m | Storing File: res://.godot/imported/hoof_mud_soft_6.wav-4b032c9796dbd0a0e972b843849f01f0.sample[39m[0m
[  12% ] [90m[1msavepack[22m | Storing File: res://assets/ext/audio/sfx/hooves/hoof_mud_soft_6.wav.import[39m[0m
[  12% ] [90m[1msavepack[22m | Storing File: res://.godot/imported/hoof_mud_soft_7.wav-590ab9414307ebd5e096f61c5e552a64.sample[39m[0m
[  12% ] [90m[1msavepack[22m | Storing File: res://assets/ext/audio/sfx/hooves/hoof_mud_soft_7.wav.import[39m[0m
[  12% ] [90m[1msavepack[22m | Storing File: res://.godot/imported/hoof_mud_soft_8.wav-7493d59327233bc95622ecc866a39519.sample[39m[0m
[  12% ] [90m[1msavepack[22m | Storing File: res://assets/ext/audio/sfx/hooves/hoof_mud_soft_8.wav.import[39m[0m
[  12% ] [90m[1msavepack[22m | Storing File: res://.godot/imported/hoof_sand_hard_1.wav-5f7565777f18e0ecbb19a98bfc3c9e86.sample[39m[0m
[  12% ] [90m[1msavepack[22m | Storing File: res://assets/ext/audio/sfx/hooves/hoof_sand_hard_1.wav.import[39m[0m
[  12% ] [90m[1msavepack[22m | Storing File: res://.godot/imported/hoof_sand_hard_2.wav-0b6c1765a8b552590a5e03a189d4ef97.sample[39m[0m
[  12% ] [90m[1msavepack[22m | Storing File: res://assets/ext/audio/sfx/hooves/hoof_sand_hard_2.wav.import[39m[0m
[  12% ] [90m[1msavepack[22m | Storing File: res://.godot/imported/hoof_sand_hard_3.wav-e959191df734a41da192a7ea22ca80f1.sample[39m[0m
[  12% ] [90m[1msavepack[22m | Storing File: res://assets/ext/audio/sfx/hooves/hoof_sand_hard_3.wav.import[39m[0m
[  12% ] [90m[1msavepack[22m | Storing File: res://.godot/imported/hoof_sand_hard_4.wav-cab7e43304242949939ad85716d4dfde.sample[39m[0m
[  12% ] [90m[1msavepack[22m | Storing File: res://assets/ext/audio/sfx/hooves/hoof_sand_hard_4.wav.import[39m[0m
[  12% ] [90m[1msavepack[22m | Storing File: res://.godot/imported/hoof_sand_hard_5.wav-7da93c3a2f57ecb430b49eea701e015e.sample[39m[0m
[  12% ] [90m[1msavepack[22m | Storing File: res://assets/ext/audio/sfx/hooves/hoof_sand_hard_5.wav.import[39m[0m
[  12% ] [90m[1msavepack[22m | Storing File: res://.godot/imported/hoof_sand_hard_6.wav-00b84e2aef3180a1ccb4803a39393cb9.sample[39m[0m
[  12% ] [90m[1msavepack[22m | Storing File: res://assets/ext/audio/sfx/hooves/hoof_sand_hard_6.wav.import[39m[0m
[  12% ] [90m[1msavepack[22m | Storing File: res://.godot/imported/hoof_sand_hard_7.wav-6baf2f22d3701c0be77d2ab2938462ad.sample[39m[0m
[  12% ] [90m[1msavepack[22m | Storing File: res://assets/ext/audio/sfx/hooves/hoof_sand_hard_7.wav.import[39m[0m
[  12% ] [90m[1msavepack[22m | Storing File: res://.godot/imported/hoof_sand_hard_8.wav-577049ceec152d258185bf658183ce6d.sample[39m[0m
[  12% ] [90m[1msavepack[22m | Storing File: res://assets/ext/audio/sfx/hooves/hoof_sand_hard_8.wav.import[39m[0m
[  12% ] [90m[1msavepack[22m | Storing File: res://.godot/imported/hoof_sand_soft_1.wav-4a8808f918161c2ec4a56145a0bf4496.sample[39m[0m
[  12% ] [90m[1msavepack[22m | Storing File: res://assets/ext/audio/sfx/hooves/hoof_sand_soft_1.wav.import[39m[0m
[  12% ] [90m[1msavepack[22m | Storing File: res://.godot/imported/hoof_sand_soft_2.wav-5fd1300dac57f93220d019f0c79a7304.sample[39m[0m
[  12% ] [90m[1msavepack[22m | Storing File: res://assets/ext/audio/sfx/hooves/hoof_sand_soft_2.wav.import[39m[0m
[  12% ] [90m[1msavepack[22m | Storing File: res://.godot/imported/hoof_sand_soft_3.wav-51ed6626d6b82afe8c6057b660a07c2c.sample[39m[0m
[  12% ] [90m[1msavepack[22m | Storing File: res://assets/ext/audio/sfx/hooves/hoof_sand_soft_3.wav.import[39m[0m
[  12% ] [90m[1msavepack[22m | Storing File: res://.godot/imported/hoof_sand_soft_4.wav-564de3139cab0c324f82aa67bdbc2eb4.sample[39m[0m
[  12% ] [90m[1msavepack[22m | Storing File: res://assets/ext/audio/sfx/hooves/hoof_sand_soft_4.wav.import[39m[0m
[  12% ] [90m[1msavepack[22m | Storing File: res://.godot/imported/hoof_sand_soft_5.wav-4ee261309e9871366e4ec6fdf45da0be.sample[39m[0m
[  12% ] [90m[1msavepack[22m | Storing File: res://assets/ext/audio/sfx/hooves/hoof_sand_soft_5.wav.import[39m[0m
[  12% ] [90m[1msavepack[22m | Storing File: res://.godot/imported/hoof_sand_soft_6.wav-8328c41800aee8a5630143187ed1c7cc.sample[39m[0m
[  12% ] [90m[1msavepack[22m | Storing File: res://assets/ext/audio/sfx/hooves/hoof_sand_soft_6.wav.import[39m[0m
[  12% ] [90m[1msavepack[22m | Storing File: res://.godot/imported/hoof_sand_soft_7.wav-2aa9a220fe5231febddaaad2e30f4c3d.sample[39m[0m
[  12% ] [90m[1msavepack[22m | Storing File: res://assets/ext/audio/sfx/hooves/hoof_sand_soft_7.wav.import[39m[0m
[  12% ] [90m[1msavepack[22m | Storing File: res://.godot/imported/hoof_sand_soft_8.wav-8d6469565a52b32bf54eea760c06161a.sample[39m[0m
[  12% ] [90m[1msavepack[22m | Storing File: res://assets/ext/audio/sfx/hooves/hoof_sand_soft_8.wav.import[39m[0m
[  12% ] [90m[1msavepack[22m | Storing File: res://.godot/imported/hoof_snow_hard_1.wav-7f9a1632406a210870a502daceeb6995.sample[39m[0m
[  12% ] [90m[1msavepack[22m | Storing File: res://assets/ext/audio/sfx/hooves/hoof_snow_hard_1.wav.import[39m[0m
[  12% ] [90m[1msavepack[22m | Storing File: res://.godot/imported/hoof_snow_hard_2.wav-2d454677b499491c18fc30743b433d31.sample[39m[0m
[  12% ] [90m[1msavepack[22m | Storing File: res://assets/ext/audio/sfx/hooves/hoof_snow_hard_2.wav.import[39m[0m
[  12% ] [90m[1msavepack[22m | Storing File: res://.godot/imported/hoof_snow_hard_3.wav-d638e7d6fc0d2394834befc84417b04c.sample[39m[0m
[  12% ] [90m[1msavepack[22m | Storing File: res://assets/ext/audio/sfx/hooves/hoof_snow_hard_3.wav.import[39m[0m
[  12% ] [90m[1msavepack[22m | Storing File: res://.godot/imported/hoof_snow_hard_4.wav-4ad4d37338d0e5a9bdf118af4601c44c.sample[39m[0m
[  12% ] [90m[1msavepack[22m | Storing File: res://assets/ext/audio/sfx/hooves/hoof_snow_hard_4.wav.import[39m[0m
[  12% ] [90m[1msavepack[22m | Storing File: res://.godot/imported/hoof_snow_hard_5.wav-1c46a4f9b46a940bd132a590f51649e2.sample[39m[0m
[  12% ] [90m[1msavepack[22m | Storing File: res://assets/ext/audio/sfx/hooves/hoof_snow_hard_5.wav.import[39m[0m
[  12% ] [90m[1msavepack[22m | Storing File: res://.godot/imported/hoof_snow_hard_6.wav-672da2bfd4cfed1053cc00aa963ad238.sample[39m[0m
[  12% ] [90m[1msavepack[22m | Storing File: res://assets/ext/audio/sfx/hooves/hoof_snow_hard_6.wav.import[39m[0m
[  12% ] [90m[1msavepack[22m | Storing File: res://.godot/imported/hoof_snow_hard_7.wav-dc9fe42e3a5c9284a474e0b021b286df.sample[39m[0m
[  12% ] [90m[1msavepack[22m | Storing File: res://assets/ext/audio/sfx/hooves/hoof_snow_hard_7.wav.import[39m[0m
[  12% ] [90m[1msavepack[22m | Storing File: res://.godot/imported/hoof_snow_hard_8.wav-7ad267300032d61d02f3fe23cd0d2602.sample[39m[0m
[  12% ] [90m[1msavepack[22m | Storing File: res://assets/ext/audio/sfx/hooves/hoof_snow_hard_8.wav.import[39m[0m
[  12% ] [90m[1msavepack[22m | Storing File: res://.godot/imported/hoof_snow_soft_1.wav-6039cdb91d09820652845a59681378c3.sample[39m[0m
[  12% ] [90m[1msavepack[22m | Storing File: res://assets/ext/audio/sfx/hooves/hoof_snow_soft_1.wav.import[39m[0m
[  12% ] [90m[1msavepack[22m | Storing File: res://.godot/imported/hoof_snow_soft_2.wav-f6009d93de6830ea26ae7aac4a844102.sample[39m[0m
[  12% ] [90m[1msavepack[22m | Storing File: res://assets/ext/audio/sfx/hooves/hoof_snow_soft_2.wav.import[39m[0m
[  13% ] [90m[1msavepack[22m | Storing File: res://.godot/imported/hoof_snow_soft_3.wav-3a20cd38c8d3b698b31226dd9e01af67.sample[39m[0m
[  13% ] [90m[1msavepack[22m | Storing File: res://assets/ext/audio/sfx/hooves/hoof_snow_soft_3.wav.import[39m[0m
[  13% ] [90m[1msavepack[22m | Storing File: res://.godot/imported/hoof_snow_soft_4.wav-fd089d33c7f99abd40cc31a1e81627ba.sample[39m[0m
[  13% ] [90m[1msavepack[22m | Storing File: res://assets/ext/audio/sfx/hooves/hoof_snow_soft_4.wav.import[39m[0m
[  13% ] [90m[1msavepack[22m | Storing File: res://.godot/imported/hoof_snow_soft_5.wav-d634b30bcad680d6604863c3c2f83617.sample[39m[0m
[  13% ] [90m[1msavepack[22m | Storing File: res://assets/ext/audio/sfx/hooves/hoof_snow_soft_5.wav.import[39m[0m
[  13% ] [90m[1msavepack[22m | Storing File: res://.godot/imported/hoof_snow_soft_6.wav-7852bdf100d40a37cb893a51c15883c3.sample[39m[0m
[  13% ] [90m[1msavepack[22m | Storing File: res://assets/ext/audio/sfx/hooves/hoof_snow_soft_6.wav.import[39m[0m
[  13% ] [90m[1msavepack[22m | Storing File: res://.godot/imported/hoof_snow_soft_7.wav-ee7b015c896d18c2045f01b683fedf38.sample[39m[0m
[  13% ] [90m[1msavepack[22m | Storing File: res://assets/ext/audio/sfx/hooves/hoof_snow_soft_7.wav.import[39m[0m
[  13% ] [90m[1msavepack[22m | Storing File: res://.godot/imported/hoof_snow_soft_8.wav-61307d6fd54495763a3b74e00499fe2c.sample[39m[0m
[  13% ] [90m[1msavepack[22m | Storing File: res://assets/ext/audio/sfx/hooves/hoof_snow_soft_8.wav.import[39m[0m
[  13% ] [90m[1msavepack[22m | Storing File: res://.godot/imported/hoof_stone_hard_1.wav-b4bd2d2871dec98c99fed3feff29945f.sample[39m[0m
[  13% ] [90m[1msavepack[22m | Storing File: res://assets/ext/audio/sfx/hooves/hoof_stone_hard_1.wav.import[39m[0m
[  13% ] [90m[1msavepack[22m | Storing File: res://.godot/imported/hoof_stone_hard_2.wav-1cb773d62c110edca4fc4736647a3bec.sample[39m[0m
[  13% ] [90m[1msavepack[22m | Storing File: res://assets/ext/audio/sfx/hooves/hoof_stone_hard_2.wav.import[39m[0m
[  13% ] [90m[1msavepack[22m | Storing File: res://.godot/imported/hoof_stone_hard_3.wav-51c27323e0f17071e04d761ef5832399.sample[39m[0m
[  13% ] [90m[1msavepack[22m | Storing File: res://assets/ext/audio/sfx/hooves/hoof_stone_hard_3.wav.import[39m[0m
[  13% ] [90m[1msavepack[22m | Storing File: res://.godot/imported/hoof_stone_hard_4.wav-95ad222ec4dc47049b7e9a5475c69db5.sample[39m[0m
[  13% ] [90m[1msavepack[22m | Storing File: res://assets/ext/audio/sfx/hooves/hoof_stone_hard_4.wav.import[39m[0m
[  13% ] [90m[1msavepack[22m | Storing File: res://.godot/imported/hoof_stone_hard_5.wav-f10967ba39a38ed32097b521cdc7a377.sample[39m[0m
[  13% ] [90m[1msavepack[22m | Storing File: res://assets/ext/audio/sfx/hooves/hoof_stone_hard_5.wav.import[39m[0m
[  13% ] [90m[1msavepack[22m | Storing File: res://.godot/imported/hoof_stone_hard_6.wav-4f6b346a8deeddddb4f8160d3f0a31e6.sample[39m[0m
[  13% ] [90m[1msavepack[22m | Storing File: res://assets/ext/audio/sfx/hooves/hoof_stone_hard_6.wav.import[39m[0m
[  13% ] [90m[1msavepack[22m | Storing File: res://.godot/imported/hoof_stone_hard_7.wav-99ff3e1749dba65389788c34f800e438.sample[39m[0m
[  13% ] [90m[1msavepack[22m | Storing File: res://assets/ext/audio/sfx/hooves/hoof_stone_hard_7.wav.import[39m[0m
[  13% ] [90m[1msavepack[22m | Storing File: res://.godot/imported/hoof_stone_hard_8.wav-96b235af3313301d191c132f448eeba1.sample[39m[0m
[  13% ] [90m[1msavepack[22m | Storing File: res://assets/ext/audio/sfx/hooves/hoof_stone_hard_8.wav.import[39m[0m
[  13% ] [90m[1msavepack[22m | Storing File: res://.godot/imported/hoof_stone_soft_1.wav-e33cf115fa476553825190d734475e55.sample[39m[0m
[  13% ] [90m[1msavepack[22m | Storing File: res://assets/ext/audio/sfx/hooves/hoof_stone_soft_1.wav.import[39m[0m
[  13% ] [90m[1msavepack[22m | Storing File: res://.godot/imported/hoof_stone_soft_2.wav-9f9c03d7cd403eda383e19284b322e00.sample[39m[0m
[  13% ] [90m[1msavepack[22m | Storing File: res://assets/ext/audio/sfx/hooves/hoof_stone_soft_2.wav.import[39m[0m
[  13% ] [90m[1msavepack[22m | Storing File: res://.godot/imported/hoof_stone_soft_3.wav-c0c121351ef973b62e388677681d2932.sample[39m[0m
[  13% ] [90m[1msavepack[22m | Storing File: res://assets/ext/audio/sfx/hooves/hoof_stone_soft_3.wav.import[39m[0m
[  13% ] [90m[1msavepack[22m | Storing File: res://.godot/imported/hoof_stone_soft_4.wav-8fd7ebe7953c5f43dfc0dd6fd757fef5.sample[39m[0m
[  13% ] [90m[1msavepack[22m | Storing File: res://assets/ext/audio/sfx/hooves/hoof_stone_soft_4.wav.import[39m[0m
[  13% ] [90m[1msavepack[22m | Storing File: res://.godot/imported/hoof_stone_soft_5.wav-28b628e3683373c85b491b94b427231b.sample[39m[0m
[  13% ] [90m[1msavepack[22m | Storing File: res://assets/ext/audio/sfx/hooves/hoof_stone_soft_5.wav.import[39m[0m
[  13% ] [90m[1msavepack[22m | Storing File: res://.godot/imported/hoof_stone_soft_6.wav-85e914d123c0a6c62ee74fa07d3f87f0.sample[39m[0m
[  13% ] [90m[1msavepack[22m | Storing File: res://assets/ext/audio/sfx/hooves/hoof_stone_soft_6.wav.import[39m[0m
[  13% ] [90m[1msavepack[22m | Storing File: res://.godot/imported/hoof_stone_soft_7.wav-25b93b7d40806009518fba454dee578f.sample[39m[0m
[  13% ] [90m[1msavepack[22m | Storing File: res://assets/ext/audio/sfx/hooves/hoof_stone_soft_7.wav.import[39m[0m
[  13% ] [90m[1msavepack[22m | Storing File: res://.godot/imported/hoof_stone_soft_8.wav-4955bb9b220224795a647676cdcc55e3.sample[39m[0m
[  13% ] [90m[1msavepack[22m | Storing File: res://assets/ext/audio/sfx/hooves/hoof_stone_soft_8.wav.import[39m[0m
[  13% ] [90m[1msavepack[22m | Storing File: res://.godot/imported/hoof_water_hard_1.wav-9784588e0e0c483d98e9de04ae76137c.sample[39m[0m
[  13% ] [90m[1msavepack[22m | Storing File: res://assets/ext/audio/sfx/hooves/hoof_water_hard_1.wav.import[39m[0m
[  13% ] [90m[1msavepack[22m | Storing File: res://.godot/imported/hoof_water_hard_2.wav-4053a31ed6839855c2928feafdac0383.sample[39m[0m
[  13% ] [90m[1msavepack[22m | Storing File: res://assets/ext/audio/sfx/hooves/hoof_water_hard_2.wav.import[39m[0m
[  13% ] [90m[1msavepack[22m | Storing File: res://.godot/imported/hoof_water_hard_3.wav-d76abab7669518d219838e49fdff8aa3.sample[39m[0m
[  13% ] [90m[1msavepack[22m | Storing File: res://assets/ext/audio/sfx/hooves/hoof_water_hard_3.wav.import[39m[0m
[  13% ] [90m[1msavepack[22m | Storing File: res://.godot/imported/hoof_water_hard_4.wav-d0c7439fc4c167c00059ad14e3928e0c.sample[39m[0m
[  13% ] [90m[1msavepack[22m | Storing File: res://assets/ext/audio/sfx/hooves/hoof_water_hard_4.wav.import[39m[0m
[  13% ] [90m[1msavepack[22m | Storing File: res://.godot/imported/hoof_water_hard_5.wav-a1bee3fb1df1b90d36e786d70d5da478.sample[39m[0m
[  13% ] [90m[1msavepack[22m | Storing File: res://assets/ext/audio/sfx/hooves/hoof_water_hard_5.wav.import[39m[0m
[  13% ] [90m[1msavepack[22m | Storing File: res://.godot/imported/hoof_water_hard_6.wav-81b994a91a26129e1d131ff3d97028a0.sample[39m[0m
[  13% ] [90m[1msavepack[22m | Storing File: res://assets/ext/audio/sfx/hooves/hoof_water_hard_6.wav.import[39m[0m
[  13% ] [90m[1msavepack[22m | Storing File: res://.godot/imported/hoof_water_hard_7.wav-cb224f086659b562cf52172ffb72e768.sample[39m[0m
[  13% ] [90m[1msavepack[22m | Storing File: res://assets/ext/audio/sfx/hooves/hoof_water_hard_7.wav.import[39m[0m
[  13% ] [90m[1msavepack[22m | Storing File: res://.godot/imported/hoof_water_hard_8.wav-0b3732f7f6c318cf84a7f37472c09e29.sample[39m[0m
[  13% ] [90m[1msavepack[22m | Storing File: res://assets/ext/audio/sfx/hooves/hoof_water_hard_8.wav.import[39m[0m
[  13% ] [90m[1msavepack[22m | Storing File: res://.godot/imported/hoof_water_soft_1.wav-aab447229d83ef717ceeaa01d647e410.sample[39m[0m
[  13% ] [90m[1msavepack[22m | Storing File: res://assets/ext/audio/sfx/hooves/hoof_water_soft_1.wav.import[39m[0m
[  13% ] [90m[1msavepack[22m | Storing File: res://.godot/imported/hoof_water_soft_2.wav-3f93853e16da8513ea440f6bbb49d9f8.sample[39m[0m
[  13% ] [90m[1msavepack[22m | Storing File: res://assets/ext/audio/sfx/hooves/hoof_water_soft_2.wav.import[39m[0m
[  13% ] [90m[1msavepack[22m | Storing File: res://.godot/imported/hoof_water_soft_3.wav-cde9d21241818ca51b422914f3be828d.sample[39m[0m
[  13% ] [90m[1msavepack[22m | Storing File: res://assets/ext/audio/sfx/hooves/hoof_water_soft_3.wav.import[39m[0m
[  13% ] [90m[1msavepack[22m | Storing File: res://.godot/imported/hoof_water_soft_4.wav-6524fac340211481743ed82116d6b330.sample[39m[0m
[  13% ] [90m[1msavepack[22m | Storing File: res://assets/ext/audio/sfx/hooves/hoof_water_soft_4.wav.import[39m[0m
[  13% ] [90m[1msavepack[22m | Storing File: res://.godot/imported/hoof_water_soft_5.wav-7a6a2f79bafae1497713ae2f2fd334ac.sample[39m[0m
[  13% ] [90m[1msavepack[22m | Storing File: res://assets/ext/audio/sfx/hooves/hoof_water_soft_5.wav.import[39m[0m
[  13% ] [90m[1msavepack[22m | Storing File: res://.godot/imported/hoof_water_soft_6.wav-2ecda6f33626f7ded1f367baa3341e48.sample[39m[0m
[  13% ] [90m[1msavepack[22m | Storing File: res://assets/ext/audio/sfx/hooves/hoof_water_soft_6.wav.import[39m[0m
[  14% ] [90m[1msavepack[22m | Storing File: res://.godot/imported/hoof_water_soft_7.wav-b78bd03655047aaf5676cf00c3f89966.sample[39m[0m
[  14% ] [90m[1msavepack[22m | Storing File: res://assets/ext/audio/sfx/hooves/hoof_water_soft_7.wav.import[39m[0m
[  14% ] [90m[1msavepack[22m | Storing File: res://.godot/imported/hoof_water_soft_8.wav-16be8d5198809fb9592a061a3a694ce3.sample[39m[0m
[  14% ] [90m[1msavepack[22m | Storing File: res://assets/ext/audio/sfx/hooves/hoof_water_soft_8.wav.import[39m[0m
[  14% ] [90m[1msavepack[22m | Storing File: res://.godot/imported/hoof_wood_hard_1.wav-c9eda0adf48444d81a414229586bcf63.sample[39m[0m
[  14% ] [90m[1msavepack[22m | Storing File: res://assets/ext/audio/sfx/hooves/hoof_wood_hard_1.wav.import[39m[0m
[  14% ] [90m[1msavepack[22m | Storing File: res://.godot/imported/hoof_wood_hard_2.wav-e8b02a172603d1a5b99867cbf001d755.sample[39m[0m
[  14% ] [90m[1msavepack[22m | Storing File: res://assets/ext/audio/sfx/hooves/hoof_wood_hard_2.wav.import[39m[0m
[  14% ] [90m[1msavepack[22m | Storing File: res://.godot/imported/hoof_wood_hard_3.wav-ee44c949dec640531799843bad4c9ddd.sample[39m[0m
[  14% ] [90m[1msavepack[22m | Storing File: res://assets/ext/audio/sfx/hooves/hoof_wood_hard_3.wav.import[39m[0m
[  14% ] [90m[1msavepack[22m | Storing File: res://.godot/imported/hoof_wood_hard_4.wav-db997293cfb6ebab157279da2e701287.sample[39m[0m
[  14% ] [90m[1msavepack[22m | Storing File: res://assets/ext/audio/sfx/hooves/hoof_wood_hard_4.wav.import[39m[0m
[  14% ] [90m[1msavepack[22m | Storing File: res://.godot/imported/hoof_wood_hard_5.wav-f4b679659058a148eb0af0b6ab7d9aa0.sample[39m[0m
[  14% ] [90m[1msavepack[22m | Storing File: res://assets/ext/audio/sfx/hooves/hoof_wood_hard_5.wav.import[39m[0m
[  14% ] [90m[1msavepack[22m | Storing File: res://.godot/imported/hoof_wood_hard_6.wav-13d51b1c34053844b204416c0f6fb6ed.sample[39m[0m
[  14% ] [90m[1msavepack[22m | Storing File: res://assets/ext/audio/sfx/hooves/hoof_wood_hard_6.wav.import[39m[0m
[  14% ] [90m[1msavepack[22m | Storing File: res://.godot/imported/hoof_wood_hard_7.wav-0bad59fe89e22117f2bb3d788d81e30c.sample[39m[0m
[  14% ] [90m[1msavepack[22m | Storing File: res://assets/ext/audio/sfx/hooves/hoof_wood_hard_7.wav.import[39m[0m
[  14% ] [90m[1msavepack[22m | Storing File: res://.godot/imported/hoof_wood_hard_8.wav-0c8be64c992319be54afb00de5985727.sample[39m[0m
[  14% ] [90m[1msavepack[22m | Storing File: res://assets/ext/audio/sfx/hooves/hoof_wood_hard_8.wav.import[39m[0m
[  14% ] [90m[1msavepack[22m | Storing File: res://.godot/imported/hoof_wood_soft_1.wav-356977e567b39cee4bb213563afe3db3.sample[39m[0m
[  14% ] [90m[1msavepack[22m | Storing File: res://assets/ext/audio/sfx/hooves/hoof_wood_soft_1.wav.import[39m[0m
[  14% ] [90m[1msavepack[22m | Storing File: res://.godot/imported/hoof_wood_soft_2.wav-94c9b767868eccb8a36d69f3cb4623a1.sample[39m[0m
[  14% ] [90m[1msavepack[22m | Storing File: res://assets/ext/audio/sfx/hooves/hoof_wood_soft_2.wav.import[39m[0m
[  14% ] [90m[1msavepack[22m | Storing File: res://.godot/imported/hoof_wood_soft_3.wav-7418798cbe379bf504eb8cbd72ef6c30.sample[39m[0m
[  14% ] [90m[1msavepack[22m | Storing File: res://assets/ext/audio/sfx/hooves/hoof_wood_soft_3.wav.import[39m[0m
[  14% ] [90m[1msavepack[22m | Storing File: res://.godot/imported/hoof_wood_soft_4.wav-5f92d3cbee0d2749e9f7e9d501153273.sample[39m[0m
[  14% ] [90m[1msavepack[22m | Storing File: res://assets/ext/audio/sfx/hooves/hoof_wood_soft_4.wav.import[39m[0m
[  14% ] [90m[1msavepack[22m | Storing File: res://.godot/imported/hoof_wood_soft_5.wav-6685c433ccdbe6cfecb239a15f2f306a.sample[39m[0m
[  14% ] [90m[1msavepack[22m | Storing File: res://assets/ext/audio/sfx/hooves/hoof_wood_soft_5.wav.import[39m[0m
[  14% ] [90m[1msavepack[22m | Storing File: res://.godot/imported/hoof_wood_soft_6.wav-41fda5eac6f6d17870bdb05de1e12107.sample[39m[0m
[  14% ] [90m[1msavepack[22m | Storing File: res://assets/ext/audio/sfx/hooves/hoof_wood_soft_6.wav.import[39m[0m
[  14% ] [90m[1msavepack[22m | Storing File: res://.godot/imported/hoof_wood_soft_7.wav-7bb8c4c6865fe2e034fe6e90fb6a4b4d.sample[39m[0m
[  14% ] [90m[1msavepack[22m | Storing File: res://assets/ext/audio/sfx/hooves/hoof_wood_soft_7.wav.import[39m[0m
[  14% ] [90m[1msavepack[22m | Storing File: res://.godot/imported/hoof_wood_soft_8.wav-7c6c589ceac975422da1bd939f41affa.sample[39m[0m
[  14% ] [90m[1msavepack[22m | Storing File: res://assets/ext/audio/sfx/hooves/hoof_wood_soft_8.wav.import[39m[0m
[  14% ] [90m[1msavepack[22m | Storing File: res://.godot/imported/bridle_jingle_1.wav-7891dbd1ac8603b2d569eaafe5d5ee93.sample[39m[0m
[  14% ] [90m[1msavepack[22m | Storing File: res://assets/ext/audio/sfx/horse/bridle_jingle_1.wav.import[39m[0m
[  14% ] [90m[1msavepack[22m | Storing File: res://.godot/imported/bridle_jingle_2.wav-0190b9f075c34591e1c33282ad6160b6.sample[39m[0m
[  14% ] [90m[1msavepack[22m | Storing File: res://assets/ext/audio/sfx/horse/bridle_jingle_2.wav.import[39m[0m
[  14% ] [90m[1msavepack[22m | Storing File: res://.godot/imported/bridle_jingle_3.wav-047bb1785d495020a21d0495fc1c7a5c.sample[39m[0m
[  14% ] [90m[1msavepack[22m | Storing File: res://assets/ext/audio/sfx/horse/bridle_jingle_3.wav.import[39m[0m
[  14% ] [90m[1msavepack[22m | Storing File: res://.godot/imported/bridle_jingle_4.wav-6ca2fa2a48a29b03a4057a84441806ee.sample[39m[0m
[  14% ] [90m[1msavepack[22m | Storing File: res://assets/ext/audio/sfx/horse/bridle_jingle_4.wav.import[39m[0m
[  14% ] [90m[1msavepack[22m | Storing File: res://.godot/imported/bridle_jingle_5.wav-4c171414a3ee3cfa396ef55a144131cd.sample[39m[0m
[  14% ] [90m[1msavepack[22m | Storing File: res://assets/ext/audio/sfx/horse/bridle_jingle_5.wav.import[39m[0m
[  14% ] [90m[1msavepack[22m | Storing File: res://.godot/imported/bridle_jingle_6.wav-0bb6e67180b46db8082142c0795f2677.sample[39m[0m
[  14% ] [90m[1msavepack[22m | Storing File: res://assets/ext/audio/sfx/horse/bridle_jingle_6.wav.import[39m[0m
[  14% ] [90m[1msavepack[22m | Storing File: res://.godot/imported/horse_breath_1.wav-e0ba597c22f9b6c4603d56a70f7d573c.sample[39m[0m
[  14% ] [90m[1msavepack[22m | Storing File: res://assets/ext/audio/sfx/horse/horse_breath_1.wav.import[39m[0m
[  14% ] [90m[1msavepack[22m | Storing File: res://.godot/imported/horse_breath_2.wav-eb350e2c947b851df8ededcad2bd7877.sample[39m[0m
[  14% ] [90m[1msavepack[22m | Storing File: res://assets/ext/audio/sfx/horse/horse_breath_2.wav.import[39m[0m
[  14% ] [90m[1msavepack[22m | Storing File: res://.godot/imported/horse_breath_3.wav-5436b30bf13ed9e76c969b95d8e9f634.sample[39m[0m
[  14% ] [90m[1msavepack[22m | Storing File: res://assets/ext/audio/sfx/horse/horse_breath_3.wav.import[39m[0m
[  14% ] [90m[1msavepack[22m | Storing File: res://.godot/imported/horse_breath_4.wav-6664aeeade74f7b5d364a4ea06bac4cb.sample[39m[0m
[  14% ] [90m[1msavepack[22m | Storing File: res://assets/ext/audio/sfx/horse/horse_breath_4.wav.import[39m[0m
[  14% ] [90m[1msavepack[22m | Storing File: res://.godot/imported/horse_breath_5.wav-8c4ac5efc42391d5f617e1ceffb41296.sample[39m[0m
[  14% ] [90m[1msavepack[22m | Storing File: res://assets/ext/audio/sfx/horse/horse_breath_5.wav.import[39m[0m
[  14% ] [90m[1msavepack[22m | Storing File: res://.godot/imported/horse_breath_6.wav-1c56ee9aa35ac0b7954ed919c73b2015.sample[39m[0m
[  14% ] [90m[1msavepack[22m | Storing File: res://assets/ext/audio/sfx/horse/horse_breath_6.wav.import[39m[0m
[  14% ] [90m[1msavepack[22m | Storing File: res://.godot/imported/horse_snort_1.wav-5ad317b0622b2cc202973cb7b3ac4c41.sample[39m[0m
[  14% ] [90m[1msavepack[22m | Storing File: res://assets/ext/audio/sfx/horse/horse_snort_1.wav.import[39m[0m
[  14% ] [90m[1msavepack[22m | Storing File: res://.godot/imported/horse_snort_2.wav-4854a0cc8fbf6282a763760b38f8eb89.sample[39m[0m
[  14% ] [90m[1msavepack[22m | Storing File: res://assets/ext/audio/sfx/horse/horse_snort_2.wav.import[39m[0m
[  14% ] [90m[1msavepack[22m | Storing File: res://.godot/imported/horse_snort_3.wav-90c7aa20128a827d319df8fc6ad561c6.sample[39m[0m
[  14% ] [90m[1msavepack[22m | Storing File: res://assets/ext/audio/sfx/horse/horse_snort_3.wav.import[39m[0m
[  14% ] [90m[1msavepack[22m | Storing File: res://.godot/imported/horse_snort_4.wav-f17faafb456e4a37f73933b3f7dfe6d9.sample[39m[0m
[  14% ] [90m[1msavepack[22m | Storing File: res://assets/ext/audio/sfx/horse/horse_snort_4.wav.import[39m[0m
[  14% ] [90m[1msavepack[22m | Storing File: res://.godot/imported/horse_snort_5.wav-a39d2e3339195e01e65b9b9eae9cf951.sample[39m[0m
[  14% ] [90m[1msavepack[22m | Storing File: res://assets/ext/audio/sfx/horse/horse_snort_5.wav.import[39m[0m
[  15% ] [90m[1msavepack[22m | Storing File: res://.godot/imported/horse_whinny_synth_1.wav-97fbf1962e7e78dd78cd7de5289e9e0c.sample[39m[0m
[  15% ] [90m[1msavepack[22m | Storing File: res://assets/ext/audio/sfx/horse/horse_whinny_synth_1.wav.import[39m[0m
[  15% ] [90m[1msavepack[22m | Storing File: res://.godot/imported/horse_whinny_synth_2.wav-82fa2f0e293511fae3beb107eebd5077.sample[39m[0m
[  15% ] [90m[1msavepack[22m | Storing File: res://assets/ext/audio/sfx/horse/horse_whinny_synth_2.wav.import[39m[0m
[  15% ] [90m[1msavepack[22m | Storing File: res://.godot/imported/horse_whinny_synth_3.wav-8a7977adbb87166d5a6e2dd0babe6bb8.sample[39m[0m
[  15% ] [90m[1msavepack[22m | Storing File: res://assets/ext/audio/sfx/horse/horse_whinny_synth_3.wav.import[39m[0m
[  15% ] [90m[1msavepack[22m | Storing File: res://.godot/imported/saddle_creak_1.wav-d818a286c97eac88190d5c61785a6246.sample[39m[0m
[  15% ] [90m[1msavepack[22m | Storing File: res://assets/ext/audio/sfx/horse/saddle_creak_1.wav.import[39m[0m
[  15% ] [90m[1msavepack[22m | Storing File: res://.godot/imported/saddle_creak_2.wav-6c75aa8a17e3c9f6de50b68332a93d6e.sample[39m[0m
[  15% ] [90m[1msavepack[22m | Storing File: res://assets/ext/audio/sfx/horse/saddle_creak_2.wav.import[39m[0m
[  15% ] [90m[1msavepack[22m | Storing File: res://.godot/imported/saddle_creak_3.wav-4f3ea6ec1dc0d8a4ef6a33f0a2ec5e39.sample[39m[0m
[  15% ] [90m[1msavepack[22m | Storing File: res://assets/ext/audio/sfx/horse/saddle_creak_3.wav.import[39m[0m
[  15% ] [90m[1msavepack[22m | Storing File: res://.godot/imported/saddle_creak_4.wav-bd84feaa350ce1d7c00cfb3da5d7a80b.sample[39m[0m
[  15% ] [90m[1msavepack[22m | Storing File: res://assets/ext/audio/sfx/horse/saddle_creak_4.wav.import[39m[0m
[  15% ] [90m[1msavepack[22m | Storing File: res://.godot/imported/saddle_creak_5.wav-96af1f71d4d87d0e163a3bb38805d480.sample[39m[0m
[  15% ] [90m[1msavepack[22m | Storing File: res://assets/ext/audio/sfx/horse/saddle_creak_5.wav.import[39m[0m
[  15% ] [90m[1msavepack[22m | Storing File: res://.godot/imported/saddle_creak_6.wav-4ab54e1d3baf22bd96805450c05a76b2.sample[39m[0m
[  15% ] [90m[1msavepack[22m | Storing File: res://assets/ext/audio/sfx/horse/saddle_creak_6.wav.import[39m[0m
[  15% ] [90m[1msavepack[22m | Storing File: res://.godot/imported/saddle_creak_7.wav-0ef731b90167cc4d351010b8cb3ea78e.sample[39m[0m
[  15% ] [90m[1msavepack[22m | Storing File: res://assets/ext/audio/sfx/horse/saddle_creak_7.wav.import[39m[0m
[  15% ] [90m[1msavepack[22m | Storing File: res://.godot/imported/saddle_creak_8.wav-e6a3ecb620f73188aeea2fb9be47f17e.sample[39m[0m
[  15% ] [90m[1msavepack[22m | Storing File: res://assets/ext/audio/sfx/horse/saddle_creak_8.wav.import[39m[0m
[  15% ] [90m[1msavepack[22m | Storing File: res://.godot/imported/body_fall_1.wav-ca712041415c371e4b20bc922f855ced.sample[39m[0m
[  15% ] [90m[1msavepack[22m | Storing File: res://assets/ext/audio/sfx/impacts/body_fall_1.wav.import[39m[0m
[  15% ] [90m[1msavepack[22m | Storing File: res://.godot/imported/body_fall_2.wav-28795222371f4d7f24aecadc8995e2a6.sample[39m[0m
[  15% ] [90m[1msavepack[22m | Storing File: res://assets/ext/audio/sfx/impacts/body_fall_2.wav.import[39m[0m
[  15% ] [90m[1msavepack[22m | Storing File: res://.godot/imported/body_fall_3.wav-b5f0f54993228cd49bda49e0f34bfc1e.sample[39m[0m
[  15% ] [90m[1msavepack[22m | Storing File: res://assets/ext/audio/sfx/impacts/body_fall_3.wav.import[39m[0m
[  15% ] [90m[1msavepack[22m | Storing File: res://.godot/imported/body_fall_4.wav-a5840f4d160a834533c6c36e66c78f33.sample[39m[0m
[  15% ] [90m[1msavepack[22m | Storing File: res://assets/ext/audio/sfx/impacts/body_fall_4.wav.import[39m[0m
[  15% ] [90m[1msavepack[22m | Storing File: res://.godot/imported/bullet_dirt_1.wav-75b518421790cd44aceee7053cfb1c13.sample[39m[0m
[  15% ] [90m[1msavepack[22m | Storing File: res://assets/ext/audio/sfx/impacts/bullet_dirt_1.wav.import[39m[0m
[  15% ] [90m[1msavepack[22m | Storing File: res://.godot/imported/bullet_dirt_2.wav-18cd7d4b5bdf7b9492b888bbf4afc89f.sample[39m[0m
[  15% ] [90m[1msavepack[22m | Storing File: res://assets/ext/audio/sfx/impacts/bullet_dirt_2.wav.import[39m[0m
[  15% ] [90m[1msavepack[22m | Storing File: res://.godot/imported/bullet_dirt_3.wav-4c594913f2d5aa6dc0f4a8ee2d2d9a27.sample[39m[0m
[  15% ] [90m[1msavepack[22m | Storing File: res://assets/ext/audio/sfx/impacts/bullet_dirt_3.wav.import[39m[0m
[  15% ] [90m[1msavepack[22m | Storing File: res://.godot/imported/bullet_dirt_4.wav-a8624f543e53d4ddf6eacb4730a4288a.sample[39m[0m
[  15% ] [90m[1msavepack[22m | Storing File: res://assets/ext/audio/sfx/impacts/bullet_dirt_4.wav.import[39m[0m
[  15% ] [90m[1msavepack[22m | Storing File: res://.godot/imported/bullet_dirt_5.wav-3aa003c1e8a6c1a84adcd9b16cc0058a.sample[39m[0m
[  15% ] [90m[1msavepack[22m | Storing File: res://assets/ext/audio/sfx/impacts/bullet_dirt_5.wav.import[39m[0m
[  15% ] [90m[1msavepack[22m | Storing File: res://.godot/imported/bullet_dirt_6.wav-7a0d90f68d8ceee368e2572b807e5af9.sample[39m[0m
[  15% ] [90m[1msavepack[22m | Storing File: res://assets/ext/audio/sfx/impacts/bullet_dirt_6.wav.import[39m[0m
[  15% ] [90m[1msavepack[22m | Storing File: res://.godot/imported/bullet_flesh_1.wav-e6c8c3e23b6987620bab51e7e644c7e1.sample[39m[0m
[  15% ] [90m[1msavepack[22m | Storing File: res://assets/ext/audio/sfx/impacts/bullet_flesh_1.wav.import[39m[0m
[  15% ] [90m[1msavepack[22m | Storing File: res://.godot/imported/bullet_flesh_2.wav-a38db2fe292107eeb726380dc5ed965a.sample[39m[0m
[  15% ] [90m[1msavepack[22m | Storing File: res://assets/ext/audio/sfx/impacts/bullet_flesh_2.wav.import[39m[0m
[  15% ] [90m[1msavepack[22m | Storing File: res://.godot/imported/bullet_flesh_3.wav-96bf013661525c062e89d9ed701ef357.sample[39m[0m
[  15% ] [90m[1msavepack[22m | Storing File: res://assets/ext/audio/sfx/impacts/bullet_flesh_3.wav.import[39m[0m
[  15% ] [90m[1msavepack[22m | Storing File: res://.godot/imported/bullet_flesh_4.wav-ee599b348d85923e7d4314c05d8d1c49.sample[39m[0m
[  15% ] [90m[1msavepack[22m | Storing File: res://assets/ext/audio/sfx/impacts/bullet_flesh_4.wav.import[39m[0m
[  15% ] [90m[1msavepack[22m | Storing File: res://.godot/imported/bullet_flesh_5.wav-ecc78e585c2c9e6d309dbf9b60861a09.sample[39m[0m
[  15% ] [90m[1msavepack[22m | Storing File: res://assets/ext/audio/sfx/impacts/bullet_flesh_5.wav.import[39m[0m
[  15% ] [90m[1msavepack[22m | Storing File: res://.godot/imported/bullet_flesh_6.wav-7ac6eb1eb7c529b80e9a528055e5ad0d.sample[39m[0m
[  15% ] [90m[1msavepack[22m | Storing File: res://assets/ext/audio/sfx/impacts/bullet_flesh_6.wav.import[39m[0m
[  15% ] [90m[1msavepack[22m | Storing File: res://.godot/imported/bullet_metal_1.wav-6f829413e76dd965b62912cb62156dfb.sample[39m[0m
[  15% ] [90m[1msavepack[22m | Storing File: res://assets/ext/audio/sfx/impacts/bullet_metal_1.wav.import[39m[0m
[  15% ] [90m[1msavepack[22m | Storing File: res://.godot/imported/bullet_metal_2.wav-5022ff0a74230f7b0348d4c08e0eafe7.sample[39m[0m
[  15% ] [90m[1msavepack[22m | Storing File: res://assets/ext/audio/sfx/impacts/bullet_metal_2.wav.import[39m[0m
[  15% ] [90m[1msavepack[22m | Storing File: res://.godot/imported/bullet_metal_3.wav-0e32a5888be0dc8210387e9f54884cb3.sample[39m[0m
[  15% ] [90m[1msavepack[22m | Storing File: res://assets/ext/audio/sfx/impacts/bullet_metal_3.wav.import[39m[0m
[  15% ] [90m[1msavepack[22m | Storing File: res://.godot/imported/bullet_metal_4.wav-1875cf4f86be8978ae5df6e20ad95d07.sample[39m[0m
[  15% ] [90m[1msavepack[22m | Storing File: res://assets/ext/audio/sfx/impacts/bullet_metal_4.wav.import[39m[0m
[  15% ] [90m[1msavepack[22m | Storing File: res://.godot/imported/bullet_metal_5.wav-56809e964396b8b2c1c47e8832a7ddce.sample[39m[0m
[  15% ] [90m[1msavepack[22m | Storing File: res://assets/ext/audio/sfx/impacts/bullet_metal_5.wav.import[39m[0m
[  15% ] [90m[1msavepack[22m | Storing File: res://.godot/imported/bullet_metal_6.wav-9309585b5cdc052b01749f160f6fc3b8.sample[39m[0m
[  15% ] [90m[1msavepack[22m | Storing File: res://assets/ext/audio/sfx/impacts/bullet_metal_6.wav.import[39m[0m
[  15% ] [90m[1msavepack[22m | Storing File: res://.godot/imported/bullet_stone_1.wav-7458c99e7e8162d9cdb76a8033166838.sample[39m[0m
[  15% ] [90m[1msavepack[22m | Storing File: res://assets/ext/audio/sfx/impacts/bullet_stone_1.wav.import[39m[0m
[  15% ] [90m[1msavepack[22m | Storing File: res://.godot/imported/bullet_stone_2.wav-7e67b0f28297e2e665876a0bdead08c1.sample[39m[0m
[  15% ] [90m[1msavepack[22m | Storing File: res://assets/ext/audio/sfx/impacts/bullet_stone_2.wav.import[39m[0m
[  15% ] [90m[1msavepack[22m | Storing File: res://.godot/imported/bullet_stone_3.wav-caac5b5233257e09012bdc76de82ca86.sample[39m[0m
[  15% ] [90m[1msavepack[22m | Storing File: res://assets/ext/audio/sfx/impacts/bullet_stone_3.wav.import[39m[0m
[  16% ] [90m[1msavepack[22m | Storing File: res://.godot/imported/bullet_stone_4.wav-2de607cb58add87254a2f8e8b319635b.sample[39m[0m
[  16% ] [90m[1msavepack[22m | Storing File: res://assets/ext/audio/sfx/impacts/bullet_stone_4.wav.import[39m[0m
[  16% ] [90m[1msavepack[22m | Storing File: res://.godot/imported/bullet_stone_5.wav-44bade7519ca95809fb67c17a5c786dd.sample[39m[0m
[  16% ] [90m[1msavepack[22m | Storing File: res://assets/ext/audio/sfx/impacts/bullet_stone_5.wav.import[39m[0m
[  16% ] [90m[1msavepack[22m | Storing File: res://.godot/imported/bullet_stone_6.wav-f0991dc7c608fb6781d217014b4bb8bd.sample[39m[0m
[  16% ] [90m[1msavepack[22m | Storing File: res://assets/ext/audio/sfx/impacts/bullet_stone_6.wav.import[39m[0m
[  16% ] [90m[1msavepack[22m | Storing File: res://.godot/imported/bullet_water_1.wav-804c73279acd15b6f7411743ce099568.sample[39m[0m
[  16% ] [90m[1msavepack[22m | Storing File: res://assets/ext/audio/sfx/impacts/bullet_water_1.wav.import[39m[0m
[  16% ] [90m[1msavepack[22m | Storing File: res://.godot/imported/bullet_water_2.wav-ebbb41da22be66c14b89194ddbd660a6.sample[39m[0m
[  16% ] [90m[1msavepack[22m | Storing File: res://assets/ext/audio/sfx/impacts/bullet_water_2.wav.import[39m[0m
[  16% ] [90m[1msavepack[22m | Storing File: res://.godot/imported/bullet_water_3.wav-acdaa434e6b69a2f9dc652dff1c9db2a.sample[39m[0m
[  16% ] [90m[1msavepack[22m | Storing File: res://assets/ext/audio/sfx/impacts/bullet_water_3.wav.import[39m[0m
[  16% ] [90m[1msavepack[22m | Storing File: res://.godot/imported/bullet_water_4.wav-592e3f53a28ea3cfdc71f058b0c27139.sample[39m[0m
[  16% ] [90m[1msavepack[22m | Storing File: res://assets/ext/audio/sfx/impacts/bullet_water_4.wav.import[39m[0m
[  16% ] [90m[1msavepack[22m | Storing File: res://.godot/imported/bullet_water_5.wav-586228dca6393aae8a9e25990408721e.sample[39m[0m
[  16% ] [90m[1msavepack[22m | Storing File: res://assets/ext/audio/sfx/impacts/bullet_water_5.wav.import[39m[0m
[  16% ] [90m[1msavepack[22m | Storing File: res://.godot/imported/bullet_wood_1.wav-c5485989fbe4697c819e25cf9932330b.sample[39m[0m
[  16% ] [90m[1msavepack[22m | Storing File: res://assets/ext/audio/sfx/impacts/bullet_wood_1.wav.import[39m[0m
[  16% ] [90m[1msavepack[22m | Storing File: res://.godot/imported/bullet_wood_2.wav-57ef1acca8fefdfdf5dcbc88b3833283.sample[39m[0m
[  16% ] [90m[1msavepack[22m | Storing File: res://assets/ext/audio/sfx/impacts/bullet_wood_2.wav.import[39m[0m
[  16% ] [90m[1msavepack[22m | Storing File: res://.godot/imported/bullet_wood_3.wav-9787bee2e9463008860a723a49750653.sample[39m[0m
[  16% ] [90m[1msavepack[22m | Storing File: res://assets/ext/audio/sfx/impacts/bullet_wood_3.wav.import[39m[0m
[  16% ] [90m[1msavepack[22m | Storing File: res://.godot/imported/bullet_wood_4.wav-48916cf6e90624b1a03229e37114158a.sample[39m[0m
[  16% ] [90m[1msavepack[22m | Storing File: res://assets/ext/audio/sfx/impacts/bullet_wood_4.wav.import[39m[0m
[  16% ] [90m[1msavepack[22m | Storing File: res://.godot/imported/bullet_wood_5.wav-e61f34b85f91f965b9d2249ed26f3adf.sample[39m[0m
[  16% ] [90m[1msavepack[22m | Storing File: res://assets/ext/audio/sfx/impacts/bullet_wood_5.wav.import[39m[0m
[  16% ] [90m[1msavepack[22m | Storing File: res://.godot/imported/bullet_wood_6.wav-82dc6ff135c925ea4e369b820d1af6a8.sample[39m[0m
[  16% ] [90m[1msavepack[22m | Storing File: res://assets/ext/audio/sfx/impacts/bullet_wood_6.wav.import[39m[0m
[  16% ] [90m[1msavepack[22m | Storing File: res://.godot/imported/crack_by_1.wav-df89459b8750353e7cc01b6f43203974.sample[39m[0m
[  16% ] [90m[1msavepack[22m | Storing File: res://assets/ext/audio/sfx/impacts/crack_by_1.wav.import[39m[0m
[  16% ] [90m[1msavepack[22m | Storing File: res://.godot/imported/crack_by_2.wav-07207ddc6ac855296fa305a0f95113b3.sample[39m[0m
[  16% ] [90m[1msavepack[22m | Storing File: res://assets/ext/audio/sfx/impacts/crack_by_2.wav.import[39m[0m
[  16% ] [90m[1msavepack[22m | Storing File: res://.godot/imported/crack_by_3.wav-1f66dd330ec2630f911f81a35f312662.sample[39m[0m
[  16% ] [90m[1msavepack[22m | Storing File: res://assets/ext/audio/sfx/impacts/crack_by_3.wav.import[39m[0m
[  16% ] [90m[1msavepack[22m | Storing File: res://.godot/imported/crack_by_4.wav-851e96c75a51f5e436921f08e34021ff.sample[39m[0m
[  16% ] [90m[1msavepack[22m | Storing File: res://assets/ext/audio/sfx/impacts/crack_by_4.wav.import[39m[0m
[  16% ] [90m[1msavepack[22m | Storing File: res://.godot/imported/crack_by_5.wav-96c7f3284f0d503fcc05cc01c02eb490.sample[39m[0m
[  16% ] [90m[1msavepack[22m | Storing File: res://assets/ext/audio/sfx/impacts/crack_by_5.wav.import[39m[0m
[  16% ] [90m[1msavepack[22m | Storing File: res://.godot/imported/crack_by_6.wav-f5723606dc32cbd746e84d98313fd02a.sample[39m[0m
[  16% ] [90m[1msavepack[22m | Storing File: res://assets/ext/audio/sfx/impacts/crack_by_6.wav.import[39m[0m
[  16% ] [90m[1msavepack[22m | Storing File: res://.godot/imported/punch_1.wav-5f74f2eca327ef381ca1f3fc01b31660.sample[39m[0m
[  16% ] [90m[1msavepack[22m | Storing File: res://assets/ext/audio/sfx/impacts/punch_1.wav.import[39m[0m
[  16% ] [90m[1msavepack[22m | Storing File: res://.godot/imported/punch_2.wav-aff53defe74d67f530a946730e21c610.sample[39m[0m
[  16% ] [90m[1msavepack[22m | Storing File: res://assets/ext/audio/sfx/impacts/punch_2.wav.import[39m[0m
[  16% ] [90m[1msavepack[22m | Storing File: res://.godot/imported/punch_3.wav-2733109debda253f6915588ece6c69b8.sample[39m[0m
[  16% ] [90m[1msavepack[22m | Storing File: res://assets/ext/audio/sfx/impacts/punch_3.wav.import[39m[0m
[  16% ] [90m[1msavepack[22m | Storing File: res://.godot/imported/punch_4.wav-3425e43e9d3c43ee30ba9958ba3c6d5d.sample[39m[0m
[  16% ] [90m[1msavepack[22m | Storing File: res://assets/ext/audio/sfx/impacts/punch_4.wav.import[39m[0m
[  16% ] [90m[1msavepack[22m | Storing File: res://.godot/imported/punch_5.wav-b7c1334f5d5a3b57db183e62db4f7252.sample[39m[0m
[  16% ] [90m[1msavepack[22m | Storing File: res://assets/ext/audio/sfx/impacts/punch_5.wav.import[39m[0m
[  16% ] [90m[1msavepack[22m | Storing File: res://.godot/imported/punch_6.wav-c60336a15ed149b7daf56f1650bd4ec4.sample[39m[0m
[  16% ] [90m[1msavepack[22m | Storing File: res://assets/ext/audio/sfx/impacts/punch_6.wav.import[39m[0m
[  16% ] [90m[1msavepack[22m | Storing File: res://.godot/imported/ricochet_1.wav-418f9aa1190a3e5a92273694eb7216d6.sample[39m[0m
[  16% ] [90m[1msavepack[22m | Storing File: res://assets/ext/audio/sfx/impacts/ricochet_1.wav.import[39m[0m
[  16% ] [90m[1msavepack[22m | Storing File: res://.godot/imported/ricochet_2.wav-6ae6008e4fe0ebc95e4efd9a4ab683c2.sample[39m[0m
[  16% ] [90m[1msavepack[22m | Storing File: res://assets/ext/audio/sfx/impacts/ricochet_2.wav.import[39m[0m
[  16% ] [90m[1msavepack[22m | Storing File: res://.godot/imported/ricochet_3.wav-ea1a6b0dc9279ea234016415806af76d.sample[39m[0m
[  16% ] [90m[1msavepack[22m | Storing File: res://assets/ext/audio/sfx/impacts/ricochet_3.wav.import[39m[0m
[  16% ] [90m[1msavepack[22m | Storing File: res://.godot/imported/ricochet_4.wav-c2ba82ba7b2d811abf2a955283faf630.sample[39m[0m
[  16% ] [90m[1msavepack[22m | Storing File: res://assets/ext/audio/sfx/impacts/ricochet_4.wav.import[39m[0m
[  16% ] [90m[1msavepack[22m | Storing File: res://.godot/imported/ricochet_5.wav-95e777a9fb82c9e1dc983a8ba2fab24d.sample[39m[0m
[  16% ] [90m[1msavepack[22m | Storing File: res://assets/ext/audio/sfx/impacts/ricochet_5.wav.import[39m[0m
[  16% ] [90m[1msavepack[22m | Storing File: res://.godot/imported/ricochet_6.wav-4342756aa51108479ce2ea375a8f2360.sample[39m[0m
[  16% ] [90m[1msavepack[22m | Storing File: res://assets/ext/audio/sfx/impacts/ricochet_6.wav.import[39m[0m
[  16% ] [90m[1msavepack[22m | Storing File: res://.godot/imported/ricochet_7.wav-fb765e473fd0078a032c49b087386afd.sample[39m[0m
[  16% ] [90m[1msavepack[22m | Storing File: res://assets/ext/audio/sfx/impacts/ricochet_7.wav.import[39m[0m
[  16% ] [90m[1msavepack[22m | Storing File: res://.godot/imported/ricochet_8.wav-b5e997ecc430288ef3952960b066c4ad.sample[39m[0m
[  16% ] [90m[1msavepack[22m | Storing File: res://assets/ext/audio/sfx/impacts/ricochet_8.wav.import[39m[0m
[  16% ] [90m[1msavepack[22m | Storing File: res://.godot/imported/whizz_1.wav-9f16c3feb0d370c4f9f57f83eb93276a.sample[39m[0m
[  16% ] [90m[1msavepack[22m | Storing File: res://assets/ext/audio/sfx/impacts/whizz_1.wav.import[39m[0m
[  17% ] [90m[1msavepack[22m | Storing File: res://.godot/imported/whizz_2.wav-0f198efcbe7d2f24a033ce2076e09b16.sample[39m[0m
[  17% ] [90m[1msavepack[22m | Storing File: res://assets/ext/audio/sfx/impacts/whizz_2.wav.import[39m[0m
[  17% ] [90m[1msavepack[22m | Storing File: res://.godot/imported/whizz_3.wav-afa1359f9a2dbddc7245582385c592de.sample[39m[0m
[  17% ] [90m[1msavepack[22m | Storing File: res://assets/ext/audio/sfx/impacts/whizz_3.wav.import[39m[0m
[  17% ] [90m[1msavepack[22m | Storing File: res://.godot/imported/whizz_4.wav-bbc7b51d1e9bbdeb054aacf55c4550d0.sample[39m[0m
[  17% ] [90m[1msavepack[22m | Storing File: res://assets/ext/audio/sfx/impacts/whizz_4.wav.import[39m[0m
[  17% ] [90m[1msavepack[22m | Storing File: res://.godot/imported/whizz_5.wav-bbfa392985621985f4291974056faf11.sample[39m[0m
[  17% ] [90m[1msavepack[22m | Storing File: res://assets/ext/audio/sfx/impacts/whizz_5.wav.import[39m[0m
[  17% ] [90m[1msavepack[22m | Storing File: res://.godot/imported/whizz_6.wav-dd83f17d0889a5b0a2f5eec54b61ae78.sample[39m[0m
[  17% ] [90m[1msavepack[22m | Storing File: res://assets/ext/audio/sfx/impacts/whizz_6.wav.import[39m[0m
[  17% ] [90m[1msavepack[22m | Storing File: res://.godot/imported/whizz_7.wav-0118cfe9f69a146917001a8822c1f13a.sample[39m[0m
[  17% ] [90m[1msavepack[22m | Storing File: res://assets/ext/audio/sfx/impacts/whizz_7.wav.import[39m[0m
[  17% ] [90m[1msavepack[22m | Storing File: res://.godot/imported/whizz_8.wav-5561376b52bbbb9de2ad33c40b46021a.sample[39m[0m
[  17% ] [90m[1msavepack[22m | Storing File: res://assets/ext/audio/sfx/impacts/whizz_8.wav.import[39m[0m
[  17% ] [90m[1msavepack[22m | Storing File: res://.godot/imported/rec_cattle_moo_1.wav-c9f79247f0157bca47fb5c50279d9df0.sample[39m[0m
[  17% ] [90m[1msavepack[22m | Storing File: res://assets/ext/audio/sfx/rec/rec_cattle_moo_1.wav.import[39m[0m
[  17% ] [90m[1msavepack[22m | Storing File: res://.godot/imported/rec_cattle_moo_2.wav-cfb3e239cecccc8b2b881ac1bd4e0afb.sample[39m[0m
[  17% ] [90m[1msavepack[22m | Storing File: res://assets/ext/audio/sfx/rec/rec_cattle_moo_2.wav.import[39m[0m
[  17% ] [90m[1msavepack[22m | Storing File: res://.godot/imported/rec_cattle_moo_3.wav-c15bd74ebc563f5a54bf2831cb32d063.sample[39m[0m
[  17% ] [90m[1msavepack[22m | Storing File: res://assets/ext/audio/sfx/rec/rec_cattle_moo_3.wav.import[39m[0m
[  17% ] [90m[1msavepack[22m | Storing File: res://.godot/imported/rec_cattle_moo_4.wav-d651359abba0bb8a7f1c913acd5c5075.sample[39m[0m
[  17% ] [90m[1msavepack[22m | Storing File: res://assets/ext/audio/sfx/rec/rec_cattle_moo_4.wav.import[39m[0m
[  17% ] [90m[1msavepack[22m | Storing File: res://.godot/imported/rec_cattle_moo_5.wav-f783087ff53fa00f4af39f26f3c83820.sample[39m[0m
[  17% ] [90m[1msavepack[22m | Storing File: res://assets/ext/audio/sfx/rec/rec_cattle_moo_5.wav.import[39m[0m
[  17% ] [90m[1msavepack[22m | Storing File: res://.godot/imported/rec_coyote_1.wav-a51bfce2a9519a33a3842bfa7f7832d9.sample[39m[0m
[  17% ] [90m[1msavepack[22m | Storing File: res://assets/ext/audio/sfx/rec/rec_coyote_1.wav.import[39m[0m
[  17% ] [90m[1msavepack[22m | Storing File: res://.godot/imported/rec_coyote_2.wav-a05372266180839c6bfd88ab19db9ac4.sample[39m[0m
[  17% ] [90m[1msavepack[22m | Storing File: res://assets/ext/audio/sfx/rec/rec_coyote_2.wav.import[39m[0m
[  17% ] [90m[1msavepack[22m | Storing File: res://.godot/imported/rec_coyote_3.wav-e09a3432e4a69f25a06feacb9ea29c36.sample[39m[0m
[  17% ] [90m[1msavepack[22m | Storing File: res://assets/ext/audio/sfx/rec/rec_coyote_3.wav.import[39m[0m
[  17% ] [90m[1msavepack[22m | Storing File: res://.godot/imported/rec_coyote_4.wav-f421e178097a29a5e2f03a372b1d1266.sample[39m[0m
[  17% ] [90m[1msavepack[22m | Storing File: res://assets/ext/audio/sfx/rec/rec_coyote_4.wav.import[39m[0m
[  17% ] [90m[1msavepack[22m | Storing File: res://.godot/imported/rec_crowd_indoor_1.ogg-087661481537d63279977906f5396283.oggvorbisstr[39m[0m
[  17% ] [90m[1msavepack[22m | Storing File: res://assets/ext/audio/sfx/rec/rec_crowd_indoor_1.ogg.import[39m[0m
[  17% ] [90m[1msavepack[22m | Storing File: res://.godot/imported/rec_crowd_indoor_2.ogg-be4c622f718b3b350ad714408251f7a3.oggvorbisstr[39m[0m
[  17% ] [90m[1msavepack[22m | Storing File: res://assets/ext/audio/sfx/rec/rec_crowd_indoor_2.ogg.import[39m[0m
[  17% ] [90m[1msavepack[22m | Storing File: res://.godot/imported/rec_crowd_outdoor_1.ogg-0107e3ffe38e7dc1631b4beaaf57d447.oggvorbisstr[39m[0m
[  17% ] [90m[1msavepack[22m | Storing File: res://assets/ext/audio/sfx/rec/rec_crowd_outdoor_1.ogg.import[39m[0m
[  17% ] [90m[1msavepack[22m | Storing File: res://.godot/imported/rec_crowd_outdoor_2.ogg-15379c8e34505cb172932cea8fcdd8c5.oggvorbisstr[39m[0m
[  17% ] [90m[1msavepack[22m | Storing File: res://assets/ext/audio/sfx/rec/rec_crowd_outdoor_2.ogg.import[39m[0m
[  17% ] [90m[1msavepack[22m | Storing File: res://.godot/imported/rec_dog_bark_1.wav-1c0c4fc556636d87b88d214ce162c985.sample[39m[0m
[  17% ] [90m[1msavepack[22m | Storing File: res://assets/ext/audio/sfx/rec/rec_dog_bark_1.wav.import[39m[0m
[  17% ] [90m[1msavepack[22m | Storing File: res://.godot/imported/rec_dog_bark_2.wav-b55b7a079dc3428c5bbc92408c1be415.sample[39m[0m
[  17% ] [90m[1msavepack[22m | Storing File: res://assets/ext/audio/sfx/rec/rec_dog_bark_2.wav.import[39m[0m
[  17% ] [90m[1msavepack[22m | Storing File: res://.godot/imported/rec_dog_bark_3.wav-cd6d3f095665c0319ab8967d0830c4d1.sample[39m[0m
[  17% ] [90m[1msavepack[22m | Storing File: res://assets/ext/audio/sfx/rec/rec_dog_bark_3.wav.import[39m[0m
[  17% ] [90m[1msavepack[22m | Storing File: res://.godot/imported/rec_dog_bark_4.wav-41dec83e282ebf9858e2ef194a334ccf.sample[39m[0m
[  17% ] [90m[1msavepack[22m | Storing File: res://assets/ext/audio/sfx/rec/rec_dog_bark_4.wav.import[39m[0m
[  17% ] [90m[1msavepack[22m | Storing File: res://.godot/imported/rec_dog_bark_5.wav-3f6fb44e6ac9c18e4b98fb07aba40965.sample[39m[0m
[  17% ] [90m[1msavepack[22m | Storing File: res://assets/ext/audio/sfx/rec/rec_dog_bark_5.wav.import[39m[0m
[  17% ] [90m[1msavepack[22m | Storing File: res://.godot/imported/rec_dog_bark_6.wav-6c40c6b736d31e4ab30a504a969f96e5.sample[39m[0m
[  17% ] [90m[1msavepack[22m | Storing File: res://assets/ext/audio/sfx/rec/rec_dog_bark_6.wav.import[39m[0m
[  17% ] [90m[1msavepack[22m | Storing File: res://.godot/imported/rec_dog_bark_7.wav-6b657f7cb1cbe06492a6ef7f3c3ae8e7.sample[39m[0m
[  17% ] [90m[1msavepack[22m | Storing File: res://assets/ext/audio/sfx/rec/rec_dog_bark_7.wav.import[39m[0m
[  17% ] [90m[1msavepack[22m | Storing File: res://.godot/imported/rec_dog_bark_8.wav-7bff481cb2a93f5d60ffd7897f0c577a.sample[39m[0m
[  17% ] [90m[1msavepack[22m | Storing File: res://assets/ext/audio/sfx/rec/rec_dog_bark_8.wav.import[39m[0m
[  17% ] [90m[1msavepack[22m | Storing File: res://.godot/imported/rec_dog_bark_9.wav-bee1017441691f0ba66d451c66609ecb.sample[39m[0m
[  17% ] [90m[1msavepack[22m | Storing File: res://assets/ext/audio/sfx/rec/rec_dog_bark_9.wav.import[39m[0m
[  17% ] [90m[1msavepack[22m | Storing File: res://.godot/imported/rec_dog_bark_10.wav-c3d557b60f31790045df01f8ed74a0f7.sample[39m[0m
[  17% ] [90m[1msavepack[22m | Storing File: res://assets/ext/audio/sfx/rec/rec_dog_bark_10.wav.import[39m[0m
[  17% ] [90m[1msavepack[22m | Storing File: res://.godot/imported/rec_dog_bark_11.wav-60ada1ae4f02289da66dd329bc4d6cb3.sample[39m[0m
[  17% ] [90m[1msavepack[22m | Storing File: res://assets/ext/audio/sfx/rec/rec_dog_bark_11.wav.import[39m[0m
[  17% ] [90m[1msavepack[22m | Storing File: res://.godot/imported/rec_dog_bark_12.wav-d58b122f0b778185794cc7de26f3fad0.sample[39m[0m
[  17% ] [90m[1msavepack[22m | Storing File: res://assets/ext/audio/sfx/rec/rec_dog_bark_12.wav.import[39m[0m
[  17% ] [90m[1msavepack[22m | Storing File: res://.godot/imported/rec_dog_bark_13.wav-6e353740be0f664865691dc5aa9208d7.sample[39m[0m
[  17% ] [90m[1msavepack[22m | Storing File: res://assets/ext/audio/sfx/rec/rec_dog_bark_13.wav.import[39m[0m
[  17% ] [90m[1msavepack[22m | Storing File: res://.godot/imported/rec_dog_bark_14.wav-c2bb7e504e1f211557176b64670ada4e.sample[39m[0m
[  17% ] [90m[1msavepack[22m | Storing File: res://assets/ext/audio/sfx/rec/rec_dog_bark_14.wav.import[39m[0m
[  17% ] [90m[1msavepack[22m | Storing File: res://.godot/imported/rec_dog_bark_15.wav-7cbea171eb57896140215c0d87b0bd45.sample[39m[0m
[  17% ] [90m[1msavepack[22m | Storing File: res://assets/ext/audio/sfx/rec/rec_dog_bark_15.wav.import[39m[0m
[  17% ] [90m[1msavepack[22m | Storing File: res://.godot/imported/rec_dog_bark_16.wav-cd07ec68b3beb183af6a31f3f48947fe.sample[39m[0m
[  17% ] [90m[1msavepack[22m | Storing File: res://assets/ext/audio/sfx/rec/rec_dog_bark_16.wav.import[39m[0m
[  18% ] [90m[1msavepack[22m | Storing File: res://.godot/imported/rec_horse_snort_1.ogg-4c10f173318873933f64ea654f835d75.oggvorbisstr[39m[0m
[  18% ] [90m[1msavepack[22m | Storing File: res://assets/ext/audio/sfx/rec/rec_horse_snort_1.ogg.import[39m[0m
[  18% ] [90m[1msavepack[22m | Storing File: res://.godot/imported/rec_horse_snort_2.wav-70a8eaa06076e8e2dd16927c3e952874.sample[39m[0m
[  18% ] [90m[1msavepack[22m | Storing File: res://assets/ext/audio/sfx/rec/rec_horse_snort_2.wav.import[39m[0m
[  18% ] [90m[1msavepack[22m | Storing File: res://.godot/imported/rec_horse_snort_3.wav-c68bf44aa73e32a790cac38c02cd09ed.sample[39m[0m
[  18% ] [90m[1msavepack[22m | Storing File: res://assets/ext/audio/sfx/rec/rec_horse_snort_3.wav.import[39m[0m
[  18% ] [90m[1msavepack[22m | Storing File: res://.godot/imported/rec_horse_snort_4.wav-668dda1a756760527ec4933b9bf9a0ad.sample[39m[0m
[  18% ] [90m[1msavepack[22m | Storing File: res://assets/ext/audio/sfx/rec/rec_horse_snort_4.wav.import[39m[0m
[  18% ] [90m[1msavepack[22m | Storing File: res://.godot/imported/rec_horse_snort_5.wav-8ea70d633e493a68c9e5dc055ee05648.sample[39m[0m
[  18% ] [90m[1msavepack[22m | Storing File: res://assets/ext/audio/sfx/rec/rec_horse_snort_5.wav.import[39m[0m
[  18% ] [90m[1msavepack[22m | Storing File: res://.godot/imported/rec_horse_snort_6.wav-b1bc57898b6b70d9d7d387f7fa7f6419.sample[39m[0m
[  18% ] [90m[1msavepack[22m | Storing File: res://assets/ext/audio/sfx/rec/rec_horse_snort_6.wav.import[39m[0m
[  18% ] [90m[1msavepack[22m | Storing File: res://.godot/imported/rec_horse_snort_7.wav-3a067288e5eb0c2b4d14e20ff87d4f23.sample[39m[0m
[  18% ] [90m[1msavepack[22m | Storing File: res://assets/ext/audio/sfx/rec/rec_horse_snort_7.wav.import[39m[0m
[  18% ] [90m[1msavepack[22m | Storing File: res://.godot/imported/rec_horse_snort_8.wav-d183f4d0d623418a44c53e80947072c8.sample[39m[0m
[  18% ] [90m[1msavepack[22m | Storing File: res://assets/ext/audio/sfx/rec/rec_horse_snort_8.wav.import[39m[0m
[  18% ] [90m[1msavepack[22m | Storing File: res://.godot/imported/rec_horse_whinny_1.wav-266eaee311036ec41e0c93f900cf24c8.sample[39m[0m
[  18% ] [90m[1msavepack[22m | Storing File: res://assets/ext/audio/sfx/rec/rec_horse_whinny_1.wav.import[39m[0m
[  18% ] [90m[1msavepack[22m | Storing File: res://.godot/imported/rec_horse_whinny_2.wav-f64263a8ac21690c10be8f0799b412dd.sample[39m[0m
[  18% ] [90m[1msavepack[22m | Storing File: res://assets/ext/audio/sfx/rec/rec_horse_whinny_2.wav.import[39m[0m
[  18% ] [90m[1msavepack[22m | Storing File: res://.godot/imported/rec_horse_whinny_3.wav-93a67ea5e4dc2cf602094da576f7f8dc.sample[39m[0m
[  18% ] [90m[1msavepack[22m | Storing File: res://assets/ext/audio/sfx/rec/rec_horse_whinny_3.wav.import[39m[0m
[  18% ] [90m[1msavepack[22m | Storing File: res://.godot/imported/rec_horse_whinny_4.wav-9912a97604c5bddcaae8e71810d48416.sample[39m[0m
[  18% ] [90m[1msavepack[22m | Storing File: res://assets/ext/audio/sfx/rec/rec_horse_whinny_4.wav.import[39m[0m
[  18% ] [90m[1msavepack[22m | Storing File: res://.godot/imported/rec_horse_whinny_5.wav-eb4ce144da53928fcc12a1c3bffb90de.sample[39m[0m
[  18% ] [90m[1msavepack[22m | Storing File: res://assets/ext/audio/sfx/rec/rec_horse_whinny_5.wav.import[39m[0m
[  18% ] [90m[1msavepack[22m | Storing File: res://.godot/imported/rec_horse_whinny_6.wav-53ea4644e5b5b9767d9bc4908fc7d2e0.sample[39m[0m
[  18% ] [90m[1msavepack[22m | Storing File: res://assets/ext/audio/sfx/rec/rec_horse_whinny_6.wav.import[39m[0m
[  18% ] [90m[1msavepack[22m | Storing File: res://.godot/imported/rec_horse_whinny_7.wav-df38dd313c81e6709d39904c2345ed4c.sample[39m[0m
[  18% ] [90m[1msavepack[22m | Storing File: res://assets/ext/audio/sfx/rec/rec_horse_whinny_7.wav.import[39m[0m
[  18% ] [90m[1msavepack[22m | Storing File: res://.godot/imported/rec_horse_whinny_8.wav-4d68a350c868eecbd86976e63a354361.sample[39m[0m
[  18% ] [90m[1msavepack[22m | Storing File: res://assets/ext/audio/sfx/rec/rec_horse_whinny_8.wav.import[39m[0m
[  18% ] [90m[1msavepack[22m | Storing File: res://.godot/imported/rec_horse_whinny_9.wav-e5c47f9033f493c2b20d39e06d69997e.sample[39m[0m
[  18% ] [90m[1msavepack[22m | Storing File: res://assets/ext/audio/sfx/rec/rec_horse_whinny_9.wav.import[39m[0m
[  18% ] [90m[1msavepack[22m | Storing File: res://.godot/imported/rec_rooster_1.wav-852d83dc7f35d61a7be979a767499348.sample[39m[0m
[  18% ] [90m[1msavepack[22m | Storing File: res://assets/ext/audio/sfx/rec/rec_rooster_1.wav.import[39m[0m
[  18% ] [90m[1msavepack[22m | Storing File: res://.godot/imported/rec_rooster_2.wav-fe7586eb2811734f3cd060dca01c9aae.sample[39m[0m
[  18% ] [90m[1msavepack[22m | Storing File: res://assets/ext/audio/sfx/rec/rec_rooster_2.wav.import[39m[0m
[  18% ] [90m[1msavepack[22m | Storing File: res://.godot/imported/rec_rooster_3.wav-f2fc53e4232f5cce761f537becf34b00.sample[39m[0m
[  18% ] [90m[1msavepack[22m | Storing File: res://assets/ext/audio/sfx/rec/rec_rooster_3.wav.import[39m[0m
[  18% ] [90m[1msavepack[22m | Storing File: res://.godot/imported/rec_rooster_4.wav-4bb994e19f2a90a2e45388b368f67d7c.sample[39m[0m
[  18% ] [90m[1msavepack[22m | Storing File: res://assets/ext/audio/sfx/rec/rec_rooster_4.wav.import[39m[0m
[  18% ] [90m[1msavepack[22m | Storing File: res://.godot/imported/rec_rooster_5.wav-51af56cc63322cc711d6fd68940df50c.sample[39m[0m
[  18% ] [90m[1msavepack[22m | Storing File: res://assets/ext/audio/sfx/rec/rec_rooster_5.wav.import[39m[0m
[  18% ] [90m[1msavepack[22m | Storing File: res://.godot/imported/rec_rooster_6.wav-e80810ecd401b8a8e775697be7566e8b.sample[39m[0m
[  18% ] [90m[1msavepack[22m | Storing File: res://assets/ext/audio/sfx/rec/rec_rooster_6.wav.import[39m[0m
[  18% ] [90m[1msavepack[22m | Storing File: res://.godot/imported/rec_rooster_7.wav-c8f7c1e047f27180ddc5890436a8b855.sample[39m[0m
[  18% ] [90m[1msavepack[22m | Storing File: res://assets/ext/audio/sfx/rec/rec_rooster_7.wav.import[39m[0m
[  18% ] [90m[1msavepack[22m | Storing File: res://.godot/imported/rec_thunder_1.wav-1641417d7ba7dc35e2a51daf9c955c4e.sample[39m[0m
[  18% ] [90m[1msavepack[22m | Storing File: res://assets/ext/audio/sfx/rec/rec_thunder_1.wav.import[39m[0m
[  18% ] [90m[1msavepack[22m | Storing File: res://.godot/imported/rec_thunder_2.wav-9086eee2074f7ef16dbbcf997b0ce1d1.sample[39m[0m
[  18% ] [90m[1msavepack[22m | Storing File: res://assets/ext/audio/sfx/rec/rec_thunder_2.wav.import[39m[0m
[  18% ] [90m[1msavepack[22m | Storing File: res://.godot/imported/rec_thunder_3.wav-bfdd704e77a1ec8cb673b5dc3a0a7728.sample[39m[0m
[  18% ] [90m[1msavepack[22m | Storing File: res://assets/ext/audio/sfx/rec/rec_thunder_3.wav.import[39m[0m
[  18% ] [90m[1msavepack[22m | Storing File: res://.godot/imported/rec_thunder_4.wav-985a009ee3f8bbaadedaa1ce98f1fcdb.sample[39m[0m
[  18% ] [90m[1msavepack[22m | Storing File: res://assets/ext/audio/sfx/rec/rec_thunder_4.wav.import[39m[0m
[  18% ] [90m[1msavepack[22m | Storing File: res://.godot/imported/cloth_rustle_1.wav-b67af99b6e138f052a827256422accb2.sample[39m[0m
[  18% ] [90m[1msavepack[22m | Storing File: res://assets/ext/audio/sfx/steps/cloth_rustle_1.wav.import[39m[0m
[  18% ] [90m[1msavepack[22m | Storing File: res://.godot/imported/cloth_rustle_2.wav-7ff1f3eb5d07c5cc4df79c14c12ebd57.sample[39m[0m
[  18% ] [90m[1msavepack[22m | Storing File: res://assets/ext/audio/sfx/steps/cloth_rustle_2.wav.import[39m[0m
[  18% ] [90m[1msavepack[22m | Storing File: res://.godot/imported/cloth_rustle_3.wav-183c258ee2cda0a89c92afe2a06ad66f.sample[39m[0m
[  18% ] [90m[1msavepack[22m | Storing File: res://assets/ext/audio/sfx/steps/cloth_rustle_3.wav.import[39m[0m
[  18% ] [90m[1msavepack[22m | Storing File: res://.godot/imported/cloth_rustle_4.wav-1600e2e6e562fdd710fe6d1e1665f91a.sample[39m[0m
[  18% ] [90m[1msavepack[22m | Storing File: res://assets/ext/audio/sfx/steps/cloth_rustle_4.wav.import[39m[0m
[  18% ] [90m[1msavepack[22m | Storing File: res://.godot/imported/cloth_rustle_5.wav-6983dca5fde02e3849f82faa69d2b076.sample[39m[0m
[  18% ] [90m[1msavepack[22m | Storing File: res://assets/ext/audio/sfx/steps/cloth_rustle_5.wav.import[39m[0m
[  18% ] [90m[1msavepack[22m | Storing File: res://.godot/imported/cloth_rustle_6.wav-aa52766eba2d030b77a76a11e7538c2d.sample[39m[0m
[  18% ] [90m[1msavepack[22m | Storing File: res://assets/ext/audio/sfx/steps/cloth_rustle_6.wav.import[39m[0m
[  18% ] [90m[1msavepack[22m | Storing File: res://.godot/imported/spur_jingle_1.wav-5c488ecda1ae3f93f5b1c45f0b75e31b.sample[39m[0m
[  18% ] [90m[1msavepack[22m | Storing File: res://assets/ext/audio/sfx/steps/spur_jingle_1.wav.import[39m[0m
[  19% ] [90m[1msavepack[22m | Storing File: res://.godot/imported/spur_jingle_2.wav-51ff69356011da01e4894b22eb57c1f0.sample[39m[0m
[  19% ] [90m[1msavepack[22m | Storing File: res://assets/ext/audio/sfx/steps/spur_jingle_2.wav.import[39m[0m
[  19% ] [90m[1msavepack[22m | Storing File: res://.godot/imported/spur_jingle_3.wav-a7a5d02aa31319f67ef78488eb844ec7.sample[39m[0m
[  19% ] [90m[1msavepack[22m | Storing File: res://assets/ext/audio/sfx/steps/spur_jingle_3.wav.import[39m[0m
[  19% ] [90m[1msavepack[22m | Storing File: res://.godot/imported/spur_jingle_4.wav-398cc2a8530d6b8fa7a376ea629e82ca.sample[39m[0m
[  19% ] [90m[1msavepack[22m | Storing File: res://assets/ext/audio/sfx/steps/spur_jingle_4.wav.import[39m[0m
[  19% ] [90m[1msavepack[22m | Storing File: res://.godot/imported/spur_jingle_5.wav-2ad69b6cf3ee5dbfaf7f198b99057cc0.sample[39m[0m
[  19% ] [90m[1msavepack[22m | Storing File: res://assets/ext/audio/sfx/steps/spur_jingle_5.wav.import[39m[0m
[  19% ] [90m[1msavepack[22m | Storing File: res://.godot/imported/spur_jingle_6.wav-2112656c16a56f691d07a2e741f81563.sample[39m[0m
[  19% ] [90m[1msavepack[22m | Storing File: res://assets/ext/audio/sfx/steps/spur_jingle_6.wav.import[39m[0m
[  19% ] [90m[1msavepack[22m | Storing File: res://.godot/imported/step_dirt_land_1.wav-97d79b3b1f12465b82b721c9f51c3a71.sample[39m[0m
[  19% ] [90m[1msavepack[22m | Storing File: res://assets/ext/audio/sfx/steps/step_dirt_land_1.wav.import[39m[0m
[  19% ] [90m[1msavepack[22m | Storing File: res://.godot/imported/step_dirt_land_2.wav-d250dc7e76b6f9e016721a2de408d509.sample[39m[0m
[  19% ] [90m[1msavepack[22m | Storing File: res://assets/ext/audio/sfx/steps/step_dirt_land_2.wav.import[39m[0m
[  19% ] [90m[1msavepack[22m | Storing File: res://.godot/imported/step_dirt_land_3.wav-77830c0b177aec2dd4ab9642e1d9d58d.sample[39m[0m
[  19% ] [90m[1msavepack[22m | Storing File: res://assets/ext/audio/sfx/steps/step_dirt_land_3.wav.import[39m[0m
[  19% ] [90m[1msavepack[22m | Storing File: res://.godot/imported/step_dirt_run_1.wav-632531a8d17158abe8d9a12da5fb7616.sample[39m[0m
[  19% ] [90m[1msavepack[22m | Storing File: res://assets/ext/audio/sfx/steps/step_dirt_run_1.wav.import[39m[0m
[  19% ] [90m[1msavepack[22m | Storing File: res://.godot/imported/step_dirt_run_2.wav-a45775f72407b26bf91ddb9d12fc3845.sample[39m[0m
[  19% ] [90m[1msavepack[22m | Storing File: res://assets/ext/audio/sfx/steps/step_dirt_run_2.wav.import[39m[0m
[  19% ] [90m[1msavepack[22m | Storing File: res://.godot/imported/step_dirt_run_3.wav-15bcebb27b62d9e327272a4f8d5b7a13.sample[39m[0m
[  19% ] [90m[1msavepack[22m | Storing File: res://assets/ext/audio/sfx/steps/step_dirt_run_3.wav.import[39m[0m
[  19% ] [90m[1msavepack[22m | Storing File: res://.godot/imported/step_dirt_run_4.wav-00a68916d3760f72d17bc3f2ec38e22a.sample[39m[0m
[  19% ] [90m[1msavepack[22m | Storing File: res://assets/ext/audio/sfx/steps/step_dirt_run_4.wav.import[39m[0m
[  19% ] [90m[1msavepack[22m | Storing File: res://.godot/imported/step_dirt_run_5.wav-4de433dffaac46c97c82ec0a3d9df21e.sample[39m[0m
[  19% ] [90m[1msavepack[22m | Storing File: res://assets/ext/audio/sfx/steps/step_dirt_run_5.wav.import[39m[0m
[  19% ] [90m[1msavepack[22m | Storing File: res://.godot/imported/step_dirt_run_6.wav-5af1f57e80300079f990ca81ca60812b.sample[39m[0m
[  19% ] [90m[1msavepack[22m | Storing File: res://assets/ext/audio/sfx/steps/step_dirt_run_6.wav.import[39m[0m
[  19% ] [90m[1msavepack[22m | Storing File: res://.godot/imported/step_dirt_run_7.wav-0f997d9485a9b04a54ae5c270f40bf2e.sample[39m[0m
[  19% ] [90m[1msavepack[22m | Storing File: res://assets/ext/audio/sfx/steps/step_dirt_run_7.wav.import[39m[0m
[  19% ] [90m[1msavepack[22m | Storing File: res://.godot/imported/step_dirt_run_8.wav-306966005e348c3c676e3afbef28e6f6.sample[39m[0m
[  19% ] [90m[1msavepack[22m | Storing File: res://assets/ext/audio/sfx/steps/step_dirt_run_8.wav.import[39m[0m
[  19% ] [90m[1msavepack[22m | Storing File: res://.godot/imported/step_dirt_walk_1.wav-f4009ce079a1fa202f6773376aa7a4ba.sample[39m[0m
[  19% ] [90m[1msavepack[22m | Storing File: res://assets/ext/audio/sfx/steps/step_dirt_walk_1.wav.import[39m[0m
[  19% ] [90m[1msavepack[22m | Storing File: res://.godot/imported/step_dirt_walk_2.wav-a6ba33e733eb438c8ab9e71698080d05.sample[39m[0m
[  19% ] [90m[1msavepack[22m | Storing File: res://assets/ext/audio/sfx/steps/step_dirt_walk_2.wav.import[39m[0m
[  19% ] [90m[1msavepack[22m | Storing File: res://.godot/imported/step_dirt_walk_3.wav-a879b8ca8dbff7f52c5983269a926f49.sample[39m[0m
[  19% ] [90m[1msavepack[22m | Storing File: res://assets/ext/audio/sfx/steps/step_dirt_walk_3.wav.import[39m[0m
[  19% ] [90m[1msavepack[22m | Storing File: res://.godot/imported/step_dirt_walk_4.wav-1156ad46a89cae4ee92aef062d3ca8c7.sample[39m[0m
[  19% ] [90m[1msavepack[22m | Storing File: res://assets/ext/audio/sfx/steps/step_dirt_walk_4.wav.import[39m[0m
[  19% ] [90m[1msavepack[22m | Storing File: res://.godot/imported/step_dirt_walk_5.wav-c6536e5dd39fa0a1a8052eea65a84a27.sample[39m[0m
[  19% ] [90m[1msavepack[22m | Storing File: res://assets/ext/audio/sfx/steps/step_dirt_walk_5.wav.import[39m[0m
[  19% ] [90m[1msavepack[22m | Storing File: res://.godot/imported/step_dirt_walk_6.wav-d1b5ea9d6bb7daac1cd543aeaa5a87ff.sample[39m[0m
[  19% ] [90m[1msavepack[22m | Storing File: res://assets/ext/audio/sfx/steps/step_dirt_walk_6.wav.import[39m[0m
[  19% ] [90m[1msavepack[22m | Storing File: res://.godot/imported/step_dirt_walk_7.wav-9b2246d64e80edc6cedbe0dd6b547de4.sample[39m[0m
[  19% ] [90m[1msavepack[22m | Storing File: res://assets/ext/audio/sfx/steps/step_dirt_walk_7.wav.import[39m[0m
[  19% ] [90m[1msavepack[22m | Storing File: res://.godot/imported/step_dirt_walk_8.wav-4c26f6f43be691a084fd5aa1e3ed0739.sample[39m[0m
[  19% ] [90m[1msavepack[22m | Storing File: res://assets/ext/audio/sfx/steps/step_dirt_walk_8.wav.import[39m[0m
[  19% ] [90m[1msavepack[22m | Storing File: res://.godot/imported/step_grass_land_1.wav-682bf3c70fab27e34c0a2d79784ddb5b.sample[39m[0m
[  19% ] [90m[1msavepack[22m | Storing File: res://assets/ext/audio/sfx/steps/step_grass_land_1.wav.import[39m[0m
[  19% ] [90m[1msavepack[22m | Storing File: res://.godot/imported/step_grass_land_2.wav-d68bffbc6ee7c563f0488c0abd3ca349.sample[39m[0m
[  19% ] [90m[1msavepack[22m | Storing File: res://assets/ext/audio/sfx/steps/step_grass_land_2.wav.import[39m[0m
[  19% ] [90m[1msavepack[22m | Storing File: res://.godot/imported/step_grass_land_3.wav-47b01100ce503b4c5ab3546ea9a97390.sample[39m[0m
[  19% ] [90m[1msavepack[22m | Storing File: res://assets/ext/audio/sfx/steps/step_grass_land_3.wav.import[39m[0m
[  19% ] [90m[1msavepack[22m | Storing File: res://.godot/imported/step_grass_run_1.wav-e8032eba374b52affd9f703112217707.sample[39m[0m
[  19% ] [90m[1msavepack[22m | Storing File: res://assets/ext/audio/sfx/steps/step_grass_run_1.wav.import[39m[0m
[  19% ] [90m[1msavepack[22m | Storing File: res://.godot/imported/step_grass_run_2.wav-203c4db4ae4076c8e4e321c3c9dd2a0a.sample[39m[0m
[  19% ] [90m[1msavepack[22m | Storing File: res://assets/ext/audio/sfx/steps/step_grass_run_2.wav.import[39m[0m
[  19% ] [90m[1msavepack[22m | Storing File: res://.godot/imported/step_grass_run_3.wav-eab6c7f43ded8922afa9df1662a3f6c8.sample[39m[0m
[  19% ] [90m[1msavepack[22m | Storing File: res://assets/ext/audio/sfx/steps/step_grass_run_3.wav.import[39m[0m
[  19% ] [90m[1msavepack[22m | Storing File: res://.godot/imported/step_grass_run_4.wav-33046614b45a7d7f43b86cec073a3ae2.sample[39m[0m
[  19% ] [90m[1msavepack[22m | Storing File: res://assets/ext/audio/sfx/steps/step_grass_run_4.wav.import[39m[0m
[  19% ] [90m[1msavepack[22m | Storing File: res://.godot/imported/step_grass_run_5.wav-2838b0a267e07b73d7b0be4f778beda4.sample[39m[0m
[  19% ] [90m[1msavepack[22m | Storing File: res://assets/ext/audio/sfx/steps/step_grass_run_5.wav.import[39m[0m
[  19% ] [90m[1msavepack[22m | Storing File: res://.godot/imported/step_grass_run_6.wav-e5584109557234132130ca65fbc0db35.sample[39m[0m
[  19% ] [90m[1msavepack[22m | Storing File: res://assets/ext/audio/sfx/steps/step_grass_run_6.wav.import[39m[0m
[  19% ] [90m[1msavepack[22m | Storing File: res://.godot/imported/step_grass_run_7.wav-3a6f92f46d4a080dabafd34191a83f6e.sample[39m[0m
[  19% ] [90m[1msavepack[22m | Storing File: res://assets/ext/audio/sfx/steps/step_grass_run_7.wav.import[39m[0m
[  19% ] [90m[1msavepack[22m | Storing File: res://.godot/imported/step_grass_run_8.wav-120de96257516cee230ab68aa628b101.sample[39m[0m
[  19% ] [90m[1msavepack[22m | Storing File: res://assets/ext/audio/sfx/steps/step_grass_run_8.wav.import[39m[0m
[  19% ] [90m[1msavepack[22m | Storing File: res://.godot/imported/step_grass_walk_1.wav-52cfea4f8bffa42a38fefc37370fdf3b.sample[39m[0m
[  19% ] [90m[1msavepack[22m | Storing File: res://assets/ext/audio/sfx/steps/step_grass_walk_1.wav.import[39m[0m
[  20% ] [90m[1msavepack[22m | Storing File: res://.godot/imported/step_grass_walk_2.wav-f30cd26c98f9fc7a2eaa23efaf418c0a.sample[39m[0m
[  20% ] [90m[1msavepack[22m | Storing File: res://assets/ext/audio/sfx/steps/step_grass_walk_2.wav.import[39m[0m
[  20% ] [90m[1msavepack[22m | Storing File: res://.godot/imported/step_grass_walk_3.wav-3dfcce5525b9c68b49129eaf853bbd80.sample[39m[0m
[  20% ] [90m[1msavepack[22m | Storing File: res://assets/ext/audio/sfx/steps/step_grass_walk_3.wav.import[39m[0m
[  20% ] [90m[1msavepack[22m | Storing File: res://.godot/imported/step_grass_walk_4.wav-e7bbd6d29593bb5e63cc31cf4a09fa3f.sample[39m[0m
[  20% ] [90m[1msavepack[22m | Storing File: res://assets/ext/audio/sfx/steps/step_grass_walk_4.wav.import[39m[0m
[  20% ] [90m[1msavepack[22m | Storing File: res://.godot/imported/step_grass_walk_5.wav-f931c1eeab5cfcf628e8938191426c9d.sample[39m[0m
[  20% ] [90m[1msavepack[22m | Storing File: res://assets/ext/audio/sfx/steps/step_grass_walk_5.wav.import[39m[0m
[  20% ] [90m[1msavepack[22m | Storing File: res://.godot/imported/step_grass_walk_6.wav-d6ac944646d44e477793e9375db5421e.sample[39m[0m
[  20% ] [90m[1msavepack[22m | Storing File: res://assets/ext/audio/sfx/steps/step_grass_walk_6.wav.import[39m[0m
[  20% ] [90m[1msavepack[22m | Storing File: res://.godot/imported/step_grass_walk_7.wav-a7d6628a8e68d4d2f88033af3ec2ef1c.sample[39m[0m
[  20% ] [90m[1msavepack[22m | Storing File: res://assets/ext/audio/sfx/steps/step_grass_walk_7.wav.import[39m[0m
[  20% ] [90m[1msavepack[22m | Storing File: res://.godot/imported/step_grass_walk_8.wav-14325f64d9bb5476ff9480d30c696223.sample[39m[0m
[  20% ] [90m[1msavepack[22m | Storing File: res://assets/ext/audio/sfx/steps/step_grass_walk_8.wav.import[39m[0m
[  20% ] [90m[1msavepack[22m | Storing File: res://.godot/imported/step_gravel_land_1.wav-131503b0a09d22bb38e5385ec1bd9e75.sample[39m[0m
[  20% ] [90m[1msavepack[22m | Storing File: res://assets/ext/audio/sfx/steps/step_gravel_land_1.wav.import[39m[0m
[  20% ] [90m[1msavepack[22m | Storing File: res://.godot/imported/step_gravel_land_2.wav-6a5ea09f878b63faa5f2d669ab67c122.sample[39m[0m
[  20% ] [90m[1msavepack[22m | Storing File: res://assets/ext/audio/sfx/steps/step_gravel_land_2.wav.import[39m[0m
[  20% ] [90m[1msavepack[22m | Storing File: res://.godot/imported/step_gravel_land_3.wav-29f3ec3bcaee2d6d1e4a661521939db3.sample[39m[0m
[  20% ] [90m[1msavepack[22m | Storing File: res://assets/ext/audio/sfx/steps/step_gravel_land_3.wav.import[39m[0m
[  20% ] [90m[1msavepack[22m | Storing File: res://.godot/imported/step_gravel_run_1.wav-df4ae890e3841341264d67f1024c6631.sample[39m[0m
[  20% ] [90m[1msavepack[22m | Storing File: res://assets/ext/audio/sfx/steps/step_gravel_run_1.wav.import[39m[0m
[  20% ] [90m[1msavepack[22m | Storing File: res://.godot/imported/step_gravel_run_2.wav-fabbd3128edbfbba589ffdc6d2eff79c.sample[39m[0m
[  20% ] [90m[1msavepack[22m | Storing File: res://assets/ext/audio/sfx/steps/step_gravel_run_2.wav.import[39m[0m
[  20% ] [90m[1msavepack[22m | Storing File: res://.godot/imported/step_gravel_run_3.wav-7a3b18917ec33fb0f04b30f585445c52.sample[39m[0m
[  20% ] [90m[1msavepack[22m | Storing File: res://assets/ext/audio/sfx/steps/step_gravel_run_3.wav.import[39m[0m
[  20% ] [90m[1msavepack[22m | Storing File: res://.godot/imported/step_gravel_run_4.wav-95fee544d81a04457356da8732939802.sample[39m[0m
[  20% ] [90m[1msavepack[22m | Storing File: res://assets/ext/audio/sfx/steps/step_gravel_run_4.wav.import[39m[0m
[  20% ] [90m[1msavepack[22m | Storing File: res://.godot/imported/step_gravel_run_5.wav-3c9aa51fdbe97bad4795522a65b0380b.sample[39m[0m
[  20% ] [90m[1msavepack[22m | Storing File: res://assets/ext/audio/sfx/steps/step_gravel_run_5.wav.import[39m[0m
[  20% ] [90m[1msavepack[22m | Storing File: res://.godot/imported/step_gravel_run_6.wav-9df6fecc6f8de8e4d9eb63ada7ccbabe.sample[39m[0m
[  20% ] [90m[1msavepack[22m | Storing File: res://assets/ext/audio/sfx/steps/step_gravel_run_6.wav.import[39m[0m
[  20% ] [90m[1msavepack[22m | Storing File: res://.godot/imported/step_gravel_run_7.wav-a306ce7fef690059ddbb510e9b9d2770.sample[39m[0m
[  20% ] [90m[1msavepack[22m | Storing File: res://assets/ext/audio/sfx/steps/step_gravel_run_7.wav.import[39m[0m
[  20% ] [90m[1msavepack[22m | Storing File: res://.godot/imported/step_gravel_run_8.wav-b2681c90c49e64b651c34a730602ca2d.sample[39m[0m
[  20% ] [90m[1msavepack[22m | Storing File: res://assets/ext/audio/sfx/steps/step_gravel_run_8.wav.import[39m[0m
[  20% ] [90m[1msavepack[22m | Storing File: res://.godot/imported/step_gravel_walk_1.wav-8e53bef32d8ab22c49cb6caa7f8ab47c.sample[39m[0m
[  20% ] [90m[1msavepack[22m | Storing File: res://assets/ext/audio/sfx/steps/step_gravel_walk_1.wav.import[39m[0m
[  20% ] [90m[1msavepack[22m | Storing File: res://.godot/imported/step_gravel_walk_2.wav-bfaddcb3abfa6269da0bb32b0dc0ea3e.sample[39m[0m
[  20% ] [90m[1msavepack[22m | Storing File: res://assets/ext/audio/sfx/steps/step_gravel_walk_2.wav.import[39m[0m
[  20% ] [90m[1msavepack[22m | Storing File: res://.godot/imported/step_gravel_walk_3.wav-db42d857db4ce061ff9921fd7e4c8585.sample[39m[0m
[  20% ] [90m[1msavepack[22m | Storing File: res://assets/ext/audio/sfx/steps/step_gravel_walk_3.wav.import[39m[0m
[  20% ] [90m[1msavepack[22m | Storing File: res://.godot/imported/step_gravel_walk_4.wav-d847383e6cb3cfca8047ee91299dc9e1.sample[39m[0m
[  20% ] [90m[1msavepack[22m | Storing File: res://assets/ext/audio/sfx/steps/step_gravel_walk_4.wav.import[39m[0m
[  20% ] [90m[1msavepack[22m | Storing File: res://.godot/imported/step_gravel_walk_5.wav-3f4699e49fba5bcc5163af79685be38b.sample[39m[0m
[  20% ] [90m[1msavepack[22m | Storing File: res://assets/ext/audio/sfx/steps/step_gravel_walk_5.wav.import[39m[0m
[  20% ] [90m[1msavepack[22m | Storing File: res://.godot/imported/step_gravel_walk_6.wav-74a578b36fbc419a7e5365398769a057.sample[39m[0m
[  20% ] [90m[1msavepack[22m | Storing File: res://assets/ext/audio/sfx/steps/step_gravel_walk_6.wav.import[39m[0m
[  20% ] [90m[1msavepack[22m | Storing File: res://.godot/imported/step_gravel_walk_7.wav-bb1cae301cc232d19e338b00eb65a349.sample[39m[0m
[  20% ] [90m[1msavepack[22m | Storing File: res://assets/ext/audio/sfx/steps/step_gravel_walk_7.wav.import[39m[0m
[  20% ] [90m[1msavepack[22m | Storing File: res://.godot/imported/step_gravel_walk_8.wav-8d1499eaff52fcc6b6095672a06371d2.sample[39m[0m
[  20% ] [90m[1msavepack[22m | Storing File: res://assets/ext/audio/sfx/steps/step_gravel_walk_8.wav.import[39m[0m
[  20% ] [90m[1msavepack[22m | Storing File: res://.godot/imported/step_mud_land_1.wav-bf6637c66251f3130a3ce75a9082fb51.sample[39m[0m
[  20% ] [90m[1msavepack[22m | Storing File: res://assets/ext/audio/sfx/steps/step_mud_land_1.wav.import[39m[0m
[  20% ] [90m[1msavepack[22m | Storing File: res://.godot/imported/step_mud_land_2.wav-6e7a32de368e973a0843dcaeb615bb42.sample[39m[0m
[  20% ] [90m[1msavepack[22m | Storing File: res://assets/ext/audio/sfx/steps/step_mud_land_2.wav.import[39m[0m
[  20% ] [90m[1msavepack[22m | Storing File: res://.godot/imported/step_mud_land_3.wav-f6b0752caea8c1c558d414241d714041.sample[39m[0m
[  20% ] [90m[1msavepack[22m | Storing File: res://assets/ext/audio/sfx/steps/step_mud_land_3.wav.import[39m[0m
[  20% ] [90m[1msavepack[22m | Storing File: res://.godot/imported/step_mud_run_1.wav-6ffedb7dcf5349f0cc741f426b33c02c.sample[39m[0m
[  20% ] [90m[1msavepack[22m | Storing File: res://assets/ext/audio/sfx/steps/step_mud_run_1.wav.import[39m[0m
[  20% ] [90m[1msavepack[22m | Storing File: res://.godot/imported/step_mud_run_2.wav-9d3fdb090abc3809bfbefd7d66eb7994.sample[39m[0m
[  20% ] [90m[1msavepack[22m | Storing File: res://assets/ext/audio/sfx/steps/step_mud_run_2.wav.import[39m[0m
[  20% ] [90m[1msavepack[22m | Storing File: res://.godot/imported/step_mud_run_3.wav-1cbb117b11f0b2e09ccf5a30856e66ef.sample[39m[0m
[  20% ] [90m[1msavepack[22m | Storing File: res://assets/ext/audio/sfx/steps/step_mud_run_3.wav.import[39m[0m
[  20% ] [90m[1msavepack[22m | Storing File: res://.godot/imported/step_mud_run_4.wav-d57c57c338f4c701eddaf1a9fe56452d.sample[39m[0m
[  20% ] [90m[1msavepack[22m | Storing File: res://assets/ext/audio/sfx/steps/step_mud_run_4.wav.import[39m[0m
[  20% ] [90m[1msavepack[22m | Storing File: res://.godot/imported/step_mud_run_5.wav-5afb2e7b3ce605c9a9d7475f5b00b06a.sample[39m[0m
[  20% ] [90m[1msavepack[22m | Storing File: res://assets/ext/audio/sfx/steps/step_mud_run_5.wav.import[39m[0m
[  20% ] [90m[1msavepack[22m | Storing File: res://.godot/imported/step_mud_run_6.wav-9f179d9349e66732367303dc5929e2e1.sample[39m[0m
[  20% ] [90m[1msavepack[22m | Storing File: res://assets/ext/audio/sfx/steps/step_mud_run_6.wav.import[39m[0m
[  21% ] [90m[1msavepack[22m | Storing File: res://.godot/imported/step_mud_run_7.wav-3feb186864cc2cc58df888c1faa9c979.sample[39m[0m
[  21% ] [90m[1msavepack[22m | Storing File: res://assets/ext/audio/sfx/steps/step_mud_run_7.wav.import[39m[0m
[  21% ] [90m[1msavepack[22m | Storing File: res://.godot/imported/step_mud_run_8.wav-aafa77ee6f50d796906a9f9f8c3783db.sample[39m[0m
[  21% ] [90m[1msavepack[22m | Storing File: res://assets/ext/audio/sfx/steps/step_mud_run_8.wav.import[39m[0m
[  21% ] [90m[1msavepack[22m | Storing File: res://.godot/imported/step_mud_walk_1.wav-ff03f768cdbe72f5551f1df7dd51c911.sample[39m[0m
[  21% ] [90m[1msavepack[22m | Storing File: res://assets/ext/audio/sfx/steps/step_mud_walk_1.wav.import[39m[0m
[  21% ] [90m[1msavepack[22m | Storing File: res://.godot/imported/step_mud_walk_2.wav-8fbd84dd298e401be019b72dd9d30c9d.sample[39m[0m
[  21% ] [90m[1msavepack[22m | Storing File: res://assets/ext/audio/sfx/steps/step_mud_walk_2.wav.import[39m[0m
[  21% ] [90m[1msavepack[22m | Storing File: res://.godot/imported/step_mud_walk_3.wav-6ca782e3bd0500e1e9083204d14c7aca.sample[39m[0m
[  21% ] [90m[1msavepack[22m | Storing File: res://assets/ext/audio/sfx/steps/step_mud_walk_3.wav.import[39m[0m
[  21% ] [90m[1msavepack[22m | Storing File: res://.godot/imported/step_mud_walk_4.wav-2ca63695affd638552c5e9c9d73f5885.sample[39m[0m
[  21% ] [90m[1msavepack[22m | Storing File: res://assets/ext/audio/sfx/steps/step_mud_walk_4.wav.import[39m[0m
[  21% ] [90m[1msavepack[22m | Storing File: res://.godot/imported/step_mud_walk_5.wav-5239f1ee145bd14baa611b0d3781502c.sample[39m[0m
[  21% ] [90m[1msavepack[22m | Storing File: res://assets/ext/audio/sfx/steps/step_mud_walk_5.wav.import[39m[0m
[  21% ] [90m[1msavepack[22m | Storing File: res://.godot/imported/step_mud_walk_6.wav-4303274c1d6fc59603dca45093283cad.sample[39m[0m
[  21% ] [90m[1msavepack[22m | Storing File: res://assets/ext/audio/sfx/steps/step_mud_walk_6.wav.import[39m[0m
[  21% ] [90m[1msavepack[22m | Storing File: res://.godot/imported/step_mud_walk_7.wav-e2bfa466b1242a46aead9600f89cdfea.sample[39m[0m
[  21% ] [90m[1msavepack[22m | Storing File: res://assets/ext/audio/sfx/steps/step_mud_walk_7.wav.import[39m[0m
[  21% ] [90m[1msavepack[22m | Storing File: res://.godot/imported/step_mud_walk_8.wav-a70675cb5ca479d535bbf753a9ab65a7.sample[39m[0m
[  21% ] [90m[1msavepack[22m | Storing File: res://assets/ext/audio/sfx/steps/step_mud_walk_8.wav.import[39m[0m
[  21% ] [90m[1msavepack[22m | Storing File: res://.godot/imported/step_sand_land_1.wav-e0d77c9bd05b1c743182e035aa40ae4c.sample[39m[0m
[  21% ] [90m[1msavepack[22m | Storing File: res://assets/ext/audio/sfx/steps/step_sand_land_1.wav.import[39m[0m
[  21% ] [90m[1msavepack[22m | Storing File: res://.godot/imported/step_sand_land_2.wav-e92498dd57ec2ab352f201bf0aa34238.sample[39m[0m
[  21% ] [90m[1msavepack[22m | Storing File: res://assets/ext/audio/sfx/steps/step_sand_land_2.wav.import[39m[0m
[  21% ] [90m[1msavepack[22m | Storing File: res://.godot/imported/step_sand_land_3.wav-e230a0e2f5868a42ebb42876ea9de956.sample[39m[0m
[  21% ] [90m[1msavepack[22m | Storing File: res://assets/ext/audio/sfx/steps/step_sand_land_3.wav.import[39m[0m
[  21% ] [90m[1msavepack[22m | Storing File: res://.godot/imported/step_sand_run_1.wav-880b2de5218674446b10f0647b4aa4d0.sample[39m[0m
[  21% ] [90m[1msavepack[22m | Storing File: res://assets/ext/audio/sfx/steps/step_sand_run_1.wav.import[39m[0m
[  21% ] [90m[1msavepack[22m | Storing File: res://.godot/imported/step_sand_run_2.wav-ca2a0a0a7bd0d229b2b2c2fb04468781.sample[39m[0m
[  21% ] [90m[1msavepack[22m | Storing File: res://assets/ext/audio/sfx/steps/step_sand_run_2.wav.import[39m[0m
[  21% ] [90m[1msavepack[22m | Storing File: res://.godot/imported/step_sand_run_3.wav-5e5a60278e6de802145d2b5e929e8dd2.sample[39m[0m
[  21% ] [90m[1msavepack[22m | Storing File: res://assets/ext/audio/sfx/steps/step_sand_run_3.wav.import[39m[0m
[  21% ] [90m[1msavepack[22m | Storing File: res://.godot/imported/step_sand_run_4.wav-db1340c056de87ecd08e603b635b769a.sample[39m[0m
[  21% ] [90m[1msavepack[22m | Storing File: res://assets/ext/audio/sfx/steps/step_sand_run_4.wav.import[39m[0m
[  21% ] [90m[1msavepack[22m | Storing File: res://.godot/imported/step_sand_run_5.wav-0c3c01ea2c4f13fc403ee4ba3e0383ef.sample[39m[0m
[  21% ] [90m[1msavepack[22m | Storing File: res://assets/ext/audio/sfx/steps/step_sand_run_5.wav.import[39m[0m
[  21% ] [90m[1msavepack[22m | Storing File: res://.godot/imported/step_sand_run_6.wav-9d631f572290ce137654ab13ddd4839a.sample[39m[0m
[  21% ] [90m[1msavepack[22m | Storing File: res://assets/ext/audio/sfx/steps/step_sand_run_6.wav.import[39m[0m
[  21% ] [90m[1msavepack[22m | Storing File: res://.godot/imported/step_sand_run_7.wav-4cecad45f3812eca82416e95a2b2f5c8.sample[39m[0m
[  21% ] [90m[1msavepack[22m | Storing File: res://assets/ext/audio/sfx/steps/step_sand_run_7.wav.import[39m[0m
[  21% ] [90m[1msavepack[22m | Storing File: res://.godot/imported/step_sand_run_8.wav-32b67270aa16242b644e98a1c3a37f9f.sample[39m[0m
[  21% ] [90m[1msavepack[22m | Storing File: res://assets/ext/audio/sfx/steps/step_sand_run_8.wav.import[39m[0m
[  21% ] [90m[1msavepack[22m | Storing File: res://.godot/imported/step_sand_walk_1.wav-d37c47d676b60ebf8c8b00983bfec7ec.sample[39m[0m
[  21% ] [90m[1msavepack[22m | Storing File: res://assets/ext/audio/sfx/steps/step_sand_walk_1.wav.import[39m[0m
[  21% ] [90m[1msavepack[22m | Storing File: res://.godot/imported/step_sand_walk_2.wav-bcefc4b9364a29715d8da5aea8925160.sample[39m[0m
[  21% ] [90m[1msavepack[22m | Storing File: res://assets/ext/audio/sfx/steps/step_sand_walk_2.wav.import[39m[0m
[  21% ] [90m[1msavepack[22m | Storing File: res://.godot/imported/step_sand_walk_3.wav-62c88b9aa0427c51a91f9c1a72c3b722.sample[39m[0m
[  21% ] [90m[1msavepack[22m | Storing File: res://assets/ext/audio/sfx/steps/step_sand_walk_3.wav.import[39m[0m
[  21% ] [90m[1msavepack[22m | Storing File: res://.godot/imported/step_sand_walk_4.wav-4e9e9230ef6d4fe61f12783309e66718.sample[39m[0m
[  21% ] [90m[1msavepack[22m | Storing File: res://assets/ext/audio/sfx/steps/step_sand_walk_4.wav.import[39m[0m
[  21% ] [90m[1msavepack[22m | Storing File: res://.godot/imported/step_sand_walk_5.wav-b28c74e9861629ffd2f365e8dd89e373.sample[39m[0m
[  21% ] [90m[1msavepack[22m | Storing File: res://assets/ext/audio/sfx/steps/step_sand_walk_5.wav.import[39m[0m
[  21% ] [90m[1msavepack[22m | Storing File: res://.godot/imported/step_sand_walk_6.wav-0b8c010181ecea0267dc8fec80297d5c.sample[39m[0m
[  21% ] [90m[1msavepack[22m | Storing File: res://assets/ext/audio/sfx/steps/step_sand_walk_6.wav.import[39m[0m
[  21% ] [90m[1msavepack[22m | Storing File: res://.godot/imported/step_sand_walk_7.wav-4c0dc4462fb932b78e1f25155ef222ed.sample[39m[0m
[  21% ] [90m[1msavepack[22m | Storing File: res://assets/ext/audio/sfx/steps/step_sand_walk_7.wav.import[39m[0m
[  21% ] [90m[1msavepack[22m | Storing File: res://.godot/imported/step_sand_walk_8.wav-39b703082ed28cb23bf115967bc5b525.sample[39m[0m
[  21% ] [90m[1msavepack[22m | Storing File: res://assets/ext/audio/sfx/steps/step_sand_walk_8.wav.import[39m[0m
[  21% ] [90m[1msavepack[22m | Storing File: res://.godot/imported/step_snow_land_1.wav-b006c599952118c14ff76df5b050c6af.sample[39m[0m
[  21% ] [90m[1msavepack[22m | Storing File: res://assets/ext/audio/sfx/steps/step_snow_land_1.wav.import[39m[0m
[  21% ] [90m[1msavepack[22m | Storing File: res://.godot/imported/step_snow_land_2.wav-157bc9b4b59d828240ada09e2c91a2ae.sample[39m[0m
[  21% ] [90m[1msavepack[22m | Storing File: res://assets/ext/audio/sfx/steps/step_snow_land_2.wav.import[39m[0m
[  21% ] [90m[1msavepack[22m | Storing File: res://.godot/imported/step_snow_land_3.wav-6d33edde28bf8050b1330e3e4cb94dcc.sample[39m[0m
[  21% ] [90m[1msavepack[22m | Storing File: res://assets/ext/audio/sfx/steps/step_snow_land_3.wav.import[39m[0m
[  21% ] [90m[1msavepack[22m | Storing File: res://.godot/imported/step_snow_run_1.wav-c4a6bded83873100f6a21827019e2f05.sample[39m[0m
[  21% ] [90m[1msavepack[22m | Storing File: res://assets/ext/audio/sfx/steps/step_snow_run_1.wav.import[39m[0m
[  21% ] [90m[1msavepack[22m | Storing File: res://.godot/imported/step_snow_run_2.wav-f586ca6d31c44e92da01c08eec410f9c.sample[39m[0m
[  21% ] [90m[1msavepack[22m | Storing File: res://assets/ext/audio/sfx/steps/step_snow_run_2.wav.import[39m[0m
[  21% ] [90m[1msavepack[22m | Storing File: res://.godot/imported/step_snow_run_3.wav-bfc5cb7d07a9a135665ae4a09b14b5b8.sample[39m[0m
[  21% ] [90m[1msavepack[22m | Storing File: res://assets/ext/audio/sfx/steps/step_snow_run_3.wav.import[39m[0m
[  21% ] [90m[1msavepack[22m | Storing File: res://.godot/imported/step_snow_run_4.wav-241152ab2e3ed52fc4dabd944032b6aa.sample[39m[0m
[  21% ] [90m[1msavepack[22m | Storing File: res://assets/ext/audio/sfx/steps/step_snow_run_4.wav.import[39m[0m
[  22% ] [90m[1msavepack[22m | Storing File: res://.godot/imported/step_snow_run_5.wav-70a3211478906a01ddfa34cd6a62cb7a.sample[39m[0m
[  22% ] [90m[1msavepack[22m | Storing File: res://assets/ext/audio/sfx/steps/step_snow_run_5.wav.import[39m[0m
[  22% ] [90m[1msavepack[22m | Storing File: res://.godot/imported/step_snow_run_6.wav-af5865d250925a763b2e8007c3112cb3.sample[39m[0m
[  22% ] [90m[1msavepack[22m | Storing File: res://assets/ext/audio/sfx/steps/step_snow_run_6.wav.import[39m[0m
[  22% ] [90m[1msavepack[22m | Storing File: res://.godot/imported/step_snow_run_7.wav-c3f0e3900068a9b0169c131f73c089e9.sample[39m[0m
[  22% ] [90m[1msavepack[22m | Storing File: res://assets/ext/audio/sfx/steps/step_snow_run_7.wav.import[39m[0m
[  22% ] [90m[1msavepack[22m | Storing File: res://.godot/imported/step_snow_run_8.wav-17460e9529d76b01338640206e00bac5.sample[39m[0m
[  22% ] [90m[1msavepack[22m | Storing File: res://assets/ext/audio/sfx/steps/step_snow_run_8.wav.import[39m[0m
[  22% ] [90m[1msavepack[22m | Storing File: res://.godot/imported/step_snow_walk_1.wav-12bfc8be016b486fc6253750b02d0539.sample[39m[0m
[  22% ] [90m[1msavepack[22m | Storing File: res://assets/ext/audio/sfx/steps/step_snow_walk_1.wav.import[39m[0m
[  22% ] [90m[1msavepack[22m | Storing File: res://.godot/imported/step_snow_walk_2.wav-b6258591c7981f40a636afa626f111e1.sample[39m[0m
[  22% ] [90m[1msavepack[22m | Storing File: res://assets/ext/audio/sfx/steps/step_snow_walk_2.wav.import[39m[0m
[  22% ] [90m[1msavepack[22m | Storing File: res://.godot/imported/step_snow_walk_3.wav-b0fbec0a4c1c33b8a302d540531f454e.sample[39m[0m
[  22% ] [90m[1msavepack[22m | Storing File: res://assets/ext/audio/sfx/steps/step_snow_walk_3.wav.import[39m[0m
[  22% ] [90m[1msavepack[22m | Storing File: res://.godot/imported/step_snow_walk_4.wav-bbbfd0223006db5ab860a287ddfff118.sample[39m[0m
[  22% ] [90m[1msavepack[22m | Storing File: res://assets/ext/audio/sfx/steps/step_snow_walk_4.wav.import[39m[0m
[  22% ] [90m[1msavepack[22m | Storing File: res://.godot/imported/step_snow_walk_5.wav-53f1f32f5d508d6cf41ebaf216d590c1.sample[39m[0m
[  22% ] [90m[1msavepack[22m | Storing File: res://assets/ext/audio/sfx/steps/step_snow_walk_5.wav.import[39m[0m
[  22% ] [90m[1msavepack[22m | Storing File: res://.godot/imported/step_snow_walk_6.wav-7523134e9c9cee77147ecbc3322f72ce.sample[39m[0m
[  22% ] [90m[1msavepack[22m | Storing File: res://assets/ext/audio/sfx/steps/step_snow_walk_6.wav.import[39m[0m
[  22% ] [90m[1msavepack[22m | Storing File: res://.godot/imported/step_snow_walk_7.wav-2d14796b88086cdcbe2351b7d0d03ec5.sample[39m[0m
[  22% ] [90m[1msavepack[22m | Storing File: res://assets/ext/audio/sfx/steps/step_snow_walk_7.wav.import[39m[0m
[  22% ] [90m[1msavepack[22m | Storing File: res://.godot/imported/step_snow_walk_8.wav-ef815a0bdc8f583b3ef742cace08f824.sample[39m[0m
[  22% ] [90m[1msavepack[22m | Storing File: res://assets/ext/audio/sfx/steps/step_snow_walk_8.wav.import[39m[0m
[  22% ] [90m[1msavepack[22m | Storing File: res://.godot/imported/step_stone_land_1.wav-61d63303c5e46bc4fcb358633fb75b1d.sample[39m[0m
[  22% ] [90m[1msavepack[22m | Storing File: res://assets/ext/audio/sfx/steps/step_stone_land_1.wav.import[39m[0m
[  22% ] [90m[1msavepack[22m | Storing File: res://.godot/imported/step_stone_land_2.wav-fe3d369899509394fe20f91502556159.sample[39m[0m
[  22% ] [90m[1msavepack[22m | Storing File: res://assets/ext/audio/sfx/steps/step_stone_land_2.wav.import[39m[0m
[  22% ] [90m[1msavepack[22m | Storing File: res://.godot/imported/step_stone_land_3.wav-4144af4dd6501401d3c8f95bbd3bd668.sample[39m[0m
[  22% ] [90m[1msavepack[22m | Storing File: res://assets/ext/audio/sfx/steps/step_stone_land_3.wav.import[39m[0m
[  22% ] [90m[1msavepack[22m | Storing File: res://.godot/imported/step_stone_run_1.wav-068d0d5639cab81867af385eba0d75a9.sample[39m[0m
[  22% ] [90m[1msavepack[22m | Storing File: res://assets/ext/audio/sfx/steps/step_stone_run_1.wav.import[39m[0m
[  22% ] [90m[1msavepack[22m | Storing File: res://.godot/imported/step_stone_run_2.wav-bbd8705ab5460731f04588eb8f3099d9.sample[39m[0m
[  22% ] [90m[1msavepack[22m | Storing File: res://assets/ext/audio/sfx/steps/step_stone_run_2.wav.import[39m[0m
[  22% ] [90m[1msavepack[22m | Storing File: res://.godot/imported/step_stone_run_3.wav-b1e509dc15c9c01bfd289e24e51be57a.sample[39m[0m
[  22% ] [90m[1msavepack[22m | Storing File: res://assets/ext/audio/sfx/steps/step_stone_run_3.wav.import[39m[0m
[  22% ] [90m[1msavepack[22m | Storing File: res://.godot/imported/step_stone_run_4.wav-42091e50ec42e2af89335c6fd44adbf8.sample[39m[0m
[  22% ] [90m[1msavepack[22m | Storing File: res://assets/ext/audio/sfx/steps/step_stone_run_4.wav.import[39m[0m
[  22% ] [90m[1msavepack[22m | Storing File: res://.godot/imported/step_stone_run_5.wav-77012d292858afa0f920405b89c43ecc.sample[39m[0m
[  22% ] [90m[1msavepack[22m | Storing File: res://assets/ext/audio/sfx/steps/step_stone_run_5.wav.import[39m[0m
[  22% ] [90m[1msavepack[22m | Storing File: res://.godot/imported/step_stone_run_6.wav-03d1bac6a2923ca2af01c46489c1f125.sample[39m[0m
[  22% ] [90m[1msavepack[22m | Storing File: res://assets/ext/audio/sfx/steps/step_stone_run_6.wav.import[39m[0m
[  22% ] [90m[1msavepack[22m | Storing File: res://.godot/imported/step_stone_run_7.wav-9ff87158e34822d5aae935c59a6b9bf1.sample[39m[0m
[  22% ] [90m[1msavepack[22m | Storing File: res://assets/ext/audio/sfx/steps/step_stone_run_7.wav.import[39m[0m
[  22% ] [90m[1msavepack[22m | Storing File: res://.godot/imported/step_stone_run_8.wav-3ba84b87fb24593129d72621f92ec9be.sample[39m[0m
[  22% ] [90m[1msavepack[22m | Storing File: res://assets/ext/audio/sfx/steps/step_stone_run_8.wav.import[39m[0m
[  22% ] [90m[1msavepack[22m | Storing File: res://.godot/imported/step_stone_walk_1.wav-e8b692f88b13165fcf7b9b985cba9d7e.sample[39m[0m
[  22% ] [90m[1msavepack[22m | Storing File: res://assets/ext/audio/sfx/steps/step_stone_walk_1.wav.import[39m[0m
[  22% ] [90m[1msavepack[22m | Storing File: res://.godot/imported/step_stone_walk_2.wav-7df66b58a3ec74f18f1c9c6b7fa54493.sample[39m[0m
[  22% ] [90m[1msavepack[22m | Storing File: res://assets/ext/audio/sfx/steps/step_stone_walk_2.wav.import[39m[0m
[  22% ] [90m[1msavepack[22m | Storing File: res://.godot/imported/step_stone_walk_3.wav-11e66c80d947315c2c0d086ead3a0ecb.sample[39m[0m
[  22% ] [90m[1msavepack[22m | Storing File: res://assets/ext/audio/sfx/steps/step_stone_walk_3.wav.import[39m[0m
[  22% ] [90m[1msavepack[22m | Storing File: res://.godot/imported/step_stone_walk_4.wav-f7638bce4ff083cd279733e0eb7f7668.sample[39m[0m
[  22% ] [90m[1msavepack[22m | Storing File: res://assets/ext/audio/sfx/steps/step_stone_walk_4.wav.import[39m[0m
[  22% ] [90m[1msavepack[22m | Storing File: res://.godot/imported/step_stone_walk_5.wav-bcfe4f61cad78837c2a5d7c3bd0c19b0.sample[39m[0m
[  22% ] [90m[1msavepack[22m | Storing File: res://assets/ext/audio/sfx/steps/step_stone_walk_5.wav.import[39m[0m
[  22% ] [90m[1msavepack[22m | Storing File: res://.godot/imported/step_stone_walk_6.wav-638b884b7b860570808c5df62e32f430.sample[39m[0m
[  22% ] [90m[1msavepack[22m | Storing File: res://assets/ext/audio/sfx/steps/step_stone_walk_6.wav.import[39m[0m
[  22% ] [90m[1msavepack[22m | Storing File: res://.godot/imported/step_stone_walk_7.wav-eaf128def054a4185c53db694da42c2c.sample[39m[0m
[  22% ] [90m[1msavepack[22m | Storing File: res://assets/ext/audio/sfx/steps/step_stone_walk_7.wav.import[39m[0m
[  22% ] [90m[1msavepack[22m | Storing File: res://.godot/imported/step_stone_walk_8.wav-1d68cd300dfa8f9630e5d9edcd80c295.sample[39m[0m
[  22% ] [90m[1msavepack[22m | Storing File: res://assets/ext/audio/sfx/steps/step_stone_walk_8.wav.import[39m[0m
[  22% ] [90m[1msavepack[22m | Storing File: res://.godot/imported/step_water_land_1.wav-30e75b3938c1c834abeb9f2143f5fd74.sample[39m[0m
[  22% ] [90m[1msavepack[22m | Storing File: res://assets/ext/audio/sfx/steps/step_water_land_1.wav.import[39m[0m
[  22% ] [90m[1msavepack[22m | Storing File: res://.godot/imported/step_water_land_2.wav-d05b29f36a222b736084b88ba3d40197.sample[39m[0m
[  22% ] [90m[1msavepack[22m | Storing File: res://assets/ext/audio/sfx/steps/step_water_land_2.wav.import[39m[0m
[  22% ] [90m[1msavepack[22m | Storing File: res://.godot/imported/step_water_land_3.wav-94711b66dbbda391e1e8ac4f01d7466e.sample[39m[0m
[  22% ] [90m[1msavepack[22m | Storing File: res://assets/ext/audio/sfx/steps/step_water_land_3.wav.import[39m[0m
[  22% ] [90m[1msavepack[22m | Storing File: res://.godot/imported/step_water_run_1.wav-0da95e91869006698fa771c4735e5a8c.sample[39m[0m
[  22% ] [90m[1msavepack[22m | Storing File: res://assets/ext/audio/sfx/steps/step_water_run_1.wav.import[39m[0m
[  22% ] [90m[1msavepack[22m | Storing File: res://.godot/imported/step_water_run_2.wav-9ead4223f6f48aea9ac1cce163d1a266.sample[39m[0m
[  22% ] [90m[1msavepack[22m | Storing File: res://assets/ext/audio/sfx/steps/step_water_run_2.wav.import[39m[0m
[  23% ] [90m[1msavepack[22m | Storing File: res://.godot/imported/step_water_run_3.wav-c16427833cd4e92ae6827953ef0f7a50.sample[39m[0m
[  23% ] [90m[1msavepack[22m | Storing File: res://assets/ext/audio/sfx/steps/step_water_run_3.wav.import[39m[0m
[  23% ] [90m[1msavepack[22m | Storing File: res://.godot/imported/step_water_run_4.wav-70258ff3d5506bb97c3c88d906caa485.sample[39m[0m
[  23% ] [90m[1msavepack[22m | Storing File: res://assets/ext/audio/sfx/steps/step_water_run_4.wav.import[39m[0m
[  23% ] [90m[1msavepack[22m | Storing File: res://.godot/imported/step_water_run_5.wav-867078b3bbecf2a05d41a7b6777a436a.sample[39m[0m
[  23% ] [90m[1msavepack[22m | Storing File: res://assets/ext/audio/sfx/steps/step_water_run_5.wav.import[39m[0m
[  23% ] [90m[1msavepack[22m | Storing File: res://.godot/imported/step_water_run_6.wav-0e29748e9d8267ec9dbfae15def2ea6c.sample[39m[0m
[  23% ] [90m[1msavepack[22m | Storing File: res://assets/ext/audio/sfx/steps/step_water_run_6.wav.import[39m[0m
[  23% ] [90m[1msavepack[22m | Storing File: res://.godot/imported/step_water_run_7.wav-e238861cbbd3bd6b1203c30f7d69fa5a.sample[39m[0m
[  23% ] [90m[1msavepack[22m | Storing File: res://assets/ext/audio/sfx/steps/step_water_run_7.wav.import[39m[0m
[  23% ] [90m[1msavepack[22m | Storing File: res://.godot/imported/step_water_run_8.wav-0179b56fc0d124f42e9631e81b6f4e5e.sample[39m[0m
[  23% ] [90m[1msavepack[22m | Storing File: res://assets/ext/audio/sfx/steps/step_water_run_8.wav.import[39m[0m
[  23% ] [90m[1msavepack[22m | Storing File: res://.godot/imported/step_water_walk_1.wav-6264824eee088e977dac001285a143fe.sample[39m[0m
[  23% ] [90m[1msavepack[22m | Storing File: res://assets/ext/audio/sfx/steps/step_water_walk_1.wav.import[39m[0m
[  23% ] [90m[1msavepack[22m | Storing File: res://.godot/imported/step_water_walk_2.wav-2d721fa01bc82220bac4e48c4ad8816d.sample[39m[0m
[  23% ] [90m[1msavepack[22m | Storing File: res://assets/ext/audio/sfx/steps/step_water_walk_2.wav.import[39m[0m
[  23% ] [90m[1msavepack[22m | Storing File: res://.godot/imported/step_water_walk_3.wav-e32a07aa13058ad9c4a4dea6cb21eae4.sample[39m[0m
[  23% ] [90m[1msavepack[22m | Storing File: res://assets/ext/audio/sfx/steps/step_water_walk_3.wav.import[39m[0m
[  23% ] [90m[1msavepack[22m | Storing File: res://.godot/imported/step_water_walk_4.wav-c2d3303b2d1e2c0e1cd98103de509b97.sample[39m[0m
[  23% ] [90m[1msavepack[22m | Storing File: res://assets/ext/audio/sfx/steps/step_water_walk_4.wav.import[39m[0m
[  23% ] [90m[1msavepack[22m | Storing File: res://.godot/imported/step_water_walk_5.wav-78623af55fc9459be655ab32b32bb226.sample[39m[0m
[  23% ] [90m[1msavepack[22m | Storing File: res://assets/ext/audio/sfx/steps/step_water_walk_5.wav.import[39m[0m
[  23% ] [90m[1msavepack[22m | Storing File: res://.godot/imported/step_water_walk_6.wav-83f7a5aaeb24cd330cfe26afdb1df5dd.sample[39m[0m
[  23% ] [90m[1msavepack[22m | Storing File: res://assets/ext/audio/sfx/steps/step_water_walk_6.wav.import[39m[0m
[  23% ] [90m[1msavepack[22m | Storing File: res://.godot/imported/step_water_walk_7.wav-0aaab498eab3e4662ae694620f450133.sample[39m[0m
[  23% ] [90m[1msavepack[22m | Storing File: res://assets/ext/audio/sfx/steps/step_water_walk_7.wav.import[39m[0m
[  23% ] [90m[1msavepack[22m | Storing File: res://.godot/imported/step_water_walk_8.wav-107db46b93846bc42c3cb08e0d86e1a0.sample[39m[0m
[  23% ] [90m[1msavepack[22m | Storing File: res://assets/ext/audio/sfx/steps/step_water_walk_8.wav.import[39m[0m
[  23% ] [90m[1msavepack[22m | Storing File: res://.godot/imported/step_wood_land_1.wav-041e905e1f047fea53db22615be7602a.sample[39m[0m
[  23% ] [90m[1msavepack[22m | Storing File: res://assets/ext/audio/sfx/steps/step_wood_land_1.wav.import[39m[0m
[  23% ] [90m[1msavepack[22m | Storing File: res://.godot/imported/step_wood_land_2.wav-974c84c62312d09e28e08e54ab9510cf.sample[39m[0m
[  23% ] [90m[1msavepack[22m | Storing File: res://assets/ext/audio/sfx/steps/step_wood_land_2.wav.import[39m[0m
[  23% ] [90m[1msavepack[22m | Storing File: res://.godot/imported/step_wood_land_3.wav-8220fd65274033bcd888b81b49d6f831.sample[39m[0m
[  23% ] [90m[1msavepack[22m | Storing File: res://assets/ext/audio/sfx/steps/step_wood_land_3.wav.import[39m[0m
[  23% ] [90m[1msavepack[22m | Storing File: res://.godot/imported/step_wood_run_1.wav-360e3860d9799fc2473a7b8fcbd32b2a.sample[39m[0m
[  23% ] [90m[1msavepack[22m | Storing File: res://assets/ext/audio/sfx/steps/step_wood_run_1.wav.import[39m[0m
[  23% ] [90m[1msavepack[22m | Storing File: res://.godot/imported/step_wood_run_2.wav-d9e17159aeef7e3e6941f7dacac582c3.sample[39m[0m
[  23% ] [90m[1msavepack[22m | Storing File: res://assets/ext/audio/sfx/steps/step_wood_run_2.wav.import[39m[0m
[  23% ] [90m[1msavepack[22m | Storing File: res://.godot/imported/step_wood_run_3.wav-71d72c0cd44bed36dac05ff327ff01c8.sample[39m[0m
[  23% ] [90m[1msavepack[22m | Storing File: res://assets/ext/audio/sfx/steps/step_wood_run_3.wav.import[39m[0m
[  23% ] [90m[1msavepack[22m | Storing File: res://.godot/imported/step_wood_run_4.wav-a87331fac2a1ee564473343e1fccf948.sample[39m[0m
[  23% ] [90m[1msavepack[22m | Storing File: res://assets/ext/audio/sfx/steps/step_wood_run_4.wav.import[39m[0m
[  23% ] [90m[1msavepack[22m | Storing File: res://.godot/imported/step_wood_run_5.wav-277d7c6b9487929604eb29a8b62905b9.sample[39m[0m
[  23% ] [90m[1msavepack[22m | Storing File: res://assets/ext/audio/sfx/steps/step_wood_run_5.wav.import[39m[0m
[  23% ] [90m[1msavepack[22m | Storing File: res://.godot/imported/step_wood_run_6.wav-4466665e9201c79cd2e94cc9dbec70b8.sample[39m[0m
[  23% ] [90m[1msavepack[22m | Storing File: res://assets/ext/audio/sfx/steps/step_wood_run_6.wav.import[39m[0m
[  23% ] [90m[1msavepack[22m | Storing File: res://.godot/imported/step_wood_run_7.wav-630b5f88699659cc05f71872cc7b9621.sample[39m[0m
[  23% ] [90m[1msavepack[22m | Storing File: res://assets/ext/audio/sfx/steps/step_wood_run_7.wav.import[39m[0m
[  23% ] [90m[1msavepack[22m | Storing File: res://.godot/imported/step_wood_run_8.wav-d1680ac460fd46a288766c32f352347f.sample[39m[0m
[  23% ] [90m[1msavepack[22m | Storing File: res://assets/ext/audio/sfx/steps/step_wood_run_8.wav.import[39m[0m
[  23% ] [90m[1msavepack[22m | Storing File: res://.godot/imported/step_wood_walk_1.wav-43d81abf284ad223a21837f3de98a54e.sample[39m[0m
[  23% ] [90m[1msavepack[22m | Storing File: res://assets/ext/audio/sfx/steps/step_wood_walk_1.wav.import[39m[0m
[  23% ] [90m[1msavepack[22m | Storing File: res://.godot/imported/step_wood_walk_2.wav-a7eff9142545fbfccd1f02930ad91d98.sample[39m[0m
[  23% ] [90m[1msavepack[22m | Storing File: res://assets/ext/audio/sfx/steps/step_wood_walk_2.wav.import[39m[0m
[  23% ] [90m[1msavepack[22m | Storing File: res://.godot/imported/step_wood_walk_3.wav-26bafe4a533b7a1f80b2c0b510742fab.sample[39m[0m
[  23% ] [90m[1msavepack[22m | Storing File: res://assets/ext/audio/sfx/steps/step_wood_walk_3.wav.import[39m[0m
[  23% ] [90m[1msavepack[22m | Storing File: res://.godot/imported/step_wood_walk_4.wav-c28a459ecd5fcea818cabbbf0555e795.sample[39m[0m
[  23% ] [90m[1msavepack[22m | Storing File: res://assets/ext/audio/sfx/steps/step_wood_walk_4.wav.import[39m[0m
[  23% ] [90m[1msavepack[22m | Storing File: res://.godot/imported/step_wood_walk_5.wav-569ad3222409cf4f131c18b6bb9718f8.sample[39m[0m
[  23% ] [90m[1msavepack[22m | Storing File: res://assets/ext/audio/sfx/steps/step_wood_walk_5.wav.import[39m[0m
[  23% ] [90m[1msavepack[22m | Storing File: res://.godot/imported/step_wood_walk_6.wav-f8a6564afd04909b05d01799a980fa5c.sample[39m[0m
[  23% ] [90m[1msavepack[22m | Storing File: res://assets/ext/audio/sfx/steps/step_wood_walk_6.wav.import[39m[0m
[  23% ] [90m[1msavepack[22m | Storing File: res://.godot/imported/step_wood_walk_7.wav-6a872b1e44dac4a84429b25ca73c2ac1.sample[39m[0m
[  23% ] [90m[1msavepack[22m | Storing File: res://assets/ext/audio/sfx/steps/step_wood_walk_7.wav.import[39m[0m
[  23% ] [90m[1msavepack[22m | Storing File: res://.godot/imported/step_wood_walk_8.wav-3ec32f37fdbdac700ff4cca3e4f44798.sample[39m[0m
[  23% ] [90m[1msavepack[22m | Storing File: res://assets/ext/audio/sfx/steps/step_wood_walk_8.wav.import[39m[0m
[  23% ] [90m[1msavepack[22m | Storing File: res://.godot/imported/anvil_1.wav-0a667dfc625268f44d63f6380c3ee31b.sample[39m[0m
[  23% ] [90m[1msavepack[22m | Storing File: res://assets/ext/audio/sfx/town/anvil_1.wav.import[39m[0m
[  23% ] [90m[1msavepack[22m | Storing File: res://.godot/imported/anvil_2.wav-d8f96ecfde5b8e8983b174a15ef6292d.sample[39m[0m
[  23% ] [90m[1msavepack[22m | Storing File: res://assets/ext/audio/sfx/town/anvil_2.wav.import[39m[0m
[  24% ] [90m[1msavepack[22m | Storing File: res://.godot/imported/anvil_3.wav-ae955dceb3e658df33b592ef00e4adc7.sample[39m[0m
[  24% ] [90m[1msavepack[22m | Storing File: res://assets/ext/audio/sfx/town/anvil_3.wav.import[39m[0m
[  24% ] [90m[1msavepack[22m | Storing File: res://.godot/imported/anvil_4.wav-b323192a11e6c7707f222fd7511d2b58.sample[39m[0m
[  24% ] [90m[1msavepack[22m | Storing File: res://assets/ext/audio/sfx/town/anvil_4.wav.import[39m[0m
[  24% ] [90m[1msavepack[22m | Storing File: res://.godot/imported/church_bell_1.ogg-8cf00321a43a8ddfeb98b27edcba4e9a.oggvorbisstr[39m[0m
[  24% ] [90m[1msavepack[22m | Storing File: res://assets/ext/audio/sfx/town/church_bell_1.ogg.import[39m[0m
[  24% ] [90m[1msavepack[22m | Storing File: res://.godot/imported/church_bell_2.ogg-613bc7e3675b06625b890cef72666f2f.oggvorbisstr[39m[0m
[  24% ] [90m[1msavepack[22m | Storing File: res://assets/ext/audio/sfx/town/church_bell_2.ogg.import[39m[0m
[  24% ] [90m[1msavepack[22m | Storing File: res://.godot/imported/clock_tick_1.wav-419e4e28f6e97f85a11750c1346f1bcd.sample[39m[0m
[  24% ] [90m[1msavepack[22m | Storing File: res://assets/ext/audio/sfx/town/clock_tick_1.wav.import[39m[0m
[  24% ] [90m[1msavepack[22m | Storing File: res://.godot/imported/clock_tick_2.wav-d2c2f299f4c0bfe7f3d7d4ad2de7ddf3.sample[39m[0m
[  24% ] [90m[1msavepack[22m | Storing File: res://assets/ext/audio/sfx/town/clock_tick_2.wav.import[39m[0m
[  24% ] [90m[1msavepack[22m | Storing File: res://.godot/imported/crowd_church.ogg-d1bd70cb45f771b209e12ee46cf20109.oggvorbisstr[39m[0m
[  24% ] [90m[1msavepack[22m | Storing File: res://assets/ext/audio/sfx/town/crowd_church.ogg.import[39m[0m
[  24% ] [90m[1msavepack[22m | Storing File: res://.godot/imported/crowd_saloon.ogg-6c7d66500cb3e00beee742e913e9be50.oggvorbisstr[39m[0m
[  24% ] [90m[1msavepack[22m | Storing File: res://assets/ext/audio/sfx/town/crowd_saloon.ogg.import[39m[0m
[  24% ] [90m[1msavepack[22m | Storing File: res://.godot/imported/crowd_street.ogg-8c5f78f7d63c72236e6009659e88c829.oggvorbisstr[39m[0m
[  24% ] [90m[1msavepack[22m | Storing File: res://assets/ext/audio/sfx/town/crowd_street.ogg.import[39m[0m
[  24% ] [90m[1msavepack[22m | Storing File: res://.godot/imported/hammer_wood_1.wav-895f32bc50741cb3562497c85947403a.sample[39m[0m
[  24% ] [90m[1msavepack[22m | Storing File: res://assets/ext/audio/sfx/town/hammer_wood_1.wav.import[39m[0m
[  24% ] [90m[1msavepack[22m | Storing File: res://.godot/imported/hammer_wood_2.wav-01c9f1a7ac166ed4cc3c97168ae8287d.sample[39m[0m
[  24% ] [90m[1msavepack[22m | Storing File: res://assets/ext/audio/sfx/town/hammer_wood_2.wav.import[39m[0m
[  24% ] [90m[1msavepack[22m | Storing File: res://.godot/imported/hammer_wood_3.wav-a8926d15a4f802b43866d0438b412ec2.sample[39m[0m
[  24% ] [90m[1msavepack[22m | Storing File: res://assets/ext/audio/sfx/town/hammer_wood_3.wav.import[39m[0m
[  24% ] [90m[1msavepack[22m | Storing File: res://.godot/imported/hammer_wood_4.wav-8e63c28f423febd586d66745a7e64111.sample[39m[0m
[  24% ] [90m[1msavepack[22m | Storing File: res://assets/ext/audio/sfx/town/hammer_wood_4.wav.import[39m[0m
[  24% ] [90m[1msavepack[22m | Storing File: res://.godot/imported/saloon_piano.ogg-9949609ebce1dc7230944867cfe0004b.oggvorbisstr[39m[0m
[  24% ] [90m[1msavepack[22m | Storing File: res://assets/ext/audio/sfx/town/saloon_piano.ogg.import[39m[0m
[  24% ] [90m[1msavepack[22m | Storing File: res://.godot/imported/train_chuff.ogg-881895f2d692101eaf37506058c7c8f9.oggvorbisstr[39m[0m
[  24% ] [90m[1msavepack[22m | Storing File: res://assets/ext/audio/sfx/town/train_chuff.ogg.import[39m[0m
[  24% ] [90m[1msavepack[22m | Storing File: res://.godot/imported/train_whistle_1.ogg-ad7155e26eb9e51a0ce9704df2e87ba3.oggvorbisstr[39m[0m
[  24% ] [90m[1msavepack[22m | Storing File: res://assets/ext/audio/sfx/town/train_whistle_1.ogg.import[39m[0m
[  24% ] [90m[1msavepack[22m | Storing File: res://.godot/imported/train_whistle_2.ogg-e405a8caea0ac0274a333f426a912dcb.oggvorbisstr[39m[0m
[  24% ] [90m[1msavepack[22m | Storing File: res://assets/ext/audio/sfx/town/train_whistle_2.ogg.import[39m[0m
[  24% ] [90m[1msavepack[22m | Storing File: res://.godot/imported/wagon_roll.ogg-5ed05befa191c7ff865a4690bc82b1a6.oggvorbisstr[39m[0m
[  24% ] [90m[1msavepack[22m | Storing File: res://assets/ext/audio/sfx/town/wagon_roll.ogg.import[39m[0m
[  24% ] [90m[1msavepack[22m | Storing File: res://.godot/imported/windmill_creak_1.wav-dc647b01551b1353dad171322837cfb5.sample[39m[0m
[  24% ] [90m[1msavepack[22m | Storing File: res://assets/ext/audio/sfx/town/windmill_creak_1.wav.import[39m[0m
[  24% ] [90m[1msavepack[22m | Storing File: res://.godot/imported/windmill_creak_2.wav-adaab43f38c03ee1af71f55b13eaa45a.sample[39m[0m
[  24% ] [90m[1msavepack[22m | Storing File: res://assets/ext/audio/sfx/town/windmill_creak_2.wav.import[39m[0m
[  24% ] [90m[1msavepack[22m | Storing File: res://.godot/imported/windmill_creak_3.wav-278c72eb4080937c35b80c2861069718.sample[39m[0m
[  24% ] [90m[1msavepack[22m | Storing File: res://assets/ext/audio/sfx/town/windmill_creak_3.wav.import[39m[0m
[  24% ] [90m[1msavepack[22m | Storing File: res://.godot/imported/low_health_heartbeat.ogg-06001947b0a7e3a9f3fee1a501ad801d.oggvorbisstr[39m[0m
[  24% ] [90m[1msavepack[22m | Storing File: res://assets/ext/audio/sfx/ui/low_health_heartbeat.ogg.import[39m[0m
[  24% ] [90m[1msavepack[22m | Storing File: res://.godot/imported/nerve_heartbeat.ogg-f663e4f1147362a43a801cb5b1aa08a7.oggvorbisstr[39m[0m
[  24% ] [90m[1msavepack[22m | Storing File: res://assets/ext/audio/sfx/ui/nerve_heartbeat.ogg.import[39m[0m
[  24% ] [90m[1msavepack[22m | Storing File: res://.godot/imported/nerve_in.wav-b3e5c5db0cf13abb92595405d44617c8.sample[39m[0m
[  24% ] [90m[1msavepack[22m | Storing File: res://assets/ext/audio/sfx/ui/nerve_in.wav.import[39m[0m
[  24% ] [90m[1msavepack[22m | Storing File: res://.godot/imported/nerve_mark_1.wav-3aa77e1c676c97a411d457b884fd6799.sample[39m[0m
[  24% ] [90m[1msavepack[22m | Storing File: res://assets/ext/audio/sfx/ui/nerve_mark_1.wav.import[39m[0m
[  24% ] [90m[1msavepack[22m | Storing File: res://.godot/imported/nerve_mark_2.wav-b299c262d09dd07dccb90c0003c8f53c.sample[39m[0m
[  24% ] [90m[1msavepack[22m | Storing File: res://assets/ext/audio/sfx/ui/nerve_mark_2.wav.import[39m[0m
[  24% ] [90m[1msavepack[22m | Storing File: res://.godot/imported/nerve_mark_3.wav-718287cce9eeba5570a6f05cb3051ae7.sample[39m[0m
[  24% ] [90m[1msavepack[22m | Storing File: res://assets/ext/audio/sfx/ui/nerve_mark_3.wav.import[39m[0m
[  24% ] [90m[1msavepack[22m | Storing File: res://.godot/imported/nerve_out.wav-0395fcb324e7a21a0a0286357b7704d9.sample[39m[0m
[  24% ] [90m[1msavepack[22m | Storing File: res://assets/ext/audio/sfx/ui/nerve_out.wav.import[39m[0m
[  24% ] [90m[1msavepack[22m | Storing File: res://.godot/imported/ui_back_1.wav-3b63f9152276796e747eba6adb21dc91.sample[39m[0m
[  24% ] [90m[1msavepack[22m | Storing File: res://assets/ext/audio/sfx/ui/ui_back_1.wav.import[39m[0m
[  24% ] [90m[1msavepack[22m | Storing File: res://.godot/imported/ui_back_2.wav-bcc4304bf3144371a231cf48b4630e1a.sample[39m[0m
[  24% ] [90m[1msavepack[22m | Storing File: res://assets/ext/audio/sfx/ui/ui_back_2.wav.import[39m[0m
[  24% ] [90m[1msavepack[22m | Storing File: res://.godot/imported/ui_error.wav-112ed075bebf8ab1407c058d026dccf5.sample[39m[0m
[  24% ] [90m[1msavepack[22m | Storing File: res://assets/ext/audio/sfx/ui/ui_error.wav.import[39m[0m
[  24% ] [90m[1msavepack[22m | Storing File: res://.godot/imported/ui_map_open_1.wav-96a2702c3c35a92f6b52b318e27af663.sample[39m[0m
[  24% ] [90m[1msavepack[22m | Storing File: res://assets/ext/audio/sfx/ui/ui_map_open_1.wav.import[39m[0m
[  24% ] [90m[1msavepack[22m | Storing File: res://.godot/imported/ui_map_open_2.wav-ad7d2a103ded4e6ee65ee5b273c44ed5.sample[39m[0m
[  24% ] [90m[1msavepack[22m | Storing File: res://assets/ext/audio/sfx/ui/ui_map_open_2.wav.import[39m[0m
[  24% ] [90m[1msavepack[22m | Storing File: res://.godot/imported/ui_notify.wav-d1bd1fd9f8a7d701598c03b0ae9233de.sample[39m[0m
[  24% ] [90m[1msavepack[22m | Storing File: res://assets/ext/audio/sfx/ui/ui_notify.wav.import[39m[0m
[  24% ] [90m[1msavepack[22m | Storing File: res://.godot/imported/ui_page_1.wav-0e3136c175a817c108218f1d781c5b84.sample[39m[0m
[  24% ] [90m[1msavepack[22m | Storing File: res://assets/ext/audio/sfx/ui/ui_page_1.wav.import[39m[0m
[  24% ] [90m[1msavepack[22m | Storing File: res://.godot/imported/ui_page_2.wav-00b645d3026f6b6bb1481c2880da11f5.sample[39m[0m
[  24% ] [90m[1msavepack[22m | Storing File: res://assets/ext/audio/sfx/ui/ui_page_2.wav.import[39m[0m
[  25% ] [90m[1msavepack[22m | Storing File: res://.godot/imported/ui_page_3.wav-ae9608e39ce1debaa0a8810bf58bd94d.sample[39m[0m
[  25% ] [90m[1msavepack[22m | Storing File: res://assets/ext/audio/sfx/ui/ui_page_3.wav.import[39m[0m
[  25% ] [90m[1msavepack[22m | Storing File: res://.godot/imported/ui_page_4.wav-244b9e34b5a9427274effe5b50b1026e.sample[39m[0m
[  25% ] [90m[1msavepack[22m | Storing File: res://assets/ext/audio/sfx/ui/ui_page_4.wav.import[39m[0m
[  25% ] [90m[1msavepack[22m | Storing File: res://.godot/imported/ui_pencil_1.wav-7daaca2360c99c54b29abe80f99d0b95.sample[39m[0m
[  25% ] [90m[1msavepack[22m | Storing File: res://assets/ext/audio/sfx/ui/ui_pencil_1.wav.import[39m[0m
[  25% ] [90m[1msavepack[22m | Storing File: res://.godot/imported/ui_pencil_2.wav-a9e3430bb03b804bc6c4bff9130b6979.sample[39m[0m
[  25% ] [90m[1msavepack[22m | Storing File: res://assets/ext/audio/sfx/ui/ui_pencil_2.wav.import[39m[0m
[  25% ] [90m[1msavepack[22m | Storing File: res://.godot/imported/ui_pencil_3.wav-64adbb79b0775016a2e5df94798d5b16.sample[39m[0m
[  25% ] [90m[1msavepack[22m | Storing File: res://assets/ext/audio/sfx/ui/ui_pencil_3.wav.import[39m[0m
[  25% ] [90m[1msavepack[22m | Storing File: res://.godot/imported/ui_reward.wav-6b2373e1b1890e0fda821f51760f78c6.sample[39m[0m
[  25% ] [90m[1msavepack[22m | Storing File: res://assets/ext/audio/sfx/ui/ui_reward.wav.import[39m[0m
[  25% ] [90m[1msavepack[22m | Storing File: res://.godot/imported/ui_select_1.wav-fc14a380548b423e6fb9de8c81092484.sample[39m[0m
[  25% ] [90m[1msavepack[22m | Storing File: res://assets/ext/audio/sfx/ui/ui_select_1.wav.import[39m[0m
[  25% ] [90m[1msavepack[22m | Storing File: res://.godot/imported/ui_select_2.wav-a8433c70bbdc017021f7989aa3694244.sample[39m[0m
[  25% ] [90m[1msavepack[22m | Storing File: res://assets/ext/audio/sfx/ui/ui_select_2.wav.import[39m[0m
[  25% ] [90m[1msavepack[22m | Storing File: res://.godot/imported/ui_tick_1.wav-cab8d224ca6c824163020482851a0c5c.sample[39m[0m
[  25% ] [90m[1msavepack[22m | Storing File: res://assets/ext/audio/sfx/ui/ui_tick_1.wav.import[39m[0m
[  25% ] [90m[1msavepack[22m | Storing File: res://.godot/imported/ui_tick_2.wav-63fdd20c6744681513648d4d1e8f1cea.sample[39m[0m
[  25% ] [90m[1msavepack[22m | Storing File: res://assets/ext/audio/sfx/ui/ui_tick_2.wav.import[39m[0m
[  25% ] [90m[1msavepack[22m | Storing File: res://.godot/imported/ui_tick_3.wav-7cdbdb97c4fd0f5cc0e57f3ec67e3c4a.sample[39m[0m
[  25% ] [90m[1msavepack[22m | Storing File: res://assets/ext/audio/sfx/ui/ui_tick_3.wav.import[39m[0m
[  25% ] [90m[1msavepack[22m | Storing File: res://.godot/imported/ui_tick_4.wav-a87a0d236a163cc7a5dc238498703012.sample[39m[0m
[  25% ] [90m[1msavepack[22m | Storing File: res://assets/ext/audio/sfx/ui/ui_tick_4.wav.import[39m[0m
[  25% ] [90m[1msavepack[22m | Storing File: res://.godot/imported/creek.ogg-2f2f6e7f909551ecdafa7c6fc85c8a08.oggvorbisstr[39m[0m
[  25% ] [90m[1msavepack[22m | Storing File: res://assets/ext/audio/sfx/water/creek.ogg.import[39m[0m
[  25% ] [90m[1msavepack[22m | Storing File: res://.godot/imported/lake_shore.ogg-4a295ecff2022e086d2931d6cf699787.oggvorbisstr[39m[0m
[  25% ] [90m[1msavepack[22m | Storing File: res://assets/ext/audio/sfx/water/lake_shore.ogg.import[39m[0m
[  25% ] [90m[1msavepack[22m | Storing File: res://.godot/imported/river.ogg-fdb3bf3d32f074a722fd4d5aad14a3da.oggvorbisstr[39m[0m
[  25% ] [90m[1msavepack[22m | Storing File: res://assets/ext/audio/sfx/water/river.ogg.import[39m[0m
[  25% ] [90m[1msavepack[22m | Storing File: res://.godot/imported/water_lap_boat.ogg-eaca231947e311d399c1829c879e5c12.oggvorbisstr[39m[0m
[  25% ] [90m[1msavepack[22m | Storing File: res://assets/ext/audio/sfx/water/water_lap_boat.ogg.import[39m[0m
[  25% ] [90m[1msavepack[22m | Storing File: res://.godot/imported/rain_heavy.ogg-b3713963c379a7512b8cfa06bd373f95.oggvorbisstr[39m[0m
[  25% ] [90m[1msavepack[22m | Storing File: res://assets/ext/audio/sfx/weather/rain_heavy.ogg.import[39m[0m
[  25% ] [90m[1msavepack[22m | Storing File: res://.godot/imported/rain_light.ogg-ea3f4d305bc58d629f8724f61a092d45.oggvorbisstr[39m[0m
[  25% ] [90m[1msavepack[22m | Storing File: res://assets/ext/audio/sfx/weather/rain_light.ogg.import[39m[0m
[  25% ] [90m[1msavepack[22m | Storing File: res://.godot/imported/rain_roof.ogg-3f48b55bb3e52d6d7b968a4f6ebe324d.oggvorbisstr[39m[0m
[  25% ] [90m[1msavepack[22m | Storing File: res://assets/ext/audio/sfx/weather/rain_roof.ogg.import[39m[0m
[  25% ] [90m[1msavepack[22m | Storing File: res://.godot/imported/thunder_close_1.ogg-9ba779fbc340b0ceed69e4ae46dbbc39.oggvorbisstr[39m[0m
[  25% ] [90m[1msavepack[22m | Storing File: res://assets/ext/audio/sfx/weather/thunder_close_1.ogg.import[39m[0m
[  25% ] [90m[1msavepack[22m | Storing File: res://.godot/imported/thunder_close_2.ogg-fec38118d967faa6f4e18c379812ff67.oggvorbisstr[39m[0m
[  25% ] [90m[1msavepack[22m | Storing File: res://assets/ext/audio/sfx/weather/thunder_close_2.ogg.import[39m[0m
[  25% ] [90m[1msavepack[22m | Storing File: res://.godot/imported/thunder_close_3.ogg-fdbac72f9c2d71038b7618a47f71e722.oggvorbisstr[39m[0m
[  25% ] [90m[1msavepack[22m | Storing File: res://assets/ext/audio/sfx/weather/thunder_close_3.ogg.import[39m[0m
[  25% ] [90m[1msavepack[22m | Storing File: res://.godot/imported/thunder_far_1.ogg-42f9dc72bfcb578ff04370895c2627c7.oggvorbisstr[39m[0m
[  25% ] [90m[1msavepack[22m | Storing File: res://assets/ext/audio/sfx/weather/thunder_far_1.ogg.import[39m[0m
[  25% ] [90m[1msavepack[22m | Storing File: res://.godot/imported/thunder_far_2.ogg-c7962a450dca2e9eb629e261cbe75258.oggvorbisstr[39m[0m
[  25% ] [90m[1msavepack[22m | Storing File: res://assets/ext/audio/sfx/weather/thunder_far_2.ogg.import[39m[0m
[  25% ] [90m[1msavepack[22m | Storing File: res://.godot/imported/thunder_far_3.ogg-f49e27c336bb2ed799d0f2c14dc3130e.oggvorbisstr[39m[0m
[  25% ] [90m[1msavepack[22m | Storing File: res://assets/ext/audio/sfx/weather/thunder_far_3.ogg.import[39m[0m
[  25% ] [90m[1msavepack[22m | Storing File: res://.godot/imported/thunder_far_4.ogg-02acc15ad8a287120e5d87946dc02b56.oggvorbisstr[39m[0m
[  25% ] [90m[1msavepack[22m | Storing File: res://assets/ext/audio/sfx/weather/thunder_far_4.ogg.import[39m[0m
[  25% ] [90m[1msavepack[22m | Storing File: res://.godot/imported/alarm_gunfire__man_town.ogg-195e8caf5ba84e946229458fd6726452.oggvorbisstr[39m[0m
[  25% ] [90m[1msavepack[22m | Storing File: res://assets/ext/audio/voice/alarm_gunfire__man_town.ogg.import[39m[0m
[  25% ] [90m[1msavepack[22m | Storing File: res://.godot/imported/alarm_gunfire__shopkeeper.ogg-a44f01945078fdd05f10eaf46b129e30.oggvorbisstr[39m[0m
[  25% ] [90m[1msavepack[22m | Storing File: res://assets/ext/audio/voice/alarm_gunfire__shopkeeper.ogg.import[39m[0m
[  25% ] [90m[1msavepack[22m | Storing File: res://.godot/imported/alarm_gunfire__woman_town.ogg-e350389d842430ecdb753032fd52ddac.oggvorbisstr[39m[0m
[  25% ] [90m[1msavepack[22m | Storing File: res://assets/ext/audio/voice/alarm_gunfire__woman_town.ogg.import[39m[0m
[  25% ] [90m[1msavepack[22m | Storing File: res://.godot/imported/alarm_run__man_young.ogg-600e8df51435ffd00bfe4236fb6df184.oggvorbisstr[39m[0m
[  25% ] [90m[1msavepack[22m | Storing File: res://assets/ext/audio/voice/alarm_run__man_young.ogg.import[39m[0m
[  25% ] [90m[1msavepack[22m | Storing File: res://.godot/imported/alarm_run__woman_town.ogg-4d7cd88c21a74cb60356802ec354e085.oggvorbisstr[39m[0m
[  25% ] [90m[1msavepack[22m | Storing File: res://assets/ext/audio/voice/alarm_run__woman_town.ogg.import[39m[0m
[  25% ] [90m[1msavepack[22m | Storing File: res://.godot/imported/alarm_sheriff__man_old.ogg-072ae11587cd745217de88246d2ddaf0.oggvorbisstr[39m[0m
[  25% ] [90m[1msavepack[22m | Storing File: res://assets/ext/audio/voice/alarm_sheriff__man_old.ogg.import[39m[0m
[  25% ] [90m[1msavepack[22m | Storing File: res://.godot/imported/alarm_sheriff__man_town.ogg-fd2d3e36ce03faec5be5ed85472dcba9.oggvorbisstr[39m[0m
[  25% ] [90m[1msavepack[22m | Storing File: res://assets/ext/audio/voice/alarm_sheriff__man_town.ogg.import[39m[0m
[  25% ] [90m[1msavepack[22m | Storing File: res://.godot/imported/alarm_sheriff__woman_town.ogg-c65dcce34e953871103bdf59a39bdb27.oggvorbisstr[39m[0m
[  25% ] [90m[1msavepack[22m | Storing File: res://assets/ext/audio/voice/alarm_sheriff__woman_town.ogg.import[39m[0m
[  25% ] [90m[1msavepack[22m | Storing File: res://.godot/imported/bark_alarm_01.ogg-60f3fc98bc7331ddf9c18d09ba46f5d5.oggvorbisstr[39m[0m
[  25% ] [90m[1msavepack[22m | Storing File: res://assets/ext/audio/voice/bark_alarm_01.ogg.import[39m[0m
[  26% ] [90m[1msavepack[22m | Storing File: res://.godot/imported/bark_alarm_02.ogg-9a31b341d5d8013e297ed1be7076f8b8.oggvorbisstr[39m[0m
[  26% ] [90m[1msavepack[22m | Storing File: res://assets/ext/audio/voice/bark_alarm_02.ogg.import[39m[0m
[  26% ] [90m[1msavepack[22m | Storing File: res://.godot/imported/bark_greet_01.ogg-f52b50a115824c3774e20e8b89413921.oggvorbisstr[39m[0m
[  26% ] [90m[1msavepack[22m | Storing File: res://assets/ext/audio/voice/bark_greet_01.ogg.import[39m[0m
[  26% ] [90m[1msavepack[22m | Storing File: res://.godot/imported/bark_greet_02.ogg-15ca290452c1a230748d760e7f075932.oggvorbisstr[39m[0m
[  26% ] [90m[1msavepack[22m | Storing File: res://assets/ext/audio/voice/bark_greet_02.ogg.import[39m[0m
[  26% ] [90m[1msavepack[22m | Storing File: res://.godot/imported/bark_greet_03.ogg-7616eb1ed28e74a74030f9569ba6c510.oggvorbisstr[39m[0m
[  26% ] [90m[1msavepack[22m | Storing File: res://assets/ext/audio/voice/bark_greet_03.ogg.import[39m[0m
[  26% ] [90m[1msavepack[22m | Storing File: res://.godot/imported/bark_hostile_01.ogg-6b46ade562ce5df29bcaaad868d96a3c.oggvorbisstr[39m[0m
[  26% ] [90m[1msavepack[22m | Storing File: res://assets/ext/audio/voice/bark_hostile_01.ogg.import[39m[0m
[  26% ] [90m[1msavepack[22m | Storing File: res://.godot/imported/bark_hostile_02.ogg-7892d354e0b1752b36020f7664a6ce96.oggvorbisstr[39m[0m
[  26% ] [90m[1msavepack[22m | Storing File: res://assets/ext/audio/voice/bark_hostile_02.ogg.import[39m[0m
[  26% ] [90m[1msavepack[22m | Storing File: res://.godot/imported/bark_hostile_03.ogg-a7c119824560a7d616f4f3ffab07c570.oggvorbisstr[39m[0m
[  26% ] [90m[1msavepack[22m | Storing File: res://assets/ext/audio/voice/bark_hostile_03.ogg.import[39m[0m
[  26% ] [90m[1msavepack[22m | Storing File: res://.godot/imported/bark_surrender_01.ogg-60e279ea4418e201fc37cb27a6b72e9e.oggvorbisstr[39m[0m
[  26% ] [90m[1msavepack[22m | Storing File: res://assets/ext/audio/voice/bark_surrender_01.ogg.import[39m[0m
[  26% ] [90m[1msavepack[22m | Storing File: res://.godot/imported/bye_care__shopkeeper.ogg-4c18f0980de122389cd34ef0276fef70.oggvorbisstr[39m[0m
[  26% ] [90m[1msavepack[22m | Storing File: res://assets/ext/audio/voice/bye_care__shopkeeper.ogg.import[39m[0m
[  26% ] [90m[1msavepack[22m | Storing File: res://.godot/imported/bye_care__woman_old.ogg-0043760456d1f9ecd60e6395d279b83a.oggvorbisstr[39m[0m
[  26% ] [90m[1msavepack[22m | Storing File: res://assets/ext/audio/voice/bye_care__woman_old.ogg.import[39m[0m
[  26% ] [90m[1msavepack[22m | Storing File: res://.godot/imported/bye_care__woman_town.ogg-2a104b1e3587ab3a30685067af42a981.oggvorbisstr[39m[0m
[  26% ] [90m[1msavepack[22m | Storing File: res://assets/ext/audio/voice/bye_care__woman_town.ogg.import[39m[0m
[  26% ] [90m[1msavepack[22m | Storing File: res://.godot/imported/bye_road__man_old.ogg-5faac14aa142b783ea6cf6826c0543d7.oggvorbisstr[39m[0m
[  26% ] [90m[1msavepack[22m | Storing File: res://assets/ext/audio/voice/bye_road__man_old.ogg.import[39m[0m
[  26% ] [90m[1msavepack[22m | Storing File: res://.godot/imported/bye_road__man_town.ogg-6687bf5c02a400f00e57db78d56b7ebb.oggvorbisstr[39m[0m
[  26% ] [90m[1msavepack[22m | Storing File: res://assets/ext/audio/voice/bye_road__man_town.ogg.import[39m[0m
[  26% ] [90m[1msavepack[22m | Storing File: res://.godot/imported/c1_drover_01.ogg-2a0338b363b35acf97b00e137ea1fd2f.oggvorbisstr[39m[0m
[  26% ] [90m[1msavepack[22m | Storing File: res://assets/ext/audio/voice/c1_drover_01.ogg.import[39m[0m
[  26% ] [90m[1msavepack[22m | Storing File: res://.godot/imported/c1_drover_02.ogg-7321f93edf574ad7eec9cfc9bbc4fdb5.oggvorbisstr[39m[0m
[  26% ] [90m[1msavepack[22m | Storing File: res://assets/ext/audio/voice/c1_drover_02.ogg.import[39m[0m
[  26% ] [90m[1msavepack[22m | Storing File: res://.godot/imported/c1_drover_03.ogg-195977cae1a1f7b880c1ac4fecbb9116.oggvorbisstr[39m[0m
[  26% ] [90m[1msavepack[22m | Storing File: res://assets/ext/audio/voice/c1_drover_03.ogg.import[39m[0m
[  26% ] [90m[1msavepack[22m | Storing File: res://.godot/imported/c1_drover_04.ogg-4991227045d13ed12a3a365868923d3e.oggvorbisstr[39m[0m
[  26% ] [90m[1msavepack[22m | Storing File: res://assets/ext/audio/voice/c1_drover_04.ogg.import[39m[0m
[  26% ] [90m[1msavepack[22m | Storing File: res://.godot/imported/c1_drover_05.ogg-9e38fe037a28d9ce88788f5d363a96ee.oggvorbisstr[39m[0m
[  26% ] [90m[1msavepack[22m | Storing File: res://assets/ext/audio/voice/c1_drover_05.ogg.import[39m[0m
[  26% ] [90m[1msavepack[22m | Storing File: res://.godot/imported/c1_drover_06.ogg-102753607dab78841af6152f5c2546ca.oggvorbisstr[39m[0m
[  26% ] [90m[1msavepack[22m | Storing File: res://assets/ext/audio/voice/c1_drover_06.ogg.import[39m[0m
[  26% ] [90m[1msavepack[22m | Storing File: res://.godot/imported/c1_drover_07.ogg-3a79517cda3d2b306334d512f4b6a935.oggvorbisstr[39m[0m
[  26% ] [90m[1msavepack[22m | Storing File: res://assets/ext/audio/voice/c1_drover_07.ogg.import[39m[0m
[  26% ] [90m[1msavepack[22m | Storing File: res://.godot/imported/c1_drover_08.ogg-619a7aa598bdd1bc36951ff4654f57cd.oggvorbisstr[39m[0m
[  26% ] [90m[1msavepack[22m | Storing File: res://assets/ext/audio/voice/c1_drover_08.ogg.import[39m[0m
[  26% ] [90m[1msavepack[22m | Storing File: res://.godot/imported/c1_drover_09.ogg-db6308fe8ee50504fb4295170ffb78b7.oggvorbisstr[39m[0m
[  26% ] [90m[1msavepack[22m | Storing File: res://assets/ext/audio/voice/c1_drover_09.ogg.import[39m[0m
[  26% ] [90m[1msavepack[22m | Storing File: res://.godot/imported/c1_drover_10.ogg-d750a8c6a5f5b440d9d749f529d1ca07.oggvorbisstr[39m[0m
[  26% ] [90m[1msavepack[22m | Storing File: res://assets/ext/audio/voice/c1_drover_10.ogg.import[39m[0m
[  26% ] [90m[1msavepack[22m | Storing File: res://.godot/imported/c1_drover_11.ogg-7a8dbcc5ecb04991ed06e8404d0d1238.oggvorbisstr[39m[0m
[  26% ] [90m[1msavepack[22m | Storing File: res://assets/ext/audio/voice/c1_drover_11.ogg.import[39m[0m
[  26% ] [90m[1msavepack[22m | Storing File: res://.godot/imported/c1_fire_01.ogg-8ff503875f2203b4a051d04ab446f872.oggvorbisstr[39m[0m
[  26% ] [90m[1msavepack[22m | Storing File: res://assets/ext/audio/voice/c1_fire_01.ogg.import[39m[0m
[  26% ] [90m[1msavepack[22m | Storing File: res://.godot/imported/c1_fire_02.ogg-432b9bc1c23b65e6b9b327d52f3a74ee.oggvorbisstr[39m[0m
[  26% ] [90m[1msavepack[22m | Storing File: res://assets/ext/audio/voice/c1_fire_02.ogg.import[39m[0m
[  26% ] [90m[1msavepack[22m | Storing File: res://.godot/imported/c1_fire_03.ogg-931fb6fa78a333a926632361ac0c9870.oggvorbisstr[39m[0m
[  26% ] [90m[1msavepack[22m | Storing File: res://assets/ext/audio/voice/c1_fire_03.ogg.import[39m[0m
[  26% ] [90m[1msavepack[22m | Storing File: res://.godot/imported/c1_fire_04.ogg-c050d0f8d204d61cc1b59a38b589862c.oggvorbisstr[39m[0m
[  26% ] [90m[1msavepack[22m | Storing File: res://assets/ext/audio/voice/c1_fire_04.ogg.import[39m[0m
[  26% ] [90m[1msavepack[22m | Storing File: res://.godot/imported/c1_fire_05.ogg-0d5c16d7780972958adaeb33c8a5cf3e.oggvorbisstr[39m[0m
[  26% ] [90m[1msavepack[22m | Storing File: res://assets/ext/audio/voice/c1_fire_05.ogg.import[39m[0m
[  26% ] [90m[1msavepack[22m | Storing File: res://.godot/imported/c1_fire_06.ogg-a44c1411dfd1a989d9a255f008731054.oggvorbisstr[39m[0m
[  26% ] [90m[1msavepack[22m | Storing File: res://assets/ext/audio/voice/c1_fire_06.ogg.import[39m[0m
[  26% ] [90m[1msavepack[22m | Storing File: res://.godot/imported/c1_fire_07.ogg-bbc83d5e9c8ce6d9e25b72b9a7f14484.oggvorbisstr[39m[0m
[  26% ] [90m[1msavepack[22m | Storing File: res://assets/ext/audio/voice/c1_fire_07.ogg.import[39m[0m
[  26% ] [90m[1msavepack[22m | Storing File: res://.godot/imported/c1_fire_08.ogg-1c8eb337b0e8a9b5c4d3865197e617cc.oggvorbisstr[39m[0m
[  26% ] [90m[1msavepack[22m | Storing File: res://assets/ext/audio/voice/c1_fire_08.ogg.import[39m[0m
[  26% ] [90m[1msavepack[22m | Storing File: res://.godot/imported/c1_fire_09.ogg-d6584c1448da39d98a8f465862ad2484.oggvorbisstr[39m[0m
[  26% ] [90m[1msavepack[22m | Storing File: res://assets/ext/audio/voice/c1_fire_09.ogg.import[39m[0m
[  26% ] [90m[1msavepack[22m | Storing File: res://.godot/imported/c1_fire_10.ogg-3c2f72fdd7ee1fef4940771563bb584a.oggvorbisstr[39m[0m
[  26% ] [90m[1msavepack[22m | Storing File: res://assets/ext/audio/voice/c1_fire_10.ogg.import[39m[0m
[  26% ] [90m[1msavepack[22m | Storing File: res://.godot/imported/c1_greer_01.ogg-ac1806eef928c2472ba159c39f889847.oggvorbisstr[39m[0m
[  26% ] [90m[1msavepack[22m | Storing File: res://assets/ext/audio/voice/c1_greer_01.ogg.import[39m[0m
[  26% ] [90m[1msavepack[22m | Storing File: res://.godot/imported/c1_greer_02.ogg-71aae81a6d8cb21cc925dd4a9942e598.oggvorbisstr[39m[0m
[  26% ] [90m[1msavepack[22m | Storing File: res://assets/ext/audio/voice/c1_greer_02.ogg.import[39m[0m
[  27% ] [90m[1msavepack[22m | Storing File: res://.godot/imported/c1_greer_03.ogg-8b73990ecd07cf828db163dd1caa7662.oggvorbisstr[39m[0m
[  27% ] [90m[1msavepack[22m | Storing File: res://assets/ext/audio/voice/c1_greer_03.ogg.import[39m[0m
[  27% ] [90m[1msavepack[22m | Storing File: res://.godot/imported/c1_greer_04.ogg-92a6372eb6613797162a1b4e6a1b345e.oggvorbisstr[39m[0m
[  27% ] [90m[1msavepack[22m | Storing File: res://assets/ext/audio/voice/c1_greer_04.ogg.import[39m[0m
[  27% ] [90m[1msavepack[22m | Storing File: res://.godot/imported/c1_greer_05.ogg-5ea86ac7571763853d9b3fd2208208ab.oggvorbisstr[39m[0m
[  27% ] [90m[1msavepack[22m | Storing File: res://assets/ext/audio/voice/c1_greer_05.ogg.import[39m[0m
[  27% ] [90m[1msavepack[22m | Storing File: res://.godot/imported/c1_greer_06.ogg-5ee82e593ba09a81b3067053189e0343.oggvorbisstr[39m[0m
[  27% ] [90m[1msavepack[22m | Storing File: res://assets/ext/audio/voice/c1_greer_06.ogg.import[39m[0m
[  27% ] [90m[1msavepack[22m | Storing File: res://.godot/imported/c1_greer_07.ogg-4868ab841b332f92fd9ac38bac11823d.oggvorbisstr[39m[0m
[  27% ] [90m[1msavepack[22m | Storing File: res://assets/ext/audio/voice/c1_greer_07.ogg.import[39m[0m
[  27% ] [90m[1msavepack[22m | Storing File: res://.godot/imported/c1_greer_08.ogg-812c9251a80cb4afd4ac28922c1ea096.oggvorbisstr[39m[0m
[  27% ] [90m[1msavepack[22m | Storing File: res://assets/ext/audio/voice/c1_greer_08.ogg.import[39m[0m
[  27% ] [90m[1msavepack[22m | Storing File: res://.godot/imported/c1_greer_09.ogg-6bb1c6e056be9d5c6a1658c0ee96e177.oggvorbisstr[39m[0m
[  27% ] [90m[1msavepack[22m | Storing File: res://assets/ext/audio/voice/c1_greer_09.ogg.import[39m[0m
[  27% ] [90m[1msavepack[22m | Storing File: res://.godot/imported/c1_inq_01.ogg-b3f26c9db3c805d0729ba277ebff61f1.oggvorbisstr[39m[0m
[  27% ] [90m[1msavepack[22m | Storing File: res://assets/ext/audio/voice/c1_inq_01.ogg.import[39m[0m
[  27% ] [90m[1msavepack[22m | Storing File: res://.godot/imported/c1_inq_02.ogg-49baf9b2e20312fc3beec48f79fa4004.oggvorbisstr[39m[0m
[  27% ] [90m[1msavepack[22m | Storing File: res://assets/ext/audio/voice/c1_inq_02.ogg.import[39m[0m
[  27% ] [90m[1msavepack[22m | Storing File: res://.godot/imported/c1_inq_03.ogg-a95b1a66061a3a3d2f9951ffbda65d6f.oggvorbisstr[39m[0m
[  27% ] [90m[1msavepack[22m | Storing File: res://assets/ext/audio/voice/c1_inq_03.ogg.import[39m[0m
[  27% ] [90m[1msavepack[22m | Storing File: res://.godot/imported/c1_inq_04.ogg-2f40609d60bdcf973faca42a6ea658a7.oggvorbisstr[39m[0m
[  27% ] [90m[1msavepack[22m | Storing File: res://assets/ext/audio/voice/c1_inq_04.ogg.import[39m[0m
[  27% ] [90m[1msavepack[22m | Storing File: res://.godot/imported/c1_inq_05.ogg-d51f62ee04122ff9e684932739d63671.oggvorbisstr[39m[0m
[  27% ] [90m[1msavepack[22m | Storing File: res://assets/ext/audio/voice/c1_inq_05.ogg.import[39m[0m
[  27% ] [90m[1msavepack[22m | Storing File: res://.godot/imported/c1_inq_06.ogg-c7865d2c8181cd0ab7e2a1ed367c8642.oggvorbisstr[39m[0m
[  27% ] [90m[1msavepack[22m | Storing File: res://assets/ext/audio/voice/c1_inq_06.ogg.import[39m[0m
[  27% ] [90m[1msavepack[22m | Storing File: res://.godot/imported/c1_inq_07.ogg-3f911bfb867077f9562085964696ce99.oggvorbisstr[39m[0m
[  27% ] [90m[1msavepack[22m | Storing File: res://assets/ext/audio/voice/c1_inq_07.ogg.import[39m[0m
[  27% ] [90m[1msavepack[22m | Storing File: res://.godot/imported/c1_inq_08.ogg-b9717c64e86bee781bd9187e62945f55.oggvorbisstr[39m[0m
[  27% ] [90m[1msavepack[22m | Storing File: res://assets/ext/audio/voice/c1_inq_08.ogg.import[39m[0m
[  27% ] [90m[1msavepack[22m | Storing File: res://.godot/imported/c1_inq_09.ogg-1f065d16d53e5875cff55bbf05c7efcf.oggvorbisstr[39m[0m
[  27% ] [90m[1msavepack[22m | Storing File: res://assets/ext/audio/voice/c1_inq_09.ogg.import[39m[0m
[  27% ] [90m[1msavepack[22m | Storing File: res://.godot/imported/c1_inq_10.ogg-4347cb9eb0cd372256fd1be7c5cbb904.oggvorbisstr[39m[0m
[  27% ] [90m[1msavepack[22m | Storing File: res://assets/ext/audio/voice/c1_inq_10.ogg.import[39m[0m
[  27% ] [90m[1msavepack[22m | Storing File: res://.godot/imported/c1_inq_11.ogg-f83517efef6e91fb88312fb2df69e578.oggvorbisstr[39m[0m
[  27% ] [90m[1msavepack[22m | Storing File: res://assets/ext/audio/voice/c1_inq_11.ogg.import[39m[0m
[  27% ] [90m[1msavepack[22m | Storing File: res://.godot/imported/c1_inq_12.ogg-89ca5513b671ef79a98f92896c9412eb.oggvorbisstr[39m[0m
[  27% ] [90m[1msavepack[22m | Storing File: res://assets/ext/audio/voice/c1_inq_12.ogg.import[39m[0m
[  27% ] [90m[1msavepack[22m | Storing File: res://.godot/imported/c1_inq_13.ogg-71258682ede2dbf25c973536ccda5edf.oggvorbisstr[39m[0m
[  27% ] [90m[1msavepack[22m | Storing File: res://assets/ext/audio/voice/c1_inq_13.ogg.import[39m[0m
[  27% ] [90m[1msavepack[22m | Storing File: res://.godot/imported/c1_rider_01.ogg-25aae9e16194f6b7feb47e1ff1385c08.oggvorbisstr[39m[0m
[  27% ] [90m[1msavepack[22m | Storing File: res://assets/ext/audio/voice/c1_rider_01.ogg.import[39m[0m
[  27% ] [90m[1msavepack[22m | Storing File: res://.godot/imported/c1_rider_02.ogg-ad791ce5bfa36dfd0e756bb9141a334f.oggvorbisstr[39m[0m
[  27% ] [90m[1msavepack[22m | Storing File: res://assets/ext/audio/voice/c1_rider_02.ogg.import[39m[0m
[  27% ] [90m[1msavepack[22m | Storing File: res://.godot/imported/c1_rider_03.ogg-f996f6440b28e2a168e34ce640c32ab5.oggvorbisstr[39m[0m
[  27% ] [90m[1msavepack[22m | Storing File: res://assets/ext/audio/voice/c1_rider_03.ogg.import[39m[0m
[  27% ] [90m[1msavepack[22m | Storing File: res://.godot/imported/c1_rider_04.ogg-b8a2727fdf7c56645149b1dc88558478.oggvorbisstr[39m[0m
[  27% ] [90m[1msavepack[22m | Storing File: res://assets/ext/audio/voice/c1_rider_04.ogg.import[39m[0m
[  27% ] [90m[1msavepack[22m | Storing File: res://.godot/imported/c1_rider_05.ogg-d929557abc32d57f1af62ba970e935a0.oggvorbisstr[39m[0m
[  27% ] [90m[1msavepack[22m | Storing File: res://assets/ext/audio/voice/c1_rider_05.ogg.import[39m[0m
[  27% ] [90m[1msavepack[22m | Storing File: res://.godot/imported/c1_rider_06.ogg-f9894c80be2130eab1318984056c9eed.oggvorbisstr[39m[0m
[  27% ] [90m[1msavepack[22m | Storing File: res://assets/ext/audio/voice/c1_rider_06.ogg.import[39m[0m
[  27% ] [90m[1msavepack[22m | Storing File: res://.godot/imported/c2_bank_01.ogg-1f1a43f52c40404814fb0e39a6c40a87.oggvorbisstr[39m[0m
[  27% ] [90m[1msavepack[22m | Storing File: res://assets/ext/audio/voice/c2_bank_01.ogg.import[39m[0m
[  27% ] [90m[1msavepack[22m | Storing File: res://.godot/imported/c2_bank_02.ogg-81a4385fee225e2001b62bcb6c896089.oggvorbisstr[39m[0m
[  27% ] [90m[1msavepack[22m | Storing File: res://assets/ext/audio/voice/c2_bank_02.ogg.import[39m[0m
[  27% ] [90m[1msavepack[22m | Storing File: res://.godot/imported/c2_bank_03.ogg-9eec747cecea498fb22e643d7873e397.oggvorbisstr[39m[0m
[  27% ] [90m[1msavepack[22m | Storing File: res://assets/ext/audio/voice/c2_bank_03.ogg.import[39m[0m
[  27% ] [90m[1msavepack[22m | Storing File: res://.godot/imported/c2_bank_04.ogg-293aff1894e16464319eec682f5d895f.oggvorbisstr[39m[0m
[  27% ] [90m[1msavepack[22m | Storing File: res://assets/ext/audio/voice/c2_bank_04.ogg.import[39m[0m
[  27% ] [90m[1msavepack[22m | Storing File: res://.godot/imported/c2_bank_05.ogg-5970da022ab7c6842d656743d0572735.oggvorbisstr[39m[0m
[  27% ] [90m[1msavepack[22m | Storing File: res://assets/ext/audio/voice/c2_bank_05.ogg.import[39m[0m
[  27% ] [90m[1msavepack[22m | Storing File: res://.godot/imported/c2_bank_06.ogg-0a46ca94e5f47e6c43d2bc530a248434.oggvorbisstr[39m[0m
[  27% ] [90m[1msavepack[22m | Storing File: res://assets/ext/audio/voice/c2_bank_06.ogg.import[39m[0m
[  27% ] [90m[1msavepack[22m | Storing File: res://.godot/imported/c2_bank_07.ogg-61a30b8216a3d83002de6dd3c6dab384.oggvorbisstr[39m[0m
[  27% ] [90m[1msavepack[22m | Storing File: res://assets/ext/audio/voice/c2_bank_07.ogg.import[39m[0m
[  27% ] [90m[1msavepack[22m | Storing File: res://.godot/imported/c2_bank_08.ogg-148f40e70b4e7f967b4690c1b47c49e4.oggvorbisstr[39m[0m
[  27% ] [90m[1msavepack[22m | Storing File: res://assets/ext/audio/voice/c2_bank_08.ogg.import[39m[0m
[  27% ] [90m[1msavepack[22m | Storing File: res://.godot/imported/c2_bank_09.ogg-0d7b37bfd12235a15815440cdc0fc041.oggvorbisstr[39m[0m
[  27% ] [90m[1msavepack[22m | Storing File: res://assets/ext/audio/voice/c2_bank_09.ogg.import[39m[0m
[  28% ] [90m[1msavepack[22m | Storing File: res://.godot/imported/c2_bank_10.ogg-11e5496d7c261ac0278623034d469e27.oggvorbisstr[39m[0m
[  28% ] [90m[1msavepack[22m | Storing File: res://assets/ext/audio/voice/c2_bank_10.ogg.import[39m[0m
[  28% ] [90m[1msavepack[22m | Storing File: res://.godot/imported/c2_bank_11.ogg-b32505bfa0ecbce11c832c87411b53ab.oggvorbisstr[39m[0m
[  28% ] [90m[1msavepack[22m | Storing File: res://assets/ext/audio/voice/c2_bank_11.ogg.import[39m[0m
[  28% ] [90m[1msavepack[22m | Storing File: res://.godot/imported/c2_bank_12.ogg-b761000a22c82d6dcec49b9833b447dc.oggvorbisstr[39m[0m
[  28% ] [90m[1msavepack[22m | Storing File: res://assets/ext/audio/voice/c2_bank_12.ogg.import[39m[0m
[  28% ] [90m[1msavepack[22m | Storing File: res://.godot/imported/c2_bank_13.ogg-d2300f18020bf1b812bce6e1b4ce2b68.oggvorbisstr[39m[0m
[  28% ] [90m[1msavepack[22m | Storing File: res://assets/ext/audio/voice/c2_bank_13.ogg.import[39m[0m
[  28% ] [90m[1msavepack[22m | Storing File: res://.godot/imported/c2_bank_14.ogg-0bdde892424d582d20360e6da2029c1a.oggvorbisstr[39m[0m
[  28% ] [90m[1msavepack[22m | Storing File: res://assets/ext/audio/voice/c2_bank_14.ogg.import[39m[0m
[  28% ] [90m[1msavepack[22m | Storing File: res://.godot/imported/c2_bank_15.ogg-f8f9d27679df620e895da98809e2698f.oggvorbisstr[39m[0m
[  28% ] [90m[1msavepack[22m | Storing File: res://assets/ext/audio/voice/c2_bank_15.ogg.import[39m[0m
[  28% ] [90m[1msavepack[22m | Storing File: res://.godot/imported/c2_bank_16.ogg-8df7670376cf4ab2e94d479194b3fbf2.oggvorbisstr[39m[0m
[  28% ] [90m[1msavepack[22m | Storing File: res://assets/ext/audio/voice/c2_bank_16.ogg.import[39m[0m
[  28% ] [90m[1msavepack[22m | Storing File: res://.godot/imported/c2_bank_17.ogg-706670df469ee92af01d528322e68372.oggvorbisstr[39m[0m
[  28% ] [90m[1msavepack[22m | Storing File: res://assets/ext/audio/voice/c2_bank_17.ogg.import[39m[0m
[  28% ] [90m[1msavepack[22m | Storing File: res://.godot/imported/c2_bank_18.ogg-5d4553991eb2e187bb0afaa1ab732a7e.oggvorbisstr[39m[0m
[  28% ] [90m[1msavepack[22m | Storing File: res://assets/ext/audio/voice/c2_bank_18.ogg.import[39m[0m
[  28% ] [90m[1msavepack[22m | Storing File: res://.godot/imported/c2_bank_19.ogg-bf7fa2e0f31dc25dac2d302cb91b5925.oggvorbisstr[39m[0m
[  28% ] [90m[1msavepack[22m | Storing File: res://assets/ext/audio/voice/c2_bank_19.ogg.import[39m[0m
[  28% ] [90m[1msavepack[22m | Storing File: res://.godot/imported/c2_bank_20.ogg-c3538bf4f6ab7198b51bd1aecb986b56.oggvorbisstr[39m[0m
[  28% ] [90m[1msavepack[22m | Storing File: res://assets/ext/audio/voice/c2_bank_20.ogg.import[39m[0m
[  28% ] [90m[1msavepack[22m | Storing File: res://.godot/imported/c2_bank_21.ogg-b7623f6e5b25095bebfde375e757f5bf.oggvorbisstr[39m[0m
[  28% ] [90m[1msavepack[22m | Storing File: res://assets/ext/audio/voice/c2_bank_21.ogg.import[39m[0m
[  28% ] [90m[1msavepack[22m | Storing File: res://.godot/imported/c2_bank_22.ogg-c9be7a95e360c9680062cc6ad85d07cb.oggvorbisstr[39m[0m
[  28% ] [90m[1msavepack[22m | Storing File: res://assets/ext/audio/voice/c2_bank_22.ogg.import[39m[0m
[  28% ] [90m[1msavepack[22m | Storing File: res://.godot/imported/c2_bank_23.ogg-c3f5ed320b810782437464a955224f0d.oggvorbisstr[39m[0m
[  28% ] [90m[1msavepack[22m | Storing File: res://assets/ext/audio/voice/c2_bank_23.ogg.import[39m[0m
[  28% ] [90m[1msavepack[22m | Storing File: res://.godot/imported/c2_bank_24.ogg-19654f1ac6917da53156972f574e43cd.oggvorbisstr[39m[0m
[  28% ] [90m[1msavepack[22m | Storing File: res://assets/ext/audio/voice/c2_bank_24.ogg.import[39m[0m
[  28% ] [90m[1msavepack[22m | Storing File: res://.godot/imported/c2_bank_25.ogg-d1036731feb7f2d59bed3a8a8f01c8b7.oggvorbisstr[39m[0m
[  28% ] [90m[1msavepack[22m | Storing File: res://assets/ext/audio/voice/c2_bank_25.ogg.import[39m[0m
[  28% ] [90m[1msavepack[22m | Storing File: res://.godot/imported/c2_bank_26.ogg-faa3faa4dd140afd5d0cf55ddc1ab0d4.oggvorbisstr[39m[0m
[  28% ] [90m[1msavepack[22m | Storing File: res://assets/ext/audio/voice/c2_bank_26.ogg.import[39m[0m
[  28% ] [90m[1msavepack[22m | Storing File: res://.godot/imported/c2_bank_27.ogg-e4cda0ed7ae55c7494ff6b89619f9750.oggvorbisstr[39m[0m
[  28% ] [90m[1msavepack[22m | Storing File: res://assets/ext/audio/voice/c2_bank_27.ogg.import[39m[0m
[  28% ] [90m[1msavepack[22m | Storing File: res://.godot/imported/c2_cards_01.ogg-a419bd3fe127579e410c65a24c4f7dc7.oggvorbisstr[39m[0m
[  28% ] [90m[1msavepack[22m | Storing File: res://assets/ext/audio/voice/c2_cards_01.ogg.import[39m[0m
[  28% ] [90m[1msavepack[22m | Storing File: res://.godot/imported/c2_cards_02.ogg-a3bf6a8240599ee4921f7c70861f992c.oggvorbisstr[39m[0m
[  28% ] [90m[1msavepack[22m | Storing File: res://assets/ext/audio/voice/c2_cards_02.ogg.import[39m[0m
[  28% ] [90m[1msavepack[22m | Storing File: res://.godot/imported/c2_cards_03.ogg-bf937bfa8a0ed22572080c4ebfea9f11.oggvorbisstr[39m[0m
[  28% ] [90m[1msavepack[22m | Storing File: res://assets/ext/audio/voice/c2_cards_03.ogg.import[39m[0m
[  28% ] [90m[1msavepack[22m | Storing File: res://.godot/imported/c2_cards_04.ogg-1e8c5ba03399d89a02409c15720faa89.oggvorbisstr[39m[0m
[  28% ] [90m[1msavepack[22m | Storing File: res://assets/ext/audio/voice/c2_cards_04.ogg.import[39m[0m
[  28% ] [90m[1msavepack[22m | Storing File: res://.godot/imported/c2_cards_05.ogg-b2c592a6e246d51bc7c6fe0b2639feb4.oggvorbisstr[39m[0m
[  28% ] [90m[1msavepack[22m | Storing File: res://assets/ext/audio/voice/c2_cards_05.ogg.import[39m[0m
[  28% ] [90m[1msavepack[22m | Storing File: res://.godot/imported/c2_cards_06.ogg-f9e52f8322edb3219e907ef563e4cdab.oggvorbisstr[39m[0m
[  28% ] [90m[1msavepack[22m | Storing File: res://assets/ext/audio/voice/c2_cards_06.ogg.import[39m[0m
[  28% ] [90m[1msavepack[22m | Storing File: res://.godot/imported/c2_cards_07.ogg-f2eb4b8c8473acda7169abf1c3b4394f.oggvorbisstr[39m[0m
[  28% ] [90m[1msavepack[22m | Storing File: res://assets/ext/audio/voice/c2_cards_07.ogg.import[39m[0m
[  28% ] [90m[1msavepack[22m | Storing File: res://.godot/imported/c2_cards_08.ogg-98dc712a10906b79c8ad80a0c0ac179f.oggvorbisstr[39m[0m
[  28% ] [90m[1msavepack[22m | Storing File: res://assets/ext/audio/voice/c2_cards_08.ogg.import[39m[0m
[  28% ] [90m[1msavepack[22m | Storing File: res://.godot/imported/c2_cards_09.ogg-273dca0c9fd26571b5edd8476fba896d.oggvorbisstr[39m[0m
[  28% ] [90m[1msavepack[22m | Storing File: res://assets/ext/audio/voice/c2_cards_09.ogg.import[39m[0m
[  28% ] [90m[1msavepack[22m | Storing File: res://.godot/imported/c2_cards_10.ogg-c68d51a6910256685551f5da6b65b46e.oggvorbisstr[39m[0m
[  28% ] [90m[1msavepack[22m | Storing File: res://assets/ext/audio/voice/c2_cards_10.ogg.import[39m[0m
[  28% ] [90m[1msavepack[22m | Storing File: res://.godot/imported/c2_cards_11.ogg-1465ac419f8ac0490e4ac318029e0de7.oggvorbisstr[39m[0m
[  28% ] [90m[1msavepack[22m | Storing File: res://assets/ext/audio/voice/c2_cards_11.ogg.import[39m[0m
[  28% ] [90m[1msavepack[22m | Storing File: res://.godot/imported/c2_cards_12.ogg-32153ccbadf63766cd2803d26b86e4d9.oggvorbisstr[39m[0m
[  28% ] [90m[1msavepack[22m | Storing File: res://assets/ext/audio/voice/c2_cards_12.ogg.import[39m[0m
[  28% ] [90m[1msavepack[22m | Storing File: res://.godot/imported/c2_cards_13.ogg-89d19429693af4f7503f62e4a2198dea.oggvorbisstr[39m[0m
[  28% ] [90m[1msavepack[22m | Storing File: res://assets/ext/audio/voice/c2_cards_13.ogg.import[39m[0m
[  28% ] [90m[1msavepack[22m | Storing File: res://.godot/imported/c2_cards_14.ogg-3c39468b63602b17df67f7467fbd3aaa.oggvorbisstr[39m[0m
[  28% ] [90m[1msavepack[22m | Storing File: res://assets/ext/audio/voice/c2_cards_14.ogg.import[39m[0m
[  28% ] [90m[1msavepack[22m | Storing File: res://.godot/imported/c2_cards_15.ogg-6f8309db5cc73345a7fcca49dc8d0836.oggvorbisstr[39m[0m
[  28% ] [90m[1msavepack[22m | Storing File: res://assets/ext/audio/voice/c2_cards_15.ogg.import[39m[0m
[  28% ] [90m[1msavepack[22m | Storing File: res://.godot/imported/c2_cards_16.ogg-600a49203acb97e065d93328e9b2cff1.oggvorbisstr[39m[0m
[  28% ] [90m[1msavepack[22m | Storing File: res://assets/ext/audio/voice/c2_cards_16.ogg.import[39m[0m
[  28% ] [90m[1msavepack[22m | Storing File: res://.godot/imported/c2_cards_17.ogg-f6c71e34f134d1004092abe2e4efbc2a.oggvorbisstr[39m[0m
[  28% ] [90m[1msavepack[22m | Storing File: res://assets/ext/audio/voice/c2_cards_17.ogg.import[39m[0m
[  28% ] [90m[1msavepack[22m | Storing File: res://.godot/imported/c2_cards_18.ogg-f8772375979020192f96b71caaef6131.oggvorbisstr[39m[0m
[  28% ] [90m[1msavepack[22m | Storing File: res://assets/ext/audio/voice/c2_cards_18.ogg.import[39m[0m
[  29% ] [90m[1msavepack[22m | Storing File: res://.godot/imported/c2_cards_19.ogg-66f163d3a62e72f966f3c9aca1f62bc0.oggvorbisstr[39m[0m
[  29% ] [90m[1msavepack[22m | Storing File: res://assets/ext/audio/voice/c2_cards_19.ogg.import[39m[0m
[  29% ] [90m[1msavepack[22m | Storing File: res://.godot/imported/c2_cards_20.ogg-387fa3581f963649f1406a066bf2c566.oggvorbisstr[39m[0m
[  29% ] [90m[1msavepack[22m | Storing File: res://assets/ext/audio/voice/c2_cards_20.ogg.import[39m[0m
[  29% ] [90m[1msavepack[22m | Storing File: res://.godot/imported/c2_cards_21.ogg-30a8fcda1b79636873b6269073edf848.oggvorbisstr[39m[0m
[  29% ] [90m[1msavepack[22m | Storing File: res://assets/ext/audio/voice/c2_cards_21.ogg.import[39m[0m
[  29% ] [90m[1msavepack[22m | Storing File: res://.godot/imported/c2_cards_22.ogg-89b48cf098e55c5c27e0bc96ef25b078.oggvorbisstr[39m[0m
[  29% ] [90m[1msavepack[22m | Storing File: res://assets/ext/audio/voice/c2_cards_22.ogg.import[39m[0m
[  29% ] [90m[1msavepack[22m | Storing File: res://.godot/imported/c2_cards_23.ogg-f61af2bc1cabe01e633a1b9e9650419c.oggvorbisstr[39m[0m
[  29% ] [90m[1msavepack[22m | Storing File: res://assets/ext/audio/voice/c2_cards_23.ogg.import[39m[0m
[  29% ] [90m[1msavepack[22m | Storing File: res://.godot/imported/c2_cards_24.ogg-99db4f1a5c516c26861ba087fca0a88a.oggvorbisstr[39m[0m
[  29% ] [90m[1msavepack[22m | Storing File: res://assets/ext/audio/voice/c2_cards_24.ogg.import[39m[0m
[  29% ] [90m[1msavepack[22m | Storing File: res://.godot/imported/c2_cards_25.ogg-e2c0b7ee9a9bd15a4110f0c755695e4c.oggvorbisstr[39m[0m
[  29% ] [90m[1msavepack[22m | Storing File: res://assets/ext/audio/voice/c2_cards_25.ogg.import[39m[0m
[  29% ] [90m[1msavepack[22m | Storing File: res://.godot/imported/c2_cards_26.ogg-377171f031c9265fac871b149e3f6347.oggvorbisstr[39m[0m
[  29% ] [90m[1msavepack[22m | Storing File: res://assets/ext/audio/voice/c2_cards_26.ogg.import[39m[0m
[  29% ] [90m[1msavepack[22m | Storing File: res://.godot/imported/c2_cards_27.ogg-f2c311685d73b737e88c330bb22471b2.oggvorbisstr[39m[0m
[  29% ] [90m[1msavepack[22m | Storing File: res://assets/ext/audio/voice/c2_cards_27.ogg.import[39m[0m
[  29% ] [90m[1msavepack[22m | Storing File: res://.godot/imported/c2_cards_28.ogg-12906445de721a72b37e6eb86e4111b0.oggvorbisstr[39m[0m
[  29% ] [90m[1msavepack[22m | Storing File: res://assets/ext/audio/voice/c2_cards_28.ogg.import[39m[0m
[  29% ] [90m[1msavepack[22m | Storing File: res://.godot/imported/c2_cards_29.ogg-e7764a5020043379794b2c1a5bd8293a.oggvorbisstr[39m[0m
[  29% ] [90m[1msavepack[22m | Storing File: res://assets/ext/audio/voice/c2_cards_29.ogg.import[39m[0m
[  29% ] [90m[1msavepack[22m | Storing File: res://.godot/imported/c2_cards_30.ogg-6f3ea60a25acd30216f1d66d8df8913b.oggvorbisstr[39m[0m
[  29% ] [90m[1msavepack[22m | Storing File: res://assets/ext/audio/voice/c2_cards_30.ogg.import[39m[0m
[  29% ] [90m[1msavepack[22m | Storing File: res://.godot/imported/c2_cards_31.ogg-ecf67c6354643162e9bf5cf3ae7a121c.oggvorbisstr[39m[0m
[  29% ] [90m[1msavepack[22m | Storing File: res://assets/ext/audio/voice/c2_cards_31.ogg.import[39m[0m
[  29% ] [90m[1msavepack[22m | Storing File: res://.godot/imported/c2_cards_32.ogg-d96f3b5fe6624c5089262a3103c07761.oggvorbisstr[39m[0m
[  29% ] [90m[1msavepack[22m | Storing File: res://assets/ext/audio/voice/c2_cards_32.ogg.import[39m[0m
[  29% ] [90m[1msavepack[22m | Storing File: res://.godot/imported/c2_cards_33.ogg-6ee3298a76af5f684a7fef0ed982e512.oggvorbisstr[39m[0m
[  29% ] [90m[1msavepack[22m | Storing File: res://assets/ext/audio/voice/c2_cards_33.ogg.import[39m[0m
[  29% ] [90m[1msavepack[22m | Storing File: res://.godot/imported/c2_cards_34.ogg-20ec4bd49473e8be87e93a9281b44a0a.oggvorbisstr[39m[0m
[  29% ] [90m[1msavepack[22m | Storing File: res://assets/ext/audio/voice/c2_cards_34.ogg.import[39m[0m
[  29% ] [90m[1msavepack[22m | Storing File: res://.godot/imported/c2_cards_35.ogg-3b3558fc4097910e0486290aaa80851c.oggvorbisstr[39m[0m
[  29% ] [90m[1msavepack[22m | Storing File: res://assets/ext/audio/voice/c2_cards_35.ogg.import[39m[0m
[  29% ] [90m[1msavepack[22m | Storing File: res://.godot/imported/c2_lan_01.ogg-2cd2beabac9ef9ddf76fd27cdf3a496a.oggvorbisstr[39m[0m
[  29% ] [90m[1msavepack[22m | Storing File: res://assets/ext/audio/voice/c2_lan_01.ogg.import[39m[0m
[  29% ] [90m[1msavepack[22m | Storing File: res://.godot/imported/c2_lan_02.ogg-9503458936d6187907759877c68f501a.oggvorbisstr[39m[0m
[  29% ] [90m[1msavepack[22m | Storing File: res://assets/ext/audio/voice/c2_lan_02.ogg.import[39m[0m
[  29% ] [90m[1msavepack[22m | Storing File: res://.godot/imported/c2_lan_03.ogg-f065d635f6324205ec4648ba3a778dcf.oggvorbisstr[39m[0m
[  29% ] [90m[1msavepack[22m | Storing File: res://assets/ext/audio/voice/c2_lan_03.ogg.import[39m[0m
[  29% ] [90m[1msavepack[22m | Storing File: res://.godot/imported/c2_lan_04.ogg-8125b5fbd23b1ce13bdf1483c3dd5c29.oggvorbisstr[39m[0m
[  29% ] [90m[1msavepack[22m | Storing File: res://assets/ext/audio/voice/c2_lan_04.ogg.import[39m[0m
[  29% ] [90m[1msavepack[22m | Storing File: res://.godot/imported/c2_lan_05.ogg-16c08bad03ef1bb1d40d85afd46607ed.oggvorbisstr[39m[0m
[  29% ] [90m[1msavepack[22m | Storing File: res://assets/ext/audio/voice/c2_lan_05.ogg.import[39m[0m
[  29% ] [90m[1msavepack[22m | Storing File: res://.godot/imported/c2_lan_06.ogg-13fd7325f176b3c21223315207b14d00.oggvorbisstr[39m[0m
[  29% ] [90m[1msavepack[22m | Storing File: res://assets/ext/audio/voice/c2_lan_06.ogg.import[39m[0m
[  29% ] [90m[1msavepack[22m | Storing File: res://.godot/imported/c2_lan_07.ogg-657c3ae15987de096c9a66d9a1c1407f.oggvorbisstr[39m[0m
[  29% ] [90m[1msavepack[22m | Storing File: res://assets/ext/audio/voice/c2_lan_07.ogg.import[39m[0m
[  29% ] [90m[1msavepack[22m | Storing File: res://.godot/imported/c2_lan_08.ogg-d2348f7d7cdddab6b45338dc5c660908.oggvorbisstr[39m[0m
[  29% ] [90m[1msavepack[22m | Storing File: res://assets/ext/audio/voice/c2_lan_08.ogg.import[39m[0m
[  29% ] [90m[1msavepack[22m | Storing File: res://.godot/imported/c2_lan_09.ogg-ef52d22a17b4ef64e15aae9d201a2c1a.oggvorbisstr[39m[0m
[  29% ] [90m[1msavepack[22m | Storing File: res://assets/ext/audio/voice/c2_lan_09.ogg.import[39m[0m
[  29% ] [90m[1msavepack[22m | Storing File: res://.godot/imported/c2_lan_10.ogg-b614a49ea13797dacfa465eeba86492b.oggvorbisstr[39m[0m
[  29% ] [90m[1msavepack[22m | Storing File: res://assets/ext/audio/voice/c2_lan_10.ogg.import[39m[0m
[  29% ] [90m[1msavepack[22m | Storing File: res://.godot/imported/c2_lan_11.ogg-33e4e13b7897bc2a4e2db894f9595d78.oggvorbisstr[39m[0m
[  29% ] [90m[1msavepack[22m | Storing File: res://assets/ext/audio/voice/c2_lan_11.ogg.import[39m[0m
[  29% ] [90m[1msavepack[22m | Storing File: res://.godot/imported/c2_lan_12.ogg-a89076fb9f105a018044a2d432b0b109.oggvorbisstr[39m[0m
[  29% ] [90m[1msavepack[22m | Storing File: res://assets/ext/audio/voice/c2_lan_12.ogg.import[39m[0m
[  29% ] [90m[1msavepack[22m | Storing File: res://.godot/imported/c2_lan_13.ogg-1646974086e444cf81cafde54927418d.oggvorbisstr[39m[0m
[  29% ] [90m[1msavepack[22m | Storing File: res://assets/ext/audio/voice/c2_lan_13.ogg.import[39m[0m
[  29% ] [90m[1msavepack[22m | Storing File: res://.godot/imported/c2_lan_14.ogg-38d9f32a50e5b6596740524e1d0addb3.oggvorbisstr[39m[0m
[  29% ] [90m[1msavepack[22m | Storing File: res://assets/ext/audio/voice/c2_lan_14.ogg.import[39m[0m
[  29% ] [90m[1msavepack[22m | Storing File: res://.godot/imported/c2_lan_15.ogg-73703318758701b32cf0309184e4a9e2.oggvorbisstr[39m[0m
[  29% ] [90m[1msavepack[22m | Storing File: res://assets/ext/audio/voice/c2_lan_15.ogg.import[39m[0m
[  29% ] [90m[1msavepack[22m | Storing File: res://.godot/imported/c2_lan_16.ogg-7b3319c8e074ffa619d619ca92a2d43c.oggvorbisstr[39m[0m
[  29% ] [90m[1msavepack[22m | Storing File: res://assets/ext/audio/voice/c2_lan_16.ogg.import[39m[0m
[  29% ] [90m[1msavepack[22m | Storing File: res://.godot/imported/c2_lan_17.ogg-509a253f5025e4e1fd74c10eb383ba3f.oggvorbisstr[39m[0m
[  29% ] [90m[1msavepack[22m | Storing File: res://assets/ext/audio/voice/c2_lan_17.ogg.import[39m[0m
[  29% ] [90m[1msavepack[22m | Storing File: res://.godot/imported/c2_lan_18.ogg-f7293c06dfce40678b9a714e462a3d57.oggvorbisstr[39m[0m
[  29% ] [90m[1msavepack[22m | Storing File: res://assets/ext/audio/voice/c2_lan_18.ogg.import[39m[0m
[  30% ] [90m[1msavepack[22m | Storing File: res://.godot/imported/c2_lan_19.ogg-2d561d2f3be8ea32f1649596aeab621b.oggvorbisstr[39m[0m
[  30% ] [90m[1msavepack[22m | Storing File: res://assets/ext/audio/voice/c2_lan_19.ogg.import[39m[0m
[  30% ] [90m[1msavepack[22m | Storing File: res://.godot/imported/c2_lan_20.ogg-4587974908dd6f7f29c724ad1039f6a4.oggvorbisstr[39m[0m
[  30% ] [90m[1msavepack[22m | Storing File: res://assets/ext/audio/voice/c2_lan_20.ogg.import[39m[0m
[  30% ] [90m[1msavepack[22m | Storing File: res://.godot/imported/c2_lan_21.ogg-ab6bc08996bef9a00063a58710b824fe.oggvorbisstr[39m[0m
[  30% ] [90m[1msavepack[22m | Storing File: res://assets/ext/audio/voice/c2_lan_21.ogg.import[39m[0m
[  30% ] [90m[1msavepack[22m | Storing File: res://.godot/imported/c2_lan_22.ogg-3fa5716274ff075302ca5816cd7acb96.oggvorbisstr[39m[0m
[  30% ] [90m[1msavepack[22m | Storing File: res://assets/ext/audio/voice/c2_lan_22.ogg.import[39m[0m
[  30% ] [90m[1msavepack[22m | Storing File: res://.godot/imported/c2_lan_23.ogg-b1d495e822287f2ac874c31d1b08f986.oggvorbisstr[39m[0m
[  30% ] [90m[1msavepack[22m | Storing File: res://assets/ext/audio/voice/c2_lan_23.ogg.import[39m[0m
[  30% ] [90m[1msavepack[22m | Storing File: res://.godot/imported/c2_lan_24.ogg-84e4855d9e33de69a52a513f6ba8b106.oggvorbisstr[39m[0m
[  30% ] [90m[1msavepack[22m | Storing File: res://assets/ext/audio/voice/c2_lan_24.ogg.import[39m[0m
[  30% ] [90m[1msavepack[22m | Storing File: res://.godot/imported/c2_lan_25.ogg-949dde3090ffd1d249f0b934e916d20f.oggvorbisstr[39m[0m
[  30% ] [90m[1msavepack[22m | Storing File: res://assets/ext/audio/voice/c2_lan_25.ogg.import[39m[0m
[  30% ] [90m[1msavepack[22m | Storing File: res://.godot/imported/c2_lan_26.ogg-af7353f373c215b2d4618dd51d5dcea6.oggvorbisstr[39m[0m
[  30% ] [90m[1msavepack[22m | Storing File: res://assets/ext/audio/voice/c2_lan_26.ogg.import[39m[0m
[  30% ] [90m[1msavepack[22m | Storing File: res://.godot/imported/c2_lan_27.ogg-ee25b06e46b33cdf8a2993ad110f1197.oggvorbisstr[39m[0m
[  30% ] [90m[1msavepack[22m | Storing File: res://assets/ext/audio/voice/c2_lan_27.ogg.import[39m[0m
[  30% ] [90m[1msavepack[22m | Storing File: res://.godot/imported/c2_lan_28.ogg-5be6db2b6881da709f7cd499397f2e3e.oggvorbisstr[39m[0m
[  30% ] [90m[1msavepack[22m | Storing File: res://assets/ext/audio/voice/c2_lan_28.ogg.import[39m[0m
[  30% ] [90m[1msavepack[22m | Storing File: res://.godot/imported/c2_lan_29.ogg-39ff3a4bad016ab2d14bb94b5216f84b.oggvorbisstr[39m[0m
[  30% ] [90m[1msavepack[22m | Storing File: res://assets/ext/audio/voice/c2_lan_29.ogg.import[39m[0m
[  30% ] [90m[1msavepack[22m | Storing File: res://.godot/imported/c2_lan_30.ogg-77da9e68a0a44f7e5130f5d19df69dc1.oggvorbisstr[39m[0m
[  30% ] [90m[1msavepack[22m | Storing File: res://assets/ext/audio/voice/c2_lan_30.ogg.import[39m[0m
[  30% ] [90m[1msavepack[22m | Storing File: res://.godot/imported/c2_lan_31.ogg-79e48091832b25d6b0b42c41ac7a3d04.oggvorbisstr[39m[0m
[  30% ] [90m[1msavepack[22m | Storing File: res://assets/ext/audio/voice/c2_lan_31.ogg.import[39m[0m
[  30% ] [90m[1msavepack[22m | Storing File: res://.godot/imported/c2_lan_32.ogg-de459aaa555516e754b480f3b4d0c862.oggvorbisstr[39m[0m
[  30% ] [90m[1msavepack[22m | Storing File: res://assets/ext/audio/voice/c2_lan_32.ogg.import[39m[0m
[  30% ] [90m[1msavepack[22m | Storing File: res://.godot/imported/c2_terms_01.ogg-50d5bd3c023c7727e998d89279d656d3.oggvorbisstr[39m[0m
[  30% ] [90m[1msavepack[22m | Storing File: res://assets/ext/audio/voice/c2_terms_01.ogg.import[39m[0m
[  30% ] [90m[1msavepack[22m | Storing File: res://.godot/imported/c2_terms_02.ogg-70f60677cae07034cc923ee9ff82fe15.oggvorbisstr[39m[0m
[  30% ] [90m[1msavepack[22m | Storing File: res://assets/ext/audio/voice/c2_terms_02.ogg.import[39m[0m
[  30% ] [90m[1msavepack[22m | Storing File: res://.godot/imported/c2_terms_03.ogg-5e118dbaeaf11e4845c5e0507282149f.oggvorbisstr[39m[0m
[  30% ] [90m[1msavepack[22m | Storing File: res://assets/ext/audio/voice/c2_terms_03.ogg.import[39m[0m
[  30% ] [90m[1msavepack[22m | Storing File: res://.godot/imported/c2_terms_04.ogg-33c888912941b97163b7fbd45ea2cfd8.oggvorbisstr[39m[0m
[  30% ] [90m[1msavepack[22m | Storing File: res://assets/ext/audio/voice/c2_terms_04.ogg.import[39m[0m
[  30% ] [90m[1msavepack[22m | Storing File: res://.godot/imported/c2_terms_05.ogg-477f9dfe9ff14d2778713c8e88c19ab7.oggvorbisstr[39m[0m
[  30% ] [90m[1msavepack[22m | Storing File: res://assets/ext/audio/voice/c2_terms_05.ogg.import[39m[0m
[  30% ] [90m[1msavepack[22m | Storing File: res://.godot/imported/c2_terms_06.ogg-65b2ba4d24d0318404fdfe74bc262c4f.oggvorbisstr[39m[0m
[  30% ] [90m[1msavepack[22m | Storing File: res://assets/ext/audio/voice/c2_terms_06.ogg.import[39m[0m
[  30% ] [90m[1msavepack[22m | Storing File: res://.godot/imported/c2_terms_07.ogg-169c8bd13b9393970eb1c409a21a9d44.oggvorbisstr[39m[0m
[  30% ] [90m[1msavepack[22m | Storing File: res://assets/ext/audio/voice/c2_terms_07.ogg.import[39m[0m
[  30% ] [90m[1msavepack[22m | Storing File: res://.godot/imported/c2_terms_08.ogg-332431bdad1359f2a9a7adcdcb3a1e6b.oggvorbisstr[39m[0m
[  30% ] [90m[1msavepack[22m | Storing File: res://assets/ext/audio/voice/c2_terms_08.ogg.import[39m[0m
[  30% ] [90m[1msavepack[22m | Storing File: res://.godot/imported/c2_terms_09.ogg-589fb7f3082d20d1f68a9c1415bbbf5f.oggvorbisstr[39m[0m
[  30% ] [90m[1msavepack[22m | Storing File: res://assets/ext/audio/voice/c2_terms_09.ogg.import[39m[0m
[  30% ] [90m[1msavepack[22m | Storing File: res://.godot/imported/c2_terms_10.ogg-fe1047f38c21e104a899a1089642c2ac.oggvorbisstr[39m[0m
[  30% ] [90m[1msavepack[22m | Storing File: res://assets/ext/audio/voice/c2_terms_10.ogg.import[39m[0m
[  30% ] [90m[1msavepack[22m | Storing File: res://.godot/imported/c2_terms_11.ogg-6cf4a12e3019996e68071ae050515b4a.oggvorbisstr[39m[0m
[  30% ] [90m[1msavepack[22m | Storing File: res://assets/ext/audio/voice/c2_terms_11.ogg.import[39m[0m
[  30% ] [90m[1msavepack[22m | Storing File: res://.godot/imported/c2_terms_12.ogg-16615b7031a6ed6ca241c90026a2cf4f.oggvorbisstr[39m[0m
[  30% ] [90m[1msavepack[22m | Storing File: res://assets/ext/audio/voice/c2_terms_12.ogg.import[39m[0m
[  30% ] [90m[1msavepack[22m | Storing File: res://.godot/imported/c2_terms_13.ogg-7f78eae6380966a04f3bfb215b8f2e1b.oggvorbisstr[39m[0m
[  30% ] [90m[1msavepack[22m | Storing File: res://assets/ext/audio/voice/c2_terms_13.ogg.import[39m[0m
[  30% ] [90m[1msavepack[22m | Storing File: res://.godot/imported/c2_terms_14.ogg-e8363937054ba28b8f7f9f014169adc9.oggvorbisstr[39m[0m
[  30% ] [90m[1msavepack[22m | Storing File: res://assets/ext/audio/voice/c2_terms_14.ogg.import[39m[0m
[  30% ] [90m[1msavepack[22m | Storing File: res://.godot/imported/c2_terms_15.ogg-5eac64daf34db86af70e74ba5e782454.oggvorbisstr[39m[0m
[  30% ] [90m[1msavepack[22m | Storing File: res://assets/ext/audio/voice/c2_terms_15.ogg.import[39m[0m
[  30% ] [90m[1msavepack[22m | Storing File: res://.godot/imported/c2_terms_16.ogg-05db6eb2e4921696964e628902602f4b.oggvorbisstr[39m[0m
[  30% ] [90m[1msavepack[22m | Storing File: res://assets/ext/audio/voice/c2_terms_16.ogg.import[39m[0m
[  30% ] [90m[1msavepack[22m | Storing File: res://.godot/imported/c2_terms_17.ogg-a65e05676dbc53ba42ad66294121fce1.oggvorbisstr[39m[0m
[  30% ] [90m[1msavepack[22m | Storing File: res://assets/ext/audio/voice/c2_terms_17.ogg.import[39m[0m
[  30% ] [90m[1msavepack[22m | Storing File: res://.godot/imported/c2_terms_18.ogg-6d352ab8b01f57c801c3aeb6227d1209.oggvorbisstr[39m[0m
[  30% ] [90m[1msavepack[22m | Storing File: res://assets/ext/audio/voice/c2_terms_18.ogg.import[39m[0m
[  30% ] [90m[1msavepack[22m | Storing File: res://.godot/imported/c2_terms_19.ogg-28413a1e87ff34801095a8e33cfe6a1a.oggvorbisstr[39m[0m
[  30% ] [90m[1msavepack[22m | Storing File: res://assets/ext/audio/voice/c2_terms_19.ogg.import[39m[0m
[  30% ] [90m[1msavepack[22m | Storing File: res://.godot/imported/c2_terms_20.ogg-3d75c9374ec6132e48629ba09da398c8.oggvorbisstr[39m[0m
[  30% ] [90m[1msavepack[22m | Storing File: res://assets/ext/audio/voice/c2_terms_20.ogg.import[39m[0m
[  30% ] [90m[1msavepack[22m | Storing File: res://.godot/imported/c2_terms_21.ogg-d4ac9a7b00687c143a55e03cbfc5910f.oggvorbisstr[39m[0m
[  30% ] [90m[1msavepack[22m | Storing File: res://assets/ext/audio/voice/c2_terms_21.ogg.import[39m[0m
[  30% ] [90m[1msavepack[22m | Storing File: res://.godot/imported/c2_terms_22.ogg-dd35d6ed38802f13090f88d234c68b65.oggvorbisstr[39m[0m
[  30% ] [90m[1msavepack[22m | Storing File: res://assets/ext/audio/voice/c2_terms_22.ogg.import[39m[0m
[  31% ] [90m[1msavepack[22m | Storing File: res://.godot/imported/c2_terms_23.ogg-2a61b9fffc69ff9a3ca5392c4e83538e.oggvorbisstr[39m[0m
[  31% ] [90m[1msavepack[22m | Storing File: res://assets/ext/audio/voice/c2_terms_23.ogg.import[39m[0m
[  31% ] [90m[1msavepack[22m | Storing File: res://.godot/imported/c2_terms_24.ogg-ec311aa7ed337ba17819f045d25ff69a.oggvorbisstr[39m[0m
[  31% ] [90m[1msavepack[22m | Storing File: res://assets/ext/audio/voice/c2_terms_24.ogg.import[39m[0m
[  31% ] [90m[1msavepack[22m | Storing File: res://.godot/imported/c2_terms_25.ogg-384c3e60243d69e08641eb32bb507396.oggvorbisstr[39m[0m
[  31% ] [90m[1msavepack[22m | Storing File: res://assets/ext/audio/voice/c2_terms_25.ogg.import[39m[0m
[  31% ] [90m[1msavepack[22m | Storing File: res://.godot/imported/c2_terms_26.ogg-0e9a8af096009697af2924c17dec206f.oggvorbisstr[39m[0m
[  31% ] [90m[1msavepack[22m | Storing File: res://assets/ext/audio/voice/c2_terms_26.ogg.import[39m[0m
[  31% ] [90m[1msavepack[22m | Storing File: res://.godot/imported/c2_terms_27.ogg-33e9f2aa8d8b86df0c166b7b2605c438.oggvorbisstr[39m[0m
[  31% ] [90m[1msavepack[22m | Storing File: res://assets/ext/audio/voice/c2_terms_27.ogg.import[39m[0m
[  31% ] [90m[1msavepack[22m | Storing File: res://.godot/imported/c2_terms_28.ogg-81869082b0adb9f57a31fccc702b3596.oggvorbisstr[39m[0m
[  31% ] [90m[1msavepack[22m | Storing File: res://assets/ext/audio/voice/c2_terms_28.ogg.import[39m[0m
[  31% ] [90m[1msavepack[22m | Storing File: res://.godot/imported/c2_terms_29.ogg-c451f80910e1a7e9080b1e57d0cf6aca.oggvorbisstr[39m[0m
[  31% ] [90m[1msavepack[22m | Storing File: res://assets/ext/audio/voice/c2_terms_29.ogg.import[39m[0m
[  31% ] [90m[1msavepack[22m | Storing File: res://.godot/imported/c2_terms_30.ogg-27fd2971115b25f0aa6e4a5d10ca548f.oggvorbisstr[39m[0m
[  31% ] [90m[1msavepack[22m | Storing File: res://assets/ext/audio/voice/c2_terms_30.ogg.import[39m[0m
[  31% ] [90m[1msavepack[22m | Storing File: res://.godot/imported/c2_terms_31.ogg-63a939ade8179a873d4ba94ec1eef186.oggvorbisstr[39m[0m
[  31% ] [90m[1msavepack[22m | Storing File: res://assets/ext/audio/voice/c2_terms_31.ogg.import[39m[0m
[  31% ] [90m[1msavepack[22m | Storing File: res://.godot/imported/c2_terms_32.ogg-50bb63165d09bb3a7d9f234455d3e8ab.oggvorbisstr[39m[0m
[  31% ] [90m[1msavepack[22m | Storing File: res://assets/ext/audio/voice/c2_terms_32.ogg.import[39m[0m
[  31% ] [90m[1msavepack[22m | Storing File: res://.godot/imported/c2_terms_33.ogg-27e2f780cec1c1801622fe4d5bdd09a1.oggvorbisstr[39m[0m
[  31% ] [90m[1msavepack[22m | Storing File: res://assets/ext/audio/voice/c2_terms_33.ogg.import[39m[0m
[  31% ] [90m[1msavepack[22m | Storing File: res://.godot/imported/c2_terms_34.ogg-45a0607ce2e5b68848c65309b3c0cd67.oggvorbisstr[39m[0m
[  31% ] [90m[1msavepack[22m | Storing File: res://assets/ext/audio/voice/c2_terms_34.ogg.import[39m[0m
[  31% ] [90m[1msavepack[22m | Storing File: res://.godot/imported/c2_thorn_01.ogg-906853b437827b124b4f99bd169f2abb.oggvorbisstr[39m[0m
[  31% ] [90m[1msavepack[22m | Storing File: res://assets/ext/audio/voice/c2_thorn_01.ogg.import[39m[0m
[  31% ] [90m[1msavepack[22m | Storing File: res://.godot/imported/c2_thorn_02.ogg-4307342404d7d23dcfb00be719a8b86f.oggvorbisstr[39m[0m
[  31% ] [90m[1msavepack[22m | Storing File: res://assets/ext/audio/voice/c2_thorn_02.ogg.import[39m[0m
[  31% ] [90m[1msavepack[22m | Storing File: res://.godot/imported/c2_thorn_03.ogg-65c3f470ea092abdad26391b1a823f06.oggvorbisstr[39m[0m
[  31% ] [90m[1msavepack[22m | Storing File: res://assets/ext/audio/voice/c2_thorn_03.ogg.import[39m[0m
[  31% ] [90m[1msavepack[22m | Storing File: res://.godot/imported/c2_thorn_04.ogg-085dcb557c4b8b8f9befe5b597527528.oggvorbisstr[39m[0m
[  31% ] [90m[1msavepack[22m | Storing File: res://assets/ext/audio/voice/c2_thorn_04.ogg.import[39m[0m
[  31% ] [90m[1msavepack[22m | Storing File: res://.godot/imported/c2_thorn_05.ogg-09a59122506020370864ac97eb9d33ba.oggvorbisstr[39m[0m
[  31% ] [90m[1msavepack[22m | Storing File: res://assets/ext/audio/voice/c2_thorn_05.ogg.import[39m[0m
[  31% ] [90m[1msavepack[22m | Storing File: res://.godot/imported/c2_thorn_06.ogg-17020f40e580fd938485a4f72f7f2446.oggvorbisstr[39m[0m
[  31% ] [90m[1msavepack[22m | Storing File: res://assets/ext/audio/voice/c2_thorn_06.ogg.import[39m[0m
[  31% ] [90m[1msavepack[22m | Storing File: res://.godot/imported/c2_thorn_07.ogg-79f719406aceab6400926df7454f3b0b.oggvorbisstr[39m[0m
[  31% ] [90m[1msavepack[22m | Storing File: res://assets/ext/audio/voice/c2_thorn_07.ogg.import[39m[0m
[  31% ] [90m[1msavepack[22m | Storing File: res://.godot/imported/c2_thorn_08.ogg-5e99bc5af832470ea575935caf621494.oggvorbisstr[39m[0m
[  31% ] [90m[1msavepack[22m | Storing File: res://assets/ext/audio/voice/c2_thorn_08.ogg.import[39m[0m
[  31% ] [90m[1msavepack[22m | Storing File: res://.godot/imported/c2_thorn_09.ogg-9edf2d052079ba9c2a58223b7513d40c.oggvorbisstr[39m[0m
[  31% ] [90m[1msavepack[22m | Storing File: res://assets/ext/audio/voice/c2_thorn_09.ogg.import[39m[0m
[  31% ] [90m[1msavepack[22m | Storing File: res://.godot/imported/c2_thorn_10.ogg-d6763b411c3185453fca0f72f92f91d3.oggvorbisstr[39m[0m
[  31% ] [90m[1msavepack[22m | Storing File: res://assets/ext/audio/voice/c2_thorn_10.ogg.import[39m[0m
[  31% ] [90m[1msavepack[22m | Storing File: res://.godot/imported/c2_thorn_11.ogg-704996a5f7af217142ab4ac2cfead0cc.oggvorbisstr[39m[0m
[  31% ] [90m[1msavepack[22m | Storing File: res://assets/ext/audio/voice/c2_thorn_11.ogg.import[39m[0m
[  31% ] [90m[1msavepack[22m | Storing File: res://.godot/imported/c2_thorn_12.ogg-f67086ef44aad6dec4ad02ba56d045dc.oggvorbisstr[39m[0m
[  31% ] [90m[1msavepack[22m | Storing File: res://assets/ext/audio/voice/c2_thorn_12.ogg.import[39m[0m
[  31% ] [90m[1msavepack[22m | Storing File: res://.godot/imported/c2_thorn_13.ogg-e600bac2a6b83e614e3f984b0f1d0dee.oggvorbisstr[39m[0m
[  31% ] [90m[1msavepack[22m | Storing File: res://assets/ext/audio/voice/c2_thorn_13.ogg.import[39m[0m
[  31% ] [90m[1msavepack[22m | Storing File: res://.godot/imported/c2_thorn_14.ogg-714878662ed2db330d9c5d443df7d95d.oggvorbisstr[39m[0m
[  31% ] [90m[1msavepack[22m | Storing File: res://assets/ext/audio/voice/c2_thorn_14.ogg.import[39m[0m
[  31% ] [90m[1msavepack[22m | Storing File: res://.godot/imported/c2_thorn_15.ogg-1282db4624e98c3d2969cc92d64a62f9.oggvorbisstr[39m[0m
[  31% ] [90m[1msavepack[22m | Storing File: res://assets/ext/audio/voice/c2_thorn_15.ogg.import[39m[0m
[  31% ] [90m[1msavepack[22m | Storing File: res://.godot/imported/c2_thorn_16.ogg-d2a03d2e2f08c5c58c240baa92f11513.oggvorbisstr[39m[0m
[  31% ] [90m[1msavepack[22m | Storing File: res://assets/ext/audio/voice/c2_thorn_16.ogg.import[39m[0m
[  31% ] [90m[1msavepack[22m | Storing File: res://.godot/imported/c2_thorn_17.ogg-8763727ca34f06c8d5dafc82e337fd80.oggvorbisstr[39m[0m
[  31% ] [90m[1msavepack[22m | Storing File: res://assets/ext/audio/voice/c2_thorn_17.ogg.import[39m[0m
[  31% ] [90m[1msavepack[22m | Storing File: res://.godot/imported/c2_thorn_18.ogg-8d1c6861ecda74e9ca6027548efd839a.oggvorbisstr[39m[0m
[  31% ] [90m[1msavepack[22m | Storing File: res://assets/ext/audio/voice/c2_thorn_18.ogg.import[39m[0m
[  31% ] [90m[1msavepack[22m | Storing File: res://.godot/imported/c2_thorn_19.ogg-8092090c01db7236324116544b693bfc.oggvorbisstr[39m[0m
[  31% ] [90m[1msavepack[22m | Storing File: res://assets/ext/audio/voice/c2_thorn_19.ogg.import[39m[0m
[  31% ] [90m[1msavepack[22m | Storing File: res://.godot/imported/c2_thorn_20.ogg-d6ae7d20a68e6488d9531e718212aa2f.oggvorbisstr[39m[0m
[  31% ] [90m[1msavepack[22m | Storing File: res://assets/ext/audio/voice/c2_thorn_20.ogg.import[39m[0m
[  31% ] [90m[1msavepack[22m | Storing File: res://.godot/imported/c2_thorn_21.ogg-9826a06862ab981c5fa30aae3308251e.oggvorbisstr[39m[0m
[  31% ] [90m[1msavepack[22m | Storing File: res://assets/ext/audio/voice/c2_thorn_21.ogg.import[39m[0m
[  31% ] [90m[1msavepack[22m | Storing File: res://.godot/imported/c2_thorn_22.ogg-502e156b2b52bb122d04d083355b18b4.oggvorbisstr[39m[0m
[  31% ] [90m[1msavepack[22m | Storing File: res://assets/ext/audio/voice/c2_thorn_22.ogg.import[39m[0m
[  31% ] [90m[1msavepack[22m | Storing File: res://.godot/imported/c2_thorn_23.ogg-c6cc20bb61b46147d80d330370f2be1f.oggvorbisstr[39m[0m
[  31% ] [90m[1msavepack[22m | Storing File: res://assets/ext/audio/voice/c2_thorn_23.ogg.import[39m[0m
[  31% ] [90m[1msavepack[22m | Storing File: res://.godot/imported/c2_thorn_24.ogg-59fb349c68e45f578b3d710bc6997f8a.oggvorbisstr[39m[0m
[  31% ] [90m[1msavepack[22m | Storing File: res://assets/ext/audio/voice/c2_thorn_24.ogg.import[39m[0m
[  32% ] [90m[1msavepack[22m | Storing File: res://.godot/imported/c2_thorn_25.ogg-2e846edac42dbc32f71d55f9c53b7d10.oggvorbisstr[39m[0m
[  32% ] [90m[1msavepack[22m | Storing File: res://assets/ext/audio/voice/c2_thorn_25.ogg.import[39m[0m
[  32% ] [90m[1msavepack[22m | Storing File: res://.godot/imported/c2_thorn_26.ogg-f11e4d9efbf031ce192c4e6be0dab10e.oggvorbisstr[39m[0m
[  32% ] [90m[1msavepack[22m | Storing File: res://assets/ext/audio/voice/c2_thorn_26.ogg.import[39m[0m
[  32% ] [90m[1msavepack[22m | Storing File: res://.godot/imported/c2_thorn_27.ogg-b00d3d914a81860647dc296517882eb7.oggvorbisstr[39m[0m
[  32% ] [90m[1msavepack[22m | Storing File: res://assets/ext/audio/voice/c2_thorn_27.ogg.import[39m[0m
[  32% ] [90m[1msavepack[22m | Storing File: res://.godot/imported/c2_thorn_28.ogg-51190cecadafbd8e7840a6c437156ab2.oggvorbisstr[39m[0m
[  32% ] [90m[1msavepack[22m | Storing File: res://assets/ext/audio/voice/c2_thorn_28.ogg.import[39m[0m
[  32% ] [90m[1msavepack[22m | Storing File: res://.godot/imported/c2_thorn_29.ogg-0e0ceb2227a3732089fa3eb68d16de9a.oggvorbisstr[39m[0m
[  32% ] [90m[1msavepack[22m | Storing File: res://assets/ext/audio/voice/c2_thorn_29.ogg.import[39m[0m
[  32% ] [90m[1msavepack[22m | Storing File: res://.godot/imported/c2_thorn_30.ogg-75b6348ad5eacee168bb04e9ae908889.oggvorbisstr[39m[0m
[  32% ] [90m[1msavepack[22m | Storing File: res://assets/ext/audio/voice/c2_thorn_30.ogg.import[39m[0m
[  32% ] [90m[1msavepack[22m | Storing File: res://.godot/imported/c2_thorn_31.ogg-9654de3ea68fc6ae0e799f620c37e4ff.oggvorbisstr[39m[0m
[  32% ] [90m[1msavepack[22m | Storing File: res://assets/ext/audio/voice/c2_thorn_31.ogg.import[39m[0m
[  32% ] [90m[1msavepack[22m | Storing File: res://.godot/imported/c2_thorn_32.ogg-5f2144b5638a7a3e831ad073bacdb5b4.oggvorbisstr[39m[0m
[  32% ] [90m[1msavepack[22m | Storing File: res://assets/ext/audio/voice/c2_thorn_32.ogg.import[39m[0m
[  32% ] [90m[1msavepack[22m | Storing File: res://.godot/imported/c2_thorn_33.ogg-ee14b452abe36b775ffb30e11d7d2f0d.oggvorbisstr[39m[0m
[  32% ] [90m[1msavepack[22m | Storing File: res://assets/ext/audio/voice/c2_thorn_33.ogg.import[39m[0m
[  32% ] [90m[1msavepack[22m | Storing File: res://.godot/imported/c3_doc_01.ogg-131d60d71450728f853c5f69c61bb62d.oggvorbisstr[39m[0m
[  32% ] [90m[1msavepack[22m | Storing File: res://assets/ext/audio/voice/c3_doc_01.ogg.import[39m[0m
[  32% ] [90m[1msavepack[22m | Storing File: res://.godot/imported/c3_doc_02.ogg-55473755e5bb5ef5b8ebfb68ff6e4831.oggvorbisstr[39m[0m
[  32% ] [90m[1msavepack[22m | Storing File: res://assets/ext/audio/voice/c3_doc_02.ogg.import[39m[0m
[  32% ] [90m[1msavepack[22m | Storing File: res://.godot/imported/c3_doc_03.ogg-5fab5550be163cb6f883b8e763ed183e.oggvorbisstr[39m[0m
[  32% ] [90m[1msavepack[22m | Storing File: res://assets/ext/audio/voice/c3_doc_03.ogg.import[39m[0m
[  32% ] [90m[1msavepack[22m | Storing File: res://.godot/imported/c3_doc_04.ogg-939b13987b0f0024b845e6bd49981201.oggvorbisstr[39m[0m
[  32% ] [90m[1msavepack[22m | Storing File: res://assets/ext/audio/voice/c3_doc_04.ogg.import[39m[0m
[  32% ] [90m[1msavepack[22m | Storing File: res://.godot/imported/c3_doc_05.ogg-10722ea2364881caef3ef9a934f843f6.oggvorbisstr[39m[0m
[  32% ] [90m[1msavepack[22m | Storing File: res://assets/ext/audio/voice/c3_doc_05.ogg.import[39m[0m
[  32% ] [90m[1msavepack[22m | Storing File: res://.godot/imported/c3_doc_06.ogg-9f2a691b85d87d84d6d6c0a2d8b6e871.oggvorbisstr[39m[0m
[  32% ] [90m[1msavepack[22m | Storing File: res://assets/ext/audio/voice/c3_doc_06.ogg.import[39m[0m
[  32% ] [90m[1msavepack[22m | Storing File: res://.godot/imported/c3_doc_07.ogg-a9720a2f80c635d5aee7e4b74b121753.oggvorbisstr[39m[0m
[  32% ] [90m[1msavepack[22m | Storing File: res://assets/ext/audio/voice/c3_doc_07.ogg.import[39m[0m
[  32% ] [90m[1msavepack[22m | Storing File: res://.godot/imported/c3_doc_08.ogg-911c13ae1458735091228fa067f31ef2.oggvorbisstr[39m[0m
[  32% ] [90m[1msavepack[22m | Storing File: res://assets/ext/audio/voice/c3_doc_08.ogg.import[39m[0m
[  32% ] [90m[1msavepack[22m | Storing File: res://.godot/imported/c3_doc_09.ogg-70d7b7203c4f2b31ac930ba3675f890e.oggvorbisstr[39m[0m
[  32% ] [90m[1msavepack[22m | Storing File: res://assets/ext/audio/voice/c3_doc_09.ogg.import[39m[0m
[  32% ] [90m[1msavepack[22m | Storing File: res://.godot/imported/c3_doc_10.ogg-d7a02828774407b83f2eb8d2582fa6f3.oggvorbisstr[39m[0m
[  32% ] [90m[1msavepack[22m | Storing File: res://assets/ext/audio/voice/c3_doc_10.ogg.import[39m[0m
[  32% ] [90m[1msavepack[22m | Storing File: res://.godot/imported/c3_doc_11.ogg-2a7bd6189ec581e01723a61964df46f9.oggvorbisstr[39m[0m
[  32% ] [90m[1msavepack[22m | Storing File: res://assets/ext/audio/voice/c3_doc_11.ogg.import[39m[0m
[  32% ] [90m[1msavepack[22m | Storing File: res://.godot/imported/c3_doc_12.ogg-a6af0906abce0021f6fd7a14b78997ad.oggvorbisstr[39m[0m
[  32% ] [90m[1msavepack[22m | Storing File: res://assets/ext/audio/voice/c3_doc_12.ogg.import[39m[0m
[  32% ] [90m[1msavepack[22m | Storing File: res://.godot/imported/c3_doc_13.ogg-3543f5144df6b6e2ff77f1b4ea3f28cb.oggvorbisstr[39m[0m
[  32% ] [90m[1msavepack[22m | Storing File: res://assets/ext/audio/voice/c3_doc_13.ogg.import[39m[0m
[  32% ] [90m[1msavepack[22m | Storing File: res://.godot/imported/c3_doc_14.ogg-2d28e5adf8d9721130037bce617d80f1.oggvorbisstr[39m[0m
[  32% ] [90m[1msavepack[22m | Storing File: res://assets/ext/audio/voice/c3_doc_14.ogg.import[39m[0m
[  32% ] [90m[1msavepack[22m | Storing File: res://.godot/imported/c3_doc_15.ogg-bbe5751d41b7d5bb948710737b04ce2f.oggvorbisstr[39m[0m
[  32% ] [90m[1msavepack[22m | Storing File: res://assets/ext/audio/voice/c3_doc_15.ogg.import[39m[0m
[  32% ] [90m[1msavepack[22m | Storing File: res://.godot/imported/c3_doc_16.ogg-2bd0ba63f07a627ed283862de77e04d1.oggvorbisstr[39m[0m
[  32% ] [90m[1msavepack[22m | Storing File: res://assets/ext/audio/voice/c3_doc_16.ogg.import[39m[0m
[  32% ] [90m[1msavepack[22m | Storing File: res://.godot/imported/c3_doc_17.ogg-69748e13361bd6c3d5ef114f7c11dae1.oggvorbisstr[39m[0m
[  32% ] [90m[1msavepack[22m | Storing File: res://assets/ext/audio/voice/c3_doc_17.ogg.import[39m[0m
[  32% ] [90m[1msavepack[22m | Storing File: res://.godot/imported/c3_doc_18.ogg-34afafac2ea857ef40aadeac34940d0a.oggvorbisstr[39m[0m
[  32% ] [90m[1msavepack[22m | Storing File: res://assets/ext/audio/voice/c3_doc_18.ogg.import[39m[0m
[  32% ] [90m[1msavepack[22m | Storing File: res://.godot/imported/c3_doc_19.ogg-75fe2533e4e76acb79328853d4291b43.oggvorbisstr[39m[0m
[  32% ] [90m[1msavepack[22m | Storing File: res://assets/ext/audio/voice/c3_doc_19.ogg.import[39m[0m
[  32% ] [90m[1msavepack[22m | Storing File: res://.godot/imported/c3_doc_20.ogg-542fdaf9df658160a75923c821b5fea8.oggvorbisstr[39m[0m
[  32% ] [90m[1msavepack[22m | Storing File: res://assets/ext/audio/voice/c3_doc_20.ogg.import[39m[0m
[  32% ] [90m[1msavepack[22m | Storing File: res://.godot/imported/c3_doc_21.ogg-1e57114f85dd3b53d421c240480b1dd6.oggvorbisstr[39m[0m
[  32% ] [90m[1msavepack[22m | Storing File: res://assets/ext/audio/voice/c3_doc_21.ogg.import[39m[0m
[  32% ] [90m[1msavepack[22m | Storing File: res://.godot/imported/c3_doc_22.ogg-6b912fcd8cccbf1b49a55dfe96438dff.oggvorbisstr[39m[0m
[  32% ] [90m[1msavepack[22m | Storing File: res://assets/ext/audio/voice/c3_doc_22.ogg.import[39m[0m
[  32% ] [90m[1msavepack[22m | Storing File: res://.godot/imported/c3_doc_23.ogg-69370f1a93fb38eaa19b3bccd0a5fe61.oggvorbisstr[39m[0m
[  32% ] [90m[1msavepack[22m | Storing File: res://assets/ext/audio/voice/c3_doc_23.ogg.import[39m[0m
[  32% ] [90m[1msavepack[22m | Storing File: res://.godot/imported/c3_doc_24.ogg-1edfc3d1abdc45d7a52e177f4b7eb286.oggvorbisstr[39m[0m
[  32% ] [90m[1msavepack[22m | Storing File: res://assets/ext/audio/voice/c3_doc_24.ogg.import[39m[0m
[  32% ] [90m[1msavepack[22m | Storing File: res://.godot/imported/c3_doc_25.ogg-836b9becad999ec89a62d34cf2e3285a.oggvorbisstr[39m[0m
[  32% ] [90m[1msavepack[22m | Storing File: res://assets/ext/audio/voice/c3_doc_25.ogg.import[39m[0m
[  32% ] [90m[1msavepack[22m | Storing File: res://.godot/imported/c3_doc_26.ogg-192829f47694b0f0358ca56f503395f5.oggvorbisstr[39m[0m
[  32% ] [90m[1msavepack[22m | Storing File: res://assets/ext/audio/voice/c3_doc_26.ogg.import[39m[0m
[  33% ] [90m[1msavepack[22m | Storing File: res://.godot/imported/c3_doc_27.ogg-daf26fb0a0176096e717278edb09e0f6.oggvorbisstr[39m[0m
[  33% ] [90m[1msavepack[22m | Storing File: res://assets/ext/audio/voice/c3_doc_27.ogg.import[39m[0m
[  33% ] [90m[1msavepack[22m | Storing File: res://.godot/imported/c3_doc_28.ogg-b55a34a59dc342e3a7163748a722cb57.oggvorbisstr[39m[0m
[  33% ] [90m[1msavepack[22m | Storing File: res://assets/ext/audio/voice/c3_doc_28.ogg.import[39m[0m
[  33% ] [90m[1msavepack[22m | Storing File: res://.godot/imported/c3_doc_29.ogg-22ad6703450d27eba17554c13c4ff217.oggvorbisstr[39m[0m
[  33% ] [90m[1msavepack[22m | Storing File: res://assets/ext/audio/voice/c3_doc_29.ogg.import[39m[0m
[  33% ] [90m[1msavepack[22m | Storing File: res://.godot/imported/c3_doc_30.ogg-e7da2778c8acefc48c20a12f15f38821.oggvorbisstr[39m[0m
[  33% ] [90m[1msavepack[22m | Storing File: res://assets/ext/audio/voice/c3_doc_30.ogg.import[39m[0m
[  33% ] [90m[1msavepack[22m | Storing File: res://.godot/imported/c3_doc_31.ogg-1acc24119119c1ebb422ce68bb867f3e.oggvorbisstr[39m[0m
[  33% ] [90m[1msavepack[22m | Storing File: res://assets/ext/audio/voice/c3_doc_31.ogg.import[39m[0m
[  33% ] [90m[1msavepack[22m | Storing File: res://.godot/imported/c3_doc_32.ogg-2847f99bef0d49153bbad62a86326952.oggvorbisstr[39m[0m
[  33% ] [90m[1msavepack[22m | Storing File: res://assets/ext/audio/voice/c3_doc_32.ogg.import[39m[0m
[  33% ] [90m[1msavepack[22m | Storing File: res://.godot/imported/c3_doc_33.ogg-62833cbbcc2706086558d06cb96b19aa.oggvorbisstr[39m[0m
[  33% ] [90m[1msavepack[22m | Storing File: res://assets/ext/audio/voice/c3_doc_33.ogg.import[39m[0m
[  33% ] [90m[1msavepack[22m | Storing File: res://.godot/imported/c3_doc_34.ogg-e46516331c22b38f9cf2276b7e5179f1.oggvorbisstr[39m[0m
[  33% ] [90m[1msavepack[22m | Storing File: res://assets/ext/audio/voice/c3_doc_34.ogg.import[39m[0m
[  33% ] [90m[1msavepack[22m | Storing File: res://.godot/imported/c3_doc_35.ogg-86a95b9f270a683ca63fa2c0dabbaa60.oggvorbisstr[39m[0m
[  33% ] [90m[1msavepack[22m | Storing File: res://assets/ext/audio/voice/c3_doc_35.ogg.import[39m[0m
[  33% ] [90m[1msavepack[22m | Storing File: res://.godot/imported/c3_doc_36.ogg-4d49d3bf0c69a6e7e470758949f20031.oggvorbisstr[39m[0m
[  33% ] [90m[1msavepack[22m | Storing File: res://assets/ext/audio/voice/c3_doc_36.ogg.import[39m[0m
[  33% ] [90m[1msavepack[22m | Storing File: res://.godot/imported/c3_doc_37.ogg-bedd201633d7f776167247a604ac814b.oggvorbisstr[39m[0m
[  33% ] [90m[1msavepack[22m | Storing File: res://assets/ext/audio/voice/c3_doc_37.ogg.import[39m[0m
[  33% ] [90m[1msavepack[22m | Storing File: res://.godot/imported/c3_doc_38.ogg-9e1520c930a6f1730b6fc85a9228e99a.oggvorbisstr[39m[0m
[  33% ] [90m[1msavepack[22m | Storing File: res://assets/ext/audio/voice/c3_doc_38.ogg.import[39m[0m
[  33% ] [90m[1msavepack[22m | Storing File: res://.godot/imported/c3_drive_01.ogg-f707ac50e079e03314a048e0388bc354.oggvorbisstr[39m[0m
[  33% ] [90m[1msavepack[22m | Storing File: res://assets/ext/audio/voice/c3_drive_01.ogg.import[39m[0m
[  33% ] [90m[1msavepack[22m | Storing File: res://.godot/imported/c3_drive_02.ogg-072eddcd1b6ad73d616a0773407776e5.oggvorbisstr[39m[0m
[  33% ] [90m[1msavepack[22m | Storing File: res://assets/ext/audio/voice/c3_drive_02.ogg.import[39m[0m
[  33% ] [90m[1msavepack[22m | Storing File: res://.godot/imported/c3_drive_03.ogg-50dd49db4a0d471f64a89c1b4a9e5964.oggvorbisstr[39m[0m
[  33% ] [90m[1msavepack[22m | Storing File: res://assets/ext/audio/voice/c3_drive_03.ogg.import[39m[0m
[  33% ] [90m[1msavepack[22m | Storing File: res://.godot/imported/c3_drive_04.ogg-867572011be68109efe98b1948f56c31.oggvorbisstr[39m[0m
[  33% ] [90m[1msavepack[22m | Storing File: res://assets/ext/audio/voice/c3_drive_04.ogg.import[39m[0m
[  33% ] [90m[1msavepack[22m | Storing File: res://.godot/imported/c3_drive_05.ogg-5e9c31008b6d58ee8421e0ae133b6b95.oggvorbisstr[39m[0m
[  33% ] [90m[1msavepack[22m | Storing File: res://assets/ext/audio/voice/c3_drive_05.ogg.import[39m[0m
[  33% ] [90m[1msavepack[22m | Storing File: res://.godot/imported/c3_drive_06.ogg-8a91d064f350f6b48dfb5fbb5e22eb87.oggvorbisstr[39m[0m
[  33% ] [90m[1msavepack[22m | Storing File: res://assets/ext/audio/voice/c3_drive_06.ogg.import[39m[0m
[  33% ] [90m[1msavepack[22m | Storing File: res://.godot/imported/c3_drive_07.ogg-dc722b38b9f548458cb739deb82c39a1.oggvorbisstr[39m[0m
[  33% ] [90m[1msavepack[22m | Storing File: res://assets/ext/audio/voice/c3_drive_07.ogg.import[39m[0m
[  33% ] [90m[1msavepack[22m | Storing File: res://.godot/imported/c3_drive_08.ogg-0a7f2978969b5c84f532205b08e56d32.oggvorbisstr[39m[0m
[  33% ] [90m[1msavepack[22m | Storing File: res://assets/ext/audio/voice/c3_drive_08.ogg.import[39m[0m
[  33% ] [90m[1msavepack[22m | Storing File: res://.godot/imported/c3_drive_09.ogg-f098fbab693d866c60f48b78410599d9.oggvorbisstr[39m[0m
[  33% ] [90m[1msavepack[22m | Storing File: res://assets/ext/audio/voice/c3_drive_09.ogg.import[39m[0m
[  33% ] [90m[1msavepack[22m | Storing File: res://.godot/imported/c3_drive_10.ogg-af0409efd558e353f328ef2bd18c2193.oggvorbisstr[39m[0m
[  33% ] [90m[1msavepack[22m | Storing File: res://assets/ext/audio/voice/c3_drive_10.ogg.import[39m[0m
[  33% ] [90m[1msavepack[22m | Storing File: res://.godot/imported/c3_drive_11.ogg-879a88d434b0bd4a6a681024cd11f9af.oggvorbisstr[39m[0m
[  33% ] [90m[1msavepack[22m | Storing File: res://assets/ext/audio/voice/c3_drive_11.ogg.import[39m[0m
[  33% ] [90m[1msavepack[22m | Storing File: res://.godot/imported/c3_drive_12.ogg-69b90051119ff8897677256c37505c51.oggvorbisstr[39m[0m
[  33% ] [90m[1msavepack[22m | Storing File: res://assets/ext/audio/voice/c3_drive_12.ogg.import[39m[0m
[  33% ] [90m[1msavepack[22m | Storing File: res://.godot/imported/c3_drive_13.ogg-40ec0a4d4fc541900a5b2693d5c9dd09.oggvorbisstr[39m[0m
[  33% ] [90m[1msavepack[22m | Storing File: res://assets/ext/audio/voice/c3_drive_13.ogg.import[39m[0m
[  33% ] [90m[1msavepack[22m | Storing File: res://.godot/imported/c3_drive_14.ogg-5e60b6ac895e81be5753ace4c42d11c2.oggvorbisstr[39m[0m
[  33% ] [90m[1msavepack[22m | Storing File: res://assets/ext/audio/voice/c3_drive_14.ogg.import[39m[0m
[  33% ] [90m[1msavepack[22m | Storing File: res://.godot/imported/c3_drive_15.ogg-d32dc88c28191e3c3b5d06f016c058be.oggvorbisstr[39m[0m
[  33% ] [90m[1msavepack[22m | Storing File: res://assets/ext/audio/voice/c3_drive_15.ogg.import[39m[0m
[  33% ] [90m[1msavepack[22m | Storing File: res://.godot/imported/c3_drive_16.ogg-f88ba6ed651e03156575b0ecf387acd1.oggvorbisstr[39m[0m
[  33% ] [90m[1msavepack[22m | Storing File: res://assets/ext/audio/voice/c3_drive_16.ogg.import[39m[0m
[  33% ] [90m[1msavepack[22m | Storing File: res://.godot/imported/c3_drive_17.ogg-0ee8daba9dcf466169e9bcc5353ba541.oggvorbisstr[39m[0m
[  33% ] [90m[1msavepack[22m | Storing File: res://assets/ext/audio/voice/c3_drive_17.ogg.import[39m[0m
[  33% ] [90m[1msavepack[22m | Storing File: res://.godot/imported/c3_drive_18.ogg-a4b448552c35f2a0001c52e8dec0c773.oggvorbisstr[39m[0m
[  33% ] [90m[1msavepack[22m | Storing File: res://assets/ext/audio/voice/c3_drive_18.ogg.import[39m[0m
[  33% ] [90m[1msavepack[22m | Storing File: res://.godot/imported/c3_drive_19.ogg-4f3b180875f066621fa3e3ff6b3fe928.oggvorbisstr[39m[0m
[  33% ] [90m[1msavepack[22m | Storing File: res://assets/ext/audio/voice/c3_drive_19.ogg.import[39m[0m
[  33% ] [90m[1msavepack[22m | Storing File: res://.godot/imported/c3_drive_20.ogg-56d3c5e63a8da53b900e70293319d94c.oggvorbisstr[39m[0m
[  33% ] [90m[1msavepack[22m | Storing File: res://assets/ext/audio/voice/c3_drive_20.ogg.import[39m[0m
[  33% ] [90m[1msavepack[22m | Storing File: res://.godot/imported/c3_drive_21.ogg-5b981f2101b46a52c8e663c2e0ee2d08.oggvorbisstr[39m[0m
[  33% ] [90m[1msavepack[22m | Storing File: res://assets/ext/audio/voice/c3_drive_21.ogg.import[39m[0m
[  33% ] [90m[1msavepack[22m | Storing File: res://.godot/imported/c3_drive_22.ogg-1d403d5c8edb57170d6abb2893a2621a.oggvorbisstr[39m[0m
[  33% ] [90m[1msavepack[22m | Storing File: res://assets/ext/audio/voice/c3_drive_22.ogg.import[39m[0m
[  33% ] [90m[1msavepack[22m | Storing File: res://.godot/imported/c3_drive_23.ogg-e5056d8f999e33154fbdc2ea5f5e1723.oggvorbisstr[39m[0m
[  33% ] [90m[1msavepack[22m | Storing File: res://assets/ext/audio/voice/c3_drive_23.ogg.import[39m[0m
[  33% ] [90m[1msavepack[22m | Storing File: res://.godot/imported/c3_drive_24.ogg-d731b1ae0d83dd45685aec3f3724aa05.oggvorbisstr[39m[0m
[  33% ] [90m[1msavepack[22m | Storing File: res://assets/ext/audio/voice/c3_drive_24.ogg.import[39m[0m
[  33% ] [90m[1msavepack[22m | Storing File: res://.godot/imported/c3_drive_25.ogg-0ab61610b4948154048c1249ed586495.oggvorbisstr[39m[0m
[  33% ] [90m[1msavepack[22m | Storing File: res://assets/ext/audio/voice/c3_drive_25.ogg.import[39m[0m
[  33% ] [90m[1msavepack[22m | Storing File: res://.godot/imported/c3_drive_26.ogg-8f55ea0c880da83cfe31d61508710432.oggvorbisstr[39m[0m
[  33% ] [90m[1msavepack[22m | Storing File: res://assets/ext/audio/voice/c3_drive_26.ogg.import[39m[0m
[  33% ] [90m[1msavepack[22m | Storing File: res://.godot/imported/c3_drive_27.ogg-4491d7fc709a25682dc6f0411dcc3851.oggvorbisstr[39m[0m
[  33% ] [90m[1msavepack[22m | Storing File: res://assets/ext/audio/voice/c3_drive_27.ogg.import[39m[0m
[  33% ] [90m[1msavepack[22m | Storing File: res://.godot/imported/c3_drive_28.ogg-c6a5c0941d08a2a1dde0e508a123aafe.oggvorbisstr[39m[0m
[  33% ] [90m[1msavepack[22m | Storing File: res://assets/ext/audio/voice/c3_drive_28.ogg.import[39m[0m
[  33% ] [90m[1msavepack[22m | Storing File: res://.godot/imported/c3_drive_29.ogg-70c08d2c954f64bd6c31bcca3e9076e8.oggvorbisstr[39m[0m
[  33% ] [90m[1msavepack[22m | Storing File: res://assets/ext/audio/voice/c3_drive_29.ogg.import[39m[0m
[  33% ] [90m[1msavepack[22m | Storing File: res://.godot/imported/c3_drive_30.ogg-4ba52311211dfb120afb94fbd2e25168.oggvorbisstr[39m[0m
[  33% ] [90m[1msavepack[22m | Storing File: res://assets/ext/audio/voice/c3_drive_30.ogg.import[39m[0m
[  33% ] [90m[1msavepack[22m | Storing File: res://.godot/imported/c3_fork_01.ogg-3e99a7673820de8b919c65774af96273.oggvorbisstr[39m[0m
[  33% ] [90m[1msavepack[22m | Storing File: res://assets/ext/audio/voice/c3_fork_01.ogg.import[39m[0m
[  33% ] [90m[1msavepack[22m | Storing File: res://.godot/imported/c3_fork_02.ogg-d863ca418c2eccc88c5ff565007ba5b8.oggvorbisstr[39m[0m
[  33% ] [90m[1msavepack[22m | Storing File: res://assets/ext/audio/voice/c3_fork_02.ogg.import[39m[0m
[  33% ] [90m[1msavepack[22m | Storing File: res://.godot/imported/c3_fork_03.ogg-82e74fb295b750399ee2d57900152fed.oggvorbisstr[39m[0m
[  33% ] [90m[1msavepack[22m | Storing File: res://assets/ext/audio/voice/c3_fork_03.ogg.import[39m[0m
[  33% ] [90m[1msavepack[22m | Storing File: res://.godot/imported/c3_fork_04.ogg-5a52ed52696d93b76fb669f292a56782.oggvorbisstr[39m[0m
[  33% ] [90m[1msavepack[22m | Storing File: res://assets/ext/audio/voice/c3_fork_04.ogg.import[39m[0m
[  33% ] [90m[1msavepack[22m | Storing File: res://.godot/imported/c3_fork_05.ogg-35fe64f40aa54bfb2293f1a74db363d8.oggvorbisstr[39m[0m
[  33% ] [90m[1msavepack[22m | Storing File: res://assets/ext/audio/voice/c3_fork_05.ogg.import[39m[0m
[  33% ] [90m[1msavepack[22m | Storing File: res://.godot/imported/c3_fork_06.ogg-1e0cc22a5f89bf00eda19035d19e184d.oggvorbisstr[39m[0m
[  33% ] [90m[1msavepack[22m | Storing File: res://assets/ext/audio/voice/c3_fork_06.ogg.import[39m[0m
[  33% ] [90m[1msavepack[22m | Storing File: res://.godot/imported/c3_fork_07.ogg-e5d495d3096d5174bb6f76aca60c6801.oggvorbisstr[39m[0m
[  33% ] [90m[1msavepack[22m | Storing File: res://assets/ext/audio/voice/c3_fork_07.ogg.import[39m[0m
[  33% ] [90m[1msavepack[22m | Storing File: res://.godot/imported/c3_fork_08.ogg-f3ce396b01b02421004949e8836a833c.oggvorbisstr[39m[0m
[  33% ] [90m[1msavepack[22m | Storing File: res://assets/ext/audio/voice/c3_fork_08.ogg.import[39m[0m
[  33% ] [90m[1msavepack[22m | Storing File: res://.godot/imported/c3_fork_09.ogg-ab1d5fa76d8515bce2d5d28f3c4d8d12.oggvorbisstr[39m[0m
[  33% ] [90m[1msavepack[22m | Storing File: res://assets/ext/audio/voice/c3_fork_09.ogg.import[39m[0m
[  33% ] [90m[1msavepack[22m | Storing File: res://.godot/imported/c3_fork_10.ogg-b1e7abb497b4f174ebc3d7d7c26d87f4.oggvorbisstr[39m[0m
[  33% ] [90m[1msavepack[22m | Storing File: res://assets/ext/audio/voice/c3_fork_10.ogg.import[39m[0m
[  33% ] [90m[1msavepack[22m | Storing File: res://.godot/imported/c3_fork_11.ogg-65e690452708fdaeef8ee17b083a8fba.oggvorbisstr[39m[0m
[  33% ] [90m[1msavepack[22m | Storing File: res://assets/ext/audio/voice/c3_fork_11.ogg.import[39m[0m
[  33% ] [90m[1msavepack[22m | Storing File: res://.godot/imported/c3_fork_12.ogg-5eb378c2764ecde0ff230c9d39b58ea2.oggvorbisstr[39m[0m
[  33% ] [90m[1msavepack[22m | Storing File: res://assets/ext/audio/voice/c3_fork_12.ogg.import[39m[0m
[  33% ] [90m[1msavepack[22m | Storing File: res://.godot/imported/c3_fork_13.ogg-75261475f0a88b5101faf2d6cf2beb44.oggvorbisstr[39m[0m
[  33% ] [90m[1msavepack[22m | Storing File: res://assets/ext/audio/voice/c3_fork_13.ogg.import[39m[0m
[  33% ] [90m[1msavepack[22m | Storing File: res://.godot/imported/c3_fork_14.ogg-d21c55c36357630370ccbcbbe5def338.oggvorbisstr[39m[0m
[  33% ] [90m[1msavepack[22m | Storing File: res://assets/ext/audio/voice/c3_fork_14.ogg.import[39m[0m
[  33% ] [90m[1msavepack[22m | Storing File: res://.godot/imported/c3_fork_15.ogg-6fdf8aa69d481d8842471f681b5837f2.oggvorbisstr[39m[0m
[  33% ] [90m[1msavepack[22m | Storing File: res://assets/ext/audio/voice/c3_fork_15.ogg.import[39m[0m
[  33% ] [90m[1msavepack[22m | Storing File: res://.godot/imported/c3_fork_16.ogg-a752797900aec331da7078ef36a30fae.oggvorbisstr[39m[0m
[  33% ] [90m[1msavepack[22m | Storing File: res://assets/ext/audio/voice/c3_fork_16.ogg.import[39m[0m
[  33% ] [90m[1msavepack[22m | Storing File: res://.godot/imported/c3_fork_17.ogg-4cef7604ad4077e6fbfbf75e98f150ea.oggvorbisstr[39m[0m
[  33% ] [90m[1msavepack[22m | Storing File: res://assets/ext/audio/voice/c3_fork_17.ogg.import[39m[0m
[  33% ] [90m[1msavepack[22m | Storing File: res://.godot/imported/c3_fork_18.ogg-c7e47507e797a18747cc442074fa30a8.oggvorbisstr[39m[0m
[  33% ] [90m[1msavepack[22m | Storing File: res://assets/ext/audio/voice/c3_fork_18.ogg.import[39m[0m
[  33% ] [90m[1msavepack[22m | Storing File: res://.godot/imported/c3_fork_19.ogg-123f9cc803328bffba7f31cd768a82f6.oggvorbisstr[39m[0m
[  33% ] [90m[1msavepack[22m | Storing File: res://assets/ext/audio/voice/c3_fork_19.ogg.import[39m[0m
[  33% ] [90m[1msavepack[22m | Storing File: res://.godot/imported/c3_fork_20.ogg-0c41fdbc2ea34a18e41bf7292b8fb53b.oggvorbisstr[39m[0m
[  33% ] [90m[1msavepack[22m | Storing File: res://assets/ext/audio/voice/c3_fork_20.ogg.import[39m[0m
[  33% ] [90m[1msavepack[22m | Storing File: res://.godot/imported/c3_fork_21.ogg-4dc653741b462f3f31e52b28f6b811c6.oggvorbisstr[39m[0m
[  33% ] [90m[1msavepack[22m | Storing File: res://assets/ext/audio/voice/c3_fork_21.ogg.import[39m[0m
[  33% ] [90m[1msavepack[22m | Storing File: res://.godot/imported/c3_fork_22.ogg-8c2c1ba634af211d85d30ab6e4ce67cb.oggvorbisstr[39m[0m
[  33% ] [90m[1msavepack[22m | Storing File: res://assets/ext/audio/voice/c3_fork_22.ogg.import[39m[0m
[  33% ] [90m[1msavepack[22m | Storing File: res://.godot/imported/c3_fork_23.ogg-7da46eafb7d851fa8f12a67daaf5c88b.oggvorbisstr[39m[0m
[  33% ] [90m[1msavepack[22m | Storing File: res://assets/ext/audio/voice/c3_fork_23.ogg.import[39m[0m
[  33% ] [90m[1msavepack[22m | Storing File: res://.godot/imported/c3_fork_24.ogg-9898aefc52f0813e6b36d59a2d532d00.oggvorbisstr[39m[0m
[  33% ] [90m[1msavepack[22m | Storing File: res://assets/ext/audio/voice/c3_fork_24.ogg.import[39m[0m
[  33% ] [90m[1msavepack[22m | Storing File: res://.godot/imported/c3_fork_25.ogg-4ced237aa4310b66dfd64f7887d5f878.oggvorbisstr[39m[0m
[  33% ] [90m[1msavepack[22m | Storing File: res://assets/ext/audio/voice/c3_fork_25.ogg.import[39m[0m
[  33% ] [90m[1msavepack[22m | Storing File: res://.godot/imported/c3_fork_26.ogg-411385e2ec2bad81327b961753eb7cd4.oggvorbisstr[39m[0m
[  33% ] [90m[1msavepack[22m | Storing File: res://assets/ext/audio/voice/c3_fork_26.ogg.import[39m[0m
[  33% ] [90m[1msavepack[22m | Storing File: res://.godot/imported/c3_fork_27.ogg-ec0a6f64977e72bbb1176791e4eb7e2c.oggvorbisstr[39m[0m
[  33% ] [90m[1msavepack[22m | Storing File: res://assets/ext/audio/voice/c3_fork_27.ogg.import[39m[0m
[  33% ] [90m[1msavepack[22m | Storing File: res://.godot/imported/c3_fork_28.ogg-60bfc219351d7fe3981ee97c6f6f423f.oggvorbisstr[39m[0m
[  33% ] [90m[1msavepack[22m | Storing File: res://assets/ext/audio/voice/c3_fork_28.ogg.import[39m[0m
[  33% ] [90m[1msavepack[22m | Storing File: res://.godot/imported/c3_fork_29.ogg-ef10f4028044e86fe842a9c0d5316745.oggvorbisstr[39m[0m
[  33% ] [90m[1msavepack[22m | Storing File: res://assets/ext/audio/voice/c3_fork_29.ogg.import[39m[0m
[  34% ] [90m[1msavepack[22m | Storing File: res://.godot/imported/c3_fork_30.ogg-a4ad09ca72cecfbfd844c7b1c81eccbf.oggvorbisstr[39m[0m
[  34% ] [90m[1msavepack[22m | Storing File: res://assets/ext/audio/voice/c3_fork_30.ogg.import[39m[0m
[  34% ] [90m[1msavepack[22m | Storing File: res://.godot/imported/c3_fork_31.ogg-d5ebd37e030d68ca4fde3de9422b95e7.oggvorbisstr[39m[0m
[  34% ] [90m[1msavepack[22m | Storing File: res://assets/ext/audio/voice/c3_fork_31.ogg.import[39m[0m
[  34% ] [90m[1msavepack[22m | Storing File: res://.godot/imported/c3_fork_32.ogg-07daf5b0c97ad828f9aef729fab95035.oggvorbisstr[39m[0m
[  34% ] [90m[1msavepack[22m | Storing File: res://assets/ext/audio/voice/c3_fork_32.ogg.import[39m[0m
[  34% ] [90m[1msavepack[22m | Storing File: res://.godot/imported/c3_fork_33.ogg-42870c70ab16805c02cc63b0706e29d0.oggvorbisstr[39m[0m
[  34% ] [90m[1msavepack[22m | Storing File: res://assets/ext/audio/voice/c3_fork_33.ogg.import[39m[0m
[  34% ] [90m[1msavepack[22m | Storing File: res://.godot/imported/c3_ranch_01.ogg-27e1c838f3516c72518c1b9cc56f1f6f.oggvorbisstr[39m[0m
[  34% ] [90m[1msavepack[22m | Storing File: res://assets/ext/audio/voice/c3_ranch_01.ogg.import[39m[0m
[  34% ] [90m[1msavepack[22m | Storing File: res://.godot/imported/c3_ranch_02.ogg-93f567c65d417ce340dd0b08034542c9.oggvorbisstr[39m[0m
[  34% ] [90m[1msavepack[22m | Storing File: res://assets/ext/audio/voice/c3_ranch_02.ogg.import[39m[0m
[  34% ] [90m[1msavepack[22m | Storing File: res://.godot/imported/c3_ranch_03.ogg-0766c86c107ea8c9f0350d0e20bd1990.oggvorbisstr[39m[0m
[  34% ] [90m[1msavepack[22m | Storing File: res://assets/ext/audio/voice/c3_ranch_03.ogg.import[39m[0m
[  34% ] [90m[1msavepack[22m | Storing File: res://.godot/imported/c3_ranch_04.ogg-9303f5e28ae389bf7fda1fa1653fb3ad.oggvorbisstr[39m[0m
[  34% ] [90m[1msavepack[22m | Storing File: res://assets/ext/audio/voice/c3_ranch_04.ogg.import[39m[0m
[  34% ] [90m[1msavepack[22m | Storing File: res://.godot/imported/c3_ranch_05.ogg-ff82117095e10b77a0f0f8af23b747e7.oggvorbisstr[39m[0m
[  34% ] [90m[1msavepack[22m | Storing File: res://assets/ext/audio/voice/c3_ranch_05.ogg.import[39m[0m
[  34% ] [90m[1msavepack[22m | Storing File: res://.godot/imported/c3_ranch_06.ogg-59f8aba9b4c668d34cd172a798f3a49e.oggvorbisstr[39m[0m
[  34% ] [90m[1msavepack[22m | Storing File: res://assets/ext/audio/voice/c3_ranch_06.ogg.import[39m[0m
[  34% ] [90m[1msavepack[22m | Storing File: res://.godot/imported/c3_ranch_07.ogg-e71ba9f413ee26e80e366c3546baab18.oggvorbisstr[39m[0m
[  34% ] [90m[1msavepack[22m | Storing File: res://assets/ext/audio/voice/c3_ranch_07.ogg.import[39m[0m
[  34% ] [90m[1msavepack[22m | Storing File: res://.godot/imported/c3_ranch_08.ogg-584106088b87d373b93564d34ff31c85.oggvorbisstr[39m[0m
[  34% ] [90m[1msavepack[22m | Storing File: res://assets/ext/audio/voice/c3_ranch_08.ogg.import[39m[0m
[  34% ] [90m[1msavepack[22m | Storing File: res://.godot/imported/c3_ranch_09.ogg-edb5956caf48a0f2fa998e185fd0e068.oggvorbisstr[39m[0m
[  34% ] [90m[1msavepack[22m | Storing File: res://assets/ext/audio/voice/c3_ranch_09.ogg.import[39m[0m
[  34% ] [90m[1msavepack[22m | Storing File: res://.godot/imported/c3_ranch_10.ogg-dba128c361d2eea7c6cb85a7e8963398.oggvorbisstr[39m[0m
[  34% ] [90m[1msavepack[22m | Storing File: res://assets/ext/audio/voice/c3_ranch_10.ogg.import[39m[0m
[  34% ] [90m[1msavepack[22m | Storing File: res://.godot/imported/c3_ranch_11.ogg-7236dfa234316575ffa21a621c05a342.oggvorbisstr[39m[0m
[  34% ] [90m[1msavepack[22m | Storing File: res://assets/ext/audio/voice/c3_ranch_11.ogg.import[39m[0m
[  34% ] [90m[1msavepack[22m | Storing File: res://.godot/imported/c3_ranch_12.ogg-5c5a866c2e0d2ae65e51712dad33f6b3.oggvorbisstr[39m[0m
[  34% ] [90m[1msavepack[22m | Storing File: res://assets/ext/audio/voice/c3_ranch_12.ogg.import[39m[0m
[  34% ] [90m[1msavepack[22m | Storing File: res://.godot/imported/c3_ranch_13.ogg-da0c2b5f7ffd60c0bd466dc7ccbf6777.oggvorbisstr[39m[0m
[  34% ] [90m[1msavepack[22m | Storing File: res://assets/ext/audio/voice/c3_ranch_13.ogg.import[39m[0m
[  34% ] [90m[1msavepack[22m | Storing File: res://.godot/imported/c3_ranch_14.ogg-08e3e752a7bfbc4ee97b31ca0dae9409.oggvorbisstr[39m[0m
[  34% ] [90m[1msavepack[22m | Storing File: res://assets/ext/audio/voice/c3_ranch_14.ogg.import[39m[0m
[  34% ] [90m[1msavepack[22m | Storing File: res://.godot/imported/c3_ranch_15.ogg-9b08aa0a86e8cc9914014c690e453a72.oggvorbisstr[39m[0m
[  34% ] [90m[1msavepack[22m | Storing File: res://assets/ext/audio/voice/c3_ranch_15.ogg.import[39m[0m
[  34% ] [90m[1msavepack[22m | Storing File: res://.godot/imported/c3_ranch_16.ogg-fbc262d28971bd198a4fc320ed093574.oggvorbisstr[39m[0m
[  34% ] [90m[1msavepack[22m | Storing File: res://assets/ext/audio/voice/c3_ranch_16.ogg.import[39m[0m
[  34% ] [90m[1msavepack[22m | Storing File: res://.godot/imported/c3_ranch_17.ogg-dcc3b4b4d3d985721dbd9a67b84b4788.oggvorbisstr[39m[0m
[  34% ] [90m[1msavepack[22m | Storing File: res://assets/ext/audio/voice/c3_ranch_17.ogg.import[39m[0m
[  34% ] [90m[1msavepack[22m | Storing File: res://.godot/imported/c3_ranch_18.ogg-5fef656e64b934b8b98ae203f5382efb.oggvorbisstr[39m[0m
[  34% ] [90m[1msavepack[22m | Storing File: res://assets/ext/audio/voice/c3_ranch_18.ogg.import[39m[0m
[  34% ] [90m[1msavepack[22m | Storing File: res://.godot/imported/c3_ranch_19.ogg-735611bd1a3017aa999ef36abcb32f7b.oggvorbisstr[39m[0m
[  34% ] [90m[1msavepack[22m | Storing File: res://assets/ext/audio/voice/c3_ranch_19.ogg.import[39m[0m
[  34% ] [90m[1msavepack[22m | Storing File: res://.godot/imported/c3_ranch_20.ogg-6c6d6f52d1ab2e7a5dfe942710a7d609.oggvorbisstr[39m[0m
[  34% ] [90m[1msavepack[22m | Storing File: res://assets/ext/audio/voice/c3_ranch_20.ogg.import[39m[0m
[  34% ] [90m[1msavepack[22m | Storing File: res://.godot/imported/c3_ranch_21.ogg-ad8ecc2c80595b9bd68effe449165d2f.oggvorbisstr[39m[0m
[  34% ] [90m[1msavepack[22m | Storing File: res://assets/ext/audio/voice/c3_ranch_21.ogg.import[39m[0m
[  34% ] [90m[1msavepack[22m | Storing File: res://.godot/imported/c3_ranch_22.ogg-0eec0079d5c0d5608445c01addaeeed2.oggvorbisstr[39m[0m
[  34% ] [90m[1msavepack[22m | Storing File: res://assets/ext/audio/voice/c3_ranch_22.ogg.import[39m[0m
[  34% ] [90m[1msavepack[22m | Storing File: res://.godot/imported/c3_ranch_23.ogg-adb2e0dd1153f1ed96b548dcb46415e6.oggvorbisstr[39m[0m
[  34% ] [90m[1msavepack[22m | Storing File: res://assets/ext/audio/voice/c3_ranch_23.ogg.import[39m[0m
[  34% ] [90m[1msavepack[22m | Storing File: res://.godot/imported/c3_ranch_24.ogg-0fd4234b51d5b17e6737a55fc287c7c5.oggvorbisstr[39m[0m
[  34% ] [90m[1msavepack[22m | Storing File: res://assets/ext/audio/voice/c3_ranch_24.ogg.import[39m[0m
[  34% ] [90m[1msavepack[22m | Storing File: res://.godot/imported/c3_ranch_25.ogg-f24a3078c238713bc2f85d5b5ddbe3a6.oggvorbisstr[39m[0m
[  34% ] [90m[1msavepack[22m | Storing File: res://assets/ext/audio/voice/c3_ranch_25.ogg.import[39m[0m
[  34% ] [90m[1msavepack[22m | Storing File: res://.godot/imported/c3_ranch_26.ogg-6ccd47c02ac18538652aefaf3808345c.oggvorbisstr[39m[0m
[  34% ] [90m[1msavepack[22m | Storing File: res://assets/ext/audio/voice/c3_ranch_26.ogg.import[39m[0m
[  34% ] [90m[1msavepack[22m | Storing File: res://.godot/imported/c3_ranch_27.ogg-d9befbda924174fb175e6f749b41fbcf.oggvorbisstr[39m[0m
[  34% ] [90m[1msavepack[22m | Storing File: res://assets/ext/audio/voice/c3_ranch_27.ogg.import[39m[0m
[  34% ] [90m[1msavepack[22m | Storing File: res://.godot/imported/c3_ranch_28.ogg-bdbdb870f05463a4a0e7caf4bb5eca1a.oggvorbisstr[39m[0m
[  34% ] [90m[1msavepack[22m | Storing File: res://assets/ext/audio/voice/c3_ranch_28.ogg.import[39m[0m
[  34% ] [90m[1msavepack[22m | Storing File: res://.godot/imported/c3_ranch_29.ogg-93f3c9a1bd329503126d3aa9469e8ec3.oggvorbisstr[39m[0m
[  34% ] [90m[1msavepack[22m | Storing File: res://assets/ext/audio/voice/c3_ranch_29.ogg.import[39m[0m
[  34% ] [90m[1msavepack[22m | Storing File: res://.godot/imported/c3_ranch_30.ogg-92681bbc7b6029a7a84f848ae7edab9a.oggvorbisstr[39m[0m
[  34% ] [90m[1msavepack[22m | Storing File: res://assets/ext/audio/voice/c3_ranch_30.ogg.import[39m[0m
[  34% ] [90m[1msavepack[22m | Storing File: res://.godot/imported/c3_ranch_31.ogg-9dbd2243f2f02e3c6f5011d9523d6fd3.oggvorbisstr[39m[0m
[  34% ] [90m[1msavepack[22m | Storing File: res://assets/ext/audio/voice/c3_ranch_31.ogg.import[39m[0m
[  34% ] [90m[1msavepack[22m | Storing File: res://.godot/imported/c3_rights_01.ogg-bedbb6b42d677ca730b470dd2a4b5bea.oggvorbisstr[39m[0m
[  34% ] [90m[1msavepack[22m | Storing File: res://assets/ext/audio/voice/c3_rights_01.ogg.import[39m[0m
[  35% ] [90m[1msavepack[22m | Storing File: res://.godot/imported/c3_rights_02.ogg-ce115c581880a2e7cc13a72f41001d7b.oggvorbisstr[39m[0m
[  35% ] [90m[1msavepack[22m | Storing File: res://assets/ext/audio/voice/c3_rights_02.ogg.import[39m[0m
[  35% ] [90m[1msavepack[22m | Storing File: res://.godot/imported/c3_rights_03.ogg-e29ee6eb3fbe83f05ba7887abdbf44b0.oggvorbisstr[39m[0m
[  35% ] [90m[1msavepack[22m | Storing File: res://assets/ext/audio/voice/c3_rights_03.ogg.import[39m[0m
[  35% ] [90m[1msavepack[22m | Storing File: res://.godot/imported/c3_rights_04.ogg-13f908eee78956a7e64c4f342d93335a.oggvorbisstr[39m[0m
[  35% ] [90m[1msavepack[22m | Storing File: res://assets/ext/audio/voice/c3_rights_04.ogg.import[39m[0m
[  35% ] [90m[1msavepack[22m | Storing File: res://.godot/imported/c3_rights_05.ogg-2992cce294a9e9e3fa7d9bf3b9a21992.oggvorbisstr[39m[0m
[  35% ] [90m[1msavepack[22m | Storing File: res://assets/ext/audio/voice/c3_rights_05.ogg.import[39m[0m
[  35% ] [90m[1msavepack[22m | Storing File: res://.godot/imported/c3_rights_06.ogg-b2ee45434dfdad07776f5d14b390da84.oggvorbisstr[39m[0m
[  35% ] [90m[1msavepack[22m | Storing File: res://assets/ext/audio/voice/c3_rights_06.ogg.import[39m[0m
[  35% ] [90m[1msavepack[22m | Storing File: res://.godot/imported/c3_rights_07.ogg-653d2296319a312b93e8e6dbbf224902.oggvorbisstr[39m[0m
[  35% ] [90m[1msavepack[22m | Storing File: res://assets/ext/audio/voice/c3_rights_07.ogg.import[39m[0m
[  35% ] [90m[1msavepack[22m | Storing File: res://.godot/imported/c3_rights_08.ogg-362d6ed2f295746305b44fce75ce46f2.oggvorbisstr[39m[0m
[  35% ] [90m[1msavepack[22m | Storing File: res://assets/ext/audio/voice/c3_rights_08.ogg.import[39m[0m
[  35% ] [90m[1msavepack[22m | Storing File: res://.godot/imported/c3_rights_09.ogg-3eedcae57262a9d24800fc6d696149c5.oggvorbisstr[39m[0m
[  35% ] [90m[1msavepack[22m | Storing File: res://assets/ext/audio/voice/c3_rights_09.ogg.import[39m[0m
[  35% ] [90m[1msavepack[22m | Storing File: res://.godot/imported/c3_rights_10.ogg-60e06587b75f6b29ee691b9b085db37f.oggvorbisstr[39m[0m
[  35% ] [90m[1msavepack[22m | Storing File: res://assets/ext/audio/voice/c3_rights_10.ogg.import[39m[0m
[  35% ] [90m[1msavepack[22m | Storing File: res://.godot/imported/c3_rights_11.ogg-cb6e79cab9ef9e7185246b390f5b08ef.oggvorbisstr[39m[0m
[  35% ] [90m[1msavepack[22m | Storing File: res://assets/ext/audio/voice/c3_rights_11.ogg.import[39m[0m
[  35% ] [90m[1msavepack[22m | Storing File: res://.godot/imported/c3_rights_12.ogg-d42b7da4223b4ace2ac996b7a0c5465e.oggvorbisstr[39m[0m
[  35% ] [90m[1msavepack[22m | Storing File: res://assets/ext/audio/voice/c3_rights_12.ogg.import[39m[0m
[  35% ] [90m[1msavepack[22m | Storing File: res://.godot/imported/c3_rights_13.ogg-027d4a45aba90cad571ffbae2d1ee4b4.oggvorbisstr[39m[0m
[  35% ] [90m[1msavepack[22m | Storing File: res://assets/ext/audio/voice/c3_rights_13.ogg.import[39m[0m
[  35% ] [90m[1msavepack[22m | Storing File: res://.godot/imported/c3_rights_14.ogg-a9f65df11d7beb6d625a12a1da3821ab.oggvorbisstr[39m[0m
[  35% ] [90m[1msavepack[22m | Storing File: res://assets/ext/audio/voice/c3_rights_14.ogg.import[39m[0m
[  35% ] [90m[1msavepack[22m | Storing File: res://.godot/imported/c3_rights_15.ogg-fe92a623c717d34d93a6a77a6821f1f9.oggvorbisstr[39m[0m
[  35% ] [90m[1msavepack[22m | Storing File: res://assets/ext/audio/voice/c3_rights_15.ogg.import[39m[0m
[  35% ] [90m[1msavepack[22m | Storing File: res://.godot/imported/c3_rights_16.ogg-397b88e97ce862d74cd430b5374c811f.oggvorbisstr[39m[0m
[  35% ] [90m[1msavepack[22m | Storing File: res://assets/ext/audio/voice/c3_rights_16.ogg.import[39m[0m
[  35% ] [90m[1msavepack[22m | Storing File: res://.godot/imported/c3_rights_17.ogg-3f8ae5f3f73383999973cdd0b17c3335.oggvorbisstr[39m[0m
[  35% ] [90m[1msavepack[22m | Storing File: res://assets/ext/audio/voice/c3_rights_17.ogg.import[39m[0m
[  35% ] [90m[1msavepack[22m | Storing File: res://.godot/imported/c3_rights_18.ogg-dd83572df116d3a1cd7ce9ccf72ada9d.oggvorbisstr[39m[0m
[  35% ] [90m[1msavepack[22m | Storing File: res://assets/ext/audio/voice/c3_rights_18.ogg.import[39m[0m
[  35% ] [90m[1msavepack[22m | Storing File: res://.godot/imported/c3_rights_19.ogg-461df4a0f3f9844549e4bf6bed617ead.oggvorbisstr[39m[0m
[  35% ] [90m[1msavepack[22m | Storing File: res://assets/ext/audio/voice/c3_rights_19.ogg.import[39m[0m
[  35% ] [90m[1msavepack[22m | Storing File: res://.godot/imported/c3_rights_20.ogg-46b74fbbf71b83b912eaf45928992066.oggvorbisstr[39m[0m
[  35% ] [90m[1msavepack[22m | Storing File: res://assets/ext/audio/voice/c3_rights_20.ogg.import[39m[0m
[  35% ] [90m[1msavepack[22m | Storing File: res://.godot/imported/c3_rights_21.ogg-c9647100125fec4e5430545ae64872d3.oggvorbisstr[39m[0m
[  35% ] [90m[1msavepack[22m | Storing File: res://assets/ext/audio/voice/c3_rights_21.ogg.import[39m[0m
[  35% ] [90m[1msavepack[22m | Storing File: res://.godot/imported/c3_rights_22.ogg-d2bf84c49fc455fe74a1283aa746eeae.oggvorbisstr[39m[0m
[  35% ] [90m[1msavepack[22m | Storing File: res://assets/ext/audio/voice/c3_rights_22.ogg.import[39m[0m
[  35% ] [90m[1msavepack[22m | Storing File: res://.godot/imported/c3_rights_23.ogg-221bbac849e59d308f1065856fe35dd2.oggvorbisstr[39m[0m
[  35% ] [90m[1msavepack[22m | Storing File: res://assets/ext/audio/voice/c3_rights_23.ogg.import[39m[0m
[  35% ] [90m[1msavepack[22m | Storing File: res://.godot/imported/c3_rights_24.ogg-c8cc380c0ea8db5c5d566c9f2ef30f16.oggvorbisstr[39m[0m
[  35% ] [90m[1msavepack[22m | Storing File: res://assets/ext/audio/voice/c3_rights_24.ogg.import[39m[0m
[  35% ] [90m[1msavepack[22m | Storing File: res://.godot/imported/c3_rights_25.ogg-4513ff5658011dfd124e54ded2f9ffd2.oggvorbisstr[39m[0m
[  35% ] [90m[1msavepack[22m | Storing File: res://assets/ext/audio/voice/c3_rights_25.ogg.import[39m[0m
[  35% ] [90m[1msavepack[22m | Storing File: res://.godot/imported/c3_rights_26.ogg-25536b6f325e923a46343a922afdc93f.oggvorbisstr[39m[0m
[  35% ] [90m[1msavepack[22m | Storing File: res://assets/ext/audio/voice/c3_rights_26.ogg.import[39m[0m
[  35% ] [90m[1msavepack[22m | Storing File: res://.godot/imported/c3_rights_27.ogg-bc5318eb75f8bcd1d1f0495b1a956d6f.oggvorbisstr[39m[0m
[  35% ] [90m[1msavepack[22m | Storing File: res://assets/ext/audio/voice/c3_rights_27.ogg.import[39m[0m
[  35% ] [90m[1msavepack[22m | Storing File: res://.godot/imported/c3_rights_28.ogg-9b7badfd9b84c49884f7dddaff9c537b.oggvorbisstr[39m[0m
[  35% ] [90m[1msavepack[22m | Storing File: res://assets/ext/audio/voice/c3_rights_28.ogg.import[39m[0m
[  35% ] [90m[1msavepack[22m | Storing File: res://.godot/imported/c3_rights_29.ogg-8d1677a346eee423fa8b456ed8b66265.oggvorbisstr[39m[0m
[  35% ] [90m[1msavepack[22m | Storing File: res://assets/ext/audio/voice/c3_rights_29.ogg.import[39m[0m
[  35% ] [90m[1msavepack[22m | Storing File: res://.godot/imported/c4_asa_01.ogg-53a57df76e796c115fa3c9e9b8f362a1.oggvorbisstr[39m[0m
[  35% ] [90m[1msavepack[22m | Storing File: res://assets/ext/audio/voice/c4_asa_01.ogg.import[39m[0m
[  35% ] [90m[1msavepack[22m | Storing File: res://.godot/imported/c4_asa_02.ogg-daf4cc31c9d273beaa6f8fda88184904.oggvorbisstr[39m[0m
[  35% ] [90m[1msavepack[22m | Storing File: res://assets/ext/audio/voice/c4_asa_02.ogg.import[39m[0m
[  35% ] [90m[1msavepack[22m | Storing File: res://.godot/imported/c4_asa_03.ogg-b9d99cb3cfabc914207a714e8b099b95.oggvorbisstr[39m[0m
[  35% ] [90m[1msavepack[22m | Storing File: res://assets/ext/audio/voice/c4_asa_03.ogg.import[39m[0m
[  35% ] [90m[1msavepack[22m | Storing File: res://.godot/imported/c4_asa_04.ogg-bd7b60701510a8c9b23453e139808416.oggvorbisstr[39m[0m
[  35% ] [90m[1msavepack[22m | Storing File: res://assets/ext/audio/voice/c4_asa_04.ogg.import[39m[0m
[  35% ] [90m[1msavepack[22m | Storing File: res://.godot/imported/c4_asa_05.ogg-4b73676a6c6b71eb7dc01257dcc4a354.oggvorbisstr[39m[0m
[  35% ] [90m[1msavepack[22m | Storing File: res://assets/ext/audio/voice/c4_asa_05.ogg.import[39m[0m
[  35% ] [90m[1msavepack[22m | Storing File: res://.godot/imported/c4_asa_06.ogg-170db670300829a49104a9283aa33abd.oggvorbisstr[39m[0m
[  35% ] [90m[1msavepack[22m | Storing File: res://assets/ext/audio/voice/c4_asa_06.ogg.import[39m[0m
[  35% ] [90m[1msavepack[22m | Storing File: res://.godot/imported/c4_asa_07.ogg-463f5e17c133788b5608c8edba95fa53.oggvorbisstr[39m[0m
[  35% ] [90m[1msavepack[22m | Storing File: res://assets/ext/audio/voice/c4_asa_07.ogg.import[39m[0m
[  36% ] [90m[1msavepack[22m | Storing File: res://.godot/imported/c4_asa_08.ogg-e93a31d7f4bd7056a542778d8f1e8d3d.oggvorbisstr[39m[0m
[  36% ] [90m[1msavepack[22m | Storing File: res://assets/ext/audio/voice/c4_asa_08.ogg.import[39m[0m
[  36% ] [90m[1msavepack[22m | Storing File: res://.godot/imported/c4_asa_09.ogg-8806bd12f59ef8af888aa060bc965143.oggvorbisstr[39m[0m
[  36% ] [90m[1msavepack[22m | Storing File: res://assets/ext/audio/voice/c4_asa_09.ogg.import[39m[0m
[  36% ] [90m[1msavepack[22m | Storing File: res://.godot/imported/c4_asa_10.ogg-8bc9aafcc6e126f46a42561bed83edd1.oggvorbisstr[39m[0m
[  36% ] [90m[1msavepack[22m | Storing File: res://assets/ext/audio/voice/c4_asa_10.ogg.import[39m[0m
[  36% ] [90m[1msavepack[22m | Storing File: res://.godot/imported/c4_asa_11.ogg-720517fd7a813e06e0776436c09f61da.oggvorbisstr[39m[0m
[  36% ] [90m[1msavepack[22m | Storing File: res://assets/ext/audio/voice/c4_asa_11.ogg.import[39m[0m
[  36% ] [90m[1msavepack[22m | Storing File: res://.godot/imported/c4_asa_12.ogg-e74c6caf52a269baff018537f9bd5b4d.oggvorbisstr[39m[0m
[  36% ] [90m[1msavepack[22m | Storing File: res://assets/ext/audio/voice/c4_asa_12.ogg.import[39m[0m
[  36% ] [90m[1msavepack[22m | Storing File: res://.godot/imported/c4_asa_13.ogg-2064d1f1e80b1c23289b4d49d1458a6e.oggvorbisstr[39m[0m
[  36% ] [90m[1msavepack[22m | Storing File: res://assets/ext/audio/voice/c4_asa_13.ogg.import[39m[0m
[  36% ] [90m[1msavepack[22m | Storing File: res://.godot/imported/c4_asa_14.ogg-c57a343fa5f9eff60dd797f0eb88c5ee.oggvorbisstr[39m[0m
[  36% ] [90m[1msavepack[22m | Storing File: res://assets/ext/audio/voice/c4_asa_14.ogg.import[39m[0m
[  36% ] [90m[1msavepack[22m | Storing File: res://.godot/imported/c4_asa_15.ogg-0e7950358319a39b5bc07db6e5a2e63d.oggvorbisstr[39m[0m
[  36% ] [90m[1msavepack[22m | Storing File: res://assets/ext/audio/voice/c4_asa_15.ogg.import[39m[0m
[  36% ] [90m[1msavepack[22m | Storing File: res://.godot/imported/c4_asa_16.ogg-224eef725db03c3412fe6268bacc5a9a.oggvorbisstr[39m[0m
[  36% ] [90m[1msavepack[22m | Storing File: res://assets/ext/audio/voice/c4_asa_16.ogg.import[39m[0m
[  36% ] [90m[1msavepack[22m | Storing File: res://.godot/imported/c4_asa_17.ogg-8934449632269a7010c183c8412abda7.oggvorbisstr[39m[0m
[  36% ] [90m[1msavepack[22m | Storing File: res://assets/ext/audio/voice/c4_asa_17.ogg.import[39m[0m
[  36% ] [90m[1msavepack[22m | Storing File: res://.godot/imported/c4_asa_18.ogg-c4c9b3c60e52a5accd526ea34a32f773.oggvorbisstr[39m[0m
[  36% ] [90m[1msavepack[22m | Storing File: res://assets/ext/audio/voice/c4_asa_18.ogg.import[39m[0m
[  36% ] [90m[1msavepack[22m | Storing File: res://.godot/imported/c4_asa_19.ogg-609bebaca079d1f3d8f03d3cc7d8f92f.oggvorbisstr[39m[0m
[  36% ] [90m[1msavepack[22m | Storing File: res://assets/ext/audio/voice/c4_asa_19.ogg.import[39m[0m
[  36% ] [90m[1msavepack[22m | Storing File: res://.godot/imported/c4_asa_20.ogg-7b0e38ba6cbcf4f0ed32bcf6417ce85e.oggvorbisstr[39m[0m
[  36% ] [90m[1msavepack[22m | Storing File: res://assets/ext/audio/voice/c4_asa_20.ogg.import[39m[0m
[  36% ] [90m[1msavepack[22m | Storing File: res://.godot/imported/c4_asa_21.ogg-72532221bc8ebab5f7af4cd3d728e345.oggvorbisstr[39m[0m
[  36% ] [90m[1msavepack[22m | Storing File: res://assets/ext/audio/voice/c4_asa_21.ogg.import[39m[0m
[  36% ] [90m[1msavepack[22m | Storing File: res://.godot/imported/c4_asa_22.ogg-95dccb0daae98b6d7c665a29290475f8.oggvorbisstr[39m[0m
[  36% ] [90m[1msavepack[22m | Storing File: res://assets/ext/audio/voice/c4_asa_22.ogg.import[39m[0m
[  36% ] [90m[1msavepack[22m | Storing File: res://.godot/imported/c4_asa_23.ogg-e1c4796901bed87d0d24cf316fe8c96d.oggvorbisstr[39m[0m
[  36% ] [90m[1msavepack[22m | Storing File: res://assets/ext/audio/voice/c4_asa_23.ogg.import[39m[0m
[  36% ] [90m[1msavepack[22m | Storing File: res://.godot/imported/c4_asa_24.ogg-3837b4f48f2b675e2277b7f1de2ac6f8.oggvorbisstr[39m[0m
[  36% ] [90m[1msavepack[22m | Storing File: res://assets/ext/audio/voice/c4_asa_24.ogg.import[39m[0m
[  36% ] [90m[1msavepack[22m | Storing File: res://.godot/imported/c4_asa_25.ogg-0e01e38e02540b1f8d1ff471d1480d30.oggvorbisstr[39m[0m
[  36% ] [90m[1msavepack[22m | Storing File: res://assets/ext/audio/voice/c4_asa_25.ogg.import[39m[0m
[  36% ] [90m[1msavepack[22m | Storing File: res://.godot/imported/c4_cold_01.ogg-44ceb0e7dfe11b8aa287ad1fc9753fd3.oggvorbisstr[39m[0m
[  36% ] [90m[1msavepack[22m | Storing File: res://assets/ext/audio/voice/c4_cold_01.ogg.import[39m[0m
[  36% ] [90m[1msavepack[22m | Storing File: res://.godot/imported/c4_cold_02.ogg-c98d1977d624b1470c28330326d19a20.oggvorbisstr[39m[0m
[  36% ] [90m[1msavepack[22m | Storing File: res://assets/ext/audio/voice/c4_cold_02.ogg.import[39m[0m
[  36% ] [90m[1msavepack[22m | Storing File: res://.godot/imported/c4_cold_03.ogg-0282e2428e5fc2b0eac3fc9dc168fb90.oggvorbisstr[39m[0m
[  36% ] [90m[1msavepack[22m | Storing File: res://assets/ext/audio/voice/c4_cold_03.ogg.import[39m[0m
[  36% ] [90m[1msavepack[22m | Storing File: res://.godot/imported/c4_cold_04.ogg-69624ed3fff55521f11ee57e9cde3dd3.oggvorbisstr[39m[0m
[  36% ] [90m[1msavepack[22m | Storing File: res://assets/ext/audio/voice/c4_cold_04.ogg.import[39m[0m
[  36% ] [90m[1msavepack[22m | Storing File: res://.godot/imported/c4_cold_05.ogg-d8aa7a808049e435ce1ca9fcae5de394.oggvorbisstr[39m[0m
[  36% ] [90m[1msavepack[22m | Storing File: res://assets/ext/audio/voice/c4_cold_05.ogg.import[39m[0m
[  36% ] [90m[1msavepack[22m | Storing File: res://.godot/imported/c4_cold_06.ogg-71b603cbc593362241c3f9e88720891a.oggvorbisstr[39m[0m
[  36% ] [90m[1msavepack[22m | Storing File: res://assets/ext/audio/voice/c4_cold_06.ogg.import[39m[0m
[  36% ] [90m[1msavepack[22m | Storing File: res://.godot/imported/c4_cold_07.ogg-b81dc4763397735c702be7dbc991aa66.oggvorbisstr[39m[0m
[  36% ] [90m[1msavepack[22m | Storing File: res://assets/ext/audio/voice/c4_cold_07.ogg.import[39m[0m
[  36% ] [90m[1msavepack[22m | Storing File: res://.godot/imported/c4_cold_08.ogg-3629d7a01115367fce8fce9d5482d7ef.oggvorbisstr[39m[0m
[  36% ] [90m[1msavepack[22m | Storing File: res://assets/ext/audio/voice/c4_cold_08.ogg.import[39m[0m
[  36% ] [90m[1msavepack[22m | Storing File: res://.godot/imported/c4_cold_09.ogg-b871147809166709d33ef8f489b27920.oggvorbisstr[39m[0m
[  36% ] [90m[1msavepack[22m | Storing File: res://assets/ext/audio/voice/c4_cold_09.ogg.import[39m[0m
[  36% ] [90m[1msavepack[22m | Storing File: res://.godot/imported/c4_cold_10.ogg-482e4ec631af9033975223da73cae62a.oggvorbisstr[39m[0m
[  36% ] [90m[1msavepack[22m | Storing File: res://assets/ext/audio/voice/c4_cold_10.ogg.import[39m[0m
[  36% ] [90m[1msavepack[22m | Storing File: res://.godot/imported/c4_cold_11.ogg-bcfa01d57eab8c95a5a2c684393cc5d5.oggvorbisstr[39m[0m
[  36% ] [90m[1msavepack[22m | Storing File: res://assets/ext/audio/voice/c4_cold_11.ogg.import[39m[0m
[  36% ] [90m[1msavepack[22m | Storing File: res://.godot/imported/c4_cold_12.ogg-1b569fa5ef48cfe61bd789da8871317c.oggvorbisstr[39m[0m
[  36% ] [90m[1msavepack[22m | Storing File: res://assets/ext/audio/voice/c4_cold_12.ogg.import[39m[0m
[  36% ] [90m[1msavepack[22m | Storing File: res://.godot/imported/c4_cold_13.ogg-16c4f4f30816687591d6bc8ae416dc3b.oggvorbisstr[39m[0m
[  36% ] [90m[1msavepack[22m | Storing File: res://assets/ext/audio/voice/c4_cold_13.ogg.import[39m[0m
[  36% ] [90m[1msavepack[22m | Storing File: res://.godot/imported/c4_cold_14.ogg-bbce5293111fed8b73fea286e7912278.oggvorbisstr[39m[0m
[  36% ] [90m[1msavepack[22m | Storing File: res://assets/ext/audio/voice/c4_cold_14.ogg.import[39m[0m
[  36% ] [90m[1msavepack[22m | Storing File: res://.godot/imported/c4_cold_15.ogg-3bc18b51fa099f43498f38791351f202.oggvorbisstr[39m[0m
[  36% ] [90m[1msavepack[22m | Storing File: res://assets/ext/audio/voice/c4_cold_15.ogg.import[39m[0m
[  36% ] [90m[1msavepack[22m | Storing File: res://.godot/imported/c4_cold_16.ogg-65ae31d00b8e7216b59589a3bf8f40bf.oggvorbisstr[39m[0m
[  36% ] [90m[1msavepack[22m | Storing File: res://assets/ext/audio/voice/c4_cold_16.ogg.import[39m[0m
[  36% ] [90m[1msavepack[22m | Storing File: res://.godot/imported/c4_cold_17.ogg-d28565ce3ce779bdf6d3b1753ca509e4.oggvorbisstr[39m[0m
[  36% ] [90m[1msavepack[22m | Storing File: res://assets/ext/audio/voice/c4_cold_17.ogg.import[39m[0m
[  36% ] [90m[1msavepack[22m | Storing File: res://.godot/imported/c4_cold_18.ogg-8cad64b6982602aacb6797f6c16092f9.oggvorbisstr[39m[0m
[  36% ] [90m[1msavepack[22m | Storing File: res://assets/ext/audio/voice/c4_cold_18.ogg.import[39m[0m
[  37% ] [90m[1msavepack[22m | Storing File: res://.godot/imported/c4_cold_19.ogg-7522db5d52d1bf4c3a9dad15dcd75673.oggvorbisstr[39m[0m
[  37% ] [90m[1msavepack[22m | Storing File: res://assets/ext/audio/voice/c4_cold_19.ogg.import[39m[0m
[  37% ] [90m[1msavepack[22m | Storing File: res://.godot/imported/c4_cold_20.ogg-e70e629c8c66db241c86cc6a8eda62f5.oggvorbisstr[39m[0m
[  37% ] [90m[1msavepack[22m | Storing File: res://assets/ext/audio/voice/c4_cold_20.ogg.import[39m[0m
[  37% ] [90m[1msavepack[22m | Storing File: res://.godot/imported/c4_cold_21.ogg-4411c2ed17e523ba250a0439e50dfcce.oggvorbisstr[39m[0m
[  37% ] [90m[1msavepack[22m | Storing File: res://assets/ext/audio/voice/c4_cold_21.ogg.import[39m[0m
[  37% ] [90m[1msavepack[22m | Storing File: res://.godot/imported/c4_cold_22.ogg-42fdc14c3ee7de9de0247364b01aef21.oggvorbisstr[39m[0m
[  37% ] [90m[1msavepack[22m | Storing File: res://assets/ext/audio/voice/c4_cold_22.ogg.import[39m[0m
[  37% ] [90m[1msavepack[22m | Storing File: res://.godot/imported/c4_cold_23.ogg-6e99d109f4d6bacd55aaf5008ca58372.oggvorbisstr[39m[0m
[  37% ] [90m[1msavepack[22m | Storing File: res://assets/ext/audio/voice/c4_cold_23.ogg.import[39m[0m
[  37% ] [90m[1msavepack[22m | Storing File: res://.godot/imported/c4_cold_24.ogg-35f94e4f78186204ac0e5d0f9ea8f38e.oggvorbisstr[39m[0m
[  37% ] [90m[1msavepack[22m | Storing File: res://assets/ext/audio/voice/c4_cold_24.ogg.import[39m[0m
[  37% ] [90m[1msavepack[22m | Storing File: res://.godot/imported/c4_cold_25.ogg-6ac9dba02350062bfb09b72cce2bffe3.oggvorbisstr[39m[0m
[  37% ] [90m[1msavepack[22m | Storing File: res://assets/ext/audio/voice/c4_cold_25.ogg.import[39m[0m
[  37% ] [90m[1msavepack[22m | Storing File: res://.godot/imported/c4_cold_26.ogg-4356e25f93302e9cbb6cb3d8273f9931.oggvorbisstr[39m[0m
[  37% ] [90m[1msavepack[22m | Storing File: res://assets/ext/audio/voice/c4_cold_26.ogg.import[39m[0m
[  37% ] [90m[1msavepack[22m | Storing File: res://.godot/imported/c4_cold_27.ogg-a9430369fe6e5bd5ece2625ccc162764.oggvorbisstr[39m[0m
[  37% ] [90m[1msavepack[22m | Storing File: res://assets/ext/audio/voice/c4_cold_27.ogg.import[39m[0m
[  37% ] [90m[1msavepack[22m | Storing File: res://.godot/imported/c4_mine_01.ogg-79fdc9d85edc6a758e818aac22cc8673.oggvorbisstr[39m[0m
[  37% ] [90m[1msavepack[22m | Storing File: res://assets/ext/audio/voice/c4_mine_01.ogg.import[39m[0m
[  37% ] [90m[1msavepack[22m | Storing File: res://.godot/imported/c4_mine_02.ogg-550b6e246a5a9f13eadceb92039b1232.oggvorbisstr[39m[0m
[  37% ] [90m[1msavepack[22m | Storing File: res://assets/ext/audio/voice/c4_mine_02.ogg.import[39m[0m
[  37% ] [90m[1msavepack[22m | Storing File: res://.godot/imported/c4_mine_03.ogg-db71d7215d46d4c4a53f6cfd9f4957f8.oggvorbisstr[39m[0m
[  37% ] [90m[1msavepack[22m | Storing File: res://assets/ext/audio/voice/c4_mine_03.ogg.import[39m[0m
[  37% ] [90m[1msavepack[22m | Storing File: res://.godot/imported/c4_mine_04.ogg-4e67edf10009863662c2013262eafcd2.oggvorbisstr[39m[0m
[  37% ] [90m[1msavepack[22m | Storing File: res://assets/ext/audio/voice/c4_mine_04.ogg.import[39m[0m
[  37% ] [90m[1msavepack[22m | Storing File: res://.godot/imported/c4_mine_05.ogg-3768fdf43695a5daa003f0c0e7c79f97.oggvorbisstr[39m[0m
[  37% ] [90m[1msavepack[22m | Storing File: res://assets/ext/audio/voice/c4_mine_05.ogg.import[39m[0m
[  37% ] [90m[1msavepack[22m | Storing File: res://.godot/imported/c4_mine_06.ogg-055a8b34f5f05e0de5ebb24e6a9366dd.oggvorbisstr[39m[0m
[  37% ] [90m[1msavepack[22m | Storing File: res://assets/ext/audio/voice/c4_mine_06.ogg.import[39m[0m
[  37% ] [90m[1msavepack[22m | Storing File: res://.godot/imported/c4_mine_07.ogg-3543a61b5ea2e4fd5ad0d02b3b5b7900.oggvorbisstr[39m[0m
[  37% ] [90m[1msavepack[22m | Storing File: res://assets/ext/audio/voice/c4_mine_07.ogg.import[39m[0m
[  37% ] [90m[1msavepack[22m | Storing File: res://.godot/imported/c4_mine_08.ogg-b0359dc8cfaeddda2b0a13d4ea48c8c8.oggvorbisstr[39m[0m
[  37% ] [90m[1msavepack[22m | Storing File: res://assets/ext/audio/voice/c4_mine_08.ogg.import[39m[0m
[  37% ] [90m[1msavepack[22m | Storing File: res://.godot/imported/c4_mine_09.ogg-4bc698da16d0b9cb14303bdfa4cb7da4.oggvorbisstr[39m[0m
[  37% ] [90m[1msavepack[22m | Storing File: res://assets/ext/audio/voice/c4_mine_09.ogg.import[39m[0m
[  37% ] [90m[1msavepack[22m | Storing File: res://.godot/imported/c4_mine_10.ogg-bd73a0d8ec095b495ac270724178e0b7.oggvorbisstr[39m[0m
[  37% ] [90m[1msavepack[22m | Storing File: res://assets/ext/audio/voice/c4_mine_10.ogg.import[39m[0m
[  37% ] [90m[1msavepack[22m | Storing File: res://.godot/imported/c4_mine_11.ogg-644111607efc395075306e1f6767cfbf.oggvorbisstr[39m[0m
[  37% ] [90m[1msavepack[22m | Storing File: res://assets/ext/audio/voice/c4_mine_11.ogg.import[39m[0m
[  37% ] [90m[1msavepack[22m | Storing File: res://.godot/imported/c4_mine_12.ogg-369faa80eedc3de559be254018899eed.oggvorbisstr[39m[0m
[  37% ] [90m[1msavepack[22m | Storing File: res://assets/ext/audio/voice/c4_mine_12.ogg.import[39m[0m
[  37% ] [90m[1msavepack[22m | Storing File: res://.godot/imported/c4_mine_13.ogg-8557c219b3606c4b1f849ddd287b63a7.oggvorbisstr[39m[0m
[  37% ] [90m[1msavepack[22m | Storing File: res://assets/ext/audio/voice/c4_mine_13.ogg.import[39m[0m
[  37% ] [90m[1msavepack[22m | Storing File: res://.godot/imported/c4_mine_14.ogg-0df815ddf6f3000d0d6b8d8cdf97cde7.oggvorbisstr[39m[0m
[  37% ] [90m[1msavepack[22m | Storing File: res://assets/ext/audio/voice/c4_mine_14.ogg.import[39m[0m
[  37% ] [90m[1msavepack[22m | Storing File: res://.godot/imported/c4_mine_15.ogg-8e60034900a9aef7483135ce9a1aa889.oggvorbisstr[39m[0m
[  37% ] [90m[1msavepack[22m | Storing File: res://assets/ext/audio/voice/c4_mine_15.ogg.import[39m[0m
[  37% ] [90m[1msavepack[22m | Storing File: res://.godot/imported/c4_mine_16.ogg-f89d8a303bd662e06311c8f88f00b388.oggvorbisstr[39m[0m
[  37% ] [90m[1msavepack[22m | Storing File: res://assets/ext/audio/voice/c4_mine_16.ogg.import[39m[0m
[  37% ] [90m[1msavepack[22m | Storing File: res://.godot/imported/c4_mine_17.ogg-18b8903c7547805eb35235e53cde150f.oggvorbisstr[39m[0m
[  37% ] [90m[1msavepack[22m | Storing File: res://assets/ext/audio/voice/c4_mine_17.ogg.import[39m[0m
[  37% ] [90m[1msavepack[22m | Storing File: res://.godot/imported/c4_mine_18.ogg-9997ed7470b28fbde85fdb627ce60e52.oggvorbisstr[39m[0m
[  37% ] [90m[1msavepack[22m | Storing File: res://assets/ext/audio/voice/c4_mine_18.ogg.import[39m[0m
[  37% ] [90m[1msavepack[22m | Storing File: res://.godot/imported/c4_mine_19.ogg-803b5099e290927f8f03eae66dfda6a7.oggvorbisstr[39m[0m
[  37% ] [90m[1msavepack[22m | Storing File: res://assets/ext/audio/voice/c4_mine_19.ogg.import[39m[0m
[  37% ] [90m[1msavepack[22m | Storing File: res://.godot/imported/c4_mine_20.ogg-ad0d8c351319324416faf0a0a28dac9a.oggvorbisstr[39m[0m
[  37% ] [90m[1msavepack[22m | Storing File: res://assets/ext/audio/voice/c4_mine_20.ogg.import[39m[0m
[  37% ] [90m[1msavepack[22m | Storing File: res://.godot/imported/c4_mine_21.ogg-6b2837a1f27667f9fe15c8201f639bcb.oggvorbisstr[39m[0m
[  37% ] [90m[1msavepack[22m | Storing File: res://assets/ext/audio/voice/c4_mine_21.ogg.import[39m[0m
[  37% ] [90m[1msavepack[22m | Storing File: res://.godot/imported/c4_mine_22.ogg-ca56c29020be5d1f527b98aaac5d3d2b.oggvorbisstr[39m[0m
[  37% ] [90m[1msavepack[22m | Storing File: res://assets/ext/audio/voice/c4_mine_22.ogg.import[39m[0m
[  37% ] [90m[1msavepack[22m | Storing File: res://.godot/imported/c4_mine_23.ogg-27437faffde4a444febb93017df2cee8.oggvorbisstr[39m[0m
[  37% ] [90m[1msavepack[22m | Storing File: res://assets/ext/audio/voice/c4_mine_23.ogg.import[39m[0m
[  37% ] [90m[1msavepack[22m | Storing File: res://.godot/imported/c4_mine_24.ogg-3724cf80fee2a9660efe0219b83d462d.oggvorbisstr[39m[0m
[  37% ] [90m[1msavepack[22m | Storing File: res://assets/ext/audio/voice/c4_mine_24.ogg.import[39m[0m
[  37% ] [90m[1msavepack[22m | Storing File: res://.godot/imported/c4_mine_25.ogg-c60c5272a24c43f687da0b8d89bb06e7.oggvorbisstr[39m[0m
[  37% ] [90m[1msavepack[22m | Storing File: res://assets/ext/audio/voice/c4_mine_25.ogg.import[39m[0m
[  37% ] [90m[1msavepack[22m | Storing File: res://.godot/imported/c4_mine_26.ogg-8fba784551bd29889d0f5a52a9f26747.oggvorbisstr[39m[0m
[  37% ] [90m[1msavepack[22m | Storing File: res://assets/ext/audio/voice/c4_mine_26.ogg.import[39m[0m
[  38% ] [90m[1msavepack[22m | Storing File: res://.godot/imported/c4_pass_01.ogg-a4e8e36828e132507b755bb7cd9dc223.oggvorbisstr[39m[0m
[  38% ] [90m[1msavepack[22m | Storing File: res://assets/ext/audio/voice/c4_pass_01.ogg.import[39m[0m
[  38% ] [90m[1msavepack[22m | Storing File: res://.godot/imported/c4_pass_02.ogg-c580eb6b3819f2aadfe1e52559e34b33.oggvorbisstr[39m[0m
[  38% ] [90m[1msavepack[22m | Storing File: res://assets/ext/audio/voice/c4_pass_02.ogg.import[39m[0m
[  38% ] [90m[1msavepack[22m | Storing File: res://.godot/imported/c4_pass_03.ogg-03f0b20b4eba517ee04b3071fd9c7792.oggvorbisstr[39m[0m
[  38% ] [90m[1msavepack[22m | Storing File: res://assets/ext/audio/voice/c4_pass_03.ogg.import[39m[0m
[  38% ] [90m[1msavepack[22m | Storing File: res://.godot/imported/c4_pass_04.ogg-3b3c83f3b903333f12a826dec934abbf.oggvorbisstr[39m[0m
[  38% ] [90m[1msavepack[22m | Storing File: res://assets/ext/audio/voice/c4_pass_04.ogg.import[39m[0m
[  38% ] [90m[1msavepack[22m | Storing File: res://.godot/imported/c4_pass_05.ogg-97ceaf1a82880e122aa939e4c1c4530e.oggvorbisstr[39m[0m
[  38% ] [90m[1msavepack[22m | Storing File: res://assets/ext/audio/voice/c4_pass_05.ogg.import[39m[0m
[  38% ] [90m[1msavepack[22m | Storing File: res://.godot/imported/c4_pass_06.ogg-8f07663a6a0c064ff4fd79c0b31ba279.oggvorbisstr[39m[0m
[  38% ] [90m[1msavepack[22m | Storing File: res://assets/ext/audio/voice/c4_pass_06.ogg.import[39m[0m
[  38% ] [90m[1msavepack[22m | Storing File: res://.godot/imported/c4_pass_07.ogg-a399f0a1e21e4157a6969e67fa9876b9.oggvorbisstr[39m[0m
[  38% ] [90m[1msavepack[22m | Storing File: res://assets/ext/audio/voice/c4_pass_07.ogg.import[39m[0m
[  38% ] [90m[1msavepack[22m | Storing File: res://.godot/imported/c4_pass_08.ogg-7eaed3e633606bd196744e28e7d8cce1.oggvorbisstr[39m[0m
[  38% ] [90m[1msavepack[22m | Storing File: res://assets/ext/audio/voice/c4_pass_08.ogg.import[39m[0m
[  38% ] [90m[1msavepack[22m | Storing File: res://.godot/imported/c4_pass_09.ogg-cea10bc409a5d52dd6e2b1ca8bff4291.oggvorbisstr[39m[0m
[  38% ] [90m[1msavepack[22m | Storing File: res://assets/ext/audio/voice/c4_pass_09.ogg.import[39m[0m
[  38% ] [90m[1msavepack[22m | Storing File: res://.godot/imported/c4_pass_10.ogg-d8060fa11b8f5ee8fb6c9ee1bcb02974.oggvorbisstr[39m[0m
[  38% ] [90m[1msavepack[22m | Storing File: res://assets/ext/audio/voice/c4_pass_10.ogg.import[39m[0m
[  38% ] [90m[1msavepack[22m | Storing File: res://.godot/imported/c4_pass_11.ogg-244b1b52b7c68bf167141ab19f636a45.oggvorbisstr[39m[0m
[  38% ] [90m[1msavepack[22m | Storing File: res://assets/ext/audio/voice/c4_pass_11.ogg.import[39m[0m
[  38% ] [90m[1msavepack[22m | Storing File: res://.godot/imported/c4_pass_12.ogg-961451f6d2fab7d805d37f4fd9814729.oggvorbisstr[39m[0m
[  38% ] [90m[1msavepack[22m | Storing File: res://assets/ext/audio/voice/c4_pass_12.ogg.import[39m[0m
[  38% ] [90m[1msavepack[22m | Storing File: res://.godot/imported/c4_pass_13.ogg-6d50b046ce2a832157a27bf9daa7ec4d.oggvorbisstr[39m[0m
[  38% ] [90m[1msavepack[22m | Storing File: res://assets/ext/audio/voice/c4_pass_13.ogg.import[39m[0m
[  38% ] [90m[1msavepack[22m | Storing File: res://.godot/imported/c4_pass_14.ogg-5d9b0dd020fd2e9231691cb01286bea7.oggvorbisstr[39m[0m
[  38% ] [90m[1msavepack[22m | Storing File: res://assets/ext/audio/voice/c4_pass_14.ogg.import[39m[0m
[  38% ] [90m[1msavepack[22m | Storing File: res://.godot/imported/c4_pass_15.ogg-3b1d4fd619472479a010a9e8be83b699.oggvorbisstr[39m[0m
[  38% ] [90m[1msavepack[22m | Storing File: res://assets/ext/audio/voice/c4_pass_15.ogg.import[39m[0m
[  38% ] [90m[1msavepack[22m | Storing File: res://.godot/imported/c4_pass_16.ogg-b36f412e340fabf3bfbb343e8e45aa03.oggvorbisstr[39m[0m
[  38% ] [90m[1msavepack[22m | Storing File: res://assets/ext/audio/voice/c4_pass_16.ogg.import[39m[0m
[  38% ] [90m[1msavepack[22m | Storing File: res://.godot/imported/c4_pass_17.ogg-47c886fc75e363a614f3a9339f2d3978.oggvorbisstr[39m[0m
[  38% ] [90m[1msavepack[22m | Storing File: res://assets/ext/audio/voice/c4_pass_17.ogg.import[39m[0m
[  38% ] [90m[1msavepack[22m | Storing File: res://.godot/imported/c4_pass_18.ogg-1ee3b37009212257cb3aedc8bb81ca07.oggvorbisstr[39m[0m
[  38% ] [90m[1msavepack[22m | Storing File: res://assets/ext/audio/voice/c4_pass_18.ogg.import[39m[0m
[  38% ] [90m[1msavepack[22m | Storing File: res://.godot/imported/c4_pass_19.ogg-c72ec5498721f766f54aaf8452b51024.oggvorbisstr[39m[0m
[  38% ] [90m[1msavepack[22m | Storing File: res://assets/ext/audio/voice/c4_pass_19.ogg.import[39m[0m
[  38% ] [90m[1msavepack[22m | Storing File: res://.godot/imported/c4_pass_20.ogg-1f096ad94aadb050124be5afcff19e8c.oggvorbisstr[39m[0m
[  38% ] [90m[1msavepack[22m | Storing File: res://assets/ext/audio/voice/c4_pass_20.ogg.import[39m[0m
[  38% ] [90m[1msavepack[22m | Storing File: res://.godot/imported/c4_pass_21.ogg-acb78adf59f6072a296cdee4c88d8d61.oggvorbisstr[39m[0m
[  38% ] [90m[1msavepack[22m | Storing File: res://assets/ext/audio/voice/c4_pass_21.ogg.import[39m[0m
[  38% ] [90m[1msavepack[22m | Storing File: res://.godot/imported/c4_pass_22.ogg-c5268e902355e02a0cfba8b8d15466b2.oggvorbisstr[39m[0m
[  38% ] [90m[1msavepack[22m | Storing File: res://assets/ext/audio/voice/c4_pass_22.ogg.import[39m[0m
[  38% ] [90m[1msavepack[22m | Storing File: res://.godot/imported/c4_pass_23.ogg-2b9e21d3a6497d703e7634eb9c343d9a.oggvorbisstr[39m[0m
[  38% ] [90m[1msavepack[22m | Storing File: res://assets/ext/audio/voice/c4_pass_23.ogg.import[39m[0m
[  38% ] [90m[1msavepack[22m | Storing File: res://.godot/imported/c4_pass_24.ogg-598cf4eb380f286a265651d35d86f134.oggvorbisstr[39m[0m
[  38% ] [90m[1msavepack[22m | Storing File: res://assets/ext/audio/voice/c4_pass_24.ogg.import[39m[0m
[  38% ] [90m[1msavepack[22m | Storing File: res://.godot/imported/c4_pass_25.ogg-a4d6317240143f1f74704d3729e299ce.oggvorbisstr[39m[0m
[  38% ] [90m[1msavepack[22m | Storing File: res://assets/ext/audio/voice/c4_pass_25.ogg.import[39m[0m
[  38% ] [90m[1msavepack[22m | Storing File: res://.godot/imported/c4_strike_01.ogg-d85ea7b0435be7d192a590ec41f291d0.oggvorbisstr[39m[0m
[  38% ] [90m[1msavepack[22m | Storing File: res://assets/ext/audio/voice/c4_strike_01.ogg.import[39m[0m
[  38% ] [90m[1msavepack[22m | Storing File: res://.godot/imported/c4_strike_02.ogg-02f33b077fe58ac78851b419adcaaf9f.oggvorbisstr[39m[0m
[  38% ] [90m[1msavepack[22m | Storing File: res://assets/ext/audio/voice/c4_strike_02.ogg.import[39m[0m
[  38% ] [90m[1msavepack[22m | Storing File: res://.godot/imported/c4_strike_03.ogg-4457f2a10a0d38295211a649bc914f13.oggvorbisstr[39m[0m
[  38% ] [90m[1msavepack[22m | Storing File: res://assets/ext/audio/voice/c4_strike_03.ogg.import[39m[0m
[  38% ] [90m[1msavepack[22m | Storing File: res://.godot/imported/c4_strike_04.ogg-51c06a6e12e22d26c99dd242745b859a.oggvorbisstr[39m[0m
[  38% ] [90m[1msavepack[22m | Storing File: res://assets/ext/audio/voice/c4_strike_04.ogg.import[39m[0m
[  38% ] [90m[1msavepack[22m | Storing File: res://.godot/imported/c4_strike_05.ogg-af5479fcae847ba06d3f7ca1ca48cbfe.oggvorbisstr[39m[0m
[  38% ] [90m[1msavepack[22m | Storing File: res://assets/ext/audio/voice/c4_strike_05.ogg.import[39m[0m
[  38% ] [90m[1msavepack[22m | Storing File: res://.godot/imported/c4_strike_06.ogg-d27418fe1d550a4599d6dc5a43ccf4e0.oggvorbisstr[39m[0m
[  38% ] [90m[1msavepack[22m | Storing File: res://assets/ext/audio/voice/c4_strike_06.ogg.import[39m[0m
[  38% ] [90m[1msavepack[22m | Storing File: res://.godot/imported/c4_strike_07.ogg-cfb722e40f46e37f07f69578259d97f0.oggvorbisstr[39m[0m
[  38% ] [90m[1msavepack[22m | Storing File: res://assets/ext/audio/voice/c4_strike_07.ogg.import[39m[0m
[  38% ] [90m[1msavepack[22m | Storing File: res://.godot/imported/c4_strike_08.ogg-11a168426d95130c14f25a9693840393.oggvorbisstr[39m[0m
[  38% ] [90m[1msavepack[22m | Storing File: res://assets/ext/audio/voice/c4_strike_08.ogg.import[39m[0m
[  38% ] [90m[1msavepack[22m | Storing File: res://.godot/imported/c4_strike_09.ogg-078462b89656b29e2bc99c5edbae61df.oggvorbisstr[39m[0m
[  38% ] [90m[1msavepack[22m | Storing File: res://assets/ext/audio/voice/c4_strike_09.ogg.import[39m[0m
[  38% ] [90m[1msavepack[22m | Storing File: res://.godot/imported/c4_strike_10.ogg-fef9acc596d3ba32be5f1f1fb5613b73.oggvorbisstr[39m[0m
[  38% ] [90m[1msavepack[22m | Storing File: res://assets/ext/audio/voice/c4_strike_10.ogg.import[39m[0m
[  38% ] [90m[1msavepack[22m | Storing File: res://.godot/imported/c4_strike_11.ogg-faea4774d464cbd891d59e1cb8b17f40.oggvorbisstr[39m[0m
[  38% ] [90m[1msavepack[22m | Storing File: res://assets/ext/audio/voice/c4_strike_11.ogg.import[39m[0m
[  39% ] [90m[1msavepack[22m | Storing File: res://.godot/imported/c4_strike_12.ogg-4b32da3a65e54df1776f87cce1326696.oggvorbisstr[39m[0m
[  39% ] [90m[1msavepack[22m | Storing File: res://assets/ext/audio/voice/c4_strike_12.ogg.import[39m[0m
[  39% ] [90m[1msavepack[22m | Storing File: res://.godot/imported/c4_strike_13.ogg-fc29b6f0e2ad9edfdf46d8db06045e87.oggvorbisstr[39m[0m
[  39% ] [90m[1msavepack[22m | Storing File: res://assets/ext/audio/voice/c4_strike_13.ogg.import[39m[0m
[  39% ] [90m[1msavepack[22m | Storing File: res://.godot/imported/c4_strike_14.ogg-d537947738b0790e9f74d88f55a522da.oggvorbisstr[39m[0m
[  39% ] [90m[1msavepack[22m | Storing File: res://assets/ext/audio/voice/c4_strike_14.ogg.import[39m[0m
[  39% ] [90m[1msavepack[22m | Storing File: res://.godot/imported/c4_strike_15.ogg-6a94715219cdaa176585508b8d116258.oggvorbisstr[39m[0m
[  39% ] [90m[1msavepack[22m | Storing File: res://assets/ext/audio/voice/c4_strike_15.ogg.import[39m[0m
[  39% ] [90m[1msavepack[22m | Storing File: res://.godot/imported/c4_strike_16.ogg-ca254b060535ad7f736f4d8c176378d7.oggvorbisstr[39m[0m
[  39% ] [90m[1msavepack[22m | Storing File: res://assets/ext/audio/voice/c4_strike_16.ogg.import[39m[0m
[  39% ] [90m[1msavepack[22m | Storing File: res://.godot/imported/c4_strike_17.ogg-1c53ed4586467c66e08582b61998d22e.oggvorbisstr[39m[0m
[  39% ] [90m[1msavepack[22m | Storing File: res://assets/ext/audio/voice/c4_strike_17.ogg.import[39m[0m
[  39% ] [90m[1msavepack[22m | Storing File: res://.godot/imported/c4_strike_18.ogg-a71b6396028d746538558b3d49c63bcb.oggvorbisstr[39m[0m
[  39% ] [90m[1msavepack[22m | Storing File: res://assets/ext/audio/voice/c4_strike_18.ogg.import[39m[0m
[  39% ] [90m[1msavepack[22m | Storing File: res://.godot/imported/c4_strike_19.ogg-9190629888eda7b6f3e5f690204c8422.oggvorbisstr[39m[0m
[  39% ] [90m[1msavepack[22m | Storing File: res://assets/ext/audio/voice/c4_strike_19.ogg.import[39m[0m
[  39% ] [90m[1msavepack[22m | Storing File: res://.godot/imported/c4_strike_20.ogg-a728683eae5a63bf9b2ed3a806a9c9cd.oggvorbisstr[39m[0m
[  39% ] [90m[1msavepack[22m | Storing File: res://assets/ext/audio/voice/c4_strike_20.ogg.import[39m[0m
[  39% ] [90m[1msavepack[22m | Storing File: res://.godot/imported/c4_strike_21.ogg-78a5bd6bbdf81498239050187852af37.oggvorbisstr[39m[0m
[  39% ] [90m[1msavepack[22m | Storing File: res://assets/ext/audio/voice/c4_strike_21.ogg.import[39m[0m
[  39% ] [90m[1msavepack[22m | Storing File: res://.godot/imported/c4_strike_22.ogg-eb00bc653f152b369a26493c2c757735.oggvorbisstr[39m[0m
[  39% ] [90m[1msavepack[22m | Storing File: res://assets/ext/audio/voice/c4_strike_22.ogg.import[39m[0m
[  39% ] [90m[1msavepack[22m | Storing File: res://.godot/imported/c4_strike_23.ogg-a4e43407985af0dfa6124415c550a5b0.oggvorbisstr[39m[0m
[  39% ] [90m[1msavepack[22m | Storing File: res://assets/ext/audio/voice/c4_strike_23.ogg.import[39m[0m
[  39% ] [90m[1msavepack[22m | Storing File: res://.godot/imported/c4_strike_24.ogg-0a639b35ade239b81b4f2ce280ef9f50.oggvorbisstr[39m[0m
[  39% ] [90m[1msavepack[22m | Storing File: res://assets/ext/audio/voice/c4_strike_24.ogg.import[39m[0m
[  39% ] [90m[1msavepack[22m | Storing File: res://.godot/imported/c4_strike_25.ogg-191592c838de0de1115d187c95312f2b.oggvorbisstr[39m[0m
[  39% ] [90m[1msavepack[22m | Storing File: res://assets/ext/audio/voice/c4_strike_25.ogg.import[39m[0m
[  39% ] [90m[1msavepack[22m | Storing File: res://.godot/imported/c4_strike_26.ogg-1712691d604b01b6efd4426c456d8b81.oggvorbisstr[39m[0m
[  39% ] [90m[1msavepack[22m | Storing File: res://assets/ext/audio/voice/c4_strike_26.ogg.import[39m[0m
[  39% ] [90m[1msavepack[22m | Storing File: res://.godot/imported/c4_strike_27.ogg-94978a7fa44a959d030e9fa1633a6355.oggvorbisstr[39m[0m
[  39% ] [90m[1msavepack[22m | Storing File: res://assets/ext/audio/voice/c4_strike_27.ogg.import[39m[0m
[  39% ] [90m[1msavepack[22m | Storing File: res://.godot/imported/c5_owe_01.ogg-63ba67afaaa1c87888c9f8a9a279b87d.oggvorbisstr[39m[0m
[  39% ] [90m[1msavepack[22m | Storing File: res://assets/ext/audio/voice/c5_owe_01.ogg.import[39m[0m
[  39% ] [90m[1msavepack[22m | Storing File: res://.godot/imported/c5_owe_02.ogg-c6fcc46b6a42fa52b251a50d52ceaee5.oggvorbisstr[39m[0m
[  39% ] [90m[1msavepack[22m | Storing File: res://assets/ext/audio/voice/c5_owe_02.ogg.import[39m[0m
[  39% ] [90m[1msavepack[22m | Storing File: res://.godot/imported/c5_owe_03.ogg-a43237dc502e50f5f3e9c3fa74bc50e4.oggvorbisstr[39m[0m
[  39% ] [90m[1msavepack[22m | Storing File: res://assets/ext/audio/voice/c5_owe_03.ogg.import[39m[0m
[  39% ] [90m[1msavepack[22m | Storing File: res://.godot/imported/c5_owe_04.ogg-789c301ff102dd600e7d8a687d3a9a29.oggvorbisstr[39m[0m
[  39% ] [90m[1msavepack[22m | Storing File: res://assets/ext/audio/voice/c5_owe_04.ogg.import[39m[0m
[  39% ] [90m[1msavepack[22m | Storing File: res://.godot/imported/c5_owe_05.ogg-668bfe63d0e5c1762789f2c680171e13.oggvorbisstr[39m[0m
[  39% ] [90m[1msavepack[22m | Storing File: res://assets/ext/audio/voice/c5_owe_05.ogg.import[39m[0m
[  39% ] [90m[1msavepack[22m | Storing File: res://.godot/imported/c5_owe_06.ogg-458fc84cbc618072f2a089f052c0db4d.oggvorbisstr[39m[0m
[  39% ] [90m[1msavepack[22m | Storing File: res://assets/ext/audio/voice/c5_owe_06.ogg.import[39m[0m
[  39% ] [90m[1msavepack[22m | Storing File: res://.godot/imported/c5_owe_07.ogg-e65ff2669bce95c89626dff2a2e74c2e.oggvorbisstr[39m[0m
[  39% ] [90m[1msavepack[22m | Storing File: res://assets/ext/audio/voice/c5_owe_07.ogg.import[39m[0m
[  39% ] [90m[1msavepack[22m | Storing File: res://.godot/imported/c5_owe_08.ogg-76ba73f29edbf85fa59a3298eae53682.oggvorbisstr[39m[0m
[  39% ] [90m[1msavepack[22m | Storing File: res://assets/ext/audio/voice/c5_owe_08.ogg.import[39m[0m
[  39% ] [90m[1msavepack[22m | Storing File: res://.godot/imported/c5_owe_09.ogg-295ea2292d9f84e86e9e9de01a4a8f8d.oggvorbisstr[39m[0m
[  39% ] [90m[1msavepack[22m | Storing File: res://assets/ext/audio/voice/c5_owe_09.ogg.import[39m[0m
[  39% ] [90m[1msavepack[22m | Storing File: res://.godot/imported/c5_owe_10.ogg-d98e1e613af31c200cc3e9812d70f4de.oggvorbisstr[39m[0m
[  39% ] [90m[1msavepack[22m | Storing File: res://assets/ext/audio/voice/c5_owe_10.ogg.import[39m[0m
[  39% ] [90m[1msavepack[22m | Storing File: res://.godot/imported/c5_owe_11.ogg-12fbc6fa6ddb55376a9a8f745b030bdf.oggvorbisstr[39m[0m
[  39% ] [90m[1msavepack[22m | Storing File: res://assets/ext/audio/voice/c5_owe_11.ogg.import[39m[0m
[  39% ] [90m[1msavepack[22m | Storing File: res://.godot/imported/c5_owe_12.ogg-8cfeb94bdc4b9ef2b47d60aba812976c.oggvorbisstr[39m[0m
[  39% ] [90m[1msavepack[22m | Storing File: res://assets/ext/audio/voice/c5_owe_12.ogg.import[39m[0m
[  39% ] [90m[1msavepack[22m | Storing File: res://.godot/imported/c5_owe_13.ogg-91bfd3ff93af1f1337c6d8a2be9ff250.oggvorbisstr[39m[0m
[  39% ] [90m[1msavepack[22m | Storing File: res://assets/ext/audio/voice/c5_owe_13.ogg.import[39m[0m
[  39% ] [90m[1msavepack[22m | Storing File: res://.godot/imported/c5_owe_14.ogg-2f17b8f0bc975863ec094794c888da79.oggvorbisstr[39m[0m
[  39% ] [90m[1msavepack[22m | Storing File: res://assets/ext/audio/voice/c5_owe_14.ogg.import[39m[0m
[  39% ] [90m[1msavepack[22m | Storing File: res://.godot/imported/c5_owe_15.ogg-1198823ee3249bc9fc26e84f7a71042b.oggvorbisstr[39m[0m
[  39% ] [90m[1msavepack[22m | Storing File: res://assets/ext/audio/voice/c5_owe_15.ogg.import[39m[0m
[  39% ] [90m[1msavepack[22m | Storing File: res://.godot/imported/c5_owe_16.ogg-ea722c3e8c5853511a3c7860a598ad3f.oggvorbisstr[39m[0m
[  39% ] [90m[1msavepack[22m | Storing File: res://assets/ext/audio/voice/c5_owe_16.ogg.import[39m[0m
[  39% ] [90m[1msavepack[22m | Storing File: res://.godot/imported/c5_owe_17.ogg-8cb85e7f2e6de8a37220bac55191f3da.oggvorbisstr[39m[0m
[  39% ] [90m[1msavepack[22m | Storing File: res://assets/ext/audio/voice/c5_owe_17.ogg.import[39m[0m
[  39% ] [90m[1msavepack[22m | Storing File: res://.godot/imported/c5_owe_18.ogg-cb32d34e86bfdc73607f58e581248130.oggvorbisstr[39m[0m
[  39% ] [90m[1msavepack[22m | Storing File: res://assets/ext/audio/voice/c5_owe_18.ogg.import[39m[0m
[  39% ] [90m[1msavepack[22m | Storing File: res://.godot/imported/c5_owe_19.ogg-d377acc73bab357d6b33f072d3859b35.oggvorbisstr[39m[0m
[  39% ] [90m[1msavepack[22m | Storing File: res://assets/ext/audio/voice/c5_owe_19.ogg.import[39m[0m
[  40% ] [90m[1msavepack[22m | Storing File: res://.godot/imported/c5_owe_20.ogg-f83170f7693f35cab9ddd4c1667d6f5a.oggvorbisstr[39m[0m
[  40% ] [90m[1msavepack[22m | Storing File: res://assets/ext/audio/voice/c5_owe_20.ogg.import[39m[0m
[  40% ] [90m[1msavepack[22m | Storing File: res://.godot/imported/c5_owe_21.ogg-e5876c0d75f130f7a81217fbd2e270e1.oggvorbisstr[39m[0m
[  40% ] [90m[1msavepack[22m | Storing File: res://assets/ext/audio/voice/c5_owe_21.ogg.import[39m[0m
[  40% ] [90m[1msavepack[22m | Storing File: res://.godot/imported/c5_owe_22.ogg-c25669cbcecc6b1a32c1551af52402bf.oggvorbisstr[39m[0m
[  40% ] [90m[1msavepack[22m | Storing File: res://assets/ext/audio/voice/c5_owe_22.ogg.import[39m[0m
[  40% ] [90m[1msavepack[22m | Storing File: res://.godot/imported/c5_owe_23.ogg-23dd39d197d6f69e5da882754356b9e2.oggvorbisstr[39m[0m
[  40% ] [90m[1msavepack[22m | Storing File: res://assets/ext/audio/voice/c5_owe_23.ogg.import[39m[0m
[  40% ] [90m[1msavepack[22m | Storing File: res://.godot/imported/c5_owe_24.ogg-a4dd71d15a565d66cf071a77454e7e26.oggvorbisstr[39m[0m
[  40% ] [90m[1msavepack[22m | Storing File: res://assets/ext/audio/voice/c5_owe_24.ogg.import[39m[0m
[  40% ] [90m[1msavepack[22m | Storing File: res://.godot/imported/c5_plan_01.ogg-0ace9d23242222531233500d5403225a.oggvorbisstr[39m[0m
[  40% ] [90m[1msavepack[22m | Storing File: res://assets/ext/audio/voice/c5_plan_01.ogg.import[39m[0m
[  40% ] [90m[1msavepack[22m | Storing File: res://.godot/imported/c5_plan_02.ogg-26f601365b0e3a11325f841cf216e0f5.oggvorbisstr[39m[0m
[  40% ] [90m[1msavepack[22m | Storing File: res://assets/ext/audio/voice/c5_plan_02.ogg.import[39m[0m
[  40% ] [90m[1msavepack[22m | Storing File: res://.godot/imported/c5_plan_03.ogg-7d2cf24028dc14baa3f048f8a2d6444d.oggvorbisstr[39m[0m
[  40% ] [90m[1msavepack[22m | Storing File: res://assets/ext/audio/voice/c5_plan_03.ogg.import[39m[0m
[  40% ] [90m[1msavepack[22m | Storing File: res://.godot/imported/c5_plan_04.ogg-e8f31e7e715972b80d973e8caaa1b9da.oggvorbisstr[39m[0m
[  40% ] [90m[1msavepack[22m | Storing File: res://assets/ext/audio/voice/c5_plan_04.ogg.import[39m[0m
[  40% ] [90m[1msavepack[22m | Storing File: res://.godot/imported/c5_plan_05.ogg-f8530bd2b8877db97338720462ba7d3f.oggvorbisstr[39m[0m
[  40% ] [90m[1msavepack[22m | Storing File: res://assets/ext/audio/voice/c5_plan_05.ogg.import[39m[0m
[  40% ] [90m[1msavepack[22m | Storing File: res://.godot/imported/c5_plan_06.ogg-1736c914335d8116fb66924c9d3824d6.oggvorbisstr[39m[0m
[  40% ] [90m[1msavepack[22m | Storing File: res://assets/ext/audio/voice/c5_plan_06.ogg.import[39m[0m
[  40% ] [90m[1msavepack[22m | Storing File: res://.godot/imported/c5_plan_07.ogg-9ca5e9fabea5fd6f98e190a74f6e579e.oggvorbisstr[39m[0m
[  40% ] [90m[1msavepack[22m | Storing File: res://assets/ext/audio/voice/c5_plan_07.ogg.import[39m[0m
[  40% ] [90m[1msavepack[22m | Storing File: res://.godot/imported/c5_plan_08.ogg-25aa328996c3e90b2963caac4055c58f.oggvorbisstr[39m[0m
[  40% ] [90m[1msavepack[22m | Storing File: res://assets/ext/audio/voice/c5_plan_08.ogg.import[39m[0m
[  40% ] [90m[1msavepack[22m | Storing File: res://.godot/imported/c5_plan_09.ogg-1aec0db3d6525b2303e09dfb01d693d8.oggvorbisstr[39m[0m
[  40% ] [90m[1msavepack[22m | Storing File: res://assets/ext/audio/voice/c5_plan_09.ogg.import[39m[0m
[  40% ] [90m[1msavepack[22m | Storing File: res://.godot/imported/c5_plan_10.ogg-becc51e63b92f97c4f91701889c574ca.oggvorbisstr[39m[0m
[  40% ] [90m[1msavepack[22m | Storing File: res://assets/ext/audio/voice/c5_plan_10.ogg.import[39m[0m
[  40% ] [90m[1msavepack[22m | Storing File: res://.godot/imported/c5_plan_11.ogg-874cc92dfc990043cdb9a4e861c485a3.oggvorbisstr[39m[0m
[  40% ] [90m[1msavepack[22m | Storing File: res://assets/ext/audio/voice/c5_plan_11.ogg.import[39m[0m
[  40% ] [90m[1msavepack[22m | Storing File: res://.godot/imported/c5_plan_12.ogg-977e4a7c6a4049ed578e979e7e76c4a2.oggvorbisstr[39m[0m
[  40% ] [90m[1msavepack[22m | Storing File: res://assets/ext/audio/voice/c5_plan_12.ogg.import[39m[0m
[  40% ] [90m[1msavepack[22m | Storing File: res://.godot/imported/c5_plan_13.ogg-dba8cc41ce05f40687b4586aac8bcb06.oggvorbisstr[39m[0m
[  40% ] [90m[1msavepack[22m | Storing File: res://assets/ext/audio/voice/c5_plan_13.ogg.import[39m[0m
[  40% ] [90m[1msavepack[22m | Storing File: res://.godot/imported/c5_plan_14.ogg-ba987f16a68c130ad4a4037bbbb9a1bc.oggvorbisstr[39m[0m
[  40% ] [90m[1msavepack[22m | Storing File: res://assets/ext/audio/voice/c5_plan_14.ogg.import[39m[0m
[  40% ] [90m[1msavepack[22m | Storing File: res://.godot/imported/c5_plan_15.ogg-517cf81e3e46e426ec74242d509f5201.oggvorbisstr[39m[0m
[  40% ] [90m[1msavepack[22m | Storing File: res://assets/ext/audio/voice/c5_plan_15.ogg.import[39m[0m
[  40% ] [90m[1msavepack[22m | Storing File: res://.godot/imported/c5_plan_16.ogg-9094b829de359d9518dafaa25b51bbfe.oggvorbisstr[39m[0m
[  40% ] [90m[1msavepack[22m | Storing File: res://assets/ext/audio/voice/c5_plan_16.ogg.import[39m[0m
[  40% ] [90m[1msavepack[22m | Storing File: res://.godot/imported/c5_plan_17.ogg-0fa789d5e8f146548e85f00502040738.oggvorbisstr[39m[0m
[  40% ] [90m[1msavepack[22m | Storing File: res://assets/ext/audio/voice/c5_plan_17.ogg.import[39m[0m
[  40% ] [90m[1msavepack[22m | Storing File: res://.godot/imported/c5_plan_18.ogg-1f4b962e70f5ef424c8807e408b77391.oggvorbisstr[39m[0m
[  40% ] [90m[1msavepack[22m | Storing File: res://assets/ext/audio/voice/c5_plan_18.ogg.import[39m[0m
[  40% ] [90m[1msavepack[22m | Storing File: res://.godot/imported/c5_plan_19.ogg-5b6694bf122786d450e3879d3a649d10.oggvorbisstr[39m[0m
[  40% ] [90m[1msavepack[22m | Storing File: res://assets/ext/audio/voice/c5_plan_19.ogg.import[39m[0m
[  40% ] [90m[1msavepack[22m | Storing File: res://.godot/imported/c5_plan_20.ogg-cd0a28b881bf2f4430d062746035c55f.oggvorbisstr[39m[0m
[  40% ] [90m[1msavepack[22m | Storing File: res://assets/ext/audio/voice/c5_plan_20.ogg.import[39m[0m
[  40% ] [90m[1msavepack[22m | Storing File: res://.godot/imported/c5_train_01.ogg-b579618aa9fc3eb61ae5af6682fa03ae.oggvorbisstr[39m[0m
[  40% ] [90m[1msavepack[22m | Storing File: res://assets/ext/audio/voice/c5_train_01.ogg.import[39m[0m
[  40% ] [90m[1msavepack[22m | Storing File: res://.godot/imported/c5_train_02.ogg-4852bb17ca618d0b36f52f498691db32.oggvorbisstr[39m[0m
[  40% ] [90m[1msavepack[22m | Storing File: res://assets/ext/audio/voice/c5_train_02.ogg.import[39m[0m
[  40% ] [90m[1msavepack[22m | Storing File: res://.godot/imported/c5_train_03.ogg-463af5f2dc60d700aa07584dc1cd6526.oggvorbisstr[39m[0m
[  40% ] [90m[1msavepack[22m | Storing File: res://assets/ext/audio/voice/c5_train_03.ogg.import[39m[0m
[  40% ] [90m[1msavepack[22m | Storing File: res://.godot/imported/c5_train_04.ogg-e06e73d5cf1cede3859be116bc95306e.oggvorbisstr[39m[0m
[  40% ] [90m[1msavepack[22m | Storing File: res://assets/ext/audio/voice/c5_train_04.ogg.import[39m[0m
[  40% ] [90m[1msavepack[22m | Storing File: res://.godot/imported/c5_train_05.ogg-8d6a97117fc3f9c0b10a9fef3894420a.oggvorbisstr[39m[0m
[  40% ] [90m[1msavepack[22m | Storing File: res://assets/ext/audio/voice/c5_train_05.ogg.import[39m[0m
[  40% ] [90m[1msavepack[22m | Storing File: res://.godot/imported/c5_train_06.ogg-de469364015c0507eab7776a2d783c01.oggvorbisstr[39m[0m
[  40% ] [90m[1msavepack[22m | Storing File: res://assets/ext/audio/voice/c5_train_06.ogg.import[39m[0m
[  40% ] [90m[1msavepack[22m | Storing File: res://.godot/imported/c5_train_07.ogg-19f011a5b805b1bd955a4aad3ec993af.oggvorbisstr[39m[0m
[  40% ] [90m[1msavepack[22m | Storing File: res://assets/ext/audio/voice/c5_train_07.ogg.import[39m[0m
[  40% ] [90m[1msavepack[22m | Storing File: res://.godot/imported/c5_train_08.ogg-c421d7d9d34b68e544b5e13d2302dbb4.oggvorbisstr[39m[0m
[  40% ] [90m[1msavepack[22m | Storing File: res://assets/ext/audio/voice/c5_train_08.ogg.import[39m[0m
[  40% ] [90m[1msavepack[22m | Storing File: res://.godot/imported/c5_train_09.ogg-de78321fbfbcf4645c9b625c95302d87.oggvorbisstr[39m[0m
[  40% ] [90m[1msavepack[22m | Storing File: res://assets/ext/audio/voice/c5_train_09.ogg.import[39m[0m
[  40% ] [90m[1msavepack[22m | Storing File: res://.godot/imported/c5_train_10.ogg-3b36936928cf6249e25f3e525586523a.oggvorbisstr[39m[0m
[  40% ] [90m[1msavepack[22m | Storing File: res://assets/ext/audio/voice/c5_train_10.ogg.import[39m[0m
[  40% ] [90m[1msavepack[22m | Storing File: res://.godot/imported/c5_train_11.ogg-1227f50accd6759786b615795b1106b6.oggvorbisstr[39m[0m
[  40% ] [90m[1msavepack[22m | Storing File: res://assets/ext/audio/voice/c5_train_11.ogg.import[39m[0m
[  41% ] [90m[1msavepack[22m | Storing File: res://.godot/imported/c5_train_12.ogg-6784f1a3bff10059ca0c64481e2cb924.oggvorbisstr[39m[0m
[  41% ] [90m[1msavepack[22m | Storing File: res://assets/ext/audio/voice/c5_train_12.ogg.import[39m[0m
[  41% ] [90m[1msavepack[22m | Storing File: res://.godot/imported/c5_train_13.ogg-10439af2390beba05a4a45a8499cd304.oggvorbisstr[39m[0m
[  41% ] [90m[1msavepack[22m | Storing File: res://assets/ext/audio/voice/c5_train_13.ogg.import[39m[0m
[  41% ] [90m[1msavepack[22m | Storing File: res://.godot/imported/c5_train_14.ogg-d9bc8ffcf354d12564ec75578b873962.oggvorbisstr[39m[0m
[  41% ] [90m[1msavepack[22m | Storing File: res://assets/ext/audio/voice/c5_train_14.ogg.import[39m[0m
[  41% ] [90m[1msavepack[22m | Storing File: res://.godot/imported/c5_train_15.ogg-248a7fbb5bdf26e99fc371847437e055.oggvorbisstr[39m[0m
[  41% ] [90m[1msavepack[22m | Storing File: res://assets/ext/audio/voice/c5_train_15.ogg.import[39m[0m
[  41% ] [90m[1msavepack[22m | Storing File: res://.godot/imported/c5_train_16.ogg-cd1e80e254281c7012f42c9370db18e9.oggvorbisstr[39m[0m
[  41% ] [90m[1msavepack[22m | Storing File: res://assets/ext/audio/voice/c5_train_16.ogg.import[39m[0m
[  41% ] [90m[1msavepack[22m | Storing File: res://.godot/imported/c5_train_17.ogg-29411aa76a44c00734f511c7030ee3f3.oggvorbisstr[39m[0m
[  41% ] [90m[1msavepack[22m | Storing File: res://assets/ext/audio/voice/c5_train_17.ogg.import[39m[0m
[  41% ] [90m[1msavepack[22m | Storing File: res://.godot/imported/c5_train_18.ogg-294948e66c61d8542ab5282a21e24e2d.oggvorbisstr[39m[0m
[  41% ] [90m[1msavepack[22m | Storing File: res://assets/ext/audio/voice/c5_train_18.ogg.import[39m[0m
[  41% ] [90m[1msavepack[22m | Storing File: res://.godot/imported/c5_train_19.ogg-35a6e1c517f892338341b9c8c96e365a.oggvorbisstr[39m[0m
[  41% ] [90m[1msavepack[22m | Storing File: res://assets/ext/audio/voice/c5_train_19.ogg.import[39m[0m
[  41% ] [90m[1msavepack[22m | Storing File: res://.godot/imported/c5_train_20.ogg-7dc28481d2f9777b062ea73f5521ec1a.oggvorbisstr[39m[0m
[  41% ] [90m[1msavepack[22m | Storing File: res://assets/ext/audio/voice/c5_train_20.ogg.import[39m[0m
[  41% ] [90m[1msavepack[22m | Storing File: res://.godot/imported/c5_train_21.ogg-a442ffd4a12a4837a68160d463d11dd3.oggvorbisstr[39m[0m
[  41% ] [90m[1msavepack[22m | Storing File: res://assets/ext/audio/voice/c5_train_21.ogg.import[39m[0m
[  41% ] [90m[1msavepack[22m | Storing File: res://.godot/imported/c5_train_22.ogg-61d0dc2b37cbbd7fb9626f302d1d7b74.oggvorbisstr[39m[0m
[  41% ] [90m[1msavepack[22m | Storing File: res://assets/ext/audio/voice/c5_train_22.ogg.import[39m[0m
[  41% ] [90m[1msavepack[22m | Storing File: res://.godot/imported/c5_train_23.ogg-824d80ea5f730fde731935a844cc3c03.oggvorbisstr[39m[0m
[  41% ] [90m[1msavepack[22m | Storing File: res://assets/ext/audio/voice/c5_train_23.ogg.import[39m[0m
[  41% ] [90m[1msavepack[22m | Storing File: res://.godot/imported/c5_train_24.ogg-e5c61cc8c61de9306bc63e99229734cc.oggvorbisstr[39m[0m
[  41% ] [90m[1msavepack[22m | Storing File: res://assets/ext/audio/voice/c5_train_24.ogg.import[39m[0m
[  41% ] [90m[1msavepack[22m | Storing File: res://.godot/imported/c6_eben_01.ogg-af31d667ff86c4b19d449154014d3199.oggvorbisstr[39m[0m
[  41% ] [90m[1msavepack[22m | Storing File: res://assets/ext/audio/voice/c6_eben_01.ogg.import[39m[0m
[  41% ] [90m[1msavepack[22m | Storing File: res://.godot/imported/c6_eben_02.ogg-fa2fd750c6fadb8a98e71358865f02e2.oggvorbisstr[39m[0m
[  41% ] [90m[1msavepack[22m | Storing File: res://assets/ext/audio/voice/c6_eben_02.ogg.import[39m[0m
[  41% ] [90m[1msavepack[22m | Storing File: res://.godot/imported/c6_eben_03.ogg-a5e70df4fc87f458400af82339777856.oggvorbisstr[39m[0m
[  41% ] [90m[1msavepack[22m | Storing File: res://assets/ext/audio/voice/c6_eben_03.ogg.import[39m[0m
[  41% ] [90m[1msavepack[22m | Storing File: res://.godot/imported/c6_eben_04.ogg-c0504141e06f60a2df43e38b6ab0b1b0.oggvorbisstr[39m[0m
[  41% ] [90m[1msavepack[22m | Storing File: res://assets/ext/audio/voice/c6_eben_04.ogg.import[39m[0m
[  41% ] [90m[1msavepack[22m | Storing File: res://.godot/imported/c6_eben_05.ogg-827f19adc5da4a7f2aec9baa8a1f797e.oggvorbisstr[39m[0m
[  41% ] [90m[1msavepack[22m | Storing File: res://assets/ext/audio/voice/c6_eben_05.ogg.import[39m[0m
[  41% ] [90m[1msavepack[22m | Storing File: res://.godot/imported/c6_eben_06.ogg-bce92abd3c9f259256c3f587602695f2.oggvorbisstr[39m[0m
[  41% ] [90m[1msavepack[22m | Storing File: res://assets/ext/audio/voice/c6_eben_06.ogg.import[39m[0m
[  41% ] [90m[1msavepack[22m | Storing File: res://.godot/imported/c6_eben_07.ogg-9a9c4a14ab405c1e31479ce3a133c007.oggvorbisstr[39m[0m
[  41% ] [90m[1msavepack[22m | Storing File: res://assets/ext/audio/voice/c6_eben_07.ogg.import[39m[0m
[  41% ] [90m[1msavepack[22m | Storing File: res://.godot/imported/c6_eben_08.ogg-a69d1bca957fab039f3b26aec029f706.oggvorbisstr[39m[0m
[  41% ] [90m[1msavepack[22m | Storing File: res://assets/ext/audio/voice/c6_eben_08.ogg.import[39m[0m
[  41% ] [90m[1msavepack[22m | Storing File: res://.godot/imported/c6_eben_09.ogg-54122c80b594e088402e144c7dcb54c9.oggvorbisstr[39m[0m
[  41% ] [90m[1msavepack[22m | Storing File: res://assets/ext/audio/voice/c6_eben_09.ogg.import[39m[0m
[  41% ] [90m[1msavepack[22m | Storing File: res://.godot/imported/c6_eben_10.ogg-66b66fbf8b364f86bb944b296efb4888.oggvorbisstr[39m[0m
[  41% ] [90m[1msavepack[22m | Storing File: res://assets/ext/audio/voice/c6_eben_10.ogg.import[39m[0m
[  41% ] [90m[1msavepack[22m | Storing File: res://.godot/imported/c6_eben_11.ogg-beab6e80d5499d42ce5ee1898048c5f7.oggvorbisstr[39m[0m
[  41% ] [90m[1msavepack[22m | Storing File: res://assets/ext/audio/voice/c6_eben_11.ogg.import[39m[0m
[  41% ] [90m[1msavepack[22m | Storing File: res://.godot/imported/c6_eben_12.ogg-b79f9e8f3ad6e279d6c44237171e64e0.oggvorbisstr[39m[0m
[  41% ] [90m[1msavepack[22m | Storing File: res://assets/ext/audio/voice/c6_eben_12.ogg.import[39m[0m
[  41% ] [90m[1msavepack[22m | Storing File: res://.godot/imported/c6_eben_13.ogg-32319692c11cf0fa6836f2ed441d2c08.oggvorbisstr[39m[0m
[  41% ] [90m[1msavepack[22m | Storing File: res://assets/ext/audio/voice/c6_eben_13.ogg.import[39m[0m
[  41% ] [90m[1msavepack[22m | Storing File: res://.godot/imported/c6_eben_14.ogg-2c554cc405e488df37452f47e201420d.oggvorbisstr[39m[0m
[  41% ] [90m[1msavepack[22m | Storing File: res://assets/ext/audio/voice/c6_eben_14.ogg.import[39m[0m
[  41% ] [90m[1msavepack[22m | Storing File: res://.godot/imported/c6_eben_15.ogg-5b5dd52002f67fab1d79bccda2a58a5b.oggvorbisstr[39m[0m
[  41% ] [90m[1msavepack[22m | Storing File: res://assets/ext/audio/voice/c6_eben_15.ogg.import[39m[0m
[  41% ] [90m[1msavepack[22m | Storing File: res://.godot/imported/c6_eben_16.ogg-55bc48e5e5270858ff75513cc5b5493c.oggvorbisstr[39m[0m
[  41% ] [90m[1msavepack[22m | Storing File: res://assets/ext/audio/voice/c6_eben_16.ogg.import[39m[0m
[  41% ] [90m[1msavepack[22m | Storing File: res://.godot/imported/c6_eben_17.ogg-5bfcfd4fab83bfd6d7efd4aaafb38c0f.oggvorbisstr[39m[0m
[  41% ] [90m[1msavepack[22m | Storing File: res://assets/ext/audio/voice/c6_eben_17.ogg.import[39m[0m
[  41% ] [90m[1msavepack[22m | Storing File: res://.godot/imported/c6_eben_18.ogg-151dce083db8f7fb7746696c1ae50439.oggvorbisstr[39m[0m
[  41% ] [90m[1msavepack[22m | Storing File: res://assets/ext/audio/voice/c6_eben_18.ogg.import[39m[0m
[  41% ] [90m[1msavepack[22m | Storing File: res://.godot/imported/c6_eben_19.ogg-df4efc4c6a7805fdc8aaf3c31dc2b288.oggvorbisstr[39m[0m
[  41% ] [90m[1msavepack[22m | Storing File: res://assets/ext/audio/voice/c6_eben_19.ogg.import[39m[0m
[  41% ] [90m[1msavepack[22m | Storing File: res://.godot/imported/c6_eben_20.ogg-db734021bac5c67a967488f1ae2cabf0.oggvorbisstr[39m[0m
[  41% ] [90m[1msavepack[22m | Storing File: res://assets/ext/audio/voice/c6_eben_20.ogg.import[39m[0m
[  41% ] [90m[1msavepack[22m | Storing File: res://.godot/imported/c6_eben_21.ogg-72b0f2a1f0b286d403e1f06454c1274c.oggvorbisstr[39m[0m
[  41% ] [90m[1msavepack[22m | Storing File: res://assets/ext/audio/voice/c6_eben_21.ogg.import[39m[0m
[  41% ] [90m[1msavepack[22m | Storing File: res://.godot/imported/c6_ink_01.ogg-30b9102f6c427819bea708bce4fcba2b.oggvorbisstr[39m[0m
[  41% ] [90m[1msavepack[22m | Storing File: res://assets/ext/audio/voice/c6_ink_01.ogg.import[39m[0m
[  41% ] [90m[1msavepack[22m | Storing File: res://.godot/imported/c6_ink_02.ogg-f9f7cbabd70deab430dd8a46e5bdfd51.oggvorbisstr[39m[0m
[  41% ] [90m[1msavepack[22m | Storing File: res://assets/ext/audio/voice/c6_ink_02.ogg.import[39m[0m
[  42% ] [90m[1msavepack[22m | Storing File: res://.godot/imported/c6_ink_03.ogg-a63fecb4846de37ceba7dee55ec7229d.oggvorbisstr[39m[0m
[  42% ] [90m[1msavepack[22m | Storing File: res://assets/ext/audio/voice/c6_ink_03.ogg.import[39m[0m
[  42% ] [90m[1msavepack[22m | Storing File: res://.godot/imported/c6_ink_04.ogg-9d2f9f154c47c91681bb8cef321f5e27.oggvorbisstr[39m[0m
[  42% ] [90m[1msavepack[22m | Storing File: res://assets/ext/audio/voice/c6_ink_04.ogg.import[39m[0m
[  42% ] [90m[1msavepack[22m | Storing File: res://.godot/imported/c6_ink_05.ogg-96de1d1405b1fc856fbfd78690a06623.oggvorbisstr[39m[0m
[  42% ] [90m[1msavepack[22m | Storing File: res://assets/ext/audio/voice/c6_ink_05.ogg.import[39m[0m
[  42% ] [90m[1msavepack[22m | Storing File: res://.godot/imported/c6_ink_06.ogg-008fdb4711d34770dc4a7e35da7e3e08.oggvorbisstr[39m[0m
[  42% ] [90m[1msavepack[22m | Storing File: res://assets/ext/audio/voice/c6_ink_06.ogg.import[39m[0m
[  42% ] [90m[1msavepack[22m | Storing File: res://.godot/imported/c6_ink_07.ogg-0b6687f17054e52c5457be367c1d62ac.oggvorbisstr[39m[0m
[  42% ] [90m[1msavepack[22m | Storing File: res://assets/ext/audio/voice/c6_ink_07.ogg.import[39m[0m
[  42% ] [90m[1msavepack[22m | Storing File: res://.godot/imported/c6_ink_08.ogg-46359c16784be2e2d89c4ac7d80f1cc2.oggvorbisstr[39m[0m
[  42% ] [90m[1msavepack[22m | Storing File: res://assets/ext/audio/voice/c6_ink_08.ogg.import[39m[0m
[  42% ] [90m[1msavepack[22m | Storing File: res://.godot/imported/c6_ink_09.ogg-a51f79fc2853e672e6e8076612c48ad5.oggvorbisstr[39m[0m
[  42% ] [90m[1msavepack[22m | Storing File: res://assets/ext/audio/voice/c6_ink_09.ogg.import[39m[0m
[  42% ] [90m[1msavepack[22m | Storing File: res://.godot/imported/c6_ink_10.ogg-01a6dbc3423c680c3f0438a67105d465.oggvorbisstr[39m[0m
[  42% ] [90m[1msavepack[22m | Storing File: res://assets/ext/audio/voice/c6_ink_10.ogg.import[39m[0m
[  42% ] [90m[1msavepack[22m | Storing File: res://.godot/imported/c6_ink_11.ogg-ab1492cb93ed8c4bf275e1a2fc4a8bd3.oggvorbisstr[39m[0m
[  42% ] [90m[1msavepack[22m | Storing File: res://assets/ext/audio/voice/c6_ink_11.ogg.import[39m[0m
[  42% ] [90m[1msavepack[22m | Storing File: res://.godot/imported/c6_ink_12.ogg-df38299a16bb99ebc00f250a8d1b4454.oggvorbisstr[39m[0m
[  42% ] [90m[1msavepack[22m | Storing File: res://assets/ext/audio/voice/c6_ink_12.ogg.import[39m[0m
[  42% ] [90m[1msavepack[22m | Storing File: res://.godot/imported/c6_ink_13.ogg-3e4eb2e5257f27c1df462bd47983f9e1.oggvorbisstr[39m[0m
[  42% ] [90m[1msavepack[22m | Storing File: res://assets/ext/audio/voice/c6_ink_13.ogg.import[39m[0m
[  42% ] [90m[1msavepack[22m | Storing File: res://.godot/imported/c6_ink_14.ogg-407cb917d60fbc864faf13a5efe91a66.oggvorbisstr[39m[0m
[  42% ] [90m[1msavepack[22m | Storing File: res://assets/ext/audio/voice/c6_ink_14.ogg.import[39m[0m
[  42% ] [90m[1msavepack[22m | Storing File: res://.godot/imported/c6_ink_15.ogg-b5e5548c90104f4d4700a33da5db7b23.oggvorbisstr[39m[0m
[  42% ] [90m[1msavepack[22m | Storing File: res://assets/ext/audio/voice/c6_ink_15.ogg.import[39m[0m
[  42% ] [90m[1msavepack[22m | Storing File: res://.godot/imported/c6_ink_16.ogg-95ed1c86e12ef7f6924bc82b76724297.oggvorbisstr[39m[0m
[  42% ] [90m[1msavepack[22m | Storing File: res://assets/ext/audio/voice/c6_ink_16.ogg.import[39m[0m
[  42% ] [90m[1msavepack[22m | Storing File: res://.godot/imported/c6_spring_01.ogg-3cbb988487d68db8f35d6f044ec8fd2f.oggvorbisstr[39m[0m
[  42% ] [90m[1msavepack[22m | Storing File: res://assets/ext/audio/voice/c6_spring_01.ogg.import[39m[0m
[  42% ] [90m[1msavepack[22m | Storing File: res://.godot/imported/c6_spring_02.ogg-381eca22a85a5507b6c6d2d35f85595b.oggvorbisstr[39m[0m
[  42% ] [90m[1msavepack[22m | Storing File: res://assets/ext/audio/voice/c6_spring_02.ogg.import[39m[0m
[  42% ] [90m[1msavepack[22m | Storing File: res://.godot/imported/c6_spring_03.ogg-1f6140aed1d39678ff75f10f1ec0e288.oggvorbisstr[39m[0m
[  42% ] [90m[1msavepack[22m | Storing File: res://assets/ext/audio/voice/c6_spring_03.ogg.import[39m[0m
[  42% ] [90m[1msavepack[22m | Storing File: res://.godot/imported/c6_spring_04.ogg-2c5674695dc83aa66677c5fb5996cbc8.oggvorbisstr[39m[0m
[  42% ] [90m[1msavepack[22m | Storing File: res://assets/ext/audio/voice/c6_spring_04.ogg.import[39m[0m
[  42% ] [90m[1msavepack[22m | Storing File: res://.godot/imported/c6_spring_05.ogg-40685794f40bdeddfd85e3f0e31bb997.oggvorbisstr[39m[0m
[  42% ] [90m[1msavepack[22m | Storing File: res://assets/ext/audio/voice/c6_spring_05.ogg.import[39m[0m
[  42% ] [90m[1msavepack[22m | Storing File: res://.godot/imported/c6_spring_06.ogg-71df93a0c3a958ac134dcdcd9a1c33e6.oggvorbisstr[39m[0m
[  42% ] [90m[1msavepack[22m | Storing File: res://assets/ext/audio/voice/c6_spring_06.ogg.import[39m[0m
[  42% ] [90m[1msavepack[22m | Storing File: res://.godot/imported/c6_spring_07.ogg-0646458a979fdf017b575b88299b7f5f.oggvorbisstr[39m[0m
[  42% ] [90m[1msavepack[22m | Storing File: res://assets/ext/audio/voice/c6_spring_07.ogg.import[39m[0m
[  42% ] [90m[1msavepack[22m | Storing File: res://.godot/imported/c6_spring_08.ogg-99d272402bb2b077605fa721db742956.oggvorbisstr[39m[0m
[  42% ] [90m[1msavepack[22m | Storing File: res://assets/ext/audio/voice/c6_spring_08.ogg.import[39m[0m
[  42% ] [90m[1msavepack[22m | Storing File: res://.godot/imported/c6_spring_09.ogg-986c6d53e1628a56b183afb91c16145f.oggvorbisstr[39m[0m
[  42% ] [90m[1msavepack[22m | Storing File: res://assets/ext/audio/voice/c6_spring_09.ogg.import[39m[0m
[  42% ] [90m[1msavepack[22m | Storing File: res://.godot/imported/c6_spring_10.ogg-a6eaabf60d47797970625fd873c2acf6.oggvorbisstr[39m[0m
[  42% ] [90m[1msavepack[22m | Storing File: res://assets/ext/audio/voice/c6_spring_10.ogg.import[39m[0m
[  42% ] [90m[1msavepack[22m | Storing File: res://.godot/imported/c6_spring_11.ogg-3bda1807a53f6a53a8eb59d99d7d8099.oggvorbisstr[39m[0m
[  42% ] [90m[1msavepack[22m | Storing File: res://assets/ext/audio/voice/c6_spring_11.ogg.import[39m[0m
[  42% ] [90m[1msavepack[22m | Storing File: res://.godot/imported/c6_spring_12.ogg-ed6b658080eb47780a6ddc4a051160f4.oggvorbisstr[39m[0m
[  42% ] [90m[1msavepack[22m | Storing File: res://assets/ext/audio/voice/c6_spring_12.ogg.import[39m[0m
[  42% ] [90m[1msavepack[22m | Storing File: res://.godot/imported/c6_spring_13.ogg-cae6fb89c4df197b273b974aa9c801cc.oggvorbisstr[39m[0m
[  42% ] [90m[1msavepack[22m | Storing File: res://assets/ext/audio/voice/c6_spring_13.ogg.import[39m[0m
[  42% ] [90m[1msavepack[22m | Storing File: res://.godot/imported/c6_war_01.ogg-da20ddfeed9398846cea8d41d6312fff.oggvorbisstr[39m[0m
[  42% ] [90m[1msavepack[22m | Storing File: res://assets/ext/audio/voice/c6_war_01.ogg.import[39m[0m
[  42% ] [90m[1msavepack[22m | Storing File: res://.godot/imported/c6_war_02.ogg-a6920fa1dfe9457887e59b6a67a84d1b.oggvorbisstr[39m[0m
[  42% ] [90m[1msavepack[22m | Storing File: res://assets/ext/audio/voice/c6_war_02.ogg.import[39m[0m
[  42% ] [90m[1msavepack[22m | Storing File: res://.godot/imported/c6_war_03.ogg-6457251ebb5dbbd9a1a20bd56eb275ef.oggvorbisstr[39m[0m
[  42% ] [90m[1msavepack[22m | Storing File: res://assets/ext/audio/voice/c6_war_03.ogg.import[39m[0m
[  42% ] [90m[1msavepack[22m | Storing File: res://.godot/imported/c6_war_04.ogg-3ce7d9831cbb2222c53c2032ab249e95.oggvorbisstr[39m[0m
[  42% ] [90m[1msavepack[22m | Storing File: res://assets/ext/audio/voice/c6_war_04.ogg.import[39m[0m
[  42% ] [90m[1msavepack[22m | Storing File: res://.godot/imported/c6_war_05.ogg-200dc79c19bd9d7407f7b1c4179b99b7.oggvorbisstr[39m[0m
[  42% ] [90m[1msavepack[22m | Storing File: res://assets/ext/audio/voice/c6_war_05.ogg.import[39m[0m
[  42% ] [90m[1msavepack[22m | Storing File: res://.godot/imported/c6_war_06.ogg-7f3f6b046a4941e7c881e60e17563f8e.oggvorbisstr[39m[0m
[  42% ] [90m[1msavepack[22m | Storing File: res://assets/ext/audio/voice/c6_war_06.ogg.import[39m[0m
[  42% ] [90m[1msavepack[22m | Storing File: res://.godot/imported/c6_war_07.ogg-41267e48bca9606b67d0d48f956b0c2d.oggvorbisstr[39m[0m
[  42% ] [90m[1msavepack[22m | Storing File: res://assets/ext/audio/voice/c6_war_07.ogg.import[39m[0m
[  42% ] [90m[1msavepack[22m | Storing File: res://.godot/imported/c6_war_08.ogg-4dd09170d79a7dc65caccd7d7d2c9e15.oggvorbisstr[39m[0m
[  42% ] [90m[1msavepack[22m | Storing File: res://assets/ext/audio/voice/c6_war_08.ogg.import[39m[0m
[  43% ] [90m[1msavepack[22m | Storing File: res://.godot/imported/c6_war_09.ogg-1cc9c7b0713fe835b70372cb86eeefe7.oggvorbisstr[39m[0m
[  43% ] [90m[1msavepack[22m | Storing File: res://assets/ext/audio/voice/c6_war_09.ogg.import[39m[0m
[  43% ] [90m[1msavepack[22m | Storing File: res://.godot/imported/c6_war_10.ogg-7cad3ffb628b94e674e7cbac684e28a1.oggvorbisstr[39m[0m
[  43% ] [90m[1msavepack[22m | Storing File: res://assets/ext/audio/voice/c6_war_10.ogg.import[39m[0m
[  43% ] [90m[1msavepack[22m | Storing File: res://.godot/imported/c6_war_11.ogg-43d136548a35032a6fc4d4246c9f7c38.oggvorbisstr[39m[0m
[  43% ] [90m[1msavepack[22m | Storing File: res://assets/ext/audio/voice/c6_war_11.ogg.import[39m[0m
[  43% ] [90m[1msavepack[22m | Storing File: res://.godot/imported/c6_war_12.ogg-e587a26147c8a50ee766a7ef16b2dd1c.oggvorbisstr[39m[0m
[  43% ] [90m[1msavepack[22m | Storing File: res://assets/ext/audio/voice/c6_war_12.ogg.import[39m[0m
[  43% ] [90m[1msavepack[22m | Storing File: res://.godot/imported/c6_war_13.ogg-750cc80b91d3f3fb3d865b09382e6820.oggvorbisstr[39m[0m
[  43% ] [90m[1msavepack[22m | Storing File: res://assets/ext/audio/voice/c6_war_13.ogg.import[39m[0m
[  43% ] [90m[1msavepack[22m | Storing File: res://.godot/imported/c6_war_14.ogg-a7b7ad3ee0cf7836510b89a0db0576d0.oggvorbisstr[39m[0m
[  43% ] [90m[1msavepack[22m | Storing File: res://assets/ext/audio/voice/c6_war_14.ogg.import[39m[0m
[  43% ] [90m[1msavepack[22m | Storing File: res://.godot/imported/camp_act_coffee.ogg-2341c4f7d0f0337c4ec53c19cb0fda4f.oggvorbisstr[39m[0m
[  43% ] [90m[1msavepack[22m | Storing File: res://assets/ext/audio/voice/camp_act_coffee.ogg.import[39m[0m
[  43% ] [90m[1msavepack[22m | Storing File: res://.godot/imported/camp_act_deal.ogg-a49869008f0a9a8ffb9bc5b034cf15c8.oggvorbisstr[39m[0m
[  43% ] [90m[1msavepack[22m | Storing File: res://assets/ext/audio/voice/camp_act_deal.ogg.import[39m[0m
[  43% ] [90m[1msavepack[22m | Storing File: res://.godot/imported/camp_act_del_lost.ogg-77cbdc67cd8970c004ed79e8c106a96c.oggvorbisstr[39m[0m
[  43% ] [90m[1msavepack[22m | Storing File: res://assets/ext/audio/voice/camp_act_del_lost.ogg.import[39m[0m
[  43% ] [90m[1msavepack[22m | Storing File: res://.godot/imported/camp_act_del_won.ogg-f4e4ae9e9f177cdaa44d83279d29646b.oggvorbisstr[39m[0m
[  43% ] [90m[1msavepack[22m | Storing File: res://assets/ext/audio/voice/camp_act_del_won.ogg.import[39m[0m
[  43% ] [90m[1msavepack[22m | Storing File: res://.godot/imported/camp_act_stew.ogg-5dd38ebd6f01b857c44e2d221a3f2082.oggvorbisstr[39m[0m
[  43% ] [90m[1msavepack[22m | Storing File: res://assets/ext/audio/voice/camp_act_stew.ogg.import[39m[0m
[  43% ] [90m[1msavepack[22m | Storing File: res://.godot/imported/camp_act_stew_again.ogg-cdaccfd4f0aa55d4eb0e20f749031c52.oggvorbisstr[39m[0m
[  43% ] [90m[1msavepack[22m | Storing File: res://assets/ext/audio/voice/camp_act_stew_again.ogg.import[39m[0m
[  43% ] [90m[1msavepack[22m | Storing File: res://.godot/imported/camp_act_whiskey.ogg-b7df8defc65b7ab838d42c6a376383bf.oggvorbisstr[39m[0m
[  43% ] [90m[1msavepack[22m | Storing File: res://assets/ext/audio/voice/camp_act_whiskey.ogg.import[39m[0m
[  43% ] [90m[1msavepack[22m | Storing File: res://.godot/imported/camp_asa_killed_1.ogg-671423bc67634b501a07128f9e95b7d6.oggvorbisstr[39m[0m
[  43% ] [90m[1msavepack[22m | Storing File: res://assets/ext/audio/voice/camp_asa_killed_1.ogg.import[39m[0m
[  43% ] [90m[1msavepack[22m | Storing File: res://.godot/imported/camp_asa_killed_2.ogg-0658a11dc15181e18b68be4c7e80fe5a.oggvorbisstr[39m[0m
[  43% ] [90m[1msavepack[22m | Storing File: res://assets/ext/audio/voice/camp_asa_killed_2.ogg.import[39m[0m
[  43% ] [90m[1msavepack[22m | Storing File: res://.godot/imported/camp_asa_killed_3.ogg-7f23b6d12d183852801d7b0de0ac87c7.oggvorbisstr[39m[0m
[  43% ] [90m[1msavepack[22m | Storing File: res://assets/ext/audio/voice/camp_asa_killed_3.ogg.import[39m[0m
[  43% ] [90m[1msavepack[22m | Storing File: res://.godot/imported/camp_asa_killed_4.ogg-9ba464d64cc17238d1e9d190f9fe3f95.oggvorbisstr[39m[0m
[  43% ] [90m[1msavepack[22m | Storing File: res://assets/ext/audio/voice/camp_asa_killed_4.ogg.import[39m[0m
[  43% ] [90m[1msavepack[22m | Storing File: res://.godot/imported/camp_asa_spared_1.ogg-9854ba8bc473bea2d43074f6d6baf123.oggvorbisstr[39m[0m
[  43% ] [90m[1msavepack[22m | Storing File: res://assets/ext/audio/voice/camp_asa_spared_1.ogg.import[39m[0m
[  43% ] [90m[1msavepack[22m | Storing File: res://.godot/imported/camp_asa_spared_2.ogg-b61fd1ed2d5950e4dcd26464b4498e28.oggvorbisstr[39m[0m
[  43% ] [90m[1msavepack[22m | Storing File: res://assets/ext/audio/voice/camp_asa_spared_2.ogg.import[39m[0m
[  43% ] [90m[1msavepack[22m | Storing File: res://.godot/imported/camp_asa_spared_3.ogg-af986d0f8533a09bf605b3915b947b4f.oggvorbisstr[39m[0m
[  43% ] [90m[1msavepack[22m | Storing File: res://assets/ext/audio/voice/camp_asa_spared_3.ogg.import[39m[0m
[  43% ] [90m[1msavepack[22m | Storing File: res://.godot/imported/camp_billy_canteen.ogg-e79f8bc4ba85e286af7f9cfe6a27be06.oggvorbisstr[39m[0m
[  43% ] [90m[1msavepack[22m | Storing File: res://assets/ext/audio/voice/camp_billy_canteen.ogg.import[39m[0m
[  43% ] [90m[1msavepack[22m | Storing File: res://.godot/imported/camp_billy_cholera.ogg-1c57f9d0ef9c9620a494882a5a657d6f.oggvorbisstr[39m[0m
[  43% ] [90m[1msavepack[22m | Storing File: res://assets/ext/audio/voice/camp_billy_cholera.ogg.import[39m[0m
[  43% ] [90m[1msavepack[22m | Storing File: res://.godot/imported/camp_billy_example_1.ogg-1894ef7723c4a983f148d3e3eda080a4.oggvorbisstr[39m[0m
[  43% ] [90m[1msavepack[22m | Storing File: res://assets/ext/audio/voice/camp_billy_example_1.ogg.import[39m[0m
[  43% ] [90m[1msavepack[22m | Storing File: res://.godot/imported/camp_billy_example_2.ogg-70511541d1609b406634d94356523d1d.oggvorbisstr[39m[0m
[  43% ] [90m[1msavepack[22m | Storing File: res://assets/ext/audio/voice/camp_billy_example_2.ogg.import[39m[0m
[  43% ] [90m[1msavepack[22m | Storing File: res://.godot/imported/camp_billy_example_3.ogg-daabbadb281260990e3744e589866c93.oggvorbisstr[39m[0m
[  43% ] [90m[1msavepack[22m | Storing File: res://assets/ext/audio/voice/camp_billy_example_3.ogg.import[39m[0m
[  43% ] [90m[1msavepack[22m | Storing File: res://.godot/imported/camp_billy_mare.ogg-10ca4eaa5da10c0d7511a6c16d3d2e7e.oggvorbisstr[39m[0m
[  43% ] [90m[1msavepack[22m | Storing File: res://assets/ext/audio/voice/camp_billy_mare.ogg.import[39m[0m
[  43% ] [90m[1msavepack[22m | Storing File: res://.godot/imported/camp_billy_novel.ogg-dcdf44f164a952d5e2cc770108b8d61d.oggvorbisstr[39m[0m
[  43% ] [90m[1msavepack[22m | Storing File: res://assets/ext/audio/voice/camp_billy_novel.ogg.import[39m[0m
[  43% ] [90m[1msavepack[22m | Storing File: res://.godot/imported/camp_billy_paid.ogg-be978752c5ae4f32a805aeb1f20d3a33.oggvorbisstr[39m[0m
[  43% ] [90m[1msavepack[22m | Storing File: res://assets/ext/audio/voice/camp_billy_paid.ogg.import[39m[0m
[  43% ] [90m[1msavepack[22m | Storing File: res://.godot/imported/camp_billy_pelt.ogg-f8277f733d280cfecc73e387348865b9.oggvorbisstr[39m[0m
[  43% ] [90m[1msavepack[22m | Storing File: res://assets/ext/audio/voice/camp_billy_pelt.ogg.import[39m[0m
[  43% ] [90m[1msavepack[22m | Storing File: res://.godot/imported/camp_billy_swing.ogg-c63d307ea7074795c5612aba4b4715ea.oggvorbisstr[39m[0m
[  43% ] [90m[1msavepack[22m | Storing File: res://assets/ext/audio/voice/camp_billy_swing.ogg.import[39m[0m
[  43% ] [90m[1msavepack[22m | Storing File: res://.godot/imported/camp_billy_taken.ogg-f1b2495618fefdc5aac562dd48a5c2f8.oggvorbisstr[39m[0m
[  43% ] [90m[1msavepack[22m | Storing File: res://assets/ext/audio/voice/camp_billy_taken.ogg.import[39m[0m
[  43% ] [90m[1msavepack[22m | Storing File: res://.godot/imported/camp_billy_worth.ogg-83be265094ea8765079e69570985d5a2.oggvorbisstr[39m[0m
[  43% ] [90m[1msavepack[22m | Storing File: res://assets/ext/audio/voice/camp_billy_worth.ogg.import[39m[0m
[  43% ] [90m[1msavepack[22m | Storing File: res://.godot/imported/camp_comet_1.ogg-6c756ff1ec0b1cf642feb25edf1f6710.oggvorbisstr[39m[0m
[  43% ] [90m[1msavepack[22m | Storing File: res://assets/ext/audio/voice/camp_comet_1.ogg.import[39m[0m
[  43% ] [90m[1msavepack[22m | Storing File: res://.godot/imported/camp_comet_2.ogg-efc7a1ea8313b9a3e050e3176fff20d9.oggvorbisstr[39m[0m
[  43% ] [90m[1msavepack[22m | Storing File: res://assets/ext/audio/voice/camp_comet_2.ogg.import[39m[0m
[  43% ] [90m[1msavepack[22m | Storing File: res://.godot/imported/camp_comet_3.ogg-de1dd20cfebe23cd6aa35e3759830a22.oggvorbisstr[39m[0m
[  43% ] [90m[1msavepack[22m | Storing File: res://assets/ext/audio/voice/camp_comet_3.ogg.import[39m[0m
[  43% ] [90m[1msavepack[22m | Storing File: res://.godot/imported/camp_comet_4.ogg-92cc98b434c20166ac1b4f31124adda1.oggvorbisstr[39m[0m
[  43% ] [90m[1msavepack[22m | Storing File: res://assets/ext/audio/voice/camp_comet_4.ogg.import[39m[0m
[  44% ] [90m[1msavepack[22m | Storing File: res://.godot/imported/camp_cutter_dead_1.ogg-253805bd0d7e3f840d3516d1b3386980.oggvorbisstr[39m[0m
[  44% ] [90m[1msavepack[22m | Storing File: res://assets/ext/audio/voice/camp_cutter_dead_1.ogg.import[39m[0m
[  44% ] [90m[1msavepack[22m | Storing File: res://.godot/imported/camp_cutter_dead_2.ogg-6ce8a0c6f08ef229e25d2b92ef8469a8.oggvorbisstr[39m[0m
[  44% ] [90m[1msavepack[22m | Storing File: res://assets/ext/audio/voice/camp_cutter_dead_2.ogg.import[39m[0m
[  44% ] [90m[1msavepack[22m | Storing File: res://.godot/imported/camp_cutter_dead_3.ogg-a3b3144a9816bd84b21df9873316ba5b.oggvorbisstr[39m[0m
[  44% ] [90m[1msavepack[22m | Storing File: res://assets/ext/audio/voice/camp_cutter_dead_3.ogg.import[39m[0m
[  44% ] [90m[1msavepack[22m | Storing File: res://.godot/imported/camp_cutter_jailed_1.ogg-ee6b4b03c40538e38ac67e420db77b56.oggvorbisstr[39m[0m
[  44% ] [90m[1msavepack[22m | Storing File: res://assets/ext/audio/voice/camp_cutter_jailed_1.ogg.import[39m[0m
[  44% ] [90m[1msavepack[22m | Storing File: res://.godot/imported/camp_cutter_jailed_2.ogg-afa8cab40b2fd9d7a2a7670b81b8116e.oggvorbisstr[39m[0m
[  44% ] [90m[1msavepack[22m | Storing File: res://assets/ext/audio/voice/camp_cutter_jailed_2.ogg.import[39m[0m
[  44% ] [90m[1msavepack[22m | Storing File: res://.godot/imported/camp_cutter_jailed_3.ogg-9ceb1432f4e60d6e4251b56fb499dc1e.oggvorbisstr[39m[0m
[  44% ] [90m[1msavepack[22m | Storing File: res://assets/ext/audio/voice/camp_cutter_jailed_3.ogg.import[39m[0m
[  44% ] [90m[1msavepack[22m | Storing File: res://.godot/imported/camp_del_crane.ogg-4142451a68fe756c9870c0e04befa676.oggvorbisstr[39m[0m
[  44% ] [90m[1msavepack[22m | Storing File: res://assets/ext/audio/voice/camp_del_crane.ogg.import[39m[0m
[  44% ] [90m[1msavepack[22m | Storing File: res://.godot/imported/camp_del_crane_out.ogg-e3205c3ced8aa0bd43c1e4eddca9a2f6.oggvorbisstr[39m[0m
[  44% ] [90m[1msavepack[22m | Storing File: res://assets/ext/audio/voice/camp_del_crane_out.ogg.import[39m[0m
[  44% ] [90m[1msavepack[22m | Storing File: res://.godot/imported/camp_del_hymns_1.ogg-a9f32b15f7ab2037918a9a057b3c54b9.oggvorbisstr[39m[0m
[  44% ] [90m[1msavepack[22m | Storing File: res://assets/ext/audio/voice/camp_del_hymns_1.ogg.import[39m[0m
[  44% ] [90m[1msavepack[22m | Storing File: res://.godot/imported/camp_del_hymns_2.ogg-ec5f080fa574478891a25dbdfac29feb.oggvorbisstr[39m[0m
[  44% ] [90m[1msavepack[22m | Storing File: res://assets/ext/audio/voice/camp_del_hymns_2.ogg.import[39m[0m
[  44% ] [90m[1msavepack[22m | Storing File: res://.godot/imported/camp_del_hymns_3.ogg-b932cd7a1f854221c49d4784d1925ee7.oggvorbisstr[39m[0m
[  44% ] [90m[1msavepack[22m | Storing File: res://assets/ext/audio/voice/camp_del_hymns_3.ogg.import[39m[0m
[  44% ] [90m[1msavepack[22m | Storing File: res://.godot/imported/camp_del_hymns_4.ogg-0d4ef0fd7b477c0d2d0347a2d7e0bf7f.oggvorbisstr[39m[0m
[  44% ] [90m[1msavepack[22m | Storing File: res://assets/ext/audio/voice/camp_del_hymns_4.ogg.import[39m[0m
[  44% ] [90m[1msavepack[22m | Storing File: res://.godot/imported/camp_del_marvel.ogg-f22280b20fc0e8ea3b058437ba2e6999.oggvorbisstr[39m[0m
[  44% ] [90m[1msavepack[22m | Storing File: res://assets/ext/audio/voice/camp_del_marvel.ogg.import[39m[0m
[  44% ] [90m[1msavepack[22m | Storing File: res://.godot/imported/camp_del_marvel_bean.ogg-5698d942bc27304cea84d42f41cd736e.oggvorbisstr[39m[0m
[  44% ] [90m[1msavepack[22m | Storing File: res://assets/ext/audio/voice/camp_del_marvel_bean.ogg.import[39m[0m
[  44% ] [90m[1msavepack[22m | Storing File: res://.godot/imported/camp_del_merrow.ogg-552a5ca05104c18aae707f1d61fd0eec.oggvorbisstr[39m[0m
[  44% ] [90m[1msavepack[22m | Storing File: res://assets/ext/audio/voice/camp_del_merrow.ogg.import[39m[0m
[  44% ] [90m[1msavepack[22m | Storing File: res://.godot/imported/camp_del_paid.ogg-b04544a409e7f655455060daf477bde1.oggvorbisstr[39m[0m
[  44% ] [90m[1msavepack[22m | Storing File: res://assets/ext/audio/voice/camp_del_paid.ogg.import[39m[0m
[  44% ] [90m[1msavepack[22m | Storing File: res://.godot/imported/camp_del_plate.ogg-d829a2f5b037b0b4be64bdf03fa911b8.oggvorbisstr[39m[0m
[  44% ] [90m[1msavepack[22m | Storing File: res://assets/ext/audio/voice/camp_del_plate.ogg.import[39m[0m
[  44% ] [90m[1msavepack[22m | Storing File: res://.godot/imported/camp_del_poor.ogg-82db7c2e1d688841d99fe04811443ad6.oggvorbisstr[39m[0m
[  44% ] [90m[1msavepack[22m | Storing File: res://assets/ext/audio/voice/camp_del_poor.ogg.import[39m[0m
[  44% ] [90m[1msavepack[22m | Storing File: res://.godot/imported/camp_del_rich.ogg-2edcada2cca40a8ef41a908d6e49bcf0.oggvorbisstr[39m[0m
[  44% ] [90m[1msavepack[22m | Storing File: res://assets/ext/audio/voice/camp_del_rich.ogg.import[39m[0m
[  44% ] [90m[1msavepack[22m | Storing File: res://.godot/imported/camp_del_robbery.ogg-c6246d0b6bdb885f356625f7e764b51f.oggvorbisstr[39m[0m
[  44% ] [90m[1msavepack[22m | Storing File: res://assets/ext/audio/voice/camp_del_robbery.ogg.import[39m[0m
[  44% ] [90m[1msavepack[22m | Storing File: res://.godot/imported/camp_del_solitaire.ogg-ea7ce034a3a68a3a096538019dce89ab.oggvorbisstr[39m[0m
[  44% ] [90m[1msavepack[22m | Storing File: res://assets/ext/audio/voice/camp_del_solitaire.ogg.import[39m[0m
[  44% ] [90m[1msavepack[22m | Storing File: res://.godot/imported/camp_del_stays_1.ogg-1630be4c07dc4d61c754c260795bc45c.oggvorbisstr[39m[0m
[  44% ] [90m[1msavepack[22m | Storing File: res://assets/ext/audio/voice/camp_del_stays_1.ogg.import[39m[0m
[  44% ] [90m[1msavepack[22m | Storing File: res://.godot/imported/camp_del_stays_2.ogg-6b548d7765aca2e14554e6bcb311ddb8.oggvorbisstr[39m[0m
[  44% ] [90m[1msavepack[22m | Storing File: res://assets/ext/audio/voice/camp_del_stays_2.ogg.import[39m[0m
[  44% ] [90m[1msavepack[22m | Storing File: res://.godot/imported/camp_del_stays_3.ogg-ddbe64778ba8250b070c57396c6e3ad0.oggvorbisstr[39m[0m
[  44% ] [90m[1msavepack[22m | Storing File: res://assets/ext/audio/voice/camp_del_stays_3.ogg.import[39m[0m
[  44% ] [90m[1msavepack[22m | Storing File: res://.godot/imported/camp_del_stays_4.ogg-03f47df364fd97e623f5279d3cb17eb7.oggvorbisstr[39m[0m
[  44% ] [90m[1msavepack[22m | Storing File: res://assets/ext/audio/voice/camp_del_stays_4.ogg.import[39m[0m
[  44% ] [90m[1msavepack[22m | Storing File: res://.godot/imported/camp_del_ticket.ogg-9e957078dfc21f5586c162a1151652c2.oggvorbisstr[39m[0m
[  44% ] [90m[1msavepack[22m | Storing File: res://assets/ext/audio/voice/camp_del_ticket.ogg.import[39m[0m
[  44% ] [90m[1msavepack[22m | Storing File: res://.godot/imported/camp_doc_answered.ogg-e8552ab6c002ef308e554f52724c9fe7.oggvorbisstr[39m[0m
[  44% ] [90m[1msavepack[22m | Storing File: res://assets/ext/audio/voice/camp_doc_answered.ogg.import[39m[0m
[  44% ] [90m[1msavepack[22m | Storing File: res://.godot/imported/camp_doc_barrels.ogg-bf5fc2e67eba39782507b0b25f0dfdc8.oggvorbisstr[39m[0m
[  44% ] [90m[1msavepack[22m | Storing File: res://assets/ext/audio/voice/camp_doc_barrels.ogg.import[39m[0m
[  44% ] [90m[1msavepack[22m | Storing File: res://.godot/imported/camp_doc_bundy.ogg-ad5257598779928c2bb1131632c7939b.oggvorbisstr[39m[0m
[  44% ] [90m[1msavepack[22m | Storing File: res://assets/ext/audio/voice/camp_doc_bundy.ogg.import[39m[0m
[  44% ] [90m[1msavepack[22m | Storing File: res://.godot/imported/camp_doc_burned.ogg-b43fabb47d4b67c6bce76fe4c08b04d5.oggvorbisstr[39m[0m
[  44% ] [90m[1msavepack[22m | Storing File: res://assets/ext/audio/voice/camp_doc_burned.ogg.import[39m[0m
[  44% ] [90m[1msavepack[22m | Storing File: res://.godot/imported/camp_doc_drinking.ogg-7b42a46910483190d937829bbf0f5c46.oggvorbisstr[39m[0m
[  44% ] [90m[1msavepack[22m | Storing File: res://assets/ext/audio/voice/camp_doc_drinking.ogg.import[39m[0m
[  44% ] [90m[1msavepack[22m | Storing File: res://.godot/imported/camp_doc_drink_1.ogg-5521e4f9f5c56dc373c5c4fc47388ba1.oggvorbisstr[39m[0m
[  44% ] [90m[1msavepack[22m | Storing File: res://assets/ext/audio/voice/camp_doc_drink_1.ogg.import[39m[0m
[  44% ] [90m[1msavepack[22m | Storing File: res://.godot/imported/camp_doc_drink_2.ogg-e046eff3825b6a589006aaed0f3411f1.oggvorbisstr[39m[0m
[  44% ] [90m[1msavepack[22m | Storing File: res://assets/ext/audio/voice/camp_doc_drink_2.ogg.import[39m[0m
[  44% ] [90m[1msavepack[22m | Storing File: res://.godot/imported/camp_doc_drink_3.ogg-82e8dbe893d4f01f7592b30d30b1a678.oggvorbisstr[39m[0m
[  44% ] [90m[1msavepack[22m | Storing File: res://assets/ext/audio/voice/camp_doc_drink_3.ogg.import[39m[0m
[  44% ] [90m[1msavepack[22m | Storing File: res://.godot/imported/camp_doc_ines.ogg-d905854a6d97e4ff882068ac8990f7c0.oggvorbisstr[39m[0m
[  44% ] [90m[1msavepack[22m | Storing File: res://assets/ext/audio/voice/camp_doc_ines.ogg.import[39m[0m
[  45% ] [90m[1msavepack[22m | Storing File: res://.godot/imported/camp_doc_ines_hitch.ogg-50c8509feac3d219c398a661d1fe36b9.oggvorbisstr[39m[0m
[  45% ] [90m[1msavepack[22m | Storing File: res://assets/ext/audio/voice/camp_doc_ines_hitch.ogg.import[39m[0m
[  45% ] [90m[1msavepack[22m | Storing File: res://.godot/imported/camp_doc_innocents.ogg-7b7436426828547655a8d74bee058a8a.oggvorbisstr[39m[0m
[  45% ] [90m[1msavepack[22m | Storing File: res://assets/ext/audio/voice/camp_doc_innocents.ogg.import[39m[0m
[  45% ] [90m[1msavepack[22m | Storing File: res://.godot/imported/camp_doc_letter_1.ogg-ceeeddc3813b1c87ca583fc002dbf8e8.oggvorbisstr[39m[0m
[  45% ] [90m[1msavepack[22m | Storing File: res://assets/ext/audio/voice/camp_doc_letter_1.ogg.import[39m[0m
[  45% ] [90m[1msavepack[22m | Storing File: res://.godot/imported/camp_doc_letter_2.ogg-a51a1c58d805e521f548416f57111c1f.oggvorbisstr[39m[0m
[  45% ] [90m[1msavepack[22m | Storing File: res://assets/ext/audio/voice/camp_doc_letter_2.ogg.import[39m[0m
[  45% ] [90m[1msavepack[22m | Storing File: res://.godot/imported/camp_doc_letter_3.ogg-708aa2261572c12f5ee6a7007eb4899c.oggvorbisstr[39m[0m
[  45% ] [90m[1msavepack[22m | Storing File: res://assets/ext/audio/voice/camp_doc_letter_3.ogg.import[39m[0m
[  45% ] [90m[1msavepack[22m | Storing File: res://.godot/imported/camp_doc_ortiz.ogg-d4736267b760390e8c41d39e86869de5.oggvorbisstr[39m[0m
[  45% ] [90m[1msavepack[22m | Storing File: res://assets/ext/audio/voice/camp_doc_ortiz.ogg.import[39m[0m
[  45% ] [90m[1msavepack[22m | Storing File: res://.godot/imported/camp_doc_reading.ogg-fec2a7960d62bc8dcd54dc62d02ef043.oggvorbisstr[39m[0m
[  45% ] [90m[1msavepack[22m | Storing File: res://assets/ext/audio/voice/camp_doc_reading.ogg.import[39m[0m
[  45% ] [90m[1msavepack[22m | Storing File: res://.godot/imported/camp_doc_sober_1.ogg-77066d94436b218125172ca464732a3c.oggvorbisstr[39m[0m
[  45% ] [90m[1msavepack[22m | Storing File: res://assets/ext/audio/voice/camp_doc_sober_1.ogg.import[39m[0m
[  45% ] [90m[1msavepack[22m | Storing File: res://.godot/imported/camp_doc_sober_2.ogg-a2391c1d209653d261fb50bb02100e78.oggvorbisstr[39m[0m
[  45% ] [90m[1msavepack[22m | Storing File: res://assets/ext/audio/voice/camp_doc_sober_2.ogg.import[39m[0m
[  45% ] [90m[1msavepack[22m | Storing File: res://.godot/imported/camp_doc_sober_3.ogg-a22b6cea3f2b1aa34f25e195718bb200.oggvorbisstr[39m[0m
[  45% ] [90m[1msavepack[22m | Storing File: res://assets/ext/audio/voice/camp_doc_sober_3.ogg.import[39m[0m
[  45% ] [90m[1msavepack[22m | Storing File: res://.godot/imported/camp_doc_truce.ogg-0a9f943bf5c26d8a5eaddeef2efc128a.oggvorbisstr[39m[0m
[  45% ] [90m[1msavepack[22m | Storing File: res://assets/ext/audio/voice/camp_doc_truce.ogg.import[39m[0m
[  45% ] [90m[1msavepack[22m | Storing File: res://.godot/imported/camp_drive_1.ogg-9b68fb556d7f2cffa29080efc177e1cd.oggvorbisstr[39m[0m
[  45% ] [90m[1msavepack[22m | Storing File: res://assets/ext/audio/voice/camp_drive_1.ogg.import[39m[0m
[  45% ] [90m[1msavepack[22m | Storing File: res://.godot/imported/camp_drive_2.ogg-9c63b8aceef0d66d84f50537505a42c3.oggvorbisstr[39m[0m
[  45% ] [90m[1msavepack[22m | Storing File: res://assets/ext/audio/voice/camp_drive_2.ogg.import[39m[0m
[  45% ] [90m[1msavepack[22m | Storing File: res://.godot/imported/camp_drive_3.ogg-4b9a797e4e3f0763de7ba2214ce7c4a2.oggvorbisstr[39m[0m
[  45% ] [90m[1msavepack[22m | Storing File: res://assets/ext/audio/voice/camp_drive_3.ogg.import[39m[0m
[  45% ] [90m[1msavepack[22m | Storing File: res://.godot/imported/camp_first_night_1.ogg-36bab24060c78cf3474d0c79cb2650d7.oggvorbisstr[39m[0m
[  45% ] [90m[1msavepack[22m | Storing File: res://assets/ext/audio/voice/camp_first_night_1.ogg.import[39m[0m
[  45% ] [90m[1msavepack[22m | Storing File: res://.godot/imported/camp_first_night_2.ogg-a7ec654464c66351f9dc690f58830ef3.oggvorbisstr[39m[0m
[  45% ] [90m[1msavepack[22m | Storing File: res://assets/ext/audio/voice/camp_first_night_2.ogg.import[39m[0m
[  45% ] [90m[1msavepack[22m | Storing File: res://.godot/imported/camp_first_night_3.ogg-f126e57711f47e68b1136b5c9f1dcbf1.oggvorbisstr[39m[0m
[  45% ] [90m[1msavepack[22m | Storing File: res://assets/ext/audio/voice/camp_first_night_3.ogg.import[39m[0m
[  45% ] [90m[1msavepack[22m | Storing File: res://.godot/imported/camp_hap_cold.ogg-c8f35a306b376faead5e02551f97255f.oggvorbisstr[39m[0m
[  45% ] [90m[1msavepack[22m | Storing File: res://assets/ext/audio/voice/camp_hap_cold.ogg.import[39m[0m
[  45% ] [90m[1msavepack[22m | Storing File: res://.godot/imported/camp_hap_crew_sang.ogg-af601ee6537f5edd89e26208f07763f2.oggvorbisstr[39m[0m
[  45% ] [90m[1msavepack[22m | Storing File: res://assets/ext/audio/voice/camp_hap_crew_sang.ogg.import[39m[0m
[  45% ] [90m[1msavepack[22m | Storing File: res://.godot/imported/camp_hap_crew_wire.ogg-f0920919156578d7a61f256fbdbd8fdb.oggvorbisstr[39m[0m
[  45% ] [90m[1msavepack[22m | Storing File: res://assets/ext/audio/voice/camp_hap_crew_wire.ogg.import[39m[0m
[  45% ] [90m[1msavepack[22m | Storing File: res://.godot/imported/camp_hap_meat.ogg-0c1d03f9943169cb8191750c35fd1db9.oggvorbisstr[39m[0m
[  45% ] [90m[1msavepack[22m | Storing File: res://assets/ext/audio/voice/camp_hap_meat.ogg.import[39m[0m
[  45% ] [90m[1msavepack[22m | Storing File: res://.godot/imported/camp_hap_pettigrew.ogg-5f14992ae415ec6fb1c5dc50d839fdb0.oggvorbisstr[39m[0m
[  45% ] [90m[1msavepack[22m | Storing File: res://assets/ext/audio/voice/camp_hap_pettigrew.ogg.import[39m[0m
[  45% ] [90m[1msavepack[22m | Storing File: res://.godot/imported/camp_hap_poster.ogg-ddf6bab7524b947ef827b88cb10f7c72.oggvorbisstr[39m[0m
[  45% ] [90m[1msavepack[22m | Storing File: res://assets/ext/audio/voice/camp_hap_poster.ogg.import[39m[0m
[  45% ] [90m[1msavepack[22m | Storing File: res://.godot/imported/camp_hap_respect.ogg-4548a855ed4db3cebe8c812a2a75b9ce.oggvorbisstr[39m[0m
[  45% ] [90m[1msavepack[22m | Storing File: res://assets/ext/audio/voice/camp_hap_respect.ogg.import[39m[0m
[  45% ] [90m[1msavepack[22m | Storing File: res://.godot/imported/camp_hap_shy.ogg-b9092ceafd5df8e75eafa1e3f91b70fc.oggvorbisstr[39m[0m
[  45% ] [90m[1msavepack[22m | Storing File: res://assets/ext/audio/voice/camp_hap_shy.ogg.import[39m[0m
[  45% ] [90m[1msavepack[22m | Storing File: res://.godot/imported/camp_hap_stew.ogg-e954b6c6f9da99049215a7abad360bba.oggvorbisstr[39m[0m
[  45% ] [90m[1msavepack[22m | Storing File: res://assets/ext/audio/voice/camp_hap_stew.ogg.import[39m[0m
[  45% ] [90m[1msavepack[22m | Storing File: res://.godot/imported/camp_hap_widow.ogg-7d6025fbe3cb896fe5f9cd1330a8306e.oggvorbisstr[39m[0m
[  45% ] [90m[1msavepack[22m | Storing File: res://assets/ext/audio/voice/camp_hap_widow.ogg.import[39m[0m
[  45% ] [90m[1msavepack[22m | Storing File: res://.godot/imported/camp_hap_widow_alone.ogg-7b604502a5183af06e6a8b415536ec90.oggvorbisstr[39m[0m
[  45% ] [90m[1msavepack[22m | Storing File: res://assets/ext/audio/voice/camp_hap_widow_alone.ogg.import[39m[0m
[  45% ] [90m[1msavepack[22m | Storing File: res://.godot/imported/camp_hap_winter_1.ogg-8b1554040f2a687e178db6cb66e3820e.oggvorbisstr[39m[0m
[  45% ] [90m[1msavepack[22m | Storing File: res://assets/ext/audio/voice/camp_hap_winter_1.ogg.import[39m[0m
[  45% ] [90m[1msavepack[22m | Storing File: res://.godot/imported/camp_hap_winter_2.ogg-f72e77cdd163bc9baf317875ee0731c9.oggvorbisstr[39m[0m
[  45% ] [90m[1msavepack[22m | Storing File: res://assets/ext/audio/voice/camp_hap_winter_2.ogg.import[39m[0m
[  45% ] [90m[1msavepack[22m | Storing File: res://.godot/imported/camp_hap_winter_3.ogg-b96830b784b06087b5f42de875e41afe.oggvorbisstr[39m[0m
[  45% ] [90m[1msavepack[22m | Storing File: res://assets/ext/audio/voice/camp_hap_winter_3.ogg.import[39m[0m
[  45% ] [90m[1msavepack[22m | Storing File: res://.godot/imported/camp_hunting_1.ogg-ee49e12e7884e907ac5bfe8ffc98b653.oggvorbisstr[39m[0m
[  45% ] [90m[1msavepack[22m | Storing File: res://assets/ext/audio/voice/camp_hunting_1.ogg.import[39m[0m
[  45% ] [90m[1msavepack[22m | Storing File: res://.godot/imported/camp_hunting_2.ogg-9523f3003e260bac7cfd7e0f6580169d.oggvorbisstr[39m[0m
[  45% ] [90m[1msavepack[22m | Storing File: res://assets/ext/audio/voice/camp_hunting_2.ogg.import[39m[0m
[  45% ] [90m[1msavepack[22m | Storing File: res://.godot/imported/camp_hunting_3.ogg-6633951589c46102041ff900a9bdd902.oggvorbisstr[39m[0m
[  45% ] [90m[1msavepack[22m | Storing File: res://assets/ext/audio/voice/camp_hunting_3.ogg.import[39m[0m
[  45% ] [90m[1msavepack[22m | Storing File: res://.godot/imported/camp_joseph_asa.ogg-1c3529f8636b241a6ee9f0601ab13fa3.oggvorbisstr[39m[0m
[  45% ] [90m[1msavepack[22m | Storing File: res://assets/ext/audio/voice/camp_joseph_asa.ogg.import[39m[0m
[  45% ] [90m[1msavepack[22m | Storing File: res://.godot/imported/camp_joseph_book.ogg-762abf5fc6cfdc53d0418157b3c68ab2.oggvorbisstr[39m[0m
[  45% ] [90m[1msavepack[22m | Storing File: res://assets/ext/audio/voice/camp_joseph_book.ogg.import[39m[0m
[  46% ] [90m[1msavepack[22m | Storing File: res://.godot/imported/camp_joseph_cinch.ogg-085543e6e3b5d47d945d1a7c7bd591cd.oggvorbisstr[39m[0m
[  46% ] [90m[1msavepack[22m | Storing File: res://assets/ext/audio/voice/camp_joseph_cinch.ogg.import[39m[0m
[  46% ] [90m[1msavepack[22m | Storing File: res://.godot/imported/camp_joseph_false.ogg-4ce1b24d085f20b42ffa8537b412d13a.oggvorbisstr[39m[0m
[  46% ] [90m[1msavepack[22m | Storing File: res://assets/ext/audio/voice/camp_joseph_false.ogg.import[39m[0m
[  46% ] [90m[1msavepack[22m | Storing File: res://.godot/imported/camp_joseph_map.ogg-050f847a7ccc15a3f63f4c44e0c4dcb7.oggvorbisstr[39m[0m
[  46% ] [90m[1msavepack[22m | Storing File: res://assets/ext/audio/voice/camp_joseph_map.ogg.import[39m[0m
[  46% ] [90m[1msavepack[22m | Storing File: res://.godot/imported/camp_joseph_name.ogg-e18be8421e20964cec7b46095bb63471.oggvorbisstr[39m[0m
[  46% ] [90m[1msavepack[22m | Storing File: res://assets/ext/audio/voice/camp_joseph_name.ogg.import[39m[0m
[  46% ] [90m[1msavepack[22m | Storing File: res://.godot/imported/camp_joseph_own_1.ogg-e4489de7ec3d29390263552fd842596b.oggvorbisstr[39m[0m
[  46% ] [90m[1msavepack[22m | Storing File: res://assets/ext/audio/voice/camp_joseph_own_1.ogg.import[39m[0m
[  46% ] [90m[1msavepack[22m | Storing File: res://.godot/imported/camp_joseph_own_2.ogg-22b121cfa30a3ed716e3c5568db0f215.oggvorbisstr[39m[0m
[  46% ] [90m[1msavepack[22m | Storing File: res://assets/ext/audio/voice/camp_joseph_own_2.ogg.import[39m[0m
[  46% ] [90m[1msavepack[22m | Storing File: res://.godot/imported/camp_joseph_own_3.ogg-afd91024523ea7c2d00c0a7873fd9b7a.oggvorbisstr[39m[0m
[  46% ] [90m[1msavepack[22m | Storing File: res://assets/ext/audio/voice/camp_joseph_own_3.ogg.import[39m[0m
[  46% ] [90m[1msavepack[22m | Storing File: res://.godot/imported/camp_joseph_paper.ogg-958dc312f41b1231c50b8816c42756cc.oggvorbisstr[39m[0m
[  46% ] [90m[1msavepack[22m | Storing File: res://assets/ext/audio/voice/camp_joseph_paper.ogg.import[39m[0m
[  46% ] [90m[1msavepack[22m | Storing File: res://.godot/imported/camp_joseph_refused.ogg-a5b625af05b6c68b7b9a7b701bdee585.oggvorbisstr[39m[0m
[  46% ] [90m[1msavepack[22m | Storing File: res://assets/ext/audio/voice/camp_joseph_refused.ogg.import[39m[0m
[  46% ] [90m[1msavepack[22m | Storing File: res://.godot/imported/camp_joseph_snow.ogg-87c53871042d0693c8074f34a3566a7c.oggvorbisstr[39m[0m
[  46% ] [90m[1msavepack[22m | Storing File: res://assets/ext/audio/voice/camp_joseph_snow.ogg.import[39m[0m
[  46% ] [90m[1msavepack[22m | Storing File: res://.godot/imported/camp_locomobile_1.ogg-4495fc8684b60fb251e20e33f6cf9bf4.oggvorbisstr[39m[0m
[  46% ] [90m[1msavepack[22m | Storing File: res://assets/ext/audio/voice/camp_locomobile_1.ogg.import[39m[0m
[  46% ] [90m[1msavepack[22m | Storing File: res://.godot/imported/camp_locomobile_2.ogg-d35c46c65b49ca28da8ee20fcd827b45.oggvorbisstr[39m[0m
[  46% ] [90m[1msavepack[22m | Storing File: res://assets/ext/audio/voice/camp_locomobile_2.ogg.import[39m[0m
[  46% ] [90m[1msavepack[22m | Storing File: res://.godot/imported/camp_locomobile_3.ogg-c01df530fa6579374c24de1a9c617ab5.oggvorbisstr[39m[0m
[  46% ] [90m[1msavepack[22m | Storing File: res://assets/ext/audio/voice/camp_locomobile_3.ogg.import[39m[0m
[  46% ] [90m[1msavepack[22m | Storing File: res://.godot/imported/camp_locomobile_no_1.ogg-650b6c546aae84618d47138ac0fa52fb.oggvorbisstr[39m[0m
[  46% ] [90m[1msavepack[22m | Storing File: res://assets/ext/audio/voice/camp_locomobile_no_1.ogg.import[39m[0m
[  46% ] [90m[1msavepack[22m | Storing File: res://.godot/imported/camp_locomobile_no_2.ogg-8a1b304b67cfe4aed95e141ccefbdd04.oggvorbisstr[39m[0m
[  46% ] [90m[1msavepack[22m | Storing File: res://assets/ext/audio/voice/camp_locomobile_no_2.ogg.import[39m[0m
[  46% ] [90m[1msavepack[22m | Storing File: res://.godot/imported/camp_murder_1.ogg-70a2c59e7d5b1dd4a5a501b45bde7da6.oggvorbisstr[39m[0m
[  46% ] [90m[1msavepack[22m | Storing File: res://assets/ext/audio/voice/camp_murder_1.ogg.import[39m[0m
[  46% ] [90m[1msavepack[22m | Storing File: res://.godot/imported/camp_murder_2.ogg-6290a4622eebbc35065580d6957ef33e.oggvorbisstr[39m[0m
[  46% ] [90m[1msavepack[22m | Storing File: res://assets/ext/audio/voice/camp_murder_2.ogg.import[39m[0m
[  46% ] [90m[1msavepack[22m | Storing File: res://.godot/imported/camp_murder_3.ogg-548e15347b60846e1832c8c7ea45a1b2.oggvorbisstr[39m[0m
[  46% ] [90m[1msavepack[22m | Storing File: res://assets/ext/audio/voice/camp_murder_3.ogg.import[39m[0m
[  46% ] [90m[1msavepack[22m | Storing File: res://.godot/imported/camp_murder_hap_1.ogg-59024b9b8b9aa66d1830e963876be2b4.oggvorbisstr[39m[0m
[  46% ] [90m[1msavepack[22m | Storing File: res://assets/ext/audio/voice/camp_murder_hap_1.ogg.import[39m[0m
[  46% ] [90m[1msavepack[22m | Storing File: res://.godot/imported/camp_murder_hap_2.ogg-378fea86e7048f231d2b924d4e66e2dc.oggvorbisstr[39m[0m
[  46% ] [90m[1msavepack[22m | Storing File: res://assets/ext/audio/voice/camp_murder_hap_2.ogg.import[39m[0m
[  46% ] [90m[1msavepack[22m | Storing File: res://.godot/imported/camp_murder_hap_3.ogg-d0c46d9159d4bf17e8c0c8695112a290.oggvorbisstr[39m[0m
[  46% ] [90m[1msavepack[22m | Storing File: res://assets/ext/audio/voice/camp_murder_hap_3.ogg.import[39m[0m
[  46% ] [90m[1msavepack[22m | Storing File: res://.godot/imported/camp_notorious_1.ogg-fc3e7849a05d1da1ff08fa786f1e366a.oggvorbisstr[39m[0m
[  46% ] [90m[1msavepack[22m | Storing File: res://assets/ext/audio/voice/camp_notorious_1.ogg.import[39m[0m
[  46% ] [90m[1msavepack[22m | Storing File: res://.godot/imported/camp_notorious_2.ogg-7fb57c72a5d8c799deb9280a6ffd2748.oggvorbisstr[39m[0m
[  46% ] [90m[1msavepack[22m | Storing File: res://assets/ext/audio/voice/camp_notorious_2.ogg.import[39m[0m
[  46% ] [90m[1msavepack[22m | Storing File: res://.godot/imported/camp_notorious_3.ogg-48ea270f1b606c769217ed0b832b4812.oggvorbisstr[39m[0m
[  46% ] [90m[1msavepack[22m | Storing File: res://assets/ext/audio/voice/camp_notorious_3.ogg.import[39m[0m
[  46% ] [90m[1msavepack[22m | Storing File: res://.godot/imported/camp_notorious_4.ogg-2020971f21d546e70fe03fd4f4c92901.oggvorbisstr[39m[0m
[  46% ] [90m[1msavepack[22m | Storing File: res://assets/ext/audio/voice/camp_notorious_4.ogg.import[39m[0m
[  46% ] [90m[1msavepack[22m | Storing File: res://.godot/imported/camp_papers_1.ogg-0951d1627a066a04107c5b0aadd69a87.oggvorbisstr[39m[0m
[  46% ] [90m[1msavepack[22m | Storing File: res://assets/ext/audio/voice/camp_papers_1.ogg.import[39m[0m
[  46% ] [90m[1msavepack[22m | Storing File: res://.godot/imported/camp_papers_2.ogg-0ddf07ace5fc291884e76b49012b72c9.oggvorbisstr[39m[0m
[  46% ] [90m[1msavepack[22m | Storing File: res://assets/ext/audio/voice/camp_papers_2.ogg.import[39m[0m
[  46% ] [90m[1msavepack[22m | Storing File: res://.godot/imported/camp_papers_3.ogg-2bc9af29ce10fb3e092f4eb1dd80d64d.oggvorbisstr[39m[0m
[  46% ] [90m[1msavepack[22m | Storing File: res://assets/ext/audio/voice/camp_papers_3.ogg.import[39m[0m
[  46% ] [90m[1msavepack[22m | Storing File: res://.godot/imported/camp_papers_4.ogg-d868c49d00a98e40df85f2434006bfca.oggvorbisstr[39m[0m
[  46% ] [90m[1msavepack[22m | Storing File: res://assets/ext/audio/voice/camp_papers_4.ogg.import[39m[0m
[  46% ] [90m[1msavepack[22m | Storing File: res://.godot/imported/camp_pip_1.ogg-0c255b1579e39014b00b46bfc2b0e64d.oggvorbisstr[39m[0m
[  46% ] [90m[1msavepack[22m | Storing File: res://assets/ext/audio/voice/camp_pip_1.ogg.import[39m[0m
[  46% ] [90m[1msavepack[22m | Storing File: res://.godot/imported/camp_pip_2.ogg-eec9f3f0c8d226963a178725c58a92e4.oggvorbisstr[39m[0m
[  46% ] [90m[1msavepack[22m | Storing File: res://assets/ext/audio/voice/camp_pip_2.ogg.import[39m[0m
[  46% ] [90m[1msavepack[22m | Storing File: res://.godot/imported/camp_pip_3.ogg-c11555c2fb067bbdd4157d0e2931c3f8.oggvorbisstr[39m[0m
[  46% ] [90m[1msavepack[22m | Storing File: res://assets/ext/audio/voice/camp_pip_3.ogg.import[39m[0m
[  46% ] [90m[1msavepack[22m | Storing File: res://.godot/imported/camp_pip_4.ogg-0cb51e8e4339148f9bf4f9806d4236f2.oggvorbisstr[39m[0m
[  46% ] [90m[1msavepack[22m | Storing File: res://assets/ext/audio/voice/camp_pip_4.ogg.import[39m[0m
[  46% ] [90m[1msavepack[22m | Storing File: res://.godot/imported/camp_pip_rourke_1.ogg-28dd228b1faf3c72bc834de3d9be17e3.oggvorbisstr[39m[0m
[  46% ] [90m[1msavepack[22m | Storing File: res://assets/ext/audio/voice/camp_pip_rourke_1.ogg.import[39m[0m
[  46% ] [90m[1msavepack[22m | Storing File: res://.godot/imported/camp_pip_rourke_2.ogg-ce6b7a07dc1d48e429336482042926bd.oggvorbisstr[39m[0m
[  46% ] [90m[1msavepack[22m | Storing File: res://assets/ext/audio/voice/camp_pip_rourke_2.ogg.import[39m[0m
[  47% ] [90m[1msavepack[22m | Storing File: res://.godot/imported/camp_pip_rourke_3.ogg-823f31d761fa96aeda21873f08af78d8.oggvorbisstr[39m[0m
[  47% ] [90m[1msavepack[22m | Storing File: res://assets/ext/audio/voice/camp_pip_rourke_3.ogg.import[39m[0m
[  47% ] [90m[1msavepack[22m | Storing File: res://.godot/imported/camp_poor_1.ogg-82cd2e3a8cbb2be03c56315c7d08f00c.oggvorbisstr[39m[0m
[  47% ] [90m[1msavepack[22m | Storing File: res://assets/ext/audio/voice/camp_poor_1.ogg.import[39m[0m
[  47% ] [90m[1msavepack[22m | Storing File: res://.godot/imported/camp_poor_2.ogg-6683a64f6f405e12285fe1660fca91ec.oggvorbisstr[39m[0m
[  47% ] [90m[1msavepack[22m | Storing File: res://assets/ext/audio/voice/camp_poor_2.ogg.import[39m[0m
[  47% ] [90m[1msavepack[22m | Storing File: res://.godot/imported/camp_poor_3.ogg-f732dc0d49a33fc12fa8de90c7a85810.oggvorbisstr[39m[0m
[  47% ] [90m[1msavepack[22m | Storing File: res://assets/ext/audio/voice/camp_poor_3.ogg.import[39m[0m
[  47% ] [90m[1msavepack[22m | Storing File: res://.godot/imported/camp_poster_1.ogg-64d5ff92164d4f2dc7a1b4c99ed97caf.oggvorbisstr[39m[0m
[  47% ] [90m[1msavepack[22m | Storing File: res://assets/ext/audio/voice/camp_poster_1.ogg.import[39m[0m
[  47% ] [90m[1msavepack[22m | Storing File: res://.godot/imported/camp_poster_2.ogg-38df994eb485ccb15c25a71207ea8345.oggvorbisstr[39m[0m
[  47% ] [90m[1msavepack[22m | Storing File: res://assets/ext/audio/voice/camp_poster_2.ogg.import[39m[0m
[  47% ] [90m[1msavepack[22m | Storing File: res://.godot/imported/camp_poster_3.ogg-1cebedeb48c668103d4752f91ac1b43a.oggvorbisstr[39m[0m
[  47% ] [90m[1msavepack[22m | Storing File: res://assets/ext/audio/voice/camp_poster_3.ogg.import[39m[0m
[  47% ] [90m[1msavepack[22m | Storing File: res://.godot/imported/camp_respected_1.ogg-fd5e578183523ebc46fe20b2a7ba4e0e.oggvorbisstr[39m[0m
[  47% ] [90m[1msavepack[22m | Storing File: res://assets/ext/audio/voice/camp_respected_1.ogg.import[39m[0m
[  47% ] [90m[1msavepack[22m | Storing File: res://.godot/imported/camp_respected_2.ogg-6835603896165e88636da8359f54e7d5.oggvorbisstr[39m[0m
[  47% ] [90m[1msavepack[22m | Storing File: res://assets/ext/audio/voice/camp_respected_2.ogg.import[39m[0m
[  47% ] [90m[1msavepack[22m | Storing File: res://.godot/imported/camp_respected_3.ogg-7f993e35591c687544de6ab86106b1f0.oggvorbisstr[39m[0m
[  47% ] [90m[1msavepack[22m | Storing File: res://assets/ext/audio/voice/camp_respected_3.ogg.import[39m[0m
[  47% ] [90m[1msavepack[22m | Storing File: res://.godot/imported/camp_respected_4.ogg-56604405febef1b2e9a6eaee27125d89.oggvorbisstr[39m[0m
[  47% ] [90m[1msavepack[22m | Storing File: res://assets/ext/audio/voice/camp_respected_4.ogg.import[39m[0m
[  47% ] [90m[1msavepack[22m | Storing File: res://.godot/imported/camp_respected_hap_1.ogg-880c60191ca41e617f5f085b6c899ec7.oggvorbisstr[39m[0m
[  47% ] [90m[1msavepack[22m | Storing File: res://assets/ext/audio/voice/camp_respected_hap_1.ogg.import[39m[0m
[  47% ] [90m[1msavepack[22m | Storing File: res://.godot/imported/camp_respected_hap_2.ogg-32cb4ae500f1b8cddeba8de965749b29.oggvorbisstr[39m[0m
[  47% ] [90m[1msavepack[22m | Storing File: res://assets/ext/audio/voice/camp_respected_hap_2.ogg.import[39m[0m
[  47% ] [90m[1msavepack[22m | Storing File: res://.godot/imported/camp_respected_hap_3.ogg-196ffcbcb230e88296d97a2852b36cbb.oggvorbisstr[39m[0m
[  47% ] [90m[1msavepack[22m | Storing File: res://assets/ext/audio/voice/camp_respected_hap_3.ogg.import[39m[0m
[  47% ] [90m[1msavepack[22m | Storing File: res://.godot/imported/camp_rich_1.ogg-fadaecf757d76d94278b43d13e83cedc.oggvorbisstr[39m[0m
[  47% ] [90m[1msavepack[22m | Storing File: res://assets/ext/audio/voice/camp_rich_1.ogg.import[39m[0m
[  47% ] [90m[1msavepack[22m | Storing File: res://.godot/imported/camp_rich_2.ogg-104a9009a45bac93873e99c0f736a5cd.oggvorbisstr[39m[0m
[  47% ] [90m[1msavepack[22m | Storing File: res://assets/ext/audio/voice/camp_rich_2.ogg.import[39m[0m
[  47% ] [90m[1msavepack[22m | Storing File: res://.godot/imported/camp_rich_3.ogg-67d9f4936a997d4e79329d6cce7410d4.oggvorbisstr[39m[0m
[  47% ] [90m[1msavepack[22m | Storing File: res://assets/ext/audio/voice/camp_rich_3.ogg.import[39m[0m
[  47% ] [90m[1msavepack[22m | Storing File: res://.godot/imported/camp_robbery_1.ogg-ff11596e692f5a0f3754de2f6a633b3d.oggvorbisstr[39m[0m
[  47% ] [90m[1msavepack[22m | Storing File: res://assets/ext/audio/voice/camp_robbery_1.ogg.import[39m[0m
[  47% ] [90m[1msavepack[22m | Storing File: res://.godot/imported/camp_robbery_2.ogg-afa7610d3452f3c8e841249ec27c26f3.oggvorbisstr[39m[0m
[  47% ] [90m[1msavepack[22m | Storing File: res://assets/ext/audio/voice/camp_robbery_2.ogg.import[39m[0m
[  47% ] [90m[1msavepack[22m | Storing File: res://.godot/imported/camp_robbery_3.ogg-ef8df454b1c53d3a98e26f891b1faf46.oggvorbisstr[39m[0m
[  47% ] [90m[1msavepack[22m | Storing File: res://assets/ext/audio/voice/camp_robbery_3.ogg.import[39m[0m
[  47% ] [90m[1msavepack[22m | Storing File: res://.godot/imported/camp_tom_1.ogg-1e0bdc3d42a173f99a9a1c7fad14bcf8.oggvorbisstr[39m[0m
[  47% ] [90m[1msavepack[22m | Storing File: res://assets/ext/audio/voice/camp_tom_1.ogg.import[39m[0m
[  47% ] [90m[1msavepack[22m | Storing File: res://.godot/imported/camp_tom_2.ogg-d8ec128ebea72c408153d703f25077ef.oggvorbisstr[39m[0m
[  47% ] [90m[1msavepack[22m | Storing File: res://assets/ext/audio/voice/camp_tom_2.ogg.import[39m[0m
[  47% ] [90m[1msavepack[22m | Storing File: res://.godot/imported/camp_tom_3.ogg-4f3f67813b95814f269015abfe4edd9c.oggvorbisstr[39m[0m
[  47% ] [90m[1msavepack[22m | Storing File: res://assets/ext/audio/voice/camp_tom_3.ogg.import[39m[0m
[  47% ] [90m[1msavepack[22m | Storing File: res://.godot/imported/camp_tom_4.ogg-05c0ef7698ec6b7047757e958d5f8023.oggvorbisstr[39m[0m
[  47% ] [90m[1msavepack[22m | Storing File: res://assets/ext/audio/voice/camp_tom_4.ogg.import[39m[0m
[  47% ] [90m[1msavepack[22m | Storing File: res://.godot/imported/combat_creek__man_rough.ogg-7e07364118c1257ee0656c79ca73b911.oggvorbisstr[39m[0m
[  47% ] [90m[1msavepack[22m | Storing File: res://assets/ext/audio/voice/combat_creek__man_rough.ogg.import[39m[0m
[  47% ] [90m[1msavepack[22m | Storing File: res://.godot/imported/combat_down__man_rough.ogg-430ef649f81ce2e57473058b1d4ec312.oggvorbisstr[39m[0m
[  47% ] [90m[1msavepack[22m | Storing File: res://assets/ext/audio/voice/combat_down__man_rough.ogg.import[39m[0m
[  47% ] [90m[1msavepack[22m | Storing File: res://.godot/imported/combat_down__man_young.ogg-ef5ddaebc3f60dec7d4033f4d8d7d6fe.oggvorbisstr[39m[0m
[  47% ] [90m[1msavepack[22m | Storing File: res://assets/ext/audio/voice/combat_down__man_young.ogg.import[39m[0m
[  47% ] [90m[1msavepack[22m | Storing File: res://.godot/imported/combat_flank__lawman.ogg-dca7f17b5354af4a362b29c0c1dd2732.oggvorbisstr[39m[0m
[  47% ] [90m[1msavepack[22m | Storing File: res://assets/ext/audio/voice/combat_flank__lawman.ogg.import[39m[0m
[  47% ] [90m[1msavepack[22m | Storing File: res://.godot/imported/combat_flank__man_rough.ogg-4207e1f119f360705fb13b43393bad13.oggvorbisstr[39m[0m
[  47% ] [90m[1msavepack[22m | Storing File: res://assets/ext/audio/voice/combat_flank__man_rough.ogg.import[39m[0m
[  47% ] [90m[1msavepack[22m | Storing File: res://.godot/imported/combat_hit__lawman.ogg-591a933ba9214f4c08eb82487cac164b.oggvorbisstr[39m[0m
[  47% ] [90m[1msavepack[22m | Storing File: res://assets/ext/audio/voice/combat_hit__lawman.ogg.import[39m[0m
[  47% ] [90m[1msavepack[22m | Storing File: res://.godot/imported/combat_hit__man_rough.ogg-9447be9eea87c9bbd7865e90984229bd.oggvorbisstr[39m[0m
[  47% ] [90m[1msavepack[22m | Storing File: res://assets/ext/audio/voice/combat_hit__man_rough.ogg.import[39m[0m
[  47% ] [90m[1msavepack[22m | Storing File: res://.godot/imported/combat_hit__man_young.ogg-cf7c7f68f871efff9c999a0b00bb02e6.oggvorbisstr[39m[0m
[  47% ] [90m[1msavepack[22m | Storing File: res://assets/ext/audio/voice/combat_hit__man_young.ogg.import[39m[0m
[  47% ] [90m[1msavepack[22m | Storing File: res://.godot/imported/combat_reload__lawman.ogg-37f7b2c0089a7534ca487d944c7b04aa.oggvorbisstr[39m[0m
[  47% ] [90m[1msavepack[22m | Storing File: res://assets/ext/audio/voice/combat_reload__lawman.ogg.import[39m[0m
[  47% ] [90m[1msavepack[22m | Storing File: res://.godot/imported/combat_reload__man_rough.ogg-1ef75bc787300423c2370438fd253089.oggvorbisstr[39m[0m
[  47% ] [90m[1msavepack[22m | Storing File: res://assets/ext/audio/voice/combat_reload__man_rough.ogg.import[39m[0m
[  47% ] [90m[1msavepack[22m | Storing File: res://.godot/imported/combat_where__man_rough.ogg-3b7cedf90de2cd346322d31311f2fac4.oggvorbisstr[39m[0m
[  47% ] [90m[1msavepack[22m | Storing File: res://assets/ext/audio/voice/combat_where__man_rough.ogg.import[39m[0m
[  47% ] [90m[1msavepack[22m | Storing File: res://.godot/imported/combat_where__man_young.ogg-44ccec664daf2e9e67c1a3be0d2dc43d.oggvorbisstr[39m[0m
[  47% ] [90m[1msavepack[22m | Storing File: res://assets/ext/audio/voice/combat_where__man_young.ogg.import[39m[0m
[  48% ] [90m[1msavepack[22m | Storing File: res://.godot/imported/enc_ambush_01.ogg-e0e298eb3b9bbd0d27738865c98156c1.oggvorbisstr[39m[0m
[  48% ] [90m[1msavepack[22m | Storing File: res://assets/ext/audio/voice/enc_ambush_01.ogg.import[39m[0m
[  48% ] [90m[1msavepack[22m | Storing File: res://.godot/imported/enc_ambush_02.ogg-ff89b0ea00ae78d144cb957c2c32ae81.oggvorbisstr[39m[0m
[  48% ] [90m[1msavepack[22m | Storing File: res://assets/ext/audio/voice/enc_ambush_02.ogg.import[39m[0m
[  48% ] [90m[1msavepack[22m | Storing File: res://.godot/imported/enc_ambush_03.ogg-c681ec7ef02d49b01c9bd54bcca71a7d.oggvorbisstr[39m[0m
[  48% ] [90m[1msavepack[22m | Storing File: res://assets/ext/audio/voice/enc_ambush_03.ogg.import[39m[0m
[  48% ] [90m[1msavepack[22m | Storing File: res://.godot/imported/enc_bh_01.ogg-1e88ddd0d34658d8860f1fe38be39093.oggvorbisstr[39m[0m
[  48% ] [90m[1msavepack[22m | Storing File: res://assets/ext/audio/voice/enc_bh_01.ogg.import[39m[0m
[  48% ] [90m[1msavepack[22m | Storing File: res://.godot/imported/enc_bh_02.ogg-c1f6c564da348b658b0f16a27c9fecef.oggvorbisstr[39m[0m
[  48% ] [90m[1msavepack[22m | Storing File: res://assets/ext/audio/voice/enc_bh_02.ogg.import[39m[0m
[  48% ] [90m[1msavepack[22m | Storing File: res://.godot/imported/enc_bh_03.ogg-6ec6d29cb6e7a96c8d1897c9fa5145ba.oggvorbisstr[39m[0m
[  48% ] [90m[1msavepack[22m | Storing File: res://assets/ext/audio/voice/enc_bh_03.ogg.import[39m[0m
[  48% ] [90m[1msavepack[22m | Storing File: res://.godot/imported/enc_bh_04.ogg-47cac2cb5b0ccf2b66ea11ee4c617b79.oggvorbisstr[39m[0m
[  48% ] [90m[1msavepack[22m | Storing File: res://assets/ext/audio/voice/enc_bh_04.ogg.import[39m[0m
[  48% ] [90m[1msavepack[22m | Storing File: res://.godot/imported/enc_bh_05.ogg-c16f416f8aded7b70c384d0db97c1e2f.oggvorbisstr[39m[0m
[  48% ] [90m[1msavepack[22m | Storing File: res://assets/ext/audio/voice/enc_bh_05.ogg.import[39m[0m
[  48% ] [90m[1msavepack[22m | Storing File: res://.godot/imported/enc_bh_06.ogg-4b97a7aca0cfe4e13ccab2ef78bd4e5a.oggvorbisstr[39m[0m
[  48% ] [90m[1msavepack[22m | Storing File: res://assets/ext/audio/voice/enc_bh_06.ogg.import[39m[0m
[  48% ] [90m[1msavepack[22m | Storing File: res://.godot/imported/enc_child_01.ogg-52a70e1091f3a119d4445b22e6e2209c.oggvorbisstr[39m[0m
[  48% ] [90m[1msavepack[22m | Storing File: res://assets/ext/audio/voice/enc_child_01.ogg.import[39m[0m
[  48% ] [90m[1msavepack[22m | Storing File: res://.godot/imported/enc_child_02.ogg-6502a23f46b1b0d810118a0dee7909e9.oggvorbisstr[39m[0m
[  48% ] [90m[1msavepack[22m | Storing File: res://assets/ext/audio/voice/enc_child_02.ogg.import[39m[0m
[  48% ] [90m[1msavepack[22m | Storing File: res://.godot/imported/enc_child_03.ogg-fa2ebf45dd1de5dd19790743fb643c83.oggvorbisstr[39m[0m
[  48% ] [90m[1msavepack[22m | Storing File: res://assets/ext/audio/voice/enc_child_03.ogg.import[39m[0m
[  48% ] [90m[1msavepack[22m | Storing File: res://.godot/imported/enc_child_04.ogg-b88644030ce3dbd9f27a0f7d73512eeb.oggvorbisstr[39m[0m
[  48% ] [90m[1msavepack[22m | Storing File: res://assets/ext/audio/voice/enc_child_04.ogg.import[39m[0m
[  48% ] [90m[1msavepack[22m | Storing File: res://.godot/imported/enc_drunk_01.ogg-377b5cf30c748352beb507032b763243.oggvorbisstr[39m[0m
[  48% ] [90m[1msavepack[22m | Storing File: res://assets/ext/audio/voice/enc_drunk_01.ogg.import[39m[0m
[  48% ] [90m[1msavepack[22m | Storing File: res://.godot/imported/enc_drunk_02.ogg-e43f75f72a872b5d454987db57cdae34.oggvorbisstr[39m[0m
[  48% ] [90m[1msavepack[22m | Storing File: res://assets/ext/audio/voice/enc_drunk_02.ogg.import[39m[0m
[  48% ] [90m[1msavepack[22m | Storing File: res://.godot/imported/enc_drunk_03.ogg-36cf803a5777e4183465e0d092648bab.oggvorbisstr[39m[0m
[  48% ] [90m[1msavepack[22m | Storing File: res://assets/ext/audio/voice/enc_drunk_03.ogg.import[39m[0m
[  48% ] [90m[1msavepack[22m | Storing File: res://.godot/imported/enc_drunk_04.ogg-8474e23c1033feb7e2b970095ef7f66d.oggvorbisstr[39m[0m
[  48% ] [90m[1msavepack[22m | Storing File: res://assets/ext/audio/voice/enc_drunk_04.ogg.import[39m[0m
[  48% ] [90m[1msavepack[22m | Storing File: res://.godot/imported/enc_drunk_05.ogg-8b9671e2d67873195bc26b70a93cd122.oggvorbisstr[39m[0m
[  48% ] [90m[1msavepack[22m | Storing File: res://assets/ext/audio/voice/enc_drunk_05.ogg.import[39m[0m
[  48% ] [90m[1msavepack[22m | Storing File: res://.godot/imported/enc_duel_01.ogg-fed4acb2da9ba946a9ba5091de41d66a.oggvorbisstr[39m[0m
[  48% ] [90m[1msavepack[22m | Storing File: res://assets/ext/audio/voice/enc_duel_01.ogg.import[39m[0m
[  48% ] [90m[1msavepack[22m | Storing File: res://.godot/imported/enc_duel_02.ogg-21c1e985cafb5afaed22fee8feb4dae8.oggvorbisstr[39m[0m
[  48% ] [90m[1msavepack[22m | Storing File: res://assets/ext/audio/voice/enc_duel_02.ogg.import[39m[0m
[  48% ] [90m[1msavepack[22m | Storing File: res://.godot/imported/enc_duel_03.ogg-07833c5ef239638d824b37edef3242cf.oggvorbisstr[39m[0m
[  48% ] [90m[1msavepack[22m | Storing File: res://assets/ext/audio/voice/enc_duel_03.ogg.import[39m[0m
[  48% ] [90m[1msavepack[22m | Storing File: res://.godot/imported/enc_duel_04.ogg-b0be2611054b9d280bbdc4d6c0440693.oggvorbisstr[39m[0m
[  48% ] [90m[1msavepack[22m | Storing File: res://assets/ext/audio/voice/enc_duel_04.ogg.import[39m[0m
[  48% ] [90m[1msavepack[22m | Storing File: res://.godot/imported/enc_duel_05.ogg-cbcc2c4ea1415ca71f29aa4267694a85.oggvorbisstr[39m[0m
[  48% ] [90m[1msavepack[22m | Storing File: res://assets/ext/audio/voice/enc_duel_05.ogg.import[39m[0m
[  48% ] [90m[1msavepack[22m | Storing File: res://.godot/imported/enc_duel_06.ogg-5776dc6bbe79815fa6667b687dfcbf3f.oggvorbisstr[39m[0m
[  48% ] [90m[1msavepack[22m | Storing File: res://assets/ext/audio/voice/enc_duel_06.ogg.import[39m[0m
[  48% ] [90m[1msavepack[22m | Storing File: res://.godot/imported/enc_fire_01.ogg-eadf862350e127efd836d630f618c2c2.oggvorbisstr[39m[0m
[  48% ] [90m[1msavepack[22m | Storing File: res://assets/ext/audio/voice/enc_fire_01.ogg.import[39m[0m
[  48% ] [90m[1msavepack[22m | Storing File: res://.godot/imported/enc_fire_02.ogg-a941d3ca056e79758045f3fe9d56e9b6.oggvorbisstr[39m[0m
[  48% ] [90m[1msavepack[22m | Storing File: res://assets/ext/audio/voice/enc_fire_02.ogg.import[39m[0m
[  48% ] [90m[1msavepack[22m | Storing File: res://.godot/imported/enc_fire_03.ogg-53d8a1bddb49518b7af964dbe9a6a977.oggvorbisstr[39m[0m
[  48% ] [90m[1msavepack[22m | Storing File: res://assets/ext/audio/voice/enc_fire_03.ogg.import[39m[0m
[  48% ] [90m[1msavepack[22m | Storing File: res://.godot/imported/enc_grave_01.ogg-f52c1b28993c1f00f27f7705017725f4.oggvorbisstr[39m[0m
[  48% ] [90m[1msavepack[22m | Storing File: res://assets/ext/audio/voice/enc_grave_01.ogg.import[39m[0m
[  48% ] [90m[1msavepack[22m | Storing File: res://.godot/imported/enc_grave_02.ogg-74788583f3057db235dcdaee1214d2d8.oggvorbisstr[39m[0m
[  48% ] [90m[1msavepack[22m | Storing File: res://assets/ext/audio/voice/enc_grave_02.ogg.import[39m[0m
[  48% ] [90m[1msavepack[22m | Storing File: res://.godot/imported/enc_hang_01.ogg-bf0782d43b86452d63053429afc28bf6.oggvorbisstr[39m[0m
[  48% ] [90m[1msavepack[22m | Storing File: res://assets/ext/audio/voice/enc_hang_01.ogg.import[39m[0m
[  48% ] [90m[1msavepack[22m | Storing File: res://.godot/imported/enc_hang_02.ogg-4e3ab694a3594b554153eb2ad6a9c437.oggvorbisstr[39m[0m
[  48% ] [90m[1msavepack[22m | Storing File: res://assets/ext/audio/voice/enc_hang_02.ogg.import[39m[0m
[  48% ] [90m[1msavepack[22m | Storing File: res://.godot/imported/enc_hang_03.ogg-a6e0effb6c849b254daaece56b3bfaf1.oggvorbisstr[39m[0m
[  48% ] [90m[1msavepack[22m | Storing File: res://assets/ext/audio/voice/enc_hang_03.ogg.import[39m[0m
[  48% ] [90m[1msavepack[22m | Storing File: res://.godot/imported/enc_hang_04.ogg-17c33385c820555649265851d045434f.oggvorbisstr[39m[0m
[  48% ] [90m[1msavepack[22m | Storing File: res://assets/ext/audio/voice/enc_hang_04.ogg.import[39m[0m
[  48% ] [90m[1msavepack[22m | Storing File: res://.godot/imported/enc_hang_05.ogg-033b893914e298724599e7f1f7f96ccc.oggvorbisstr[39m[0m
[  48% ] [90m[1msavepack[22m | Storing File: res://assets/ext/audio/voice/enc_hang_05.ogg.import[39m[0m
[  48% ] [90m[1msavepack[22m | Storing File: res://.godot/imported/enc_hang_06.ogg-6196d9c5f68c9d18a9a03ecea067fc6e.oggvorbisstr[39m[0m
[  48% ] [90m[1msavepack[22m | Storing File: res://assets/ext/audio/voice/enc_hang_06.ogg.import[39m[0m
[  49% ] [90m[1msavepack[22m | Storing File: res://.godot/imported/enc_hang_07.ogg-c805d2d239a0c9d2f6a0e8834cba0ed6.oggvorbisstr[39m[0m
[  49% ] [90m[1msavepack[22m | Storing File: res://assets/ext/audio/voice/enc_hang_07.ogg.import[39m[0m
[  49% ] [90m[1msavepack[22m | Storing File: res://.godot/imported/enc_hunter_01.ogg-65e2bcbf6cf36d6e358ff8f2b7a5fe11.oggvorbisstr[39m[0m
[  49% ] [90m[1msavepack[22m | Storing File: res://assets/ext/audio/voice/enc_hunter_01.ogg.import[39m[0m
[  49% ] [90m[1msavepack[22m | Storing File: res://.godot/imported/enc_oil_01.ogg-2989323d72621b2dcb59fba3fe4b131b.oggvorbisstr[39m[0m
[  49% ] [90m[1msavepack[22m | Storing File: res://assets/ext/audio/voice/enc_oil_01.ogg.import[39m[0m
[  49% ] [90m[1msavepack[22m | Storing File: res://.godot/imported/enc_oil_02.ogg-b5d8a8588e8e89e91e2a96705e8f33c4.oggvorbisstr[39m[0m
[  49% ] [90m[1msavepack[22m | Storing File: res://assets/ext/audio/voice/enc_oil_02.ogg.import[39m[0m
[  49% ] [90m[1msavepack[22m | Storing File: res://.godot/imported/enc_oil_03.ogg-ab09fbf18d5dd5a4315a892ea9c1b6f1.oggvorbisstr[39m[0m
[  49% ] [90m[1msavepack[22m | Storing File: res://assets/ext/audio/voice/enc_oil_03.ogg.import[39m[0m
[  49% ] [90m[1msavepack[22m | Storing File: res://.godot/imported/enc_oil_04.ogg-f69ccab26d3ca96d59ff2b4253453ff7.oggvorbisstr[39m[0m
[  49% ] [90m[1msavepack[22m | Storing File: res://assets/ext/audio/voice/enc_oil_04.ogg.import[39m[0m
[  49% ] [90m[1msavepack[22m | Storing File: res://.godot/imported/enc_oil_05.ogg-8ea6db908f66909a9cc3ecfd573ee325.oggvorbisstr[39m[0m
[  49% ] [90m[1msavepack[22m | Storing File: res://assets/ext/audio/voice/enc_oil_05.ogg.import[39m[0m
[  49% ] [90m[1msavepack[22m | Storing File: res://.godot/imported/enc_preach_01.ogg-83b1f2828246df530d5b557b45ca3ac1.oggvorbisstr[39m[0m
[  49% ] [90m[1msavepack[22m | Storing File: res://assets/ext/audio/voice/enc_preach_01.ogg.import[39m[0m
[  49% ] [90m[1msavepack[22m | Storing File: res://.godot/imported/enc_preach_02.ogg-15de79a55db8e4eed97dbbc50dc02a87.oggvorbisstr[39m[0m
[  49% ] [90m[1msavepack[22m | Storing File: res://assets/ext/audio/voice/enc_preach_02.ogg.import[39m[0m
[  49% ] [90m[1msavepack[22m | Storing File: res://.godot/imported/enc_preach_03.ogg-b40882b8e81474079e08e8fa55dda2a2.oggvorbisstr[39m[0m
[  49% ] [90m[1msavepack[22m | Storing File: res://assets/ext/audio/voice/enc_preach_03.ogg.import[39m[0m
[  49% ] [90m[1msavepack[22m | Storing File: res://.godot/imported/enc_preach_04.ogg-f6cdb805ae443cb8bc642e740b3a864f.oggvorbisstr[39m[0m
[  49% ] [90m[1msavepack[22m | Storing File: res://assets/ext/audio/voice/enc_preach_04.ogg.import[39m[0m
[  49% ] [90m[1msavepack[22m | Storing File: res://.godot/imported/enc_preach_05.ogg-217f5c8b8cb00023f6cca09723d6b771.oggvorbisstr[39m[0m
[  49% ] [90m[1msavepack[22m | Storing File: res://assets/ext/audio/voice/enc_preach_05.ogg.import[39m[0m
[  49% ] [90m[1msavepack[22m | Storing File: res://.godot/imported/enc_prisoner_01.ogg-e0eef29cd6a44847b221b0545819f477.oggvorbisstr[39m[0m
[  49% ] [90m[1msavepack[22m | Storing File: res://assets/ext/audio/voice/enc_prisoner_01.ogg.import[39m[0m
[  49% ] [90m[1msavepack[22m | Storing File: res://.godot/imported/enc_prisoner_02.ogg-ca10ff2e1d9fcdff93c54f3eaed25cca.oggvorbisstr[39m[0m
[  49% ] [90m[1msavepack[22m | Storing File: res://assets/ext/audio/voice/enc_prisoner_02.ogg.import[39m[0m
[  49% ] [90m[1msavepack[22m | Storing File: res://.godot/imported/enc_prisoner_03.ogg-d9888fbf940fe79a1dcf865a8042727b.oggvorbisstr[39m[0m
[  49% ] [90m[1msavepack[22m | Storing File: res://assets/ext/audio/voice/enc_prisoner_03.ogg.import[39m[0m
[  49% ] [90m[1msavepack[22m | Storing File: res://.godot/imported/enc_robbery_01.ogg-6ef637bae52a2df1f5247668c2594427.oggvorbisstr[39m[0m
[  49% ] [90m[1msavepack[22m | Storing File: res://assets/ext/audio/voice/enc_robbery_01.ogg.import[39m[0m
[  49% ] [90m[1msavepack[22m | Storing File: res://.godot/imported/enc_robbery_02.ogg-1dbc4a0ef411f7c006feb0a270354eba.oggvorbisstr[39m[0m
[  49% ] [90m[1msavepack[22m | Storing File: res://assets/ext/audio/voice/enc_robbery_02.ogg.import[39m[0m
[  49% ] [90m[1msavepack[22m | Storing File: res://.godot/imported/enc_runaway_01.ogg-4faec40894e84727de9c2b539fa9bffd.oggvorbisstr[39m[0m
[  49% ] [90m[1msavepack[22m | Storing File: res://assets/ext/audio/voice/enc_runaway_01.ogg.import[39m[0m
[  49% ] [90m[1msavepack[22m | Storing File: res://.godot/imported/enc_runaway_02.ogg-06015fd8bd98c35481c7d0028c5e760a.oggvorbisstr[39m[0m
[  49% ] [90m[1msavepack[22m | Storing File: res://assets/ext/audio/voice/enc_runaway_02.ogg.import[39m[0m
[  49% ] [90m[1msavepack[22m | Storing File: res://.godot/imported/enc_runaway_03.ogg-bf843422ba2a66a61e51cf2dbc77a342.oggvorbisstr[39m[0m
[  49% ] [90m[1msavepack[22m | Storing File: res://assets/ext/audio/voice/enc_runaway_03.ogg.import[39m[0m
[  49% ] [90m[1msavepack[22m | Storing File: res://.godot/imported/enc_runaway_04.ogg-205f8f6c1d879f9e63b82598561893ff.oggvorbisstr[39m[0m
[  49% ] [90m[1msavepack[22m | Storing File: res://assets/ext/audio/voice/enc_runaway_04.ogg.import[39m[0m
[  49% ] [90m[1msavepack[22m | Storing File: res://.godot/imported/enc_snake_01.ogg-5b146db45e94b93dccbd96d1fdc274bf.oggvorbisstr[39m[0m
[  49% ] [90m[1msavepack[22m | Storing File: res://assets/ext/audio/voice/enc_snake_01.ogg.import[39m[0m
[  49% ] [90m[1msavepack[22m | Storing File: res://.godot/imported/enc_snake_02.ogg-196866c9f4d063c243cb582627e72fd6.oggvorbisstr[39m[0m
[  49% ] [90m[1msavepack[22m | Storing File: res://assets/ext/audio/voice/enc_snake_02.ogg.import[39m[0m
[  49% ] [90m[1msavepack[22m | Storing File: res://.godot/imported/enc_snake_03.ogg-b05b6ece4bbb9d40326e4730fb5cf8e8.oggvorbisstr[39m[0m
[  49% ] [90m[1msavepack[22m | Storing File: res://assets/ext/audio/voice/enc_snake_03.ogg.import[39m[0m
[  49% ] [90m[1msavepack[22m | Storing File: res://.godot/imported/enc_stage_01.ogg-aba28a41bcdedde6155a00adf4be2c75.oggvorbisstr[39m[0m
[  49% ] [90m[1msavepack[22m | Storing File: res://assets/ext/audio/voice/enc_stage_01.ogg.import[39m[0m
[  49% ] [90m[1msavepack[22m | Storing File: res://.godot/imported/enc_stage_02.ogg-8c1f2c0c76acd7fac68720ffc4f4690b.oggvorbisstr[39m[0m
[  49% ] [90m[1msavepack[22m | Storing File: res://assets/ext/audio/voice/enc_stage_02.ogg.import[39m[0m
[  49% ] [90m[1msavepack[22m | Storing File: res://.godot/imported/enc_stage_03.ogg-86c851c773603d35438231a94ee02fa4.oggvorbisstr[39m[0m
[  49% ] [90m[1msavepack[22m | Storing File: res://assets/ext/audio/voice/enc_stage_03.ogg.import[39m[0m
[  49% ] [90m[1msavepack[22m | Storing File: res://.godot/imported/enc_strand_01.ogg-3be3a09647529daa1807a53fae246824.oggvorbisstr[39m[0m
[  49% ] [90m[1msavepack[22m | Storing File: res://assets/ext/audio/voice/enc_strand_01.ogg.import[39m[0m
[  49% ] [90m[1msavepack[22m | Storing File: res://.godot/imported/enc_strand_02.ogg-e0d6d60c3b7448ae18eca6e9474a4bdf.oggvorbisstr[39m[0m
[  49% ] [90m[1msavepack[22m | Storing File: res://assets/ext/audio/voice/enc_strand_02.ogg.import[39m[0m
[  49% ] [90m[1msavepack[22m | Storing File: res://.godot/imported/enc_strand_03.ogg-d2dd64d6dcb2bfbffc72cf97bb6ae9e6.oggvorbisstr[39m[0m
[  49% ] [90m[1msavepack[22m | Storing File: res://assets/ext/audio/voice/enc_strand_03.ogg.import[39m[0m
[  49% ] [90m[1msavepack[22m | Storing File: res://.godot/imported/enc_strand_04.ogg-c973e4a91b4920793e07e44f35cb021f.oggvorbisstr[39m[0m
[  49% ] [90m[1msavepack[22m | Storing File: res://assets/ext/audio/voice/enc_strand_04.ogg.import[39m[0m
[  49% ] [90m[1msavepack[22m | Storing File: res://.godot/imported/enc_wagon_01.ogg-76e3cf32c0b881f239d143beee359cad.oggvorbisstr[39m[0m
[  49% ] [90m[1msavepack[22m | Storing File: res://assets/ext/audio/voice/enc_wagon_01.ogg.import[39m[0m
[  49% ] [90m[1msavepack[22m | Storing File: res://.godot/imported/enc_wagon_02.ogg-ac0a51634d84f7a3241a4fd610b5c3f9.oggvorbisstr[39m[0m
[  49% ] [90m[1msavepack[22m | Storing File: res://assets/ext/audio/voice/enc_wagon_02.ogg.import[39m[0m
[  49% ] [90m[1msavepack[22m | Storing File: res://.godot/imported/enc_wagon_03.ogg-9b02c813449eca0d124a084e76d61e8c.oggvorbisstr[39m[0m
[  49% ] [90m[1msavepack[22m | Storing File: res://assets/ext/audio/voice/enc_wagon_03.ogg.import[39m[0m
[  49% ] [90m[1msavepack[22m | Storing File: res://.godot/imported/gos_bank.ogg-17e3b532b283a071320e0bca956eba74.oggvorbisstr[39m[0m
[  49% ] [90m[1msavepack[22m | Storing File: res://assets/ext/audio/voice/gos_bank.ogg.import[39m[0m
[  49% ] [90m[1msavepack[22m | Storing File: res://.godot/imported/gos_comet.ogg-759a1fa4c1b66e46a05accd5ee4ab715.oggvorbisstr[39m[0m
[  49% ] [90m[1msavepack[22m | Storing File: res://assets/ext/audio/voice/gos_comet.ogg.import[39m[0m
[  50% ] [90m[1msavepack[22m | Storing File: res://.godot/imported/gos_cutter_dead.ogg-9ab9fe7b9dee050b6e2bc55586fb7b7a.oggvorbisstr[39m[0m
[  50% ] [90m[1msavepack[22m | Storing File: res://assets/ext/audio/voice/gos_cutter_dead.ogg.import[39m[0m
[  50% ] [90m[1msavepack[22m | Storing File: res://.godot/imported/gos_cutter_jail.ogg-57d9383e274f4050b15499edb93a40ad.oggvorbisstr[39m[0m
[  50% ] [90m[1msavepack[22m | Storing File: res://assets/ext/audio/voice/gos_cutter_jail.ogg.import[39m[0m
[  50% ] [90m[1msavepack[22m | Storing File: res://.godot/imported/gos_drive.ogg-8081aeed13bd290ea92b9b0e42d1da90.oggvorbisstr[39m[0m
[  50% ] [90m[1msavepack[22m | Storing File: res://assets/ext/audio/voice/gos_drive.ogg.import[39m[0m
[  50% ] [90m[1msavepack[22m | Storing File: res://.godot/imported/gos_drover.ogg-1cb3d318396234ce19eb68f7f31b01d5.oggvorbisstr[39m[0m
[  50% ] [90m[1msavepack[22m | Storing File: res://assets/ext/audio/voice/gos_drover.ogg.import[39m[0m
[  50% ] [90m[1msavepack[22m | Storing File: res://.godot/imported/gos_eben_dead.ogg-1b773eb0749a768192a4113654cbc910.oggvorbisstr[39m[0m
[  50% ] [90m[1msavepack[22m | Storing File: res://assets/ext/audio/voice/gos_eben_dead.ogg.import[39m[0m
[  50% ] [90m[1msavepack[22m | Storing File: res://.godot/imported/gos_eben_jail.ogg-411d7ffb7bf4808cf3fe2a0d17e15ce6.oggvorbisstr[39m[0m
[  50% ] [90m[1msavepack[22m | Storing File: res://assets/ext/audio/voice/gos_eben_jail.ogg.import[39m[0m
[  50% ] [90m[1msavepack[22m | Storing File: res://.godot/imported/gos_eben_shot.ogg-13ee632db376ad1f8143f6a9a8d46974.oggvorbisstr[39m[0m
[  50% ] [90m[1msavepack[22m | Storing File: res://assets/ext/audio/voice/gos_eben_shot.ogg.import[39m[0m
[  50% ] [90m[1msavepack[22m | Storing File: res://.godot/imported/gos_fined.ogg-fd8b3af7746d143d6ed28d86c0173e26.oggvorbisstr[39m[0m
[  50% ] [90m[1msavepack[22m | Storing File: res://assets/ext/audio/voice/gos_fined.ogg.import[39m[0m
[  50% ] [90m[1msavepack[22m | Storing File: res://.godot/imported/gos_fire.ogg-d950372139a5501c9f6c0cc238746a01.oggvorbisstr[39m[0m
[  50% ] [90m[1msavepack[22m | Storing File: res://assets/ext/audio/voice/gos_fire.ogg.import[39m[0m
[  50% ] [90m[1msavepack[22m | Storing File: res://.godot/imported/gos_gold.ogg-d62f5b3ceef39b49b61f5e1572ad812b.oggvorbisstr[39m[0m
[  50% ] [90m[1msavepack[22m | Storing File: res://assets/ext/audio/voice/gos_gold.ogg.import[39m[0m
[  50% ] [90m[1msavepack[22m | Storing File: res://.godot/imported/gos_grave.ogg-d77cb6f004d25fe6e9bd6d48cbb72415.oggvorbisstr[39m[0m
[  50% ] [90m[1msavepack[22m | Storing File: res://assets/ext/audio/voice/gos_grave.ogg.import[39m[0m
[  50% ] [90m[1msavepack[22m | Storing File: res://.godot/imported/gos_hero.ogg-6db49a031cd33adc89e180f73a1cc3d4.oggvorbisstr[39m[0m
[  50% ] [90m[1msavepack[22m | Storing File: res://assets/ext/audio/voice/gos_hero.ogg.import[39m[0m
[  50% ] [90m[1msavepack[22m | Storing File: res://.godot/imported/gos_inprint.ogg-875ade072e54c67f9cdcc8d60dc7e179.oggvorbisstr[39m[0m
[  50% ] [90m[1msavepack[22m | Storing File: res://assets/ext/audio/voice/gos_inprint.ogg.import[39m[0m
[  50% ] [90m[1msavepack[22m | Storing File: res://.godot/imported/gos_law_eye1.ogg-f380bc2c5875520fc042ac54360563a2.oggvorbisstr[39m[0m
[  50% ] [90m[1msavepack[22m | Storing File: res://assets/ext/audio/voice/gos_law_eye1.ogg.import[39m[0m
[  50% ] [90m[1msavepack[22m | Storing File: res://.godot/imported/gos_law_eye2.ogg-88acfb651989c79604c2a8e6a0a660ab.oggvorbisstr[39m[0m
[  50% ] [90m[1msavepack[22m | Storing File: res://assets/ext/audio/voice/gos_law_eye2.ogg.import[39m[0m
[  50% ] [90m[1msavepack[22m | Storing File: res://.godot/imported/gos_law_low.ogg-875befd89c608d179a3d46dcd6704a17.oggvorbisstr[39m[0m
[  50% ] [90m[1msavepack[22m | Storing File: res://assets/ext/audio/voice/gos_law_low.ogg.import[39m[0m
[  50% ] [90m[1msavepack[22m | Storing File: res://.godot/imported/gos_law_ok.ogg-b5adb1c7f34dc065b7b166ac10dafc05.oggvorbisstr[39m[0m
[  50% ] [90m[1msavepack[22m | Storing File: res://assets/ext/audio/voice/gos_law_ok.ogg.import[39m[0m
[  50% ] [90m[1msavepack[22m | Storing File: res://.godot/imported/gos_ledger.ogg-b3b906d536218cdfe4ae91852a566864.oggvorbisstr[39m[0m
[  50% ] [90m[1msavepack[22m | Storing File: res://assets/ext/audio/voice/gos_ledger.ogg.import[39m[0m
[  50% ] [90m[1msavepack[22m | Storing File: res://.godot/imported/gos_lg_ghost.ogg-53831337ed2488b745f4349a58c5bfa6.oggvorbisstr[39m[0m
[  50% ] [90m[1msavepack[22m | Storing File: res://assets/ext/audio/voice/gos_lg_ghost.ogg.import[39m[0m
[  50% ] [90m[1msavepack[22m | Storing File: res://.godot/imported/gos_lg_ironhide.ogg-d0c522f5ef6784ecebac70b76b74430a.oggvorbisstr[39m[0m
[  50% ] [90m[1msavepack[22m | Storing File: res://assets/ext/audio/voice/gos_lg_ironhide.ogg.import[39m[0m
[  50% ] [90m[1msavepack[22m | Storing File: res://.godot/imported/gos_lg_king.ogg-277cefe32f924c1e91890119b524490e.oggvorbisstr[39m[0m
[  50% ] [90m[1msavepack[22m | Storing File: res://assets/ext/audio/voice/gos_lg_king.ogg.import[39m[0m
[  50% ] [90m[1msavepack[22m | Storing File: res://.godot/imported/gos_lg_rumour.ogg-795fffc39cd5ee795d9eb03c69064466.oggvorbisstr[39m[0m
[  50% ] [90m[1msavepack[22m | Storing File: res://assets/ext/audio/voice/gos_lg_rumour.ogg.import[39m[0m
[  50% ] [90m[1msavepack[22m | Storing File: res://.godot/imported/gos_lg_widow.ogg-70f91cf3e699654e43baee2e8206c0db.oggvorbisstr[39m[0m
[  50% ] [90m[1msavepack[22m | Storing File: res://assets/ext/audio/voice/gos_lg_widow.ogg.import[39m[0m
[  50% ] [90m[1msavepack[22m | Storing File: res://.godot/imported/gos_locomobile.ogg-f00a66b5ed78d447415abfad3367437c.oggvorbisstr[39m[0m
[  50% ] [90m[1msavepack[22m | Storing File: res://assets/ext/audio/voice/gos_locomobile.ogg.import[39m[0m
[  50% ] [90m[1msavepack[22m | Storing File: res://.godot/imported/gos_marvel.ogg-212b12d726721c63ffb026e3956eb8a3.oggvorbisstr[39m[0m
[  50% ] [90m[1msavepack[22m | Storing File: res://assets/ext/audio/voice/gos_marvel.ogg.import[39m[0m
[  50% ] [90m[1msavepack[22m | Storing File: res://.godot/imported/gos_morning.ogg-f55be8868601ebf16218c9477c69ed29.oggvorbisstr[39m[0m
[  50% ] [90m[1msavepack[22m | Storing File: res://assets/ext/audio/voice/gos_morning.ogg.import[39m[0m
[  50% ] [90m[1msavepack[22m | Storing File: res://.godot/imported/gos_murder.ogg-aeade8c04f476e2f0de47faa5c5f11aa.oggvorbisstr[39m[0m
[  50% ] [90m[1msavepack[22m | Storing File: res://assets/ext/audio/voice/gos_murder.ogg.import[39m[0m
[  50% ] [90m[1msavepack[22m | Storing File: res://.godot/imported/gos_night.ogg-fdc94a08e58fb5cca4ab02b78fc5d944.oggvorbisstr[39m[0m
[  50% ] [90m[1msavepack[22m | Storing File: res://assets/ext/audio/voice/gos_night.ogg.import[39m[0m
[  50% ] [90m[1msavepack[22m | Storing File: res://.godot/imported/gos_novel.ogg-8a34789a3304b09a92c516720de69f4c.oggvorbisstr[39m[0m
[  50% ] [90m[1msavepack[22m | Storing File: res://assets/ext/audio/voice/gos_novel.ogg.import[39m[0m
[  50% ] [90m[1msavepack[22m | Storing File: res://.godot/imported/gos_outlaws.ogg-519eb9ec449c729c43d0d77cceafb625.oggvorbisstr[39m[0m
[  50% ] [90m[1msavepack[22m | Storing File: res://assets/ext/audio/voice/gos_outlaws.ogg.import[39m[0m
[  50% ] [90m[1msavepack[22m | Storing File: res://.godot/imported/gos_out_crow.ogg-38ded71dc9dc171aa8eb428ee81a4050.oggvorbisstr[39m[0m
[  50% ] [90m[1msavepack[22m | Storing File: res://assets/ext/audio/voice/gos_out_crow.ogg.import[39m[0m
[  50% ] [90m[1msavepack[22m | Storing File: res://.godot/imported/gos_out_fontaine.ogg-dc9affa83da432cd6808c5e94f9c5d60.oggvorbisstr[39m[0m
[  50% ] [90m[1msavepack[22m | Storing File: res://assets/ext/audio/voice/gos_out_fontaine.ogg.import[39m[0m
[  50% ] [90m[1msavepack[22m | Storing File: res://.godot/imported/gos_out_hatcher.ogg-e55c216aa3b71095c19594318a22ed70.oggvorbisstr[39m[0m
[  50% ] [90m[1msavepack[22m | Storing File: res://assets/ext/audio/voice/gos_out_hatcher.ogg.import[39m[0m
[  50% ] [90m[1msavepack[22m | Storing File: res://.godot/imported/gos_out_hatcher_d.ogg-48b90c8333a52edc4c3d423c60961cf0.oggvorbisstr[39m[0m
[  50% ] [90m[1msavepack[22m | Storing File: res://assets/ext/audio/voice/gos_out_hatcher_d.ogg.import[39m[0m
[  50% ] [90m[1msavepack[22m | Storing File: res://.godot/imported/gos_out_marlow.ogg-32403cf3cbd7f515186403a609e91487.oggvorbisstr[39m[0m
[  50% ] [90m[1msavepack[22m | Storing File: res://assets/ext/audio/voice/gos_out_marlow.ogg.import[39m[0m
[  50% ] [90m[1msavepack[22m | Storing File: res://.godot/imported/gos_out_mccready.ogg-9d8b23e0d31fb7ca2a0c61709f5f9e5f.oggvorbisstr[39m[0m
[  50% ] [90m[1msavepack[22m | Storing File: res://assets/ext/audio/voice/gos_out_mccready.ogg.import[39m[0m
[  51% ] [90m[1msavepack[22m | Storing File: res://.godot/imported/gos_out_pardee.ogg-b3c7d758a7793759fe3b09e77ccbe06b.oggvorbisstr[39m[0m
[  51% ] [90m[1msavepack[22m | Storing File: res://assets/ext/audio/voice/gos_out_pardee.ogg.import[39m[0m
[  51% ] [90m[1msavepack[22m | Storing File: res://.godot/imported/gos_out_penn.ogg-56b2afa5f31fe26cedd9813fd20d4732.oggvorbisstr[39m[0m
[  51% ] [90m[1msavepack[22m | Storing File: res://assets/ext/audio/voice/gos_out_penn.ogg.import[39m[0m
[  51% ] [90m[1msavepack[22m | Storing File: res://.godot/imported/gos_out_penn_d.ogg-ab4ae511fc3d5e51d68fa6978fc052a7.oggvorbisstr[39m[0m
[  51% ] [90m[1msavepack[22m | Storing File: res://assets/ext/audio/voice/gos_out_penn_d.ogg.import[39m[0m
[  51% ] [90m[1msavepack[22m | Storing File: res://.godot/imported/gos_out_rusk.ogg-1c55294c758eac527c17239b6012ce76.oggvorbisstr[39m[0m
[  51% ] [90m[1msavepack[22m | Storing File: res://assets/ext/audio/voice/gos_out_rusk.ogg.import[39m[0m
[  51% ] [90m[1msavepack[22m | Storing File: res://.godot/imported/gos_payroll.ogg-54b26f5dd0011389954b5fdebc2c8344.oggvorbisstr[39m[0m
[  51% ] [90m[1msavepack[22m | Storing File: res://assets/ext/audio/voice/gos_payroll.ogg.import[39m[0m
[  51% ] [90m[1msavepack[22m | Storing File: res://.godot/imported/gos_pell_arrest.ogg-fa003c4d6bfcec9dc2051251c03cc0ee.oggvorbisstr[39m[0m
[  51% ] [90m[1msavepack[22m | Storing File: res://assets/ext/audio/voice/gos_pell_arrest.ogg.import[39m[0m
[  51% ] [90m[1msavepack[22m | Storing File: res://.godot/imported/gos_pell_free.ogg-9eeafd41fb9e341950575e20f889a55d.oggvorbisstr[39m[0m
[  51% ] [90m[1msavepack[22m | Storing File: res://assets/ext/audio/voice/gos_pell_free.ogg.import[39m[0m
[  51% ] [90m[1msavepack[22m | Storing File: res://.godot/imported/gos_pell_robbed.ogg-dbf2acb933ab73927f0df4efedc5e0a2.oggvorbisstr[39m[0m
[  51% ] [90m[1msavepack[22m | Storing File: res://assets/ext/audio/voice/gos_pell_robbed.ogg.import[39m[0m
[  51% ] [90m[1msavepack[22m | Storing File: res://.godot/imported/gos_pip.ogg-bbbc3a6ef154a309223e0d436aa55e66.oggvorbisstr[39m[0m
[  51% ] [90m[1msavepack[22m | Storing File: res://assets/ext/audio/voice/gos_pip.ogg.import[39m[0m
[  51% ] [90m[1msavepack[22m | Storing File: res://.godot/imported/gos_pledge.ogg-20beb21078611066417de22620351993.oggvorbisstr[39m[0m
[  51% ] [90m[1msavepack[22m | Storing File: res://assets/ext/audio/voice/gos_pledge.ogg.import[39m[0m
[  51% ] [90m[1msavepack[22m | Storing File: res://.godot/imported/gos_poster.ogg-6fb255d79a2b38f60a59b1f2f8ce9842.oggvorbisstr[39m[0m
[  51% ] [90m[1msavepack[22m | Storing File: res://assets/ext/audio/voice/gos_poster.ogg.import[39m[0m
[  51% ] [90m[1msavepack[22m | Storing File: res://.godot/imported/gos_powder.ogg-84b204d76146a5373b92ee87fadbc08d.oggvorbisstr[39m[0m
[  51% ] [90m[1msavepack[22m | Storing File: res://assets/ext/audio/voice/gos_powder.ogg.import[39m[0m
[  51% ] [90m[1msavepack[22m | Storing File: res://.godot/imported/gos_rain.ogg-3ee868d14e41ac0bdb8324c8d2e9ebc3.oggvorbisstr[39m[0m
[  51% ] [90m[1msavepack[22m | Storing File: res://assets/ext/audio/voice/gos_rain.ogg.import[39m[0m
[  51% ] [90m[1msavepack[22m | Storing File: res://.godot/imported/gos_robbed1.ogg-ffcda20fe7b3180f81a0401c9caf5bd6.oggvorbisstr[39m[0m
[  51% ] [90m[1msavepack[22m | Storing File: res://assets/ext/audio/voice/gos_robbed1.ogg.import[39m[0m
[  51% ] [90m[1msavepack[22m | Storing File: res://.godot/imported/gos_robbed3.ogg-2ac2826c2394a2e2b5b5074172e1adf0.oggvorbisstr[39m[0m
[  51% ] [90m[1msavepack[22m | Storing File: res://assets/ext/audio/voice/gos_robbed3.ogg.import[39m[0m
[  51% ] [90m[1msavepack[22m | Storing File: res://.godot/imported/gos_shop_high.ogg-8797a736eddaeb32cde43fa19405c60a.oggvorbisstr[39m[0m
[  51% ] [90m[1msavepack[22m | Storing File: res://assets/ext/audio/voice/gos_shop_high.ogg.import[39m[0m
[  51% ] [90m[1msavepack[22m | Storing File: res://.godot/imported/gos_shop_low.ogg-071e2a67aaa95d2ed52fc884be5c68fb.oggvorbisstr[39m[0m
[  51% ] [90m[1msavepack[22m | Storing File: res://assets/ext/audio/voice/gos_shop_low.ogg.import[39m[0m
[  51% ] [90m[1msavepack[22m | Storing File: res://.godot/imported/gos_shop_mid.ogg-8f79b0527fe2f234b186380854301c45.oggvorbisstr[39m[0m
[  51% ] [90m[1msavepack[22m | Storing File: res://assets/ext/audio/voice/gos_shop_mid.ogg.import[39m[0m
[  51% ] [90m[1msavepack[22m | Storing File: res://.godot/imported/gos_shop_robbed1.ogg-acefa74c239cf89e347274428a943477.oggvorbisstr[39m[0m
[  51% ] [90m[1msavepack[22m | Storing File: res://assets/ext/audio/voice/gos_shop_robbed1.ogg.import[39m[0m
[  51% ] [90m[1msavepack[22m | Storing File: res://.godot/imported/gos_shop_robbed2.ogg-a00531668bf34af984a2118f690eac4c.oggvorbisstr[39m[0m
[  51% ] [90m[1msavepack[22m | Storing File: res://assets/ext/audio/voice/gos_shop_robbed2.ogg.import[39m[0m
[  51% ] [90m[1msavepack[22m | Storing File: res://.godot/imported/gos_snow.ogg-c08f7f1adb0cad112a4130e9aab5e3e4.oggvorbisstr[39m[0m
[  51% ] [90m[1msavepack[22m | Storing File: res://assets/ext/audio/voice/gos_snow.ogg.import[39m[0m
[  51% ] [90m[1msavepack[22m | Storing File: res://.godot/imported/gos_strike_law.ogg-a52852e338fb6051051215da2433cf42.oggvorbisstr[39m[0m
[  51% ] [90m[1msavepack[22m | Storing File: res://assets/ext/audio/voice/gos_strike_law.ogg.import[39m[0m
[  51% ] [90m[1msavepack[22m | Storing File: res://.godot/imported/gos_strike_signed.ogg-43b3efb06263d2b04825d1b7be383cb5.oggvorbisstr[39m[0m
[  51% ] [90m[1msavepack[22m | Storing File: res://assets/ext/audio/voice/gos_strike_signed.ogg.import[39m[0m
[  51% ] [90m[1msavepack[22m | Storing File: res://.godot/imported/gos_train.ogg-5da279c45aaa83426d2cc899780d9b9e.oggvorbisstr[39m[0m
[  51% ] [90m[1msavepack[22m | Storing File: res://assets/ext/audio/voice/gos_train.ogg.import[39m[0m
[  51% ] [90m[1msavepack[22m | Storing File: res://.godot/imported/gos_villain.ogg-551b8e478f625b0797eb875bc9f0301a.oggvorbisstr[39m[0m
[  51% ] [90m[1msavepack[22m | Storing File: res://assets/ext/audio/voice/gos_villain.ogg.import[39m[0m
[  51% ] [90m[1msavepack[22m | Storing File: res://.godot/imported/gos_wanted.ogg-c4da1b3f6c4f7ae18a5c4deda6fd8a62.oggvorbisstr[39m[0m
[  51% ] [90m[1msavepack[22m | Storing File: res://assets/ext/audio/voice/gos_wanted.ogg.import[39m[0m
[  51% ] [90m[1msavepack[22m | Storing File: res://.godot/imported/gos_water_line.ogg-13707c6767307577596048f1964efb75.oggvorbisstr[39m[0m
[  51% ] [90m[1msavepack[22m | Storing File: res://assets/ext/audio/voice/gos_water_line.ogg.import[39m[0m
[  51% ] [90m[1msavepack[22m | Storing File: res://.godot/imported/gos_well_bad.ogg-82f1f9acc3f04a476b679a233a778b39.oggvorbisstr[39m[0m
[  51% ] [90m[1msavepack[22m | Storing File: res://assets/ext/audio/voice/gos_well_bad.ogg.import[39m[0m
[  51% ] [90m[1msavepack[22m | Storing File: res://.godot/imported/gos_well_good.ogg-7f1105d914b25a69d94fc646733f05f5.oggvorbisstr[39m[0m
[  51% ] [90m[1msavepack[22m | Storing File: res://assets/ext/audio/voice/gos_well_good.ogg.import[39m[0m
[  51% ] [90m[1msavepack[22m | Storing File: res://.godot/imported/gos_windmill.ogg-b68c3cffb0688dd80577e969bad53290.oggvorbisstr[39m[0m
[  51% ] [90m[1msavepack[22m | Storing File: res://assets/ext/audio/voice/gos_windmill.ogg.import[39m[0m
[  51% ] [90m[1msavepack[22m | Storing File: res://.godot/imported/gos_w_clear.ogg-c5629b90557acc284a1dc661bb290166.oggvorbisstr[39m[0m
[  51% ] [90m[1msavepack[22m | Storing File: res://assets/ext/audio/voice/gos_w_clear.ogg.import[39m[0m
[  51% ] [90m[1msavepack[22m | Storing File: res://.godot/imported/gos_w_dust.ogg-1ae21b8da70103ae989e0b9a2cf962d4.oggvorbisstr[39m[0m
[  51% ] [90m[1msavepack[22m | Storing File: res://assets/ext/audio/voice/gos_w_dust.ogg.import[39m[0m
[  51% ] [90m[1msavepack[22m | Storing File: res://.godot/imported/gos_w_fog.ogg-eeef97610b832da32710ad9f09495d95.oggvorbisstr[39m[0m
[  51% ] [90m[1msavepack[22m | Storing File: res://assets/ext/audio/voice/gos_w_fog.ogg.import[39m[0m
[  51% ] [90m[1msavepack[22m | Storing File: res://.godot/imported/gos_w_rain.ogg-7860454d45dfb8bfe8aed7fab2173098.oggvorbisstr[39m[0m
[  51% ] [90m[1msavepack[22m | Storing File: res://assets/ext/audio/voice/gos_w_rain.ogg.import[39m[0m
[  51% ] [90m[1msavepack[22m | Storing File: res://.godot/imported/gos_w_storm.ogg-cea31def918f101b17286333819d9637.oggvorbisstr[39m[0m
[  51% ] [90m[1msavepack[22m | Storing File: res://assets/ext/audio/voice/gos_w_storm.ogg.import[39m[0m
[  52% ] [90m[1msavepack[22m | Storing File: res://.godot/imported/greet_fine_day__man_old.ogg-1a4eeb6deaad02141d901b8a814903c0.oggvorbisstr[39m[0m
[  52% ] [90m[1msavepack[22m | Storing File: res://assets/ext/audio/voice/greet_fine_day__man_old.ogg.import[39m[0m
[  52% ] [90m[1msavepack[22m | Storing File: res://.godot/imported/greet_fine_day__man_town.ogg-40eec1da432b03cc90dfad8689b97ddd.oggvorbisstr[39m[0m
[  52% ] [90m[1msavepack[22m | Storing File: res://assets/ext/audio/voice/greet_fine_day__man_town.ogg.import[39m[0m
[  52% ] [90m[1msavepack[22m | Storing File: res://.godot/imported/greet_fine_day__woman_town.ogg-977984ec5dec28f1e3fa36715acd46aa.oggvorbisstr[39m[0m
[  52% ] [90m[1msavepack[22m | Storing File: res://assets/ext/audio/voice/greet_fine_day__woman_town.ogg.import[39m[0m
[  52% ] [90m[1msavepack[22m | Storing File: res://.godot/imported/greet_hat__lawman.ogg-33ceb02fa02ff3b6f830efe3954fe0e0.oggvorbisstr[39m[0m
[  52% ] [90m[1msavepack[22m | Storing File: res://assets/ext/audio/voice/greet_hat__lawman.ogg.import[39m[0m
[  52% ] [90m[1msavepack[22m | Storing File: res://.godot/imported/greet_hat__man_rough.ogg-d2c5a8d0c8fac1492a6b91dadb9d38c9.oggvorbisstr[39m[0m
[  52% ] [90m[1msavepack[22m | Storing File: res://assets/ext/audio/voice/greet_hat__man_rough.ogg.import[39m[0m
[  52% ] [90m[1msavepack[22m | Storing File: res://.godot/imported/greet_hat__man_young.ogg-f09b6a4c959b6d46a836de6465d2a57a.oggvorbisstr[39m[0m
[  52% ] [90m[1msavepack[22m | Storing File: res://assets/ext/audio/voice/greet_hat__man_young.ogg.import[39m[0m
[  52% ] [90m[1msavepack[22m | Storing File: res://.godot/imported/greet_howdy__man_old.ogg-610b7adad8ac36085a945b7c49db60f4.oggvorbisstr[39m[0m
[  52% ] [90m[1msavepack[22m | Storing File: res://assets/ext/audio/voice/greet_howdy__man_old.ogg.import[39m[0m
[  52% ] [90m[1msavepack[22m | Storing File: res://.godot/imported/greet_howdy__man_rough.ogg-14cb8f8f2cdb625aaace913dc50031ea.oggvorbisstr[39m[0m
[  52% ] [90m[1msavepack[22m | Storing File: res://assets/ext/audio/voice/greet_howdy__man_rough.ogg.import[39m[0m
[  52% ] [90m[1msavepack[22m | Storing File: res://.godot/imported/greet_howdy__man_town.ogg-d98b392131f86d65670cff46b5f312d6.oggvorbisstr[39m[0m
[  52% ] [90m[1msavepack[22m | Storing File: res://assets/ext/audio/voice/greet_howdy__man_town.ogg.import[39m[0m
[  52% ] [90m[1msavepack[22m | Storing File: res://.godot/imported/greet_howdy__man_young.ogg-c61bce429fb5a673655b69f9ea6b475d.oggvorbisstr[39m[0m
[  52% ] [90m[1msavepack[22m | Storing File: res://assets/ext/audio/voice/greet_howdy__man_young.ogg.import[39m[0m
[  52% ] [90m[1msavepack[22m | Storing File: res://.godot/imported/greet_maam__lawman.ogg-79db948a8dd56686b49f1685c2f1019a.oggvorbisstr[39m[0m
[  52% ] [90m[1msavepack[22m | Storing File: res://assets/ext/audio/voice/greet_maam__lawman.ogg.import[39m[0m
[  52% ] [90m[1msavepack[22m | Storing File: res://.godot/imported/greet_maam__man_old.ogg-0360ab8d1f8b5cc867d9bfad874d9c7d.oggvorbisstr[39m[0m
[  52% ] [90m[1msavepack[22m | Storing File: res://assets/ext/audio/voice/greet_maam__man_old.ogg.import[39m[0m
[  52% ] [90m[1msavepack[22m | Storing File: res://.godot/imported/greet_maam__man_town.ogg-6623b7814d5babbb67af7debba1355d1.oggvorbisstr[39m[0m
[  52% ] [90m[1msavepack[22m | Storing File: res://assets/ext/audio/voice/greet_maam__man_town.ogg.import[39m[0m
[  52% ] [90m[1msavepack[22m | Storing File: res://.godot/imported/greet_maam__shopkeeper.ogg-e45616aef993dbd964d41ab14431e3db.oggvorbisstr[39m[0m
[  52% ] [90m[1msavepack[22m | Storing File: res://assets/ext/audio/voice/greet_maam__shopkeeper.ogg.import[39m[0m
[  52% ] [90m[1msavepack[22m | Storing File: res://.godot/imported/greet_morning__man_old.ogg-1e1197dd6d09e2bfd0bf456e774e360e.oggvorbisstr[39m[0m
[  52% ] [90m[1msavepack[22m | Storing File: res://assets/ext/audio/voice/greet_morning__man_old.ogg.import[39m[0m
[  52% ] [90m[1msavepack[22m | Storing File: res://.godot/imported/greet_morning__man_town.ogg-69e474d4f313dcd16644be43c1d2d39c.oggvorbisstr[39m[0m
[  52% ] [90m[1msavepack[22m | Storing File: res://assets/ext/audio/voice/greet_morning__man_town.ogg.import[39m[0m
[  52% ] [90m[1msavepack[22m | Storing File: res://.godot/imported/greet_morning__woman_old.ogg-e57ea1f947944d6b5974308638148c89.oggvorbisstr[39m[0m
[  52% ] [90m[1msavepack[22m | Storing File: res://assets/ext/audio/voice/greet_morning__woman_old.ogg.import[39m[0m
[  52% ] [90m[1msavepack[22m | Storing File: res://.godot/imported/greet_morning__woman_town.ogg-0d5f2f029da505273f5acfed39a4b9c8.oggvorbisstr[39m[0m
[  52% ] [90m[1msavepack[22m | Storing File: res://assets/ext/audio/voice/greet_morning__woman_town.ogg.import[39m[0m
[  52% ] [90m[1msavepack[22m | Storing File: res://.godot/imported/greet_new_face__man_old.ogg-090486df8dee8f760edce89756755b9b.oggvorbisstr[39m[0m
[  52% ] [90m[1msavepack[22m | Storing File: res://assets/ext/audio/voice/greet_new_face__man_old.ogg.import[39m[0m
[  52% ] [90m[1msavepack[22m | Storing File: res://.godot/imported/greet_new_face__shopkeeper.ogg-41b437cf672e596d2cc6fdf7b5033801.oggvorbisstr[39m[0m
[  52% ] [90m[1msavepack[22m | Storing File: res://assets/ext/audio/voice/greet_new_face__shopkeeper.ogg.import[39m[0m
[  52% ] [90m[1msavepack[22m | Storing File: res://.godot/imported/greet_new_face__woman_town.ogg-66370647cd10fd03c9695dc82a8d0208.oggvorbisstr[39m[0m
[  52% ] [90m[1msavepack[22m | Storing File: res://assets/ext/audio/voice/greet_new_face__woman_town.ogg.import[39m[0m
[  52% ] [90m[1msavepack[22m | Storing File: res://.godot/imported/hands_dont_shoot__man_town.ogg-3e8bc1bc7134f0df8361efe3c52fdf0b.oggvorbisstr[39m[0m
[  52% ] [90m[1msavepack[22m | Storing File: res://assets/ext/audio/voice/hands_dont_shoot__man_town.ogg.import[39m[0m
[  52% ] [90m[1msavepack[22m | Storing File: res://.godot/imported/hands_dont_shoot__man_young.ogg-d11147475cd630a0068ba3321e590d71.oggvorbisstr[39m[0m
[  52% ] [90m[1msavepack[22m | Storing File: res://assets/ext/audio/voice/hands_dont_shoot__man_young.ogg.import[39m[0m
[  52% ] [90m[1msavepack[22m | Storing File: res://.godot/imported/hands_dont_shoot__shopkeeper.ogg-994b6e6154ebcc7970ca4fac69169ab2.oggvorbisstr[39m[0m
[  52% ] [90m[1msavepack[22m | Storing File: res://assets/ext/audio/voice/hands_dont_shoot__shopkeeper.ogg.import[39m[0m
[  52% ] [90m[1msavepack[22m | Storing File: res://.godot/imported/hands_dont_shoot__woman_town.ogg-e3f65c73853b5f401910a213120ec21a.oggvorbisstr[39m[0m
[  52% ] [90m[1msavepack[22m | Storing File: res://assets/ext/audio/voice/hands_dont_shoot__woman_town.ogg.import[39m[0m
[  52% ] [90m[1msavepack[22m | Storing File: res://.godot/imported/hands_take_it__man_old.ogg-2b01b978479fb761962ee55e1ce08138.oggvorbisstr[39m[0m
[  52% ] [90m[1msavepack[22m | Storing File: res://assets/ext/audio/voice/hands_take_it__man_old.ogg.import[39m[0m
[  52% ] [90m[1msavepack[22m | Storing File: res://.godot/imported/hands_take_it__shopkeeper.ogg-632a426820feb0072aa9c51f2fe46b16.oggvorbisstr[39m[0m
[  52% ] [90m[1msavepack[22m | Storing File: res://assets/ext/audio/voice/hands_take_it__shopkeeper.ogg.import[39m[0m
[  52% ] [90m[1msavepack[22m | Storing File: res://.godot/imported/hands_unarmed__man_rough.ogg-1f7d471a1654af4ae1a03f5225e6a94f.oggvorbisstr[39m[0m
[  52% ] [90m[1msavepack[22m | Storing File: res://assets/ext/audio/voice/hands_unarmed__man_rough.ogg.import[39m[0m
[  52% ] [90m[1msavepack[22m | Storing File: res://.godot/imported/hands_unarmed__man_town.ogg-c640c8dba69b25b8e4d9fb56a1975cae.oggvorbisstr[39m[0m
[  52% ] [90m[1msavepack[22m | Storing File: res://assets/ext/audio/voice/hands_unarmed__man_town.ogg.import[39m[0m
[  52% ] [90m[1msavepack[22m | Storing File: res://.godot/imported/horse_whoa__man_old.ogg-c265522f94c92a4edd1b4670d2165a7e.oggvorbisstr[39m[0m
[  52% ] [90m[1msavepack[22m | Storing File: res://assets/ext/audio/voice/horse_whoa__man_old.ogg.import[39m[0m
[  52% ] [90m[1msavepack[22m | Storing File: res://.godot/imported/horse_whoa__man_town.ogg-d57aa19efe7d48a8f98fa6378e532d6a.oggvorbisstr[39m[0m
[  52% ] [90m[1msavepack[22m | Storing File: res://assets/ext/audio/voice/horse_whoa__man_town.ogg.import[39m[0m
[  52% ] [90m[1msavepack[22m | Storing File: res://.godot/imported/horse_whoa__man_young.ogg-d1046287e7b51d0b3e8f0344a21de815.oggvorbisstr[39m[0m
[  52% ] [90m[1msavepack[22m | Storing File: res://assets/ext/audio/voice/horse_whoa__man_young.ogg.import[39m[0m
[  52% ] [90m[1msavepack[22m | Storing File: res://.godot/imported/insult_back__man_rough.ogg-02e8f602e700575eda06efe0fa899216.oggvorbisstr[39m[0m
[  52% ] [90m[1msavepack[22m | Storing File: res://assets/ext/audio/voice/insult_back__man_rough.ogg.import[39m[0m
[  52% ] [90m[1msavepack[22m | Storing File: res://.godot/imported/insult_back__man_town.ogg-b8a9820aa6c97f428979f1cb73bac918.oggvorbisstr[39m[0m
[  52% ] [90m[1msavepack[22m | Storing File: res://assets/ext/audio/voice/insult_back__man_town.ogg.import[39m[0m
[  52% ] [90m[1msavepack[22m | Storing File: res://.godot/imported/insult_gun__man_rough.ogg-d4711978306a300db83abb6ea6fccb11.oggvorbisstr[39m[0m
[  52% ] [90m[1msavepack[22m | Storing File: res://assets/ext/audio/voice/insult_gun__man_rough.ogg.import[39m[0m
[  52% ] [90m[1msavepack[22m | Storing File: res://.godot/imported/insult_lost__man_rough.ogg-70a9ea214b556dae772c14763a4f099c.oggvorbisstr[39m[0m
[  52% ] [90m[1msavepack[22m | Storing File: res://assets/ext/audio/voice/insult_lost__man_rough.ogg.import[39m[0m
[  53% ] [90m[1msavepack[22m | Storing File: res://.godot/imported/insult_lost__man_young.ogg-28dc89a5f2bbf37050830b487daff899.oggvorbisstr[39m[0m
[  53% ] [90m[1msavepack[22m | Storing File: res://assets/ext/audio/voice/insult_lost__man_young.ogg.import[39m[0m
[  53% ] [90m[1msavepack[22m | Storing File: res://.godot/imported/insult_stare__man_rough.ogg-2ebc84a1bd500565f500140647968858.oggvorbisstr[39m[0m
[  53% ] [90m[1msavepack[22m | Storing File: res://assets/ext/audio/voice/insult_stare__man_rough.ogg.import[39m[0m
[  53% ] [90m[1msavepack[22m | Storing File: res://.godot/imported/insult_stare__man_young.ogg-7a4c082172bda518cd951bd1ee161b69.oggvorbisstr[39m[0m
[  53% ] [90m[1msavepack[22m | Storing File: res://assets/ext/audio/voice/insult_stare__man_young.ogg.import[39m[0m
[  53% ] [90m[1msavepack[22m | Storing File: res://.godot/imported/insult_stare__woman_town.ogg-7d056945042a087986f24c3a96ff2a8d.oggvorbisstr[39m[0m
[  53% ] [90m[1msavepack[22m | Storing File: res://assets/ext/audio/voice/insult_stare__woman_town.ogg.import[39m[0m
[  53% ] [90m[1msavepack[22m | Storing File: res://.godot/imported/law_arrest__lawman.ogg-71ab0a2a3b1818fa97e4845eb6a5d7a7.oggvorbisstr[39m[0m
[  53% ] [90m[1msavepack[22m | Storing File: res://assets/ext/audio/voice/law_arrest__lawman.ogg.import[39m[0m
[  53% ] [90m[1msavepack[22m | Storing File: res://.godot/imported/law_easy__lawman.ogg-9cbe829a23ef432403a0e4a87ab41849.oggvorbisstr[39m[0m
[  53% ] [90m[1msavepack[22m | Storing File: res://assets/ext/audio/voice/law_easy__lawman.ogg.import[39m[0m
[  53% ] [90m[1msavepack[22m | Storing File: res://.godot/imported/law_holster__lawman.ogg-7a29a4294c5068dd8ce33da2d38cb71b.oggvorbisstr[39m[0m
[  53% ] [90m[1msavepack[22m | Storing File: res://assets/ext/audio/voice/law_holster__lawman.ogg.import[39m[0m
[  53% ] [90m[1msavepack[22m | Storing File: res://.godot/imported/p_billy_01.ogg-8c883c91256e6ca077e73c95964046c7.oggvorbisstr[39m[0m
[  53% ] [90m[1msavepack[22m | Storing File: res://assets/ext/audio/voice/p_billy_01.ogg.import[39m[0m
[  53% ] [90m[1msavepack[22m | Storing File: res://.godot/imported/p_billy_02.ogg-fdee27ebe0b540f4afa5b55784aaf187.oggvorbisstr[39m[0m
[  53% ] [90m[1msavepack[22m | Storing File: res://assets/ext/audio/voice/p_billy_02.ogg.import[39m[0m
[  53% ] [90m[1msavepack[22m | Storing File: res://.godot/imported/p_billy_03.ogg-f7d9cf0740bec0abc6cbd78133336f43.oggvorbisstr[39m[0m
[  53% ] [90m[1msavepack[22m | Storing File: res://assets/ext/audio/voice/p_billy_03.ogg.import[39m[0m
[  53% ] [90m[1msavepack[22m | Storing File: res://.godot/imported/p_billy_04.ogg-9a8970be78a56b9ac11c1e8218f593d1.oggvorbisstr[39m[0m
[  53% ] [90m[1msavepack[22m | Storing File: res://assets/ext/audio/voice/p_billy_04.ogg.import[39m[0m
[  53% ] [90m[1msavepack[22m | Storing File: res://.godot/imported/p_billy_05.ogg-21fe527fdcb9dfd406fc3a46619c8771.oggvorbisstr[39m[0m
[  53% ] [90m[1msavepack[22m | Storing File: res://assets/ext/audio/voice/p_billy_05.ogg.import[39m[0m
[  53% ] [90m[1msavepack[22m | Storing File: res://.godot/imported/p_billy_06.ogg-58dad41890a0f9e5f6e22db113e96fd9.oggvorbisstr[39m[0m
[  53% ] [90m[1msavepack[22m | Storing File: res://assets/ext/audio/voice/p_billy_06.ogg.import[39m[0m
[  53% ] [90m[1msavepack[22m | Storing File: res://.godot/imported/p_billy_07.ogg-4441c716bf4b1b33ddac29b4443c1711.oggvorbisstr[39m[0m
[  53% ] [90m[1msavepack[22m | Storing File: res://assets/ext/audio/voice/p_billy_07.ogg.import[39m[0m
[  53% ] [90m[1msavepack[22m | Storing File: res://.godot/imported/p_billy_08.ogg-d75d5dd5a5d3e6a19aef88e96112d838.oggvorbisstr[39m[0m
[  53% ] [90m[1msavepack[22m | Storing File: res://assets/ext/audio/voice/p_billy_08.ogg.import[39m[0m
[  53% ] [90m[1msavepack[22m | Storing File: res://.godot/imported/p_billy_09.ogg-cd3fcfbab2c4e6a06bcf6b200eb44d86.oggvorbisstr[39m[0m
[  53% ] [90m[1msavepack[22m | Storing File: res://assets/ext/audio/voice/p_billy_09.ogg.import[39m[0m
[  53% ] [90m[1msavepack[22m | Storing File: res://.godot/imported/p_billy_10.ogg-95d75a75dec18ce55c4fb7f8d4476a7c.oggvorbisstr[39m[0m
[  53% ] [90m[1msavepack[22m | Storing File: res://assets/ext/audio/voice/p_billy_10.ogg.import[39m[0m
[  53% ] [90m[1msavepack[22m | Storing File: res://.godot/imported/p_billy_11.ogg-e1c269e70042462a69b8257a595173d3.oggvorbisstr[39m[0m
[  53% ] [90m[1msavepack[22m | Storing File: res://assets/ext/audio/voice/p_billy_11.ogg.import[39m[0m
[  53% ] [90m[1msavepack[22m | Storing File: res://.godot/imported/p_billy_12.ogg-91264d56c866e6172651da6c657c07c8.oggvorbisstr[39m[0m
[  53% ] [90m[1msavepack[22m | Storing File: res://assets/ext/audio/voice/p_billy_12.ogg.import[39m[0m
[  53% ] [90m[1msavepack[22m | Storing File: res://.godot/imported/p_billy_13.ogg-74b0622f8bb45369a6b0a4dda33e781f.oggvorbisstr[39m[0m
[  53% ] [90m[1msavepack[22m | Storing File: res://assets/ext/audio/voice/p_billy_13.ogg.import[39m[0m
[  53% ] [90m[1msavepack[22m | Storing File: res://.godot/imported/p_billy_14.ogg-a62455ae2f95bdafa6ea6d7c3aeae32e.oggvorbisstr[39m[0m
[  53% ] [90m[1msavepack[22m | Storing File: res://assets/ext/audio/voice/p_billy_14.ogg.import[39m[0m
[  53% ] [90m[1msavepack[22m | Storing File: res://.godot/imported/p_billy_15.ogg-eccb055ce50cf3c8a59b2e302f228cfb.oggvorbisstr[39m[0m
[  53% ] [90m[1msavepack[22m | Storing File: res://assets/ext/audio/voice/p_billy_15.ogg.import[39m[0m
[  53% ] [90m[1msavepack[22m | Storing File: res://.godot/imported/p_del_01.ogg-4bbcb68722e7680bc12b94931b2254f2.oggvorbisstr[39m[0m
[  53% ] [90m[1msavepack[22m | Storing File: res://assets/ext/audio/voice/p_del_01.ogg.import[39m[0m
[  53% ] [90m[1msavepack[22m | Storing File: res://.godot/imported/p_del_02.ogg-2f09a4a632701002184f58c54fd2906c.oggvorbisstr[39m[0m
[  53% ] [90m[1msavepack[22m | Storing File: res://assets/ext/audio/voice/p_del_02.ogg.import[39m[0m
[  53% ] [90m[1msavepack[22m | Storing File: res://.godot/imported/p_del_03.ogg-3dc471caab2f401489347ca605317d8b.oggvorbisstr[39m[0m
[  53% ] [90m[1msavepack[22m | Storing File: res://assets/ext/audio/voice/p_del_03.ogg.import[39m[0m
[  53% ] [90m[1msavepack[22m | Storing File: res://.godot/imported/p_del_04.ogg-67ee7337801e5800b31ca8978c65a053.oggvorbisstr[39m[0m
[  53% ] [90m[1msavepack[22m | Storing File: res://assets/ext/audio/voice/p_del_04.ogg.import[39m[0m
[  53% ] [90m[1msavepack[22m | Storing File: res://.godot/imported/p_del_05.ogg-e52f04eab9067e490238e77162f6164d.oggvorbisstr[39m[0m
[  53% ] [90m[1msavepack[22m | Storing File: res://assets/ext/audio/voice/p_del_05.ogg.import[39m[0m
[  53% ] [90m[1msavepack[22m | Storing File: res://.godot/imported/p_del_06.ogg-952a8d16a4b97041d072c7354e59b9f9.oggvorbisstr[39m[0m
[  53% ] [90m[1msavepack[22m | Storing File: res://assets/ext/audio/voice/p_del_06.ogg.import[39m[0m
[  53% ] [90m[1msavepack[22m | Storing File: res://.godot/imported/p_del_07.ogg-440fd11273b49644a8c882a755c6459c.oggvorbisstr[39m[0m
[  53% ] [90m[1msavepack[22m | Storing File: res://assets/ext/audio/voice/p_del_07.ogg.import[39m[0m
[  53% ] [90m[1msavepack[22m | Storing File: res://.godot/imported/p_del_08.ogg-6f4497be28e29bf6eed17b2f14540bd2.oggvorbisstr[39m[0m
[  53% ] [90m[1msavepack[22m | Storing File: res://assets/ext/audio/voice/p_del_08.ogg.import[39m[0m
[  53% ] [90m[1msavepack[22m | Storing File: res://.godot/imported/p_del_09.ogg-f193e1b7ac4b167c23fe0a7dbcbab5a4.oggvorbisstr[39m[0m
[  53% ] [90m[1msavepack[22m | Storing File: res://assets/ext/audio/voice/p_del_09.ogg.import[39m[0m
[  53% ] [90m[1msavepack[22m | Storing File: res://.godot/imported/p_del_10.ogg-91ec027fde225854f12e6dc0c0f1afaf.oggvorbisstr[39m[0m
[  53% ] [90m[1msavepack[22m | Storing File: res://assets/ext/audio/voice/p_del_10.ogg.import[39m[0m
[  53% ] [90m[1msavepack[22m | Storing File: res://.godot/imported/p_del_11.ogg-f22f385b55dd11b73e396bff9bc2c54f.oggvorbisstr[39m[0m
[  53% ] [90m[1msavepack[22m | Storing File: res://assets/ext/audio/voice/p_del_11.ogg.import[39m[0m
[  53% ] [90m[1msavepack[22m | Storing File: res://.godot/imported/p_del_12.ogg-3f671467b68e0f17ba9a4f0057333e3d.oggvorbisstr[39m[0m
[  53% ] [90m[1msavepack[22m | Storing File: res://assets/ext/audio/voice/p_del_12.ogg.import[39m[0m
[  53% ] [90m[1msavepack[22m | Storing File: res://.godot/imported/p_del_13.ogg-b8d8df7e368110575b05bf2a57afc3b7.oggvorbisstr[39m[0m
[  53% ] [90m[1msavepack[22m | Storing File: res://assets/ext/audio/voice/p_del_13.ogg.import[39m[0m
[  54% ] [90m[1msavepack[22m | Storing File: res://.godot/imported/p_del_14.ogg-d9da3707d048c0a7e82ab46b5feb963c.oggvorbisstr[39m[0m
[  54% ] [90m[1msavepack[22m | Storing File: res://assets/ext/audio/voice/p_del_14.ogg.import[39m[0m
[  54% ] [90m[1msavepack[22m | Storing File: res://.godot/imported/p_del_15.ogg-fe9d86aa322a9204ca35af73bad2cbdc.oggvorbisstr[39m[0m
[  54% ] [90m[1msavepack[22m | Storing File: res://assets/ext/audio/voice/p_del_15.ogg.import[39m[0m
[  54% ] [90m[1msavepack[22m | Storing File: res://.godot/imported/p_doc_01.ogg-3f3b0734984aaba6b5826a20c2cde359.oggvorbisstr[39m[0m
[  54% ] [90m[1msavepack[22m | Storing File: res://assets/ext/audio/voice/p_doc_01.ogg.import[39m[0m
[  54% ] [90m[1msavepack[22m | Storing File: res://.godot/imported/p_doc_02.ogg-e28ba5b16ed57f8662f7cbe8d7e1d482.oggvorbisstr[39m[0m
[  54% ] [90m[1msavepack[22m | Storing File: res://assets/ext/audio/voice/p_doc_02.ogg.import[39m[0m
[  54% ] [90m[1msavepack[22m | Storing File: res://.godot/imported/p_doc_03.ogg-53e5f04b5d4769561cf5d314cd833425.oggvorbisstr[39m[0m
[  54% ] [90m[1msavepack[22m | Storing File: res://assets/ext/audio/voice/p_doc_03.ogg.import[39m[0m
[  54% ] [90m[1msavepack[22m | Storing File: res://.godot/imported/p_doc_04.ogg-db7887b2d6752ade9d8c033a940eb0f3.oggvorbisstr[39m[0m
[  54% ] [90m[1msavepack[22m | Storing File: res://assets/ext/audio/voice/p_doc_04.ogg.import[39m[0m
[  54% ] [90m[1msavepack[22m | Storing File: res://.godot/imported/p_doc_05.ogg-7b1fdc1fa64c3950806ddcf940523ae9.oggvorbisstr[39m[0m
[  54% ] [90m[1msavepack[22m | Storing File: res://assets/ext/audio/voice/p_doc_05.ogg.import[39m[0m
[  54% ] [90m[1msavepack[22m | Storing File: res://.godot/imported/p_doc_06.ogg-6c7d2dbd2db3b1e8ef93e80a823d4efa.oggvorbisstr[39m[0m
[  54% ] [90m[1msavepack[22m | Storing File: res://assets/ext/audio/voice/p_doc_06.ogg.import[39m[0m
[  54% ] [90m[1msavepack[22m | Storing File: res://.godot/imported/p_doc_07.ogg-5ffc180afd6f1aff92064e13f31b1f94.oggvorbisstr[39m[0m
[  54% ] [90m[1msavepack[22m | Storing File: res://assets/ext/audio/voice/p_doc_07.ogg.import[39m[0m
[  54% ] [90m[1msavepack[22m | Storing File: res://.godot/imported/p_doc_08.ogg-a3cfa7fb062c69706e7da334ddc4e7b9.oggvorbisstr[39m[0m
[  54% ] [90m[1msavepack[22m | Storing File: res://assets/ext/audio/voice/p_doc_08.ogg.import[39m[0m
[  54% ] [90m[1msavepack[22m | Storing File: res://.godot/imported/p_doc_09.ogg-d6c136dec1b8e8761dfc55e945c727fd.oggvorbisstr[39m[0m
[  54% ] [90m[1msavepack[22m | Storing File: res://assets/ext/audio/voice/p_doc_09.ogg.import[39m[0m
[  54% ] [90m[1msavepack[22m | Storing File: res://.godot/imported/p_doc_10.ogg-9c1ae9cf24c0f54a150ee387c614bfaf.oggvorbisstr[39m[0m
[  54% ] [90m[1msavepack[22m | Storing File: res://assets/ext/audio/voice/p_doc_10.ogg.import[39m[0m
[  54% ] [90m[1msavepack[22m | Storing File: res://.godot/imported/p_doc_11.ogg-8a301f1e76cca1744f5e21d0bc3c7ef5.oggvorbisstr[39m[0m
[  54% ] [90m[1msavepack[22m | Storing File: res://assets/ext/audio/voice/p_doc_11.ogg.import[39m[0m
[  54% ] [90m[1msavepack[22m | Storing File: res://.godot/imported/p_doc_12.ogg-7456101900f56ce4ea7efd49bdca2735.oggvorbisstr[39m[0m
[  54% ] [90m[1msavepack[22m | Storing File: res://assets/ext/audio/voice/p_doc_12.ogg.import[39m[0m
[  54% ] [90m[1msavepack[22m | Storing File: res://.godot/imported/p_doc_13.ogg-d4dfc1d0c2f187d9f8c987320c10632e.oggvorbisstr[39m[0m
[  54% ] [90m[1msavepack[22m | Storing File: res://assets/ext/audio/voice/p_doc_13.ogg.import[39m[0m
[  54% ] [90m[1msavepack[22m | Storing File: res://.godot/imported/p_doc_14.ogg-e21aadea5dcfaab150323057378da68d.oggvorbisstr[39m[0m
[  54% ] [90m[1msavepack[22m | Storing File: res://assets/ext/audio/voice/p_doc_14.ogg.import[39m[0m
[  54% ] [90m[1msavepack[22m | Storing File: res://.godot/imported/p_doc_15.ogg-3ff907aa4c0226350bdce1fc53cbe794.oggvorbisstr[39m[0m
[  54% ] [90m[1msavepack[22m | Storing File: res://assets/ext/audio/voice/p_doc_15.ogg.import[39m[0m
[  54% ] [90m[1msavepack[22m | Storing File: res://.godot/imported/p_hap_01.ogg-f7e07b669f1983ad3a285f6183f1a7d2.oggvorbisstr[39m[0m
[  54% ] [90m[1msavepack[22m | Storing File: res://assets/ext/audio/voice/p_hap_01.ogg.import[39m[0m
[  54% ] [90m[1msavepack[22m | Storing File: res://.godot/imported/p_hap_02.ogg-edde6d491ca07ca208557db0a3f47262.oggvorbisstr[39m[0m
[  54% ] [90m[1msavepack[22m | Storing File: res://assets/ext/audio/voice/p_hap_02.ogg.import[39m[0m
[  54% ] [90m[1msavepack[22m | Storing File: res://.godot/imported/p_hap_03.ogg-76026f6c7ba90ae213da00e67d5839d4.oggvorbisstr[39m[0m
[  54% ] [90m[1msavepack[22m | Storing File: res://assets/ext/audio/voice/p_hap_03.ogg.import[39m[0m
[  54% ] [90m[1msavepack[22m | Storing File: res://.godot/imported/p_hap_04.ogg-30fb809913f38a5cde331cc12a8bb5d4.oggvorbisstr[39m[0m
[  54% ] [90m[1msavepack[22m | Storing File: res://assets/ext/audio/voice/p_hap_04.ogg.import[39m[0m
[  54% ] [90m[1msavepack[22m | Storing File: res://.godot/imported/p_hap_05.ogg-470afdf70310accfb7713e2fb0f9820d.oggvorbisstr[39m[0m
[  54% ] [90m[1msavepack[22m | Storing File: res://assets/ext/audio/voice/p_hap_05.ogg.import[39m[0m
[  54% ] [90m[1msavepack[22m | Storing File: res://.godot/imported/p_hap_06.ogg-f9553423fcf04acdaab615b644187ed9.oggvorbisstr[39m[0m
[  54% ] [90m[1msavepack[22m | Storing File: res://assets/ext/audio/voice/p_hap_06.ogg.import[39m[0m
[  54% ] [90m[1msavepack[22m | Storing File: res://.godot/imported/p_hap_07.ogg-c6760c3b3f1f4df5e2790be17e5339f4.oggvorbisstr[39m[0m
[  54% ] [90m[1msavepack[22m | Storing File: res://assets/ext/audio/voice/p_hap_07.ogg.import[39m[0m
[  54% ] [90m[1msavepack[22m | Storing File: res://.godot/imported/p_hap_08.ogg-ca4cb7035e6f1d255b4e70f68abca74d.oggvorbisstr[39m[0m
[  54% ] [90m[1msavepack[22m | Storing File: res://assets/ext/audio/voice/p_hap_08.ogg.import[39m[0m
[  54% ] [90m[1msavepack[22m | Storing File: res://.godot/imported/p_hap_09.ogg-e73fd99da59c2dd234a136edc2319ee4.oggvorbisstr[39m[0m
[  54% ] [90m[1msavepack[22m | Storing File: res://assets/ext/audio/voice/p_hap_09.ogg.import[39m[0m
[  54% ] [90m[1msavepack[22m | Storing File: res://.godot/imported/p_hap_10.ogg-51567ea6eb2e0128e038931372bf1fed.oggvorbisstr[39m[0m
[  54% ] [90m[1msavepack[22m | Storing File: res://assets/ext/audio/voice/p_hap_10.ogg.import[39m[0m
[  54% ] [90m[1msavepack[22m | Storing File: res://.godot/imported/p_hap_11.ogg-49793a20d0d37600b3b69977028757ec.oggvorbisstr[39m[0m
[  54% ] [90m[1msavepack[22m | Storing File: res://assets/ext/audio/voice/p_hap_11.ogg.import[39m[0m
[  54% ] [90m[1msavepack[22m | Storing File: res://.godot/imported/p_hap_12.ogg-9f4f56f5b4b4fd659331634f3a391d3f.oggvorbisstr[39m[0m
[  54% ] [90m[1msavepack[22m | Storing File: res://assets/ext/audio/voice/p_hap_12.ogg.import[39m[0m
[  54% ] [90m[1msavepack[22m | Storing File: res://.godot/imported/p_hap_13.ogg-3a15697ea6902888f76211030bc4b617.oggvorbisstr[39m[0m
[  54% ] [90m[1msavepack[22m | Storing File: res://assets/ext/audio/voice/p_hap_13.ogg.import[39m[0m
[  54% ] [90m[1msavepack[22m | Storing File: res://.godot/imported/p_hap_14.ogg-62d438f8ec51340ec74046a35a734488.oggvorbisstr[39m[0m
[  54% ] [90m[1msavepack[22m | Storing File: res://assets/ext/audio/voice/p_hap_14.ogg.import[39m[0m
[  54% ] [90m[1msavepack[22m | Storing File: res://.godot/imported/p_hap_15.ogg-97b47f49833674a3d52b8a98aea95f0d.oggvorbisstr[39m[0m
[  54% ] [90m[1msavepack[22m | Storing File: res://assets/ext/audio/voice/p_hap_15.ogg.import[39m[0m
[  54% ] [90m[1msavepack[22m | Storing File: res://.godot/imported/p_joseph_01.ogg-d85da9fd68d84470325979a20022141f.oggvorbisstr[39m[0m
[  54% ] [90m[1msavepack[22m | Storing File: res://assets/ext/audio/voice/p_joseph_01.ogg.import[39m[0m
[  54% ] [90m[1msavepack[22m | Storing File: res://.godot/imported/p_joseph_02.ogg-8540ff1dcfb42c4b8903e1fb33af6dfa.oggvorbisstr[39m[0m
[  54% ] [90m[1msavepack[22m | Storing File: res://assets/ext/audio/voice/p_joseph_02.ogg.import[39m[0m
[  54% ] [90m[1msavepack[22m | Storing File: res://.godot/imported/p_joseph_03.ogg-6fb3e52c570287d67faba6939e8487d3.oggvorbisstr[39m[0m
[  54% ] [90m[1msavepack[22m | Storing File: res://assets/ext/audio/voice/p_joseph_03.ogg.import[39m[0m
[  54% ] [90m[1msavepack[22m | Storing File: res://.godot/imported/p_joseph_04.ogg-5177a95eae63febbdbd5e295cc5ade2e.oggvorbisstr[39m[0m
[  54% ] [90m[1msavepack[22m | Storing File: res://assets/ext/audio/voice/p_joseph_04.ogg.import[39m[0m
[  55% ] [90m[1msavepack[22m | Storing File: res://.godot/imported/p_joseph_05.ogg-8708704f2cd7e32c3471d297ab5293cf.oggvorbisstr[39m[0m
[  55% ] [90m[1msavepack[22m | Storing File: res://assets/ext/audio/voice/p_joseph_05.ogg.import[39m[0m
[  55% ] [90m[1msavepack[22m | Storing File: res://.godot/imported/p_joseph_06.ogg-de5cb4ec6775fb9598baaf1dbd33a88e.oggvorbisstr[39m[0m
[  55% ] [90m[1msavepack[22m | Storing File: res://assets/ext/audio/voice/p_joseph_06.ogg.import[39m[0m
[  55% ] [90m[1msavepack[22m | Storing File: res://.godot/imported/p_joseph_07.ogg-e20ffecce39916e24fa7bd1f45c70f40.oggvorbisstr[39m[0m
[  55% ] [90m[1msavepack[22m | Storing File: res://assets/ext/audio/voice/p_joseph_07.ogg.import[39m[0m
[  55% ] [90m[1msavepack[22m | Storing File: res://.godot/imported/p_joseph_08.ogg-24643a5872bc6ace52269fda6109d732.oggvorbisstr[39m[0m
[  55% ] [90m[1msavepack[22m | Storing File: res://assets/ext/audio/voice/p_joseph_08.ogg.import[39m[0m
[  55% ] [90m[1msavepack[22m | Storing File: res://.godot/imported/p_joseph_09.ogg-15eaac4d5e25331c46554c7c5af58e04.oggvorbisstr[39m[0m
[  55% ] [90m[1msavepack[22m | Storing File: res://assets/ext/audio/voice/p_joseph_09.ogg.import[39m[0m
[  55% ] [90m[1msavepack[22m | Storing File: res://.godot/imported/p_joseph_10.ogg-f382e809b2e644c8b401f79b37d05e49.oggvorbisstr[39m[0m
[  55% ] [90m[1msavepack[22m | Storing File: res://assets/ext/audio/voice/p_joseph_10.ogg.import[39m[0m
[  55% ] [90m[1msavepack[22m | Storing File: res://.godot/imported/p_joseph_11.ogg-227d7e889d77125dc3ebab46a029a488.oggvorbisstr[39m[0m
[  55% ] [90m[1msavepack[22m | Storing File: res://assets/ext/audio/voice/p_joseph_11.ogg.import[39m[0m
[  55% ] [90m[1msavepack[22m | Storing File: res://.godot/imported/p_joseph_12.ogg-261621c927df4249635631ad90040269.oggvorbisstr[39m[0m
[  55% ] [90m[1msavepack[22m | Storing File: res://assets/ext/audio/voice/p_joseph_12.ogg.import[39m[0m
[  55% ] [90m[1msavepack[22m | Storing File: res://.godot/imported/p_joseph_13.ogg-b1bcc19f66e2f6f8f727ab376fd02345.oggvorbisstr[39m[0m
[  55% ] [90m[1msavepack[22m | Storing File: res://assets/ext/audio/voice/p_joseph_13.ogg.import[39m[0m
[  55% ] [90m[1msavepack[22m | Storing File: res://.godot/imported/p_joseph_14.ogg-d88627ce1b661549fa042d3be64a610f.oggvorbisstr[39m[0m
[  55% ] [90m[1msavepack[22m | Storing File: res://assets/ext/audio/voice/p_joseph_14.ogg.import[39m[0m
[  55% ] [90m[1msavepack[22m | Storing File: res://.godot/imported/p_joseph_15.ogg-f7ecf3710e3c7ce5b84bfb965cca76f4.oggvorbisstr[39m[0m
[  55% ] [90m[1msavepack[22m | Storing File: res://assets/ext/audio/voice/p_joseph_15.ogg.import[39m[0m
[  55% ] [90m[1msavepack[22m | Storing File: res://.godot/imported/ruth_antagonize_1.ogg-31f521af745bc9f1f83fb119d4698ceb.oggvorbisstr[39m[0m
[  55% ] [90m[1msavepack[22m | Storing File: res://assets/ext/audio/voice/ruth_antagonize_1.ogg.import[39m[0m
[  55% ] [90m[1msavepack[22m | Storing File: res://.godot/imported/ruth_antagonize_2.ogg-abe21bb76c7f8cca7438a8faa040f183.oggvorbisstr[39m[0m
[  55% ] [90m[1msavepack[22m | Storing File: res://assets/ext/audio/voice/ruth_antagonize_2.ogg.import[39m[0m
[  55% ] [90m[1msavepack[22m | Storing File: res://.godot/imported/ruth_arrive_bitter_spring.ogg-ba05a0a2511d9992c9adde96b6938668.oggvorbisstr[39m[0m
[  55% ] [90m[1msavepack[22m | Storing File: res://assets/ext/audio/voice/ruth_arrive_bitter_spring.ogg.import[39m[0m
[  55% ] [90m[1msavepack[22m | Storing File: res://.godot/imported/ruth_arrive_dry_valley.ogg-b46c8bd7db68d6849d6bfbe8b983cdf8.oggvorbisstr[39m[0m
[  55% ] [90m[1msavepack[22m | Storing File: res://assets/ext/audio/voice/ruth_arrive_dry_valley.ogg.import[39m[0m
[  55% ] [90m[1msavepack[22m | Storing File: res://.godot/imported/ruth_camp_coffee.ogg-ab7bea4738d33ad37bf07c8845736e8d.oggvorbisstr[39m[0m
[  55% ] [90m[1msavepack[22m | Storing File: res://assets/ext/audio/voice/ruth_camp_coffee.ogg.import[39m[0m
[  55% ] [90m[1msavepack[22m | Storing File: res://.godot/imported/ruth_combat_1.ogg-978f3a1b86aa502fc08a9dc5e96c61ca.oggvorbisstr[39m[0m
[  55% ] [90m[1msavepack[22m | Storing File: res://assets/ext/audio/voice/ruth_combat_1.ogg.import[39m[0m
[  55% ] [90m[1msavepack[22m | Storing File: res://.godot/imported/ruth_combat_2.ogg-815c3e88b4e855e480a96c8e071f481b.oggvorbisstr[39m[0m
[  55% ] [90m[1msavepack[22m | Storing File: res://assets/ext/audio/voice/ruth_combat_2.ogg.import[39m[0m
[  55% ] [90m[1msavepack[22m | Storing File: res://.godot/imported/ruth_combat_3.ogg-e5a361add820bc1921902e40083d2ec7.oggvorbisstr[39m[0m
[  55% ] [90m[1msavepack[22m | Storing File: res://assets/ext/audio/voice/ruth_combat_3.ogg.import[39m[0m
[  55% ] [90m[1msavepack[22m | Storing File: res://.godot/imported/ruth_combat_reload.ogg-369fcfb56fa1ab69a1f410bba4eca7da.oggvorbisstr[39m[0m
[  55% ] [90m[1msavepack[22m | Storing File: res://assets/ext/audio/voice/ruth_combat_reload.ogg.import[39m[0m
[  55% ] [90m[1msavepack[22m | Storing File: res://.godot/imported/ruth_defuse_1.ogg-4b94a9fd891af8ab8d0eb7ab06863fac.oggvorbisstr[39m[0m
[  55% ] [90m[1msavepack[22m | Storing File: res://assets/ext/audio/voice/ruth_defuse_1.ogg.import[39m[0m
[  55% ] [90m[1msavepack[22m | Storing File: res://.godot/imported/ruth_defuse_2.ogg-1ef959601e054bfe334af12e0cfaeb60.oggvorbisstr[39m[0m
[  55% ] [90m[1msavepack[22m | Storing File: res://assets/ext/audio/voice/ruth_defuse_2.ogg.import[39m[0m
[  55% ] [90m[1msavepack[22m | Storing File: res://.godot/imported/ruth_greet_afternoon.ogg-df488b210f7f7b23238e00086204fd66.oggvorbisstr[39m[0m
[  55% ] [90m[1msavepack[22m | Storing File: res://assets/ext/audio/voice/ruth_greet_afternoon.ogg.import[39m[0m
[  55% ] [90m[1msavepack[22m | Storing File: res://.godot/imported/ruth_greet_evening.ogg-b17e228f667eeb1fdd435e38d37d4e15.oggvorbisstr[39m[0m
[  55% ] [90m[1msavepack[22m | Storing File: res://assets/ext/audio/voice/ruth_greet_evening.ogg.import[39m[0m
[  55% ] [90m[1msavepack[22m | Storing File: res://.godot/imported/ruth_greet_morning.ogg-fbf95b2f72f2e8e1de6d97fc2b2580f4.oggvorbisstr[39m[0m
[  55% ] [90m[1msavepack[22m | Storing File: res://assets/ext/audio/voice/ruth_greet_morning.ogg.import[39m[0m
[  55% ] [90m[1msavepack[22m | Storing File: res://.godot/imported/ruth_greet_sir.ogg-1660968258aab8c83ca46e64d6ebc003.oggvorbisstr[39m[0m
[  55% ] [90m[1msavepack[22m | Storing File: res://assets/ext/audio/voice/ruth_greet_sir.ogg.import[39m[0m
[  55% ] [90m[1msavepack[22m | Storing File: res://.godot/imported/ruth_hands_up.ogg-ba9a3cd44ef65bb7427c4618ec78dee7.oggvorbisstr[39m[0m
[  55% ] [90m[1msavepack[22m | Storing File: res://assets/ext/audio/voice/ruth_hands_up.ogg.import[39m[0m
[  55% ] [90m[1msavepack[22m | Storing File: res://.godot/imported/ruth_horse_call.ogg-a5a1037e115fe84c5314b672320d30b8.oggvorbisstr[39m[0m
[  55% ] [90m[1msavepack[22m | Storing File: res://assets/ext/audio/voice/ruth_horse_call.ogg.import[39m[0m
[  55% ] [90m[1msavepack[22m | Storing File: res://.godot/imported/ruth_horse_calm_1.ogg-6d5ba9b7e83457590e8a52d9afdabc07.oggvorbisstr[39m[0m
[  55% ] [90m[1msavepack[22m | Storing File: res://assets/ext/audio/voice/ruth_horse_calm_1.ogg.import[39m[0m
[  55% ] [90m[1msavepack[22m | Storing File: res://.godot/imported/ruth_horse_calm_2.ogg-657ca0489a6270487fe00180c1dc2493.oggvorbisstr[39m[0m
[  55% ] [90m[1msavepack[22m | Storing File: res://assets/ext/audio/voice/ruth_horse_calm_2.ogg.import[39m[0m
[  55% ] [90m[1msavepack[22m | Storing File: res://.godot/imported/ruth_horse_mount.ogg-26a2d44edb4fd1e165340ad1345ba120.oggvorbisstr[39m[0m
[  55% ] [90m[1msavepack[22m | Storing File: res://assets/ext/audio/voice/ruth_horse_mount.ogg.import[39m[0m
[  55% ] [90m[1msavepack[22m | Storing File: res://.godot/imported/ruth_horse_praise_1.ogg-36c98da4b2ff1b8b697cffaeb714f53f.oggvorbisstr[39m[0m
[  55% ] [90m[1msavepack[22m | Storing File: res://assets/ext/audio/voice/ruth_horse_praise_1.ogg.import[39m[0m
[  55% ] [90m[1msavepack[22m | Storing File: res://.godot/imported/ruth_horse_praise_2.ogg-561bf64ae6238672fcfc52ed877d0b59.oggvorbisstr[39m[0m
[  55% ] [90m[1msavepack[22m | Storing File: res://assets/ext/audio/voice/ruth_horse_praise_2.ogg.import[39m[0m
[  55% ] [90m[1msavepack[22m | Storing File: res://.godot/imported/ruth_hurt_1.ogg-788034829daedde827387afbb00de41b.oggvorbisstr[39m[0m
[  55% ] [90m[1msavepack[22m | Storing File: res://assets/ext/audio/voice/ruth_hurt_1.ogg.import[39m[0m
[  55% ] [90m[1msavepack[22m | Storing File: res://.godot/imported/ruth_lost.ogg-20d82ee1176cb3c70f6e1c5fef6fbf46.oggvorbisstr[39m[0m
[  55% ] [90m[1msavepack[22m | Storing File: res://assets/ext/audio/voice/ruth_lost.ogg.import[39m[0m
[  56% ] [90m[1msavepack[22m | Storing File: res://.godot/imported/ruth_memory_tom_1.ogg-1efb65cf50c4a63eb27d40b778782e81.oggvorbisstr[39m[0m
[  56% ] [90m[1msavepack[22m | Storing File: res://assets/ext/audio/voice/ruth_memory_tom_1.ogg.import[39m[0m
[  56% ] [90m[1msavepack[22m | Storing File: res://.godot/imported/ruth_memory_tom_2.ogg-69322e96452118f74475b4a07dff46b6.oggvorbisstr[39m[0m
[  56% ] [90m[1msavepack[22m | Storing File: res://assets/ext/audio/voice/ruth_memory_tom_2.ogg.import[39m[0m
[  56% ] [90m[1msavepack[22m | Storing File: res://.godot/imported/ruth_mission_start.ogg-6b7dc89b718327a2a4dfadc57a1dd2aa.oggvorbisstr[39m[0m
[  56% ] [90m[1msavepack[22m | Storing File: res://assets/ext/audio/voice/ruth_mission_start.ogg.import[39m[0m
[  56% ] [90m[1msavepack[22m | Storing File: res://.godot/imported/ruth_nerve_1.ogg-171679e019f4ee6bb069e0af3946039d.oggvorbisstr[39m[0m
[  56% ] [90m[1msavepack[22m | Storing File: res://assets/ext/audio/voice/ruth_nerve_1.ogg.import[39m[0m
[  56% ] [90m[1msavepack[22m | Storing File: res://.godot/imported/ruth_nerve_2.ogg-886b6bb12cbaf353a55d493c45bab3a5.oggvorbisstr[39m[0m
[  56% ] [90m[1msavepack[22m | Storing File: res://assets/ext/audio/voice/ruth_nerve_2.ogg.import[39m[0m
[  56% ] [90m[1msavepack[22m | Storing File: res://.godot/imported/ruth_shop_browse.ogg-5474ebb056713211ac3456c538946aa9.oggvorbisstr[39m[0m
[  56% ] [90m[1msavepack[22m | Storing File: res://assets/ext/audio/voice/ruth_shop_browse.ogg.import[39m[0m
[  56% ] [90m[1msavepack[22m | Storing File: res://.godot/imported/ruth_shop_buy.ogg-433a5fa7c1877a89f36fd415d9d747db.oggvorbisstr[39m[0m
[  56% ] [90m[1msavepack[22m | Storing File: res://assets/ext/audio/voice/ruth_shop_buy.ogg.import[39m[0m
[  56% ] [90m[1msavepack[22m | Storing File: res://.godot/imported/ruth_syndicate.ogg-20b08d03b9f72316662f033113f71b97.oggvorbisstr[39m[0m
[  56% ] [90m[1msavepack[22m | Storing File: res://assets/ext/audio/voice/ruth_syndicate.ogg.import[39m[0m
[  56% ] [90m[1msavepack[22m | Storing File: res://.godot/imported/ruth_wanted.ogg-45f3d0ad2f459c1ad4ffc3d2424bc9f6.oggvorbisstr[39m[0m
[  56% ] [90m[1msavepack[22m | Storing File: res://assets/ext/audio/voice/ruth_wanted.ogg.import[39m[0m
[  56% ] [90m[1msavepack[22m | Storing File: res://.godot/imported/ruth_weather_rain.ogg-3babda6c87f782c132b1fd050432f330.oggvorbisstr[39m[0m
[  56% ] [90m[1msavepack[22m | Storing File: res://assets/ext/audio/voice/ruth_weather_rain.ogg.import[39m[0m
[  56% ] [90m[1msavepack[22m | Storing File: res://.godot/imported/ruth_weather_storm.ogg-7468e84a121c42f4a31f84ea15ad8dbe.oggvorbisstr[39m[0m
[  56% ] [90m[1msavepack[22m | Storing File: res://assets/ext/audio/voice/ruth_weather_storm.ogg.import[39m[0m
[  56% ] [90m[1msavepack[22m | Storing File: res://.godot/imported/ruth_witness.ogg-f4dd4c7b711d1ae2ac9f39b7577a83e2.oggvorbisstr[39m[0m
[  56% ] [90m[1msavepack[22m | Storing File: res://assets/ext/audio/voice/ruth_witness.ogg.import[39m[0m
[  56% ] [90m[1msavepack[22m | Storing File: res://.godot/imported/saloon_cards__man_old.ogg-f92dd1e8d91aff1044c0cbcf7f0c4d45.oggvorbisstr[39m[0m
[  56% ] [90m[1msavepack[22m | Storing File: res://assets/ext/audio/voice/saloon_cards__man_old.ogg.import[39m[0m
[  56% ] [90m[1msavepack[22m | Storing File: res://.godot/imported/saloon_cards__man_town.ogg-bddabda735a75d4d14a6aed441b28370.oggvorbisstr[39m[0m
[  56% ] [90m[1msavepack[22m | Storing File: res://assets/ext/audio/voice/saloon_cards__man_town.ogg.import[39m[0m
[  56% ] [90m[1msavepack[22m | Storing File: res://.godot/imported/saloon_drink__man_rough.ogg-fbf4089583d38f8c2cb8e4b3c3889c7a.oggvorbisstr[39m[0m
[  56% ] [90m[1msavepack[22m | Storing File: res://assets/ext/audio/voice/saloon_drink__man_rough.ogg.import[39m[0m
[  56% ] [90m[1msavepack[22m | Storing File: res://.godot/imported/saloon_drink__man_town.ogg-959d13cb5eb0b3617c491f275368ed04.oggvorbisstr[39m[0m
[  56% ] [90m[1msavepack[22m | Storing File: res://assets/ext/audio/voice/saloon_drink__man_town.ogg.import[39m[0m
[  56% ] [90m[1msavepack[22m | Storing File: res://.godot/imported/shop_fresh__shopkeeper.ogg-238d72448bc961a73a5fa7a7795d7f01.oggvorbisstr[39m[0m
[  56% ] [90m[1msavepack[22m | Storing File: res://assets/ext/audio/voice/shop_fresh__shopkeeper.ogg.import[39m[0m
[  56% ] [90m[1msavepack[22m | Storing File: res://.godot/imported/shop_help__shopkeeper.ogg-e95078b7cf4712cd6807911e935731a9.oggvorbisstr[39m[0m
[  56% ] [90m[1msavepack[22m | Storing File: res://assets/ext/audio/voice/shop_help__shopkeeper.ogg.import[39m[0m
[  56% ] [90m[1msavepack[22m | Storing File: res://.godot/imported/shop_nothing__shopkeeper.ogg-9f2c93ebe4ad82b4ff7dfe99db081a67.oggvorbisstr[39m[0m
[  56% ] [90m[1msavepack[22m | Storing File: res://assets/ext/audio/voice/shop_nothing__shopkeeper.ogg.import[39m[0m
[  56% ] [90m[1msavepack[22m | Storing File: res://.godot/imported/shop_price__shopkeeper.ogg-88da0e9ab84cef2ce53ec64518bfb09b.oggvorbisstr[39m[0m
[  56% ] [90m[1msavepack[22m | Storing File: res://assets/ext/audio/voice/shop_price__shopkeeper.ogg.import[39m[0m
[  56% ] [90m[1msavepack[22m | Storing File: res://.godot/imported/shop_thanks__shopkeeper.ogg-029e3089bc6afde604591d1f5158c943.oggvorbisstr[39m[0m
[  56% ] [90m[1msavepack[22m | Storing File: res://assets/ext/audio/voice/shop_thanks__shopkeeper.ogg.import[39m[0m
[  56% ] [90m[1msavepack[22m | Storing File: res://.godot/imported/soc_defuse_fail_law_mid_1.ogg-d55ccdf97cf4abd3970c0fc0909a5324.oggvorbisstr[39m[0m
[  56% ] [90m[1msavepack[22m | Storing File: res://assets/ext/audio/voice/soc_defuse_fail_law_mid_1.ogg.import[39m[0m
[  56% ] [90m[1msavepack[22m | Storing File: res://.godot/imported/soc_defuse_fail_law_mid_2.ogg-d31f50a32a09b608c91b22ba309b9a62.oggvorbisstr[39m[0m
[  56% ] [90m[1msavepack[22m | Storing File: res://assets/ext/audio/voice/soc_defuse_fail_law_mid_2.ogg.import[39m[0m
[  56% ] [90m[1msavepack[22m | Storing File: res://.godot/imported/soc_defuse_fail_rough_mid_1.ogg-ea8d8244ec7b203f87c90be969d640b6.oggvorbisstr[39m[0m
[  56% ] [90m[1msavepack[22m | Storing File: res://assets/ext/audio/voice/soc_defuse_fail_rough_mid_1.ogg.import[39m[0m
[  56% ] [90m[1msavepack[22m | Storing File: res://.godot/imported/soc_defuse_fail_rough_mid_2.ogg-eeeb96f24ab65553574815c644bab1ab.oggvorbisstr[39m[0m
[  56% ] [90m[1msavepack[22m | Storing File: res://assets/ext/audio/voice/soc_defuse_fail_rough_mid_2.ogg.import[39m[0m
[  56% ] [90m[1msavepack[22m | Storing File: res://.godot/imported/soc_defuse_fail_town_mid_1.ogg-0eb08ecd3622d31d9c36fa2538a1f3f7.oggvorbisstr[39m[0m
[  56% ] [90m[1msavepack[22m | Storing File: res://assets/ext/audio/voice/soc_defuse_fail_town_mid_1.ogg.import[39m[0m
[  56% ] [90m[1msavepack[22m | Storing File: res://.godot/imported/soc_defuse_fail_town_mid_2.ogg-974e5c3528b657a58b6c71a7fd9b4cfb.oggvorbisstr[39m[0m
[  56% ] [90m[1msavepack[22m | Storing File: res://assets/ext/audio/voice/soc_defuse_fail_town_mid_2.ogg.import[39m[0m
[  56% ] [90m[1msavepack[22m | Storing File: res://.godot/imported/soc_defuse_ok_law_high_1.ogg-f17b4c940eb558b5ff21be1f8dffedb1.oggvorbisstr[39m[0m
[  56% ] [90m[1msavepack[22m | Storing File: res://assets/ext/audio/voice/soc_defuse_ok_law_high_1.ogg.import[39m[0m
[  56% ] [90m[1msavepack[22m | Storing File: res://.godot/imported/soc_defuse_ok_law_high_2.ogg-b254719e9d106395a2be076b90ad792d.oggvorbisstr[39m[0m
[  56% ] [90m[1msavepack[22m | Storing File: res://assets/ext/audio/voice/soc_defuse_ok_law_high_2.ogg.import[39m[0m
[  56% ] [90m[1msavepack[22m | Storing File: res://.godot/imported/soc_defuse_ok_law_low_1.ogg-900fcb20249146b62f1b2a4086f267d9.oggvorbisstr[39m[0m
[  56% ] [90m[1msavepack[22m | Storing File: res://assets/ext/audio/voice/soc_defuse_ok_law_low_1.ogg.import[39m[0m
[  56% ] [90m[1msavepack[22m | Storing File: res://.godot/imported/soc_defuse_ok_law_low_2.ogg-0be7b245f80230d6ed7b059887959ab1.oggvorbisstr[39m[0m
[  56% ] [90m[1msavepack[22m | Storing File: res://assets/ext/audio/voice/soc_defuse_ok_law_low_2.ogg.import[39m[0m
[  56% ] [90m[1msavepack[22m | Storing File: res://.godot/imported/soc_defuse_ok_law_mid_1.ogg-ee23f5eb1a8dd7bebe446a73d49f3956.oggvorbisstr[39m[0m
[  56% ] [90m[1msavepack[22m | Storing File: res://assets/ext/audio/voice/soc_defuse_ok_law_mid_1.ogg.import[39m[0m
[  56% ] [90m[1msavepack[22m | Storing File: res://.godot/imported/soc_defuse_ok_law_mid_2.ogg-e5b7919c7a5730140e649fe4a8b54ea6.oggvorbisstr[39m[0m
[  56% ] [90m[1msavepack[22m | Storing File: res://assets/ext/audio/voice/soc_defuse_ok_law_mid_2.ogg.import[39m[0m
[  56% ] [90m[1msavepack[22m | Storing File: res://.godot/imported/soc_defuse_ok_rough_high_1.ogg-429c61b9e90d877dc406fbcaa138c389.oggvorbisstr[39m[0m
[  56% ] [90m[1msavepack[22m | Storing File: res://assets/ext/audio/voice/soc_defuse_ok_rough_high_1.ogg.import[39m[0m
[  56% ] [90m[1msavepack[22m | Storing File: res://.godot/imported/soc_defuse_ok_rough_high_2.ogg-d75a835f26a3ac1789341e5e49d8a444.oggvorbisstr[39m[0m
[  56% ] [90m[1msavepack[22m | Storing File: res://assets/ext/audio/voice/soc_defuse_ok_rough_high_2.ogg.import[39m[0m
[  56% ] [90m[1msavepack[22m | Storing File: res://.godot/imported/soc_defuse_ok_rough_low_1.ogg-0b87184ef28f19d222556a8f0f1cc4f0.oggvorbisstr[39m[0m
[  56% ] [90m[1msavepack[22m | Storing File: res://assets/ext/audio/voice/soc_defuse_ok_rough_low_1.ogg.import[39m[0m
[  57% ] [90m[1msavepack[22m | Storing File: res://.godot/imported/soc_defuse_ok_rough_low_2.ogg-49cd109dc3bf4101e684e506352e7569.oggvorbisstr[39m[0m
[  57% ] [90m[1msavepack[22m | Storing File: res://assets/ext/audio/voice/soc_defuse_ok_rough_low_2.ogg.import[39m[0m
[  57% ] [90m[1msavepack[22m | Storing File: res://.godot/imported/soc_defuse_ok_rough_mid_1.ogg-cf1b4f3b2025e5bf5cd81796f69159db.oggvorbisstr[39m[0m
[  57% ] [90m[1msavepack[22m | Storing File: res://assets/ext/audio/voice/soc_defuse_ok_rough_mid_1.ogg.import[39m[0m
[  57% ] [90m[1msavepack[22m | Storing File: res://.godot/imported/soc_defuse_ok_rough_mid_2.ogg-5a22f62a42cc2286d5d1c142dce36373.oggvorbisstr[39m[0m
[  57% ] [90m[1msavepack[22m | Storing File: res://assets/ext/audio/voice/soc_defuse_ok_rough_mid_2.ogg.import[39m[0m
[  57% ] [90m[1msavepack[22m | Storing File: res://.godot/imported/soc_defuse_ok_town_high_1.ogg-1081218975c34b7b829e74c0de275180.oggvorbisstr[39m[0m
[  57% ] [90m[1msavepack[22m | Storing File: res://assets/ext/audio/voice/soc_defuse_ok_town_high_1.ogg.import[39m[0m
[  57% ] [90m[1msavepack[22m | Storing File: res://.godot/imported/soc_defuse_ok_town_high_2.ogg-96555c48f01ca36a5c4add1f61a3bd2f.oggvorbisstr[39m[0m
[  57% ] [90m[1msavepack[22m | Storing File: res://assets/ext/audio/voice/soc_defuse_ok_town_high_2.ogg.import[39m[0m
[  57% ] [90m[1msavepack[22m | Storing File: res://.godot/imported/soc_defuse_ok_town_low_1.ogg-214d35aff56687c912c40c7c8c100c40.oggvorbisstr[39m[0m
[  57% ] [90m[1msavepack[22m | Storing File: res://assets/ext/audio/voice/soc_defuse_ok_town_low_1.ogg.import[39m[0m
[  57% ] [90m[1msavepack[22m | Storing File: res://.godot/imported/soc_defuse_ok_town_low_2.ogg-23376ec67637a81ee7ecdf4eb2489dd9.oggvorbisstr[39m[0m
[  57% ] [90m[1msavepack[22m | Storing File: res://assets/ext/audio/voice/soc_defuse_ok_town_low_2.ogg.import[39m[0m
[  57% ] [90m[1msavepack[22m | Storing File: res://.godot/imported/soc_defuse_ok_town_mid_1.ogg-1ec0e4992bb998598ec87cbd7d7d6fd4.oggvorbisstr[39m[0m
[  57% ] [90m[1msavepack[22m | Storing File: res://assets/ext/audio/voice/soc_defuse_ok_town_mid_1.ogg.import[39m[0m
[  57% ] [90m[1msavepack[22m | Storing File: res://.godot/imported/soc_defuse_ok_town_mid_2.ogg-70782a78ebbe38f4b5761cb742eee441.oggvorbisstr[39m[0m
[  57% ] [90m[1msavepack[22m | Storing File: res://assets/ext/audio/voice/soc_defuse_ok_town_mid_2.ogg.import[39m[0m
[  57% ] [90m[1msavepack[22m | Storing File: res://.godot/imported/soc_defuse_ok_woman_mid_1.ogg-1d7e6e268f7655218d5bc0bd1ad6e15b.oggvorbisstr[39m[0m
[  57% ] [90m[1msavepack[22m | Storing File: res://assets/ext/audio/voice/soc_defuse_ok_woman_mid_1.ogg.import[39m[0m
[  57% ] [90m[1msavepack[22m | Storing File: res://.godot/imported/soc_defuse_ok_woman_mid_2.ogg-43985232af0ed09e7e84c963c9e9987f.oggvorbisstr[39m[0m
[  57% ] [90m[1msavepack[22m | Storing File: res://assets/ext/audio/voice/soc_defuse_ok_woman_mid_2.ogg.import[39m[0m
[  57% ] [90m[1msavepack[22m | Storing File: res://.godot/imported/soc_draw_law_mid_1.ogg-859c2a4e43ebfc99781f78a2c4321a18.oggvorbisstr[39m[0m
[  57% ] [90m[1msavepack[22m | Storing File: res://assets/ext/audio/voice/soc_draw_law_mid_1.ogg.import[39m[0m
[  57% ] [90m[1msavepack[22m | Storing File: res://.godot/imported/soc_draw_law_mid_2.ogg-ab0628b874652212a82b8776e0f07f19.oggvorbisstr[39m[0m
[  57% ] [90m[1msavepack[22m | Storing File: res://assets/ext/audio/voice/soc_draw_law_mid_2.ogg.import[39m[0m
[  57% ] [90m[1msavepack[22m | Storing File: res://.godot/imported/soc_draw_rough_mid_1.ogg-a3df4194f58dbeb926aecb21edc39ab0.oggvorbisstr[39m[0m
[  57% ] [90m[1msavepack[22m | Storing File: res://assets/ext/audio/voice/soc_draw_rough_mid_1.ogg.import[39m[0m
[  57% ] [90m[1msavepack[22m | Storing File: res://.godot/imported/soc_draw_rough_mid_2.ogg-bc79bc81bb23a8d92f80f874587e5ecb.oggvorbisstr[39m[0m
[  57% ] [90m[1msavepack[22m | Storing File: res://assets/ext/audio/voice/soc_draw_rough_mid_2.ogg.import[39m[0m
[  57% ] [90m[1msavepack[22m | Storing File: res://.godot/imported/soc_draw_town_mid_1.ogg-89a8569b8ae9811c09d55ccb6c9481c3.oggvorbisstr[39m[0m
[  57% ] [90m[1msavepack[22m | Storing File: res://assets/ext/audio/voice/soc_draw_town_mid_1.ogg.import[39m[0m
[  57% ] [90m[1msavepack[22m | Storing File: res://.godot/imported/soc_draw_town_mid_2.ogg-20e3d32ecd76a834b472df6652a76114.oggvorbisstr[39m[0m
[  57% ] [90m[1msavepack[22m | Storing File: res://assets/ext/audio/voice/soc_draw_town_mid_2.ogg.import[39m[0m
[  57% ] [90m[1msavepack[22m | Storing File: res://.godot/imported/soc_draw_woman_mid_1.ogg-af1f2bb353a8e5f193c2668fc65de41b.oggvorbisstr[39m[0m
[  57% ] [90m[1msavepack[22m | Storing File: res://assets/ext/audio/voice/soc_draw_woman_mid_1.ogg.import[39m[0m
[  57% ] [90m[1msavepack[22m | Storing File: res://.godot/imported/soc_flee_child_mid_1.ogg-272d519254524bcd5cb9657b2b7969f6.oggvorbisstr[39m[0m
[  57% ] [90m[1msavepack[22m | Storing File: res://assets/ext/audio/voice/soc_flee_child_mid_1.ogg.import[39m[0m
[  57% ] [90m[1msavepack[22m | Storing File: res://.godot/imported/soc_flee_law_mid_1.ogg-b2b603b692d2510bd78415ab7bd1912f.oggvorbisstr[39m[0m
[  57% ] [90m[1msavepack[22m | Storing File: res://assets/ext/audio/voice/soc_flee_law_mid_1.ogg.import[39m[0m
[  57% ] [90m[1msavepack[22m | Storing File: res://.godot/imported/soc_flee_rough_mid_1.ogg-2a72c1e793f7e24f389e783ae699c4ca.oggvorbisstr[39m[0m
[  57% ] [90m[1msavepack[22m | Storing File: res://assets/ext/audio/voice/soc_flee_rough_mid_1.ogg.import[39m[0m
[  57% ] [90m[1msavepack[22m | Storing File: res://.godot/imported/soc_flee_rough_mid_2.ogg-a96ae104e269afbd406d7053dfc5a9bb.oggvorbisstr[39m[0m
[  57% ] [90m[1msavepack[22m | Storing File: res://assets/ext/audio/voice/soc_flee_rough_mid_2.ogg.import[39m[0m
[  57% ] [90m[1msavepack[22m | Storing File: res://.godot/imported/soc_flee_town_mid_1.ogg-deaa540abd3bcb74921011794251ac3f.oggvorbisstr[39m[0m
[  57% ] [90m[1msavepack[22m | Storing File: res://assets/ext/audio/voice/soc_flee_town_mid_1.ogg.import[39m[0m
[  57% ] [90m[1msavepack[22m | Storing File: res://.godot/imported/soc_flee_town_mid_2.ogg-2a0d7c05ece379fdbea22625f9648e5e.oggvorbisstr[39m[0m
[  57% ] [90m[1msavepack[22m | Storing File: res://assets/ext/audio/voice/soc_flee_town_mid_2.ogg.import[39m[0m
[  57% ] [90m[1msavepack[22m | Storing File: res://.godot/imported/soc_flee_woman_mid_1.ogg-db016bf02a7f77b291758de603b431e6.oggvorbisstr[39m[0m
[  57% ] [90m[1msavepack[22m | Storing File: res://assets/ext/audio/voice/soc_flee_woman_mid_1.ogg.import[39m[0m
[  57% ] [90m[1msavepack[22m | Storing File: res://.godot/imported/soc_flee_woman_mid_2.ogg-96c1c53776cecf446f5b4b7102cc989e.oggvorbisstr[39m[0m
[  57% ] [90m[1msavepack[22m | Storing File: res://assets/ext/audio/voice/soc_flee_woman_mid_2.ogg.import[39m[0m
[  57% ] [90m[1msavepack[22m | Storing File: res://.godot/imported/soc_greet_child_high_1.ogg-5972a95f03861dd5302c779d913fa5b5.oggvorbisstr[39m[0m
[  57% ] [90m[1msavepack[22m | Storing File: res://assets/ext/audio/voice/soc_greet_child_high_1.ogg.import[39m[0m
[  57% ] [90m[1msavepack[22m | Storing File: res://.godot/imported/soc_greet_child_high_2.ogg-adddc800c7feb8f078378ba5d29c4d98.oggvorbisstr[39m[0m
[  57% ] [90m[1msavepack[22m | Storing File: res://assets/ext/audio/voice/soc_greet_child_high_2.ogg.import[39m[0m
[  57% ] [90m[1msavepack[22m | Storing File: res://.godot/imported/soc_greet_child_low_1.ogg-5c38690d55c7cb78b968fbb5c15d826c.oggvorbisstr[39m[0m
[  57% ] [90m[1msavepack[22m | Storing File: res://assets/ext/audio/voice/soc_greet_child_low_1.ogg.import[39m[0m
[  57% ] [90m[1msavepack[22m | Storing File: res://.godot/imported/soc_greet_child_low_2.ogg-47ac7cfe2595a3f0bfdc65ba8a6c3608.oggvorbisstr[39m[0m
[  57% ] [90m[1msavepack[22m | Storing File: res://assets/ext/audio/voice/soc_greet_child_low_2.ogg.import[39m[0m
[  57% ] [90m[1msavepack[22m | Storing File: res://.godot/imported/soc_greet_child_mid_1.ogg-7e8640eb98e7bdeb528a5459fea1a3bc.oggvorbisstr[39m[0m
[  57% ] [90m[1msavepack[22m | Storing File: res://assets/ext/audio/voice/soc_greet_child_mid_1.ogg.import[39m[0m
[  57% ] [90m[1msavepack[22m | Storing File: res://.godot/imported/soc_greet_child_mid_2.ogg-64217fe50d3f532e598037519c29595e.oggvorbisstr[39m[0m
[  57% ] [90m[1msavepack[22m | Storing File: res://assets/ext/audio/voice/soc_greet_child_mid_2.ogg.import[39m[0m
[  57% ] [90m[1msavepack[22m | Storing File: res://.godot/imported/soc_greet_child_wanted_1.ogg-c98d88dc76926c23233113d6ea4e3684.oggvorbisstr[39m[0m
[  57% ] [90m[1msavepack[22m | Storing File: res://assets/ext/audio/voice/soc_greet_child_wanted_1.ogg.import[39m[0m
[  57% ] [90m[1msavepack[22m | Storing File: res://.godot/imported/soc_greet_child_wanted_2.ogg-51ac9254a30dad47b1694cd4219c3b7e.oggvorbisstr[39m[0m
[  57% ] [90m[1msavepack[22m | Storing File: res://assets/ext/audio/voice/soc_greet_child_wanted_2.ogg.import[39m[0m
[  57% ] [90m[1msavepack[22m | Storing File: res://.godot/imported/soc_greet_law_high_1.ogg-8b59907c7ef642e3d4850106a9c485ec.oggvorbisstr[39m[0m
[  57% ] [90m[1msavepack[22m | Storing File: res://assets/ext/audio/voice/soc_greet_law_high_1.ogg.import[39m[0m
[  58% ] [90m[1msavepack[22m | Storing File: res://.godot/imported/soc_greet_law_high_2.ogg-c3472eddd31233ce25bf86c6e6976872.oggvorbisstr[39m[0m
[  58% ] [90m[1msavepack[22m | Storing File: res://assets/ext/audio/voice/soc_greet_law_high_2.ogg.import[39m[0m
[  58% ] [90m[1msavepack[22m | Storing File: res://.godot/imported/soc_greet_law_low_1.ogg-983212cb4089a7832d85e2b206b5e2ea.oggvorbisstr[39m[0m
[  58% ] [90m[1msavepack[22m | Storing File: res://assets/ext/audio/voice/soc_greet_law_low_1.ogg.import[39m[0m
[  58% ] [90m[1msavepack[22m | Storing File: res://.godot/imported/soc_greet_law_low_2.ogg-752d49a42e3c022b52c7cd066d08f499.oggvorbisstr[39m[0m
[  58% ] [90m[1msavepack[22m | Storing File: res://assets/ext/audio/voice/soc_greet_law_low_2.ogg.import[39m[0m
[  58% ] [90m[1msavepack[22m | Storing File: res://.godot/imported/soc_greet_law_mid_1.ogg-617dded4c43fd36b16490266136ad8ed.oggvorbisstr[39m[0m
[  58% ] [90m[1msavepack[22m | Storing File: res://assets/ext/audio/voice/soc_greet_law_mid_1.ogg.import[39m[0m
[  58% ] [90m[1msavepack[22m | Storing File: res://.godot/imported/soc_greet_law_mid_2.ogg-43a6a6856f945c087de9612e0a5551b2.oggvorbisstr[39m[0m
[  58% ] [90m[1msavepack[22m | Storing File: res://assets/ext/audio/voice/soc_greet_law_mid_2.ogg.import[39m[0m
[  58% ] [90m[1msavepack[22m | Storing File: res://.godot/imported/soc_greet_law_wanted_1.ogg-ed48d0c12f15e6581b74accc743c01ed.oggvorbisstr[39m[0m
[  58% ] [90m[1msavepack[22m | Storing File: res://assets/ext/audio/voice/soc_greet_law_wanted_1.ogg.import[39m[0m
[  58% ] [90m[1msavepack[22m | Storing File: res://.godot/imported/soc_greet_law_wanted_2.ogg-e8a9464f89a519181060de4f56eb9e03.oggvorbisstr[39m[0m
[  58% ] [90m[1msavepack[22m | Storing File: res://assets/ext/audio/voice/soc_greet_law_wanted_2.ogg.import[39m[0m
[  58% ] [90m[1msavepack[22m | Storing File: res://.godot/imported/soc_greet_rough_high_1.ogg-0cba6bb97321a319604ea29c152a205a.oggvorbisstr[39m[0m
[  58% ] [90m[1msavepack[22m | Storing File: res://assets/ext/audio/voice/soc_greet_rough_high_1.ogg.import[39m[0m
[  58% ] [90m[1msavepack[22m | Storing File: res://.godot/imported/soc_greet_rough_high_2.ogg-9cbf998cc38e6f322279cc7a50a99d2c.oggvorbisstr[39m[0m
[  58% ] [90m[1msavepack[22m | Storing File: res://assets/ext/audio/voice/soc_greet_rough_high_2.ogg.import[39m[0m
[  58% ] [90m[1msavepack[22m | Storing File: res://.godot/imported/soc_greet_rough_low_1.ogg-0aacfc8aea0d1a04330c5363fa1556d7.oggvorbisstr[39m[0m
[  58% ] [90m[1msavepack[22m | Storing File: res://assets/ext/audio/voice/soc_greet_rough_low_1.ogg.import[39m[0m
[  58% ] [90m[1msavepack[22m | Storing File: res://.godot/imported/soc_greet_rough_low_2.ogg-058ef4de6424b04321369ed36f0d0a11.oggvorbisstr[39m[0m
[  58% ] [90m[1msavepack[22m | Storing File: res://assets/ext/audio/voice/soc_greet_rough_low_2.ogg.import[39m[0m
[  58% ] [90m[1msavepack[22m | Storing File: res://.godot/imported/soc_greet_rough_mid_1.ogg-1f05e3d752aca76f3c58164bbe11818a.oggvorbisstr[39m[0m
[  58% ] [90m[1msavepack[22m | Storing File: res://assets/ext/audio/voice/soc_greet_rough_mid_1.ogg.import[39m[0m
[  58% ] [90m[1msavepack[22m | Storing File: res://.godot/imported/soc_greet_rough_mid_2.ogg-154b1c3a909b4ad41862c2ff7c99cbfe.oggvorbisstr[39m[0m
[  58% ] [90m[1msavepack[22m | Storing File: res://assets/ext/audio/voice/soc_greet_rough_mid_2.ogg.import[39m[0m
[  58% ] [90m[1msavepack[22m | Storing File: res://.godot/imported/soc_greet_rough_wanted_1.ogg-913cf5ea34bc6ff8249b6a2edf402799.oggvorbisstr[39m[0m
[  58% ] [90m[1msavepack[22m | Storing File: res://assets/ext/audio/voice/soc_greet_rough_wanted_1.ogg.import[39m[0m
[  58% ] [90m[1msavepack[22m | Storing File: res://.godot/imported/soc_greet_rough_wanted_2.ogg-70e8bfbbc36740e1c46ab0ef0d9cd10c.oggvorbisstr[39m[0m
[  58% ] [90m[1msavepack[22m | Storing File: res://assets/ext/audio/voice/soc_greet_rough_wanted_2.ogg.import[39m[0m
[  58% ] [90m[1msavepack[22m | Storing File: res://.godot/imported/soc_greet_town_high_1.ogg-b9e8d48fb77750500a2ca5745c6e219e.oggvorbisstr[39m[0m
[  58% ] [90m[1msavepack[22m | Storing File: res://assets/ext/audio/voice/soc_greet_town_high_1.ogg.import[39m[0m
[  58% ] [90m[1msavepack[22m | Storing File: res://.godot/imported/soc_greet_town_high_2.ogg-b449740b373b6482de29bb468abedef9.oggvorbisstr[39m[0m
[  58% ] [90m[1msavepack[22m | Storing File: res://assets/ext/audio/voice/soc_greet_town_high_2.ogg.import[39m[0m
[  58% ] [90m[1msavepack[22m | Storing File: res://.godot/imported/soc_greet_town_low_1.ogg-c677fd6cc86fa8a418298f7908416c4c.oggvorbisstr[39m[0m
[  58% ] [90m[1msavepack[22m | Storing File: res://assets/ext/audio/voice/soc_greet_town_low_1.ogg.import[39m[0m
[  58% ] [90m[1msavepack[22m | Storing File: res://.godot/imported/soc_greet_town_low_2.ogg-afc6e44338f25aabe50246c643061c27.oggvorbisstr[39m[0m
[  58% ] [90m[1msavepack[22m | Storing File: res://assets/ext/audio/voice/soc_greet_town_low_2.ogg.import[39m[0m
[  58% ] [90m[1msavepack[22m | Storing File: res://.godot/imported/soc_greet_town_mid_1.ogg-13c84b91a5eb79b297d5fe6e0009abdb.oggvorbisstr[39m[0m
[  58% ] [90m[1msavepack[22m | Storing File: res://assets/ext/audio/voice/soc_greet_town_mid_1.ogg.import[39m[0m
[  58% ] [90m[1msavepack[22m | Storing File: res://.godot/imported/soc_greet_town_mid_2.ogg-b4b195749fbeb6a9db4dc8a2f0aaa66a.oggvorbisstr[39m[0m
[  58% ] [90m[1msavepack[22m | Storing File: res://assets/ext/audio/voice/soc_greet_town_mid_2.ogg.import[39m[0m
[  58% ] [90m[1msavepack[22m | Storing File: res://.godot/imported/soc_greet_town_wanted_1.ogg-5b5052fd39bcc4d6e0ca670a70a68641.oggvorbisstr[39m[0m
[  58% ] [90m[1msavepack[22m | Storing File: res://assets/ext/audio/voice/soc_greet_town_wanted_1.ogg.import[39m[0m
[  58% ] [90m[1msavepack[22m | Storing File: res://.godot/imported/soc_greet_town_wanted_2.ogg-5498b4ae6b1715932c75744b0be5e374.oggvorbisstr[39m[0m
[  58% ] [90m[1msavepack[22m | Storing File: res://assets/ext/audio/voice/soc_greet_town_wanted_2.ogg.import[39m[0m
[  58% ] [90m[1msavepack[22m | Storing File: res://.godot/imported/soc_greet_woman_high_1.ogg-59dc472222487726552ebf16a4ce8ef9.oggvorbisstr[39m[0m
[  58% ] [90m[1msavepack[22m | Storing File: res://assets/ext/audio/voice/soc_greet_woman_high_1.ogg.import[39m[0m
[  58% ] [90m[1msavepack[22m | Storing File: res://.godot/imported/soc_greet_woman_high_2.ogg-aed77a28588b97354d9eee27c5b87ed3.oggvorbisstr[39m[0m
[  58% ] [90m[1msavepack[22m | Storing File: res://assets/ext/audio/voice/soc_greet_woman_high_2.ogg.import[39m[0m
[  58% ] [90m[1msavepack[22m | Storing File: res://.godot/imported/soc_greet_woman_low_1.ogg-901db0b0f7366f4585261cfabf05dfc3.oggvorbisstr[39m[0m
[  58% ] [90m[1msavepack[22m | Storing File: res://assets/ext/audio/voice/soc_greet_woman_low_1.ogg.import[39m[0m
[  58% ] [90m[1msavepack[22m | Storing File: res://.godot/imported/soc_greet_woman_low_2.ogg-7184017c607146cafa81637c3371dd47.oggvorbisstr[39m[0m
[  58% ] [90m[1msavepack[22m | Storing File: res://assets/ext/audio/voice/soc_greet_woman_low_2.ogg.import[39m[0m
[  58% ] [90m[1msavepack[22m | Storing File: res://.godot/imported/soc_greet_woman_mid_1.ogg-0f3551a9ac97262d6e2334127fe9cdc0.oggvorbisstr[39m[0m
[  58% ] [90m[1msavepack[22m | Storing File: res://assets/ext/audio/voice/soc_greet_woman_mid_1.ogg.import[39m[0m
[  58% ] [90m[1msavepack[22m | Storing File: res://.godot/imported/soc_greet_woman_mid_2.ogg-d122141c747149fde3838d287f473706.oggvorbisstr[39m[0m
[  58% ] [90m[1msavepack[22m | Storing File: res://assets/ext/audio/voice/soc_greet_woman_mid_2.ogg.import[39m[0m
[  58% ] [90m[1msavepack[22m | Storing File: res://.godot/imported/soc_greet_woman_wanted_1.ogg-f0e04288c3560c245901d7e3b983259a.oggvorbisstr[39m[0m
[  58% ] [90m[1msavepack[22m | Storing File: res://assets/ext/audio/voice/soc_greet_woman_wanted_1.ogg.import[39m[0m
[  58% ] [90m[1msavepack[22m | Storing File: res://.godot/imported/soc_greet_woman_wanted_2.ogg-b39914fcec3cec97572a4d6a75337db6.oggvorbisstr[39m[0m
[  58% ] [90m[1msavepack[22m | Storing File: res://assets/ext/audio/voice/soc_greet_woman_wanted_2.ogg.import[39m[0m
[  58% ] [90m[1msavepack[22m | Storing File: res://.godot/imported/soc_insult_law_high_1.ogg-f41bbc0a34b40618016bf9c2b1384a25.oggvorbisstr[39m[0m
[  58% ] [90m[1msavepack[22m | Storing File: res://assets/ext/audio/voice/soc_insult_law_high_1.ogg.import[39m[0m
[  58% ] [90m[1msavepack[22m | Storing File: res://.godot/imported/soc_insult_law_high_2.ogg-51a679413f9c08085f953de63400df3c.oggvorbisstr[39m[0m
[  58% ] [90m[1msavepack[22m | Storing File: res://assets/ext/audio/voice/soc_insult_law_high_2.ogg.import[39m[0m
[  58% ] [90m[1msavepack[22m | Storing File: res://.godot/imported/soc_insult_law_low_1.ogg-4f92bb7376863f926b6598407e402f55.oggvorbisstr[39m[0m
[  58% ] [90m[1msavepack[22m | Storing File: res://assets/ext/audio/voice/soc_insult_law_low_1.ogg.import[39m[0m
[  58% ] [90m[1msavepack[22m | Storing File: res://.godot/imported/soc_insult_law_low_2.ogg-fc920bab33d467b97f25b10ffe22c457.oggvorbisstr[39m[0m
[  58% ] [90m[1msavepack[22m | Storing File: res://assets/ext/audio/voice/soc_insult_law_low_2.ogg.import[39m[0m
[  58% ] [90m[1msavepack[22m | Storing File: res://.godot/imported/soc_insult_law_mid_1.ogg-1b42f76efdfd2e1dd0acb5c5585bcf9e.oggvorbisstr[39m[0m
[  58% ] [90m[1msavepack[22m | Storing File: res://assets/ext/audio/voice/soc_insult_law_mid_1.ogg.import[39m[0m
[  59% ] [90m[1msavepack[22m | Storing File: res://.godot/imported/soc_insult_law_mid_2.ogg-1f9488502c8d727bcb251e79ae425143.oggvorbisstr[39m[0m
[  59% ] [90m[1msavepack[22m | Storing File: res://assets/ext/audio/voice/soc_insult_law_mid_2.ogg.import[39m[0m
[  59% ] [90m[1msavepack[22m | Storing File: res://.godot/imported/soc_insult_rough_high_1.ogg-da918f81d4b01468abeb167c78986ced.oggvorbisstr[39m[0m
[  59% ] [90m[1msavepack[22m | Storing File: res://assets/ext/audio/voice/soc_insult_rough_high_1.ogg.import[39m[0m
[  59% ] [90m[1msavepack[22m | Storing File: res://.godot/imported/soc_insult_rough_high_2.ogg-179a7987ccde759ca45f03d7382999ae.oggvorbisstr[39m[0m
[  59% ] [90m[1msavepack[22m | Storing File: res://assets/ext/audio/voice/soc_insult_rough_high_2.ogg.import[39m[0m
[  59% ] [90m[1msavepack[22m | Storing File: res://.godot/imported/soc_insult_rough_low_1.ogg-ea309add330e2885b084d7edce34e897.oggvorbisstr[39m[0m
[  59% ] [90m[1msavepack[22m | Storing File: res://assets/ext/audio/voice/soc_insult_rough_low_1.ogg.import[39m[0m
[  59% ] [90m[1msavepack[22m | Storing File: res://.godot/imported/soc_insult_rough_low_2.ogg-7a6d44af2a5fc8f7498267b85d246d8f.oggvorbisstr[39m[0m
[  59% ] [90m[1msavepack[22m | Storing File: res://assets/ext/audio/voice/soc_insult_rough_low_2.ogg.import[39m[0m
[  59% ] [90m[1msavepack[22m | Storing File: res://.godot/imported/soc_insult_rough_mid_1.ogg-f7159696dd5f73750f5cad6f1ca1e915.oggvorbisstr[39m[0m
[  59% ] [90m[1msavepack[22m | Storing File: res://assets/ext/audio/voice/soc_insult_rough_mid_1.ogg.import[39m[0m
[  59% ] [90m[1msavepack[22m | Storing File: res://.godot/imported/soc_insult_rough_mid_2.ogg-6315b3e9492e3a0ba003dd135044be78.oggvorbisstr[39m[0m
[  59% ] [90m[1msavepack[22m | Storing File: res://assets/ext/audio/voice/soc_insult_rough_mid_2.ogg.import[39m[0m
[  59% ] [90m[1msavepack[22m | Storing File: res://.godot/imported/soc_insult_town_high_1.ogg-f2c24eb25edfc2b4c18b41111d8b78ff.oggvorbisstr[39m[0m
[  59% ] [90m[1msavepack[22m | Storing File: res://assets/ext/audio/voice/soc_insult_town_high_1.ogg.import[39m[0m
[  59% ] [90m[1msavepack[22m | Storing File: res://.godot/imported/soc_insult_town_high_2.ogg-066cf701614a527302a5f75c2cbd6942.oggvorbisstr[39m[0m
[  59% ] [90m[1msavepack[22m | Storing File: res://assets/ext/audio/voice/soc_insult_town_high_2.ogg.import[39m[0m
[  59% ] [90m[1msavepack[22m | Storing File: res://.godot/imported/soc_insult_town_low_1.ogg-5da5d7f6d14530c08a8ffd0cf0af8ebe.oggvorbisstr[39m[0m
[  59% ] [90m[1msavepack[22m | Storing File: res://assets/ext/audio/voice/soc_insult_town_low_1.ogg.import[39m[0m
[  59% ] [90m[1msavepack[22m | Storing File: res://.godot/imported/soc_insult_town_low_2.ogg-963df550e9faae947aac439e10f83259.oggvorbisstr[39m[0m
[  59% ] [90m[1msavepack[22m | Storing File: res://assets/ext/audio/voice/soc_insult_town_low_2.ogg.import[39m[0m
[  59% ] [90m[1msavepack[22m | Storing File: res://.godot/imported/soc_insult_town_mid_1.ogg-b91586d7226fe5c888e3d151afe30417.oggvorbisstr[39m[0m
[  59% ] [90m[1msavepack[22m | Storing File: res://assets/ext/audio/voice/soc_insult_town_mid_1.ogg.import[39m[0m
[  59% ] [90m[1msavepack[22m | Storing File: res://.godot/imported/soc_insult_town_mid_2.ogg-a6a10715154e6a57bb42176e3abf313b.oggvorbisstr[39m[0m
[  59% ] [90m[1msavepack[22m | Storing File: res://assets/ext/audio/voice/soc_insult_town_mid_2.ogg.import[39m[0m
[  59% ] [90m[1msavepack[22m | Storing File: res://.godot/imported/soc_insult_woman_high_1.ogg-9b95c49591f4d132c8b138bd4b339409.oggvorbisstr[39m[0m
[  59% ] [90m[1msavepack[22m | Storing File: res://assets/ext/audio/voice/soc_insult_woman_high_1.ogg.import[39m[0m
[  59% ] [90m[1msavepack[22m | Storing File: res://.godot/imported/soc_insult_woman_high_2.ogg-6e17aafc150198d92b07eb27803122ad.oggvorbisstr[39m[0m
[  59% ] [90m[1msavepack[22m | Storing File: res://assets/ext/audio/voice/soc_insult_woman_high_2.ogg.import[39m[0m
[  59% ] [90m[1msavepack[22m | Storing File: res://.godot/imported/soc_insult_woman_low_1.ogg-276c6974e732f5c1dbf208d9ab1da473.oggvorbisstr[39m[0m
[  59% ] [90m[1msavepack[22m | Storing File: res://assets/ext/audio/voice/soc_insult_woman_low_1.ogg.import[39m[0m
[  59% ] [90m[1msavepack[22m | Storing File: res://.godot/imported/soc_insult_woman_low_2.ogg-8a67cc59b3e3669b1243b87fa17a5b61.oggvorbisstr[39m[0m
[  59% ] [90m[1msavepack[22m | Storing File: res://assets/ext/audio/voice/soc_insult_woman_low_2.ogg.import[39m[0m
[  59% ] [90m[1msavepack[22m | Storing File: res://.godot/imported/soc_insult_woman_mid_1.ogg-6d4a438bdc2819f7d99137ca6db6181b.oggvorbisstr[39m[0m
[  59% ] [90m[1msavepack[22m | Storing File: res://assets/ext/audio/voice/soc_insult_woman_mid_1.ogg.import[39m[0m
[  59% ] [90m[1msavepack[22m | Storing File: res://.godot/imported/soc_insult_woman_mid_2.ogg-b1502030fdcfe9b2fd47438b6c5d84f9.oggvorbisstr[39m[0m
[  59% ] [90m[1msavepack[22m | Storing File: res://assets/ext/audio/voice/soc_insult_woman_mid_2.ogg.import[39m[0m
[  59% ] [90m[1msavepack[22m | Storing File: res://.godot/imported/soc_r_defuse_ruth_low_1.ogg-7fa0425e5f5c81fbecbd3964e0dec170.oggvorbisstr[39m[0m
[  59% ] [90m[1msavepack[22m | Storing File: res://assets/ext/audio/voice/soc_r_defuse_ruth_low_1.ogg.import[39m[0m
[  59% ] [90m[1msavepack[22m | Storing File: res://.godot/imported/soc_r_defuse_ruth_mid_1.ogg-d06b3c41dc0668fc9a65a21edad37b0c.oggvorbisstr[39m[0m
[  59% ] [90m[1msavepack[22m | Storing File: res://assets/ext/audio/voice/soc_r_defuse_ruth_mid_1.ogg.import[39m[0m
[  59% ] [90m[1msavepack[22m | Storing File: res://.godot/imported/soc_r_defuse_ruth_mid_2.ogg-14354af0bcc46ae7edcf18db411c6b1a.oggvorbisstr[39m[0m
[  59% ] [90m[1msavepack[22m | Storing File: res://assets/ext/audio/voice/soc_r_defuse_ruth_mid_2.ogg.import[39m[0m
[  59% ] [90m[1msavepack[22m | Storing File: res://.godot/imported/soc_r_defuse_ruth_mid_3.ogg-fde2a063d7e304ccb762913afa5dbc43.oggvorbisstr[39m[0m
[  59% ] [90m[1msavepack[22m | Storing File: res://assets/ext/audio/voice/soc_r_defuse_ruth_mid_3.ogg.import[39m[0m
[  59% ] [90m[1msavepack[22m | Storing File: res://.godot/imported/soc_r_insult_ruth_low_1.ogg-8be4134aafa385776fddb8f742d547c1.oggvorbisstr[39m[0m
[  59% ] [90m[1msavepack[22m | Storing File: res://assets/ext/audio/voice/soc_r_insult_ruth_low_1.ogg.import[39m[0m
[  59% ] [90m[1msavepack[22m | Storing File: res://.godot/imported/soc_r_insult_ruth_low_2.ogg-4d68b11f11bb173ec0ceada6221a0d86.oggvorbisstr[39m[0m
[  59% ] [90m[1msavepack[22m | Storing File: res://assets/ext/audio/voice/soc_r_insult_ruth_low_2.ogg.import[39m[0m
[  59% ] [90m[1msavepack[22m | Storing File: res://.godot/imported/soc_r_insult_ruth_mid_1.ogg-1050921426de5b62c07b704fc3018441.oggvorbisstr[39m[0m
[  59% ] [90m[1msavepack[22m | Storing File: res://assets/ext/audio/voice/soc_r_insult_ruth_mid_1.ogg.import[39m[0m
[  59% ] [90m[1msavepack[22m | Storing File: res://.godot/imported/soc_r_insult_ruth_mid_2.ogg-6c977522995c37cefa0cea02c7373e9b.oggvorbisstr[39m[0m
[  59% ] [90m[1msavepack[22m | Storing File: res://assets/ext/audio/voice/soc_r_insult_ruth_mid_2.ogg.import[39m[0m
[  59% ] [90m[1msavepack[22m | Storing File: res://.godot/imported/soc_r_insult_ruth_mid_3.ogg-bda0f94865e6bdbf8168ed6cfbc8662a.oggvorbisstr[39m[0m
[  59% ] [90m[1msavepack[22m | Storing File: res://assets/ext/audio/voice/soc_r_insult_ruth_mid_3.ogg.import[39m[0m
[  59% ] [90m[1msavepack[22m | Storing File: res://.godot/imported/soc_r_insult_ruth_mid_4.ogg-e106ef070c4b5ad3ea3a025b76ecf017.oggvorbisstr[39m[0m
[  59% ] [90m[1msavepack[22m | Storing File: res://assets/ext/audio/voice/soc_r_insult_ruth_mid_4.ogg.import[39m[0m
[  59% ] [90m[1msavepack[22m | Storing File: res://.godot/imported/soc_r_shove_ruth_mid_1.ogg-febb58ae9dc1b299b5fd8d352d4e51b6.oggvorbisstr[39m[0m
[  59% ] [90m[1msavepack[22m | Storing File: res://assets/ext/audio/voice/soc_r_shove_ruth_mid_1.ogg.import[39m[0m
[  59% ] [90m[1msavepack[22m | Storing File: res://.godot/imported/soc_r_shove_ruth_mid_2.ogg-c556ac632e3eb414cc364c39fe28fc39.oggvorbisstr[39m[0m
[  59% ] [90m[1msavepack[22m | Storing File: res://assets/ext/audio/voice/soc_r_shove_ruth_mid_2.ogg.import[39m[0m
[  59% ] [90m[1msavepack[22m | Storing File: res://.godot/imported/soc_r_shove_ruth_mid_3.ogg-614a961e9bab3efb36bbbe2675f6e87f.oggvorbisstr[39m[0m
[  59% ] [90m[1msavepack[22m | Storing File: res://assets/ext/audio/voice/soc_r_shove_ruth_mid_3.ogg.import[39m[0m
[  59% ] [90m[1msavepack[22m | Storing File: res://.godot/imported/soc_shove_law_mid_1.ogg-59e6a64940f03853c23a459cc27ca71a.oggvorbisstr[39m[0m
[  59% ] [90m[1msavepack[22m | Storing File: res://assets/ext/audio/voice/soc_shove_law_mid_1.ogg.import[39m[0m
[  59% ] [90m[1msavepack[22m | Storing File: res://.godot/imported/soc_shove_law_mid_2.ogg-36ffabd008bc1b4a5f5484d48b1a9485.oggvorbisstr[39m[0m
[  59% ] [90m[1msavepack[22m | Storing File: res://assets/ext/audio/voice/soc_shove_law_mid_2.ogg.import[39m[0m
[  59% ] [90m[1msavepack[22m | Storing File: res://.godot/imported/soc_shove_rough_mid_1.ogg-556dd604f4078b4f244085c84ee5e284.oggvorbisstr[39m[0m
[  59% ] [90m[1msavepack[22m | Storing File: res://assets/ext/audio/voice/soc_shove_rough_mid_1.ogg.import[39m[0m
[  60% ] [90m[1msavepack[22m | Storing File: res://.godot/imported/soc_shove_rough_mid_2.ogg-9e8879469b25dde7b9d0bb85f336d6cb.oggvorbisstr[39m[0m
[  60% ] [90m[1msavepack[22m | Storing File: res://assets/ext/audio/voice/soc_shove_rough_mid_2.ogg.import[39m[0m
[  60% ] [90m[1msavepack[22m | Storing File: res://.godot/imported/soc_shove_town_mid_1.ogg-2df77b3f1fa93f715db7662d70b6b64f.oggvorbisstr[39m[0m
[  60% ] [90m[1msavepack[22m | Storing File: res://assets/ext/audio/voice/soc_shove_town_mid_1.ogg.import[39m[0m
[  60% ] [90m[1msavepack[22m | Storing File: res://.godot/imported/soc_shove_town_mid_2.ogg-efcb84be5c5079d135660208136baa10.oggvorbisstr[39m[0m
[  60% ] [90m[1msavepack[22m | Storing File: res://assets/ext/audio/voice/soc_shove_town_mid_2.ogg.import[39m[0m
[  60% ] [90m[1msavepack[22m | Storing File: res://.godot/imported/soc_shove_woman_mid_1.ogg-6f54a23ac75ac01e49e67a0b46f7eae0.oggvorbisstr[39m[0m
[  60% ] [90m[1msavepack[22m | Storing File: res://assets/ext/audio/voice/soc_shove_woman_mid_1.ogg.import[39m[0m
[  60% ] [90m[1msavepack[22m | Storing File: res://.godot/imported/soc_shove_woman_mid_2.ogg-dcc2ca0877de1d2be05a6caf7b2890d5.oggvorbisstr[39m[0m
[  60% ] [90m[1msavepack[22m | Storing File: res://assets/ext/audio/voice/soc_shove_woman_mid_2.ogg.import[39m[0m
[  60% ] [90m[1msavepack[22m | Storing File: res://.godot/imported/surrender_yield__man_rough.ogg-1fd9e50d452bb7c6cd32b0bbadee8237.oggvorbisstr[39m[0m
[  60% ] [90m[1msavepack[22m | Storing File: res://assets/ext/audio/voice/surrender_yield__man_rough.ogg.import[39m[0m
[  60% ] [90m[1msavepack[22m | Storing File: res://.godot/imported/surrender_yield__man_young.ogg-05fd73d52deba99aff7a4f6eb4c2213a.oggvorbisstr[39m[0m
[  60% ] [90m[1msavepack[22m | Storing File: res://assets/ext/audio/voice/surrender_yield__man_young.ogg.import[39m[0m
[  60% ] [90m[1msavepack[22m | Storing File: res://.godot/imported/s_car_01.ogg-388ef614c3e6c4f79b7f9d9d0696adba.oggvorbisstr[39m[0m
[  60% ] [90m[1msavepack[22m | Storing File: res://assets/ext/audio/voice/s_car_01.ogg.import[39m[0m
[  60% ] [90m[1msavepack[22m | Storing File: res://.godot/imported/s_car_02.ogg-0b30c772948dcb8f215eab3f87d2c82e.oggvorbisstr[39m[0m
[  60% ] [90m[1msavepack[22m | Storing File: res://assets/ext/audio/voice/s_car_02.ogg.import[39m[0m
[  60% ] [90m[1msavepack[22m | Storing File: res://.godot/imported/s_car_03.ogg-6de7cc5a7e7f54573445bf01c5fb3578.oggvorbisstr[39m[0m
[  60% ] [90m[1msavepack[22m | Storing File: res://assets/ext/audio/voice/s_car_03.ogg.import[39m[0m
[  60% ] [90m[1msavepack[22m | Storing File: res://.godot/imported/s_car_04.ogg-682774d47b94996bb40c1dff73a47041.oggvorbisstr[39m[0m
[  60% ] [90m[1msavepack[22m | Storing File: res://assets/ext/audio/voice/s_car_04.ogg.import[39m[0m
[  60% ] [90m[1msavepack[22m | Storing File: res://.godot/imported/s_car_05.ogg-a2a8230d1ac80f43e7bf28d8a343e214.oggvorbisstr[39m[0m
[  60% ] [90m[1msavepack[22m | Storing File: res://assets/ext/audio/voice/s_car_05.ogg.import[39m[0m
[  60% ] [90m[1msavepack[22m | Storing File: res://.godot/imported/s_car_06.ogg-bb98d244a10a293db22db7f35e6de44c.oggvorbisstr[39m[0m
[  60% ] [90m[1msavepack[22m | Storing File: res://assets/ext/audio/voice/s_car_06.ogg.import[39m[0m
[  60% ] [90m[1msavepack[22m | Storing File: res://.godot/imported/s_car_07.ogg-792c92704694097d5fb7e162c57506d0.oggvorbisstr[39m[0m
[  60% ] [90m[1msavepack[22m | Storing File: res://assets/ext/audio/voice/s_car_07.ogg.import[39m[0m
[  60% ] [90m[1msavepack[22m | Storing File: res://.godot/imported/s_car_08.ogg-216abfd1c64723fa5bdb326fdcf4c661.oggvorbisstr[39m[0m
[  60% ] [90m[1msavepack[22m | Storing File: res://assets/ext/audio/voice/s_car_08.ogg.import[39m[0m
[  60% ] [90m[1msavepack[22m | Storing File: res://.godot/imported/s_car_09.ogg-e26464e8455ae130d07bfd221ef4d8a9.oggvorbisstr[39m[0m
[  60% ] [90m[1msavepack[22m | Storing File: res://assets/ext/audio/voice/s_car_09.ogg.import[39m[0m
[  60% ] [90m[1msavepack[22m | Storing File: res://.godot/imported/s_car_10.ogg-1a4fca0f304a349597fa267f86cfa5fa.oggvorbisstr[39m[0m
[  60% ] [90m[1msavepack[22m | Storing File: res://assets/ext/audio/voice/s_car_10.ogg.import[39m[0m
[  60% ] [90m[1msavepack[22m | Storing File: res://.godot/imported/s_car_11.ogg-037ae6036b754148836c964d0c4202da.oggvorbisstr[39m[0m
[  60% ] [90m[1msavepack[22m | Storing File: res://assets/ext/audio/voice/s_car_11.ogg.import[39m[0m
[  60% ] [90m[1msavepack[22m | Storing File: res://.godot/imported/s_car_12.ogg-692d53bc27e337ad48f3a553e03ca598.oggvorbisstr[39m[0m
[  60% ] [90m[1msavepack[22m | Storing File: res://assets/ext/audio/voice/s_car_12.ogg.import[39m[0m
[  60% ] [90m[1msavepack[22m | Storing File: res://.godot/imported/s_car_13.ogg-71199657dd4356dea27a7091ae07e067.oggvorbisstr[39m[0m
[  60% ] [90m[1msavepack[22m | Storing File: res://assets/ext/audio/voice/s_car_13.ogg.import[39m[0m
[  60% ] [90m[1msavepack[22m | Storing File: res://.godot/imported/s_car_14.ogg-d40fcb549f58bffd3bddf493bfe9ac55.oggvorbisstr[39m[0m
[  60% ] [90m[1msavepack[22m | Storing File: res://assets/ext/audio/voice/s_car_14.ogg.import[39m[0m
[  60% ] [90m[1msavepack[22m | Storing File: res://.godot/imported/s_car_15.ogg-245fde55af3a0241463e4bcf7e62b8cb.oggvorbisstr[39m[0m
[  60% ] [90m[1msavepack[22m | Storing File: res://assets/ext/audio/voice/s_car_15.ogg.import[39m[0m
[  60% ] [90m[1msavepack[22m | Storing File: res://.godot/imported/s_car_16.ogg-3c047132abd7a42afe7a8fb13ff9c756.oggvorbisstr[39m[0m
[  60% ] [90m[1msavepack[22m | Storing File: res://assets/ext/audio/voice/s_car_16.ogg.import[39m[0m
[  60% ] [90m[1msavepack[22m | Storing File: res://.godot/imported/s_car_17.ogg-3fd6be087a2b97912409b6e91e602eb8.oggvorbisstr[39m[0m
[  60% ] [90m[1msavepack[22m | Storing File: res://assets/ext/audio/voice/s_car_17.ogg.import[39m[0m
[  60% ] [90m[1msavepack[22m | Storing File: res://.godot/imported/s_car_18.ogg-b30be04e375dd948db8f98c3a2f7435f.oggvorbisstr[39m[0m
[  60% ] [90m[1msavepack[22m | Storing File: res://assets/ext/audio/voice/s_car_18.ogg.import[39m[0m
[  60% ] [90m[1msavepack[22m | Storing File: res://.godot/imported/s_comet_01.ogg-2941d4dbc77061f88e61b5a3a74db4e3.oggvorbisstr[39m[0m
[  60% ] [90m[1msavepack[22m | Storing File: res://assets/ext/audio/voice/s_comet_01.ogg.import[39m[0m
[  60% ] [90m[1msavepack[22m | Storing File: res://.godot/imported/s_comet_02.ogg-39f7656ea1e42a71417e343b83fd2c77.oggvorbisstr[39m[0m
[  60% ] [90m[1msavepack[22m | Storing File: res://assets/ext/audio/voice/s_comet_02.ogg.import[39m[0m
[  60% ] [90m[1msavepack[22m | Storing File: res://.godot/imported/s_comet_03.ogg-996afbe1aded6243a34e9578e643128d.oggvorbisstr[39m[0m
[  60% ] [90m[1msavepack[22m | Storing File: res://assets/ext/audio/voice/s_comet_03.ogg.import[39m[0m
[  60% ] [90m[1msavepack[22m | Storing File: res://.godot/imported/s_comet_04.ogg-4f3a0edd9e1d840e5380edd27ee05491.oggvorbisstr[39m[0m
[  60% ] [90m[1msavepack[22m | Storing File: res://assets/ext/audio/voice/s_comet_04.ogg.import[39m[0m
[  60% ] [90m[1msavepack[22m | Storing File: res://.godot/imported/s_comet_05.ogg-f84ec1b76eca96507c16edf5a15c6850.oggvorbisstr[39m[0m
[  60% ] [90m[1msavepack[22m | Storing File: res://assets/ext/audio/voice/s_comet_05.ogg.import[39m[0m
[  60% ] [90m[1msavepack[22m | Storing File: res://.godot/imported/s_comet_06.ogg-6f92a97c26a3053cf0a93e7b3845d9ea.oggvorbisstr[39m[0m
[  60% ] [90m[1msavepack[22m | Storing File: res://assets/ext/audio/voice/s_comet_06.ogg.import[39m[0m
[  60% ] [90m[1msavepack[22m | Storing File: res://.godot/imported/s_comet_07.ogg-1907b73ac9472006f1bd809ce5f9ec9b.oggvorbisstr[39m[0m
[  60% ] [90m[1msavepack[22m | Storing File: res://assets/ext/audio/voice/s_comet_07.ogg.import[39m[0m
[  60% ] [90m[1msavepack[22m | Storing File: res://.godot/imported/s_comet_08.ogg-35667126e3f19c8bd2adf328f1753510.oggvorbisstr[39m[0m
[  60% ] [90m[1msavepack[22m | Storing File: res://assets/ext/audio/voice/s_comet_08.ogg.import[39m[0m
[  60% ] [90m[1msavepack[22m | Storing File: res://.godot/imported/s_comet_09.ogg-71bbd589c4a522ca8d0bbf4c7a47ea8e.oggvorbisstr[39m[0m
[  60% ] [90m[1msavepack[22m | Storing File: res://assets/ext/audio/voice/s_comet_09.ogg.import[39m[0m
[  60% ] [90m[1msavepack[22m | Storing File: res://.godot/imported/s_comet_10.ogg-a1b0995bd960e4336df0ce97ed38657f.oggvorbisstr[39m[0m
[  60% ] [90m[1msavepack[22m | Storing File: res://assets/ext/audio/voice/s_comet_10.ogg.import[39m[0m
[  60% ] [90m[1msavepack[22m | Storing File: res://.godot/imported/s_comet_11.ogg-29bbf0599051fa36365d1ad93e335d11.oggvorbisstr[39m[0m
[  60% ] [90m[1msavepack[22m | Storing File: res://assets/ext/audio/voice/s_comet_11.ogg.import[39m[0m
[  61% ] [90m[1msavepack[22m | Storing File: res://.godot/imported/s_comet_12.ogg-ae71ed5a70fb6811a09064c1b31bc346.oggvorbisstr[39m[0m
[  61% ] [90m[1msavepack[22m | Storing File: res://assets/ext/audio/voice/s_comet_12.ogg.import[39m[0m
[  61% ] [90m[1msavepack[22m | Storing File: res://.godot/imported/s_comet_13.ogg-e147c1daf7e6039d970a3cfb70d64adf.oggvorbisstr[39m[0m
[  61% ] [90m[1msavepack[22m | Storing File: res://assets/ext/audio/voice/s_comet_13.ogg.import[39m[0m
[  61% ] [90m[1msavepack[22m | Storing File: res://.godot/imported/s_comet_14.ogg-de55dbd4372da0948e8b9cba73ce4233.oggvorbisstr[39m[0m
[  61% ] [90m[1msavepack[22m | Storing File: res://assets/ext/audio/voice/s_comet_14.ogg.import[39m[0m
[  61% ] [90m[1msavepack[22m | Storing File: res://.godot/imported/s_comet_15.ogg-2914b52ac5d8adb3f794a1ace12d3463.oggvorbisstr[39m[0m
[  61% ] [90m[1msavepack[22m | Storing File: res://assets/ext/audio/voice/s_comet_15.ogg.import[39m[0m
[  61% ] [90m[1msavepack[22m | Storing File: res://.godot/imported/s_det_01.ogg-d2258170b2f12c306ff82801af662535.oggvorbisstr[39m[0m
[  61% ] [90m[1msavepack[22m | Storing File: res://assets/ext/audio/voice/s_det_01.ogg.import[39m[0m
[  61% ] [90m[1msavepack[22m | Storing File: res://.godot/imported/s_det_02.ogg-d2656250f4afddac2b9690a38c07f280.oggvorbisstr[39m[0m
[  61% ] [90m[1msavepack[22m | Storing File: res://assets/ext/audio/voice/s_det_02.ogg.import[39m[0m
[  61% ] [90m[1msavepack[22m | Storing File: res://.godot/imported/s_det_03.ogg-6f88ec9587099cf0281f105a57be9c65.oggvorbisstr[39m[0m
[  61% ] [90m[1msavepack[22m | Storing File: res://assets/ext/audio/voice/s_det_03.ogg.import[39m[0m
[  61% ] [90m[1msavepack[22m | Storing File: res://.godot/imported/s_det_04.ogg-28fcf0c0a6018d9e925d723d030637a5.oggvorbisstr[39m[0m
[  61% ] [90m[1msavepack[22m | Storing File: res://assets/ext/audio/voice/s_det_04.ogg.import[39m[0m
[  61% ] [90m[1msavepack[22m | Storing File: res://.godot/imported/s_det_05.ogg-2fa7a5cec4b3106cd42d8d1bffeb4907.oggvorbisstr[39m[0m
[  61% ] [90m[1msavepack[22m | Storing File: res://assets/ext/audio/voice/s_det_05.ogg.import[39m[0m
[  61% ] [90m[1msavepack[22m | Storing File: res://.godot/imported/s_det_06.ogg-05298366fe3674b9eba033269188fafe.oggvorbisstr[39m[0m
[  61% ] [90m[1msavepack[22m | Storing File: res://assets/ext/audio/voice/s_det_06.ogg.import[39m[0m
[  61% ] [90m[1msavepack[22m | Storing File: res://.godot/imported/s_det_07.ogg-d36feafc8484916815a251b3fecbe31d.oggvorbisstr[39m[0m
[  61% ] [90m[1msavepack[22m | Storing File: res://assets/ext/audio/voice/s_det_07.ogg.import[39m[0m
[  61% ] [90m[1msavepack[22m | Storing File: res://.godot/imported/s_det_08.ogg-db75bc13a8768af372d59078b786a4c9.oggvorbisstr[39m[0m
[  61% ] [90m[1msavepack[22m | Storing File: res://assets/ext/audio/voice/s_det_08.ogg.import[39m[0m
[  61% ] [90m[1msavepack[22m | Storing File: res://.godot/imported/s_det_09.ogg-300cbe0f4f2176a106d24f276b505974.oggvorbisstr[39m[0m
[  61% ] [90m[1msavepack[22m | Storing File: res://assets/ext/audio/voice/s_det_09.ogg.import[39m[0m
[  61% ] [90m[1msavepack[22m | Storing File: res://.godot/imported/s_det_10.ogg-fbf8c57fd2417cadc6ee5492a300a5d7.oggvorbisstr[39m[0m
[  61% ] [90m[1msavepack[22m | Storing File: res://assets/ext/audio/voice/s_det_10.ogg.import[39m[0m
[  61% ] [90m[1msavepack[22m | Storing File: res://.godot/imported/s_det_11.ogg-e97953f3ffac01b19a19e99e8e77328e.oggvorbisstr[39m[0m
[  61% ] [90m[1msavepack[22m | Storing File: res://assets/ext/audio/voice/s_det_11.ogg.import[39m[0m
[  61% ] [90m[1msavepack[22m | Storing File: res://.godot/imported/s_det_12.ogg-e04a761dfcd80dd57aeecb9711cafe2f.oggvorbisstr[39m[0m
[  61% ] [90m[1msavepack[22m | Storing File: res://assets/ext/audio/voice/s_det_12.ogg.import[39m[0m
[  61% ] [90m[1msavepack[22m | Storing File: res://.godot/imported/s_det_13.ogg-f300e4453cb5f322ca8c6470a921bdf6.oggvorbisstr[39m[0m
[  61% ] [90m[1msavepack[22m | Storing File: res://assets/ext/audio/voice/s_det_13.ogg.import[39m[0m
[  61% ] [90m[1msavepack[22m | Storing File: res://.godot/imported/s_det_14.ogg-19bde3ddbf799d942cab7b63fc5a6ede.oggvorbisstr[39m[0m
[  61% ] [90m[1msavepack[22m | Storing File: res://assets/ext/audio/voice/s_det_14.ogg.import[39m[0m
[  61% ] [90m[1msavepack[22m | Storing File: res://.godot/imported/s_det_15.ogg-adcad92eb362b56b5e9490ce1a03f578.oggvorbisstr[39m[0m
[  61% ] [90m[1msavepack[22m | Storing File: res://assets/ext/audio/voice/s_det_15.ogg.import[39m[0m
[  61% ] [90m[1msavepack[22m | Storing File: res://.godot/imported/s_herd_01.ogg-729997050fe624c3e7c1afd295fe3ba5.oggvorbisstr[39m[0m
[  61% ] [90m[1msavepack[22m | Storing File: res://assets/ext/audio/voice/s_herd_01.ogg.import[39m[0m
[  61% ] [90m[1msavepack[22m | Storing File: res://.godot/imported/s_herd_02.ogg-863ee6fe410f70c7f9329cd0b2406e85.oggvorbisstr[39m[0m
[  61% ] [90m[1msavepack[22m | Storing File: res://assets/ext/audio/voice/s_herd_02.ogg.import[39m[0m
[  61% ] [90m[1msavepack[22m | Storing File: res://.godot/imported/s_herd_03.ogg-9b2d129b6b1b02995d178905891fb55f.oggvorbisstr[39m[0m
[  61% ] [90m[1msavepack[22m | Storing File: res://assets/ext/audio/voice/s_herd_03.ogg.import[39m[0m
[  61% ] [90m[1msavepack[22m | Storing File: res://.godot/imported/s_herd_04.ogg-8bfd4bfcc7993d57dde7f545c5f43287.oggvorbisstr[39m[0m
[  61% ] [90m[1msavepack[22m | Storing File: res://assets/ext/audio/voice/s_herd_04.ogg.import[39m[0m
[  61% ] [90m[1msavepack[22m | Storing File: res://.godot/imported/s_herd_05.ogg-5aa0806ab05aa1219884a2abac80beab.oggvorbisstr[39m[0m
[  61% ] [90m[1msavepack[22m | Storing File: res://assets/ext/audio/voice/s_herd_05.ogg.import[39m[0m
[  61% ] [90m[1msavepack[22m | Storing File: res://.godot/imported/s_herd_06.ogg-10fd8454c2da9f8e1e9fcf37e54fefca.oggvorbisstr[39m[0m
[  61% ] [90m[1msavepack[22m | Storing File: res://assets/ext/audio/voice/s_herd_06.ogg.import[39m[0m
[  61% ] [90m[1msavepack[22m | Storing File: res://.godot/imported/s_herd_07.ogg-b33e72d4cef426b36f3dad97a210af41.oggvorbisstr[39m[0m
[  61% ] [90m[1msavepack[22m | Storing File: res://assets/ext/audio/voice/s_herd_07.ogg.import[39m[0m
[  61% ] [90m[1msavepack[22m | Storing File: res://.godot/imported/s_herd_08.ogg-fd69fcdb3e9a0ce96b9f98e25bb70b37.oggvorbisstr[39m[0m
[  61% ] [90m[1msavepack[22m | Storing File: res://assets/ext/audio/voice/s_herd_08.ogg.import[39m[0m
[  61% ] [90m[1msavepack[22m | Storing File: res://.godot/imported/s_herd_09.ogg-48125a34f3cc85b66149f13c096864ab.oggvorbisstr[39m[0m
[  61% ] [90m[1msavepack[22m | Storing File: res://assets/ext/audio/voice/s_herd_09.ogg.import[39m[0m
[  61% ] [90m[1msavepack[22m | Storing File: res://.godot/imported/s_herd_10.ogg-25e8f39ca1099a01b17129fc654b46b1.oggvorbisstr[39m[0m
[  61% ] [90m[1msavepack[22m | Storing File: res://assets/ext/audio/voice/s_herd_10.ogg.import[39m[0m
[  61% ] [90m[1msavepack[22m | Storing File: res://.godot/imported/s_herd_11.ogg-35ed292e2dd67afe3879c10845dc465a.oggvorbisstr[39m[0m
[  61% ] [90m[1msavepack[22m | Storing File: res://assets/ext/audio/voice/s_herd_11.ogg.import[39m[0m
[  61% ] [90m[1msavepack[22m | Storing File: res://.godot/imported/s_herd_12.ogg-fefbc87045e4435be85af373868a07a0.oggvorbisstr[39m[0m
[  61% ] [90m[1msavepack[22m | Storing File: res://assets/ext/audio/voice/s_herd_12.ogg.import[39m[0m
[  61% ] [90m[1msavepack[22m | Storing File: res://.godot/imported/s_herd_13.ogg-293c6454994bcb1264ac0f9aaf59348a.oggvorbisstr[39m[0m
[  61% ] [90m[1msavepack[22m | Storing File: res://assets/ext/audio/voice/s_herd_13.ogg.import[39m[0m
[  61% ] [90m[1msavepack[22m | Storing File: res://.godot/imported/s_herd_14.ogg-21777413aabdefebf320e42d66a7b996.oggvorbisstr[39m[0m
[  61% ] [90m[1msavepack[22m | Storing File: res://assets/ext/audio/voice/s_herd_14.ogg.import[39m[0m
[  61% ] [90m[1msavepack[22m | Storing File: res://.godot/imported/s_herd_15.ogg-595ed871b9d686ec7ae2020eb9a0a450.oggvorbisstr[39m[0m
[  61% ] [90m[1msavepack[22m | Storing File: res://assets/ext/audio/voice/s_herd_15.ogg.import[39m[0m
[  61% ] [90m[1msavepack[22m | Storing File: res://.godot/imported/s_herd_16.ogg-1d3c3fc2d9901d455ad6f5a6f74b9e25.oggvorbisstr[39m[0m
[  61% ] [90m[1msavepack[22m | Storing File: res://assets/ext/audio/voice/s_herd_16.ogg.import[39m[0m
[  61% ] [90m[1msavepack[22m | Storing File: res://.godot/imported/s_herd_17.ogg-8b3dc3d0372b45e8aada05abfdc8c639.oggvorbisstr[39m[0m
[  61% ] [90m[1msavepack[22m | Storing File: res://assets/ext/audio/voice/s_herd_17.ogg.import[39m[0m
[  62% ] [90m[1msavepack[22m | Storing File: res://.godot/imported/s_herd_18.ogg-7f722ceec660a1bcae4c22b4097b739e.oggvorbisstr[39m[0m
[  62% ] [90m[1msavepack[22m | Storing File: res://assets/ext/audio/voice/s_herd_18.ogg.import[39m[0m
[  62% ] [90m[1msavepack[22m | Storing File: res://.godot/imported/s_marvel_01.ogg-292904d2770a6a39433d5bfc216d8bee.oggvorbisstr[39m[0m
[  62% ] [90m[1msavepack[22m | Storing File: res://assets/ext/audio/voice/s_marvel_01.ogg.import[39m[0m
[  62% ] [90m[1msavepack[22m | Storing File: res://.godot/imported/s_marvel_02.ogg-d6235743c8e6afe634bb45b45599caa8.oggvorbisstr[39m[0m
[  62% ] [90m[1msavepack[22m | Storing File: res://assets/ext/audio/voice/s_marvel_02.ogg.import[39m[0m
[  62% ] [90m[1msavepack[22m | Storing File: res://.godot/imported/s_marvel_03.ogg-be71e8e500cbe880332d7b2dccbff45a.oggvorbisstr[39m[0m
[  62% ] [90m[1msavepack[22m | Storing File: res://assets/ext/audio/voice/s_marvel_03.ogg.import[39m[0m
[  62% ] [90m[1msavepack[22m | Storing File: res://.godot/imported/s_marvel_04.ogg-b06f8e7e6541f60f3da5a51b38a432d2.oggvorbisstr[39m[0m
[  62% ] [90m[1msavepack[22m | Storing File: res://assets/ext/audio/voice/s_marvel_04.ogg.import[39m[0m
[  62% ] [90m[1msavepack[22m | Storing File: res://.godot/imported/s_marvel_05.ogg-0a0e92bd838fdb8d97f929adb203b493.oggvorbisstr[39m[0m
[  62% ] [90m[1msavepack[22m | Storing File: res://assets/ext/audio/voice/s_marvel_05.ogg.import[39m[0m
[  62% ] [90m[1msavepack[22m | Storing File: res://.godot/imported/s_marvel_06.ogg-c87cae2746546fb0ec73ba3270b050cf.oggvorbisstr[39m[0m
[  62% ] [90m[1msavepack[22m | Storing File: res://assets/ext/audio/voice/s_marvel_06.ogg.import[39m[0m
[  62% ] [90m[1msavepack[22m | Storing File: res://.godot/imported/s_marvel_07.ogg-25606e50262c7913ac83a36070fe4c28.oggvorbisstr[39m[0m
[  62% ] [90m[1msavepack[22m | Storing File: res://assets/ext/audio/voice/s_marvel_07.ogg.import[39m[0m
[  62% ] [90m[1msavepack[22m | Storing File: res://.godot/imported/s_marvel_08.ogg-b697a057df965aba2e5395bbdb2ddfb0.oggvorbisstr[39m[0m
[  62% ] [90m[1msavepack[22m | Storing File: res://assets/ext/audio/voice/s_marvel_08.ogg.import[39m[0m
[  62% ] [90m[1msavepack[22m | Storing File: res://.godot/imported/s_marvel_09.ogg-ec53476f26b5db04565f455763ce93fe.oggvorbisstr[39m[0m
[  62% ] [90m[1msavepack[22m | Storing File: res://assets/ext/audio/voice/s_marvel_09.ogg.import[39m[0m
[  62% ] [90m[1msavepack[22m | Storing File: res://.godot/imported/s_marvel_10.ogg-d8243ae076dc9ae27907e7bfdedbc6d4.oggvorbisstr[39m[0m
[  62% ] [90m[1msavepack[22m | Storing File: res://assets/ext/audio/voice/s_marvel_10.ogg.import[39m[0m
[  62% ] [90m[1msavepack[22m | Storing File: res://.godot/imported/s_marvel_11.ogg-11bcadc508e0d1c483d028d5298f6436.oggvorbisstr[39m[0m
[  62% ] [90m[1msavepack[22m | Storing File: res://assets/ext/audio/voice/s_marvel_11.ogg.import[39m[0m
[  62% ] [90m[1msavepack[22m | Storing File: res://.godot/imported/s_marvel_12.ogg-49060beb93f3995a3b69c1db2bd845c0.oggvorbisstr[39m[0m
[  62% ] [90m[1msavepack[22m | Storing File: res://assets/ext/audio/voice/s_marvel_12.ogg.import[39m[0m
[  62% ] [90m[1msavepack[22m | Storing File: res://.godot/imported/s_marvel_13.ogg-794e43cd5d688d9385fef2f842a80efa.oggvorbisstr[39m[0m
[  62% ] [90m[1msavepack[22m | Storing File: res://assets/ext/audio/voice/s_marvel_13.ogg.import[39m[0m
[  62% ] [90m[1msavepack[22m | Storing File: res://.godot/imported/s_marvel_14.ogg-4b4400bcb057bffda443ec7817ad5673.oggvorbisstr[39m[0m
[  62% ] [90m[1msavepack[22m | Storing File: res://assets/ext/audio/voice/s_marvel_14.ogg.import[39m[0m
[  62% ] [90m[1msavepack[22m | Storing File: res://.godot/imported/s_marvel_15.ogg-cef7d6079412e50035924ac09a3061f9.oggvorbisstr[39m[0m
[  62% ] [90m[1msavepack[22m | Storing File: res://assets/ext/audio/voice/s_marvel_15.ogg.import[39m[0m
[  62% ] [90m[1msavepack[22m | Storing File: res://.godot/imported/s_news_01.ogg-6b89d72869f3fe11ec1ed289cb45a725.oggvorbisstr[39m[0m
[  62% ] [90m[1msavepack[22m | Storing File: res://assets/ext/audio/voice/s_news_01.ogg.import[39m[0m
[  62% ] [90m[1msavepack[22m | Storing File: res://.godot/imported/s_news_02.ogg-e74f8e04ee5abda18a3cca6767742f1a.oggvorbisstr[39m[0m
[  62% ] [90m[1msavepack[22m | Storing File: res://assets/ext/audio/voice/s_news_02.ogg.import[39m[0m
[  62% ] [90m[1msavepack[22m | Storing File: res://.godot/imported/s_news_03.ogg-142cf0d1e8787945c0f574f4fd14b296.oggvorbisstr[39m[0m
[  62% ] [90m[1msavepack[22m | Storing File: res://assets/ext/audio/voice/s_news_03.ogg.import[39m[0m
[  62% ] [90m[1msavepack[22m | Storing File: res://.godot/imported/s_news_04.ogg-d464ec42afcd577dff21997d2799a270.oggvorbisstr[39m[0m
[  62% ] [90m[1msavepack[22m | Storing File: res://assets/ext/audio/voice/s_news_04.ogg.import[39m[0m
[  62% ] [90m[1msavepack[22m | Storing File: res://.godot/imported/s_news_05.ogg-533a7ddb6ef8f191d0168425b0cb7f16.oggvorbisstr[39m[0m
[  62% ] [90m[1msavepack[22m | Storing File: res://assets/ext/audio/voice/s_news_05.ogg.import[39m[0m
[  62% ] [90m[1msavepack[22m | Storing File: res://.godot/imported/s_news_06.ogg-ba4f9a45a46e54f4a3d4addab1d3326a.oggvorbisstr[39m[0m
[  62% ] [90m[1msavepack[22m | Storing File: res://assets/ext/audio/voice/s_news_06.ogg.import[39m[0m
[  62% ] [90m[1msavepack[22m | Storing File: res://.godot/imported/s_news_07.ogg-fd7e19a4f84837448e08e4d60f849d84.oggvorbisstr[39m[0m
[  62% ] [90m[1msavepack[22m | Storing File: res://assets/ext/audio/voice/s_news_07.ogg.import[39m[0m
[  62% ] [90m[1msavepack[22m | Storing File: res://.godot/imported/s_news_08.ogg-7ce0a5af5e4cb0b61182afe358f04305.oggvorbisstr[39m[0m
[  62% ] [90m[1msavepack[22m | Storing File: res://assets/ext/audio/voice/s_news_08.ogg.import[39m[0m
[  62% ] [90m[1msavepack[22m | Storing File: res://.godot/imported/s_news_09.ogg-e464c396ecf948bd1980f2967b8ba778.oggvorbisstr[39m[0m
[  62% ] [90m[1msavepack[22m | Storing File: res://assets/ext/audio/voice/s_news_09.ogg.import[39m[0m
[  62% ] [90m[1msavepack[22m | Storing File: res://.godot/imported/s_news_10.ogg-2cd754fe1da7381bb7c7b43b6a4e7d96.oggvorbisstr[39m[0m
[  62% ] [90m[1msavepack[22m | Storing File: res://assets/ext/audio/voice/s_news_10.ogg.import[39m[0m
[  62% ] [90m[1msavepack[22m | Storing File: res://.godot/imported/s_news_11.ogg-47163b3498014851f1a638d564a275bd.oggvorbisstr[39m[0m
[  62% ] [90m[1msavepack[22m | Storing File: res://assets/ext/audio/voice/s_news_11.ogg.import[39m[0m
[  62% ] [90m[1msavepack[22m | Storing File: res://.godot/imported/s_news_12.ogg-b371dc74cde62498b683fa5dd8e41d41.oggvorbisstr[39m[0m
[  62% ] [90m[1msavepack[22m | Storing File: res://assets/ext/audio/voice/s_news_12.ogg.import[39m[0m
[  62% ] [90m[1msavepack[22m | Storing File: res://.godot/imported/s_news_13.ogg-a19f0e17266e15967a6b32773298de57.oggvorbisstr[39m[0m
[  62% ] [90m[1msavepack[22m | Storing File: res://assets/ext/audio/voice/s_news_13.ogg.import[39m[0m
[  62% ] [90m[1msavepack[22m | Storing File: res://.godot/imported/s_news_14.ogg-b081235cd025d1eaa378392b68da4b30.oggvorbisstr[39m[0m
[  62% ] [90m[1msavepack[22m | Storing File: res://assets/ext/audio/voice/s_news_14.ogg.import[39m[0m
[  62% ] [90m[1msavepack[22m | Storing File: res://.godot/imported/s_news_15.ogg-2153d2457a512d6becf8c153681cedfd.oggvorbisstr[39m[0m
[  62% ] [90m[1msavepack[22m | Storing File: res://assets/ext/audio/voice/s_news_15.ogg.import[39m[0m
[  62% ] [90m[1msavepack[22m | Storing File: res://.godot/imported/s_news_16.ogg-d547bffb600a3f1bf4520890a5d0ed9b.oggvorbisstr[39m[0m
[  62% ] [90m[1msavepack[22m | Storing File: res://assets/ext/audio/voice/s_news_16.ogg.import[39m[0m
[  62% ] [90m[1msavepack[22m | Storing File: res://.godot/imported/s_photo_01.ogg-3167f33c2009a4deac2b78f4ac41505f.oggvorbisstr[39m[0m
[  62% ] [90m[1msavepack[22m | Storing File: res://assets/ext/audio/voice/s_photo_01.ogg.import[39m[0m
[  62% ] [90m[1msavepack[22m | Storing File: res://.godot/imported/s_photo_02.ogg-3a10a62ee7f70d545ab132ebb95fb947.oggvorbisstr[39m[0m
[  62% ] [90m[1msavepack[22m | Storing File: res://assets/ext/audio/voice/s_photo_02.ogg.import[39m[0m
[  62% ] [90m[1msavepack[22m | Storing File: res://.godot/imported/s_photo_03.ogg-e9e2e99114503776091c30ff007c406e.oggvorbisstr[39m[0m
[  62% ] [90m[1msavepack[22m | Storing File: res://assets/ext/audio/voice/s_photo_03.ogg.import[39m[0m
[  63% ] [90m[1msavepack[22m | Storing File: res://.godot/imported/s_photo_04.ogg-8823d5549d0ac9aaef7f44195a291ef9.oggvorbisstr[39m[0m
[  63% ] [90m[1msavepack[22m | Storing File: res://assets/ext/audio/voice/s_photo_04.ogg.import[39m[0m
[  63% ] [90m[1msavepack[22m | Storing File: res://.godot/imported/s_photo_05.ogg-a3b7dff5e770381ace4ec45c47ee4a97.oggvorbisstr[39m[0m
[  63% ] [90m[1msavepack[22m | Storing File: res://assets/ext/audio/voice/s_photo_05.ogg.import[39m[0m
[  63% ] [90m[1msavepack[22m | Storing File: res://.godot/imported/s_photo_06.ogg-4308fa787c6c3cd8597c4caf3e7b7d8d.oggvorbisstr[39m[0m
[  63% ] [90m[1msavepack[22m | Storing File: res://assets/ext/audio/voice/s_photo_06.ogg.import[39m[0m
[  63% ] [90m[1msavepack[22m | Storing File: res://.godot/imported/s_photo_07.ogg-05c64297b7cadd052461ec0bbc4d65b3.oggvorbisstr[39m[0m
[  63% ] [90m[1msavepack[22m | Storing File: res://assets/ext/audio/voice/s_photo_07.ogg.import[39m[0m
[  63% ] [90m[1msavepack[22m | Storing File: res://.godot/imported/s_photo_08.ogg-00ec16b09863153eac65dfd42f7f3cce.oggvorbisstr[39m[0m
[  63% ] [90m[1msavepack[22m | Storing File: res://assets/ext/audio/voice/s_photo_08.ogg.import[39m[0m
[  63% ] [90m[1msavepack[22m | Storing File: res://.godot/imported/s_photo_09.ogg-0b091b1084def27b825aa572b355dd7a.oggvorbisstr[39m[0m
[  63% ] [90m[1msavepack[22m | Storing File: res://assets/ext/audio/voice/s_photo_09.ogg.import[39m[0m
[  63% ] [90m[1msavepack[22m | Storing File: res://.godot/imported/s_photo_10.ogg-9512c53dc69fa8b589293680ade4946c.oggvorbisstr[39m[0m
[  63% ] [90m[1msavepack[22m | Storing File: res://assets/ext/audio/voice/s_photo_10.ogg.import[39m[0m
[  63% ] [90m[1msavepack[22m | Storing File: res://.godot/imported/s_photo_11.ogg-7b814152ac15588b2b2e2d851c852451.oggvorbisstr[39m[0m
[  63% ] [90m[1msavepack[22m | Storing File: res://assets/ext/audio/voice/s_photo_11.ogg.import[39m[0m
[  63% ] [90m[1msavepack[22m | Storing File: res://.godot/imported/s_photo_12.ogg-c25aaed2164f80498b468daf0988dd2b.oggvorbisstr[39m[0m
[  63% ] [90m[1msavepack[22m | Storing File: res://assets/ext/audio/voice/s_photo_12.ogg.import[39m[0m
[  63% ] [90m[1msavepack[22m | Storing File: res://.godot/imported/s_photo_13.ogg-336b8431ec5269da281ebfe30bf23e10.oggvorbisstr[39m[0m
[  63% ] [90m[1msavepack[22m | Storing File: res://assets/ext/audio/voice/s_photo_13.ogg.import[39m[0m
[  63% ] [90m[1msavepack[22m | Storing File: res://.godot/imported/s_photo_14.ogg-eb81ca7e0329601aa02c84c6a4a0577f.oggvorbisstr[39m[0m
[  63% ] [90m[1msavepack[22m | Storing File: res://assets/ext/audio/voice/s_photo_14.ogg.import[39m[0m
[  63% ] [90m[1msavepack[22m | Storing File: res://.godot/imported/s_photo_15.ogg-f641a9d0d0026da549a01b31466d3f3b.oggvorbisstr[39m[0m
[  63% ] [90m[1msavepack[22m | Storing File: res://assets/ext/audio/voice/s_photo_15.ogg.import[39m[0m
[  63% ] [90m[1msavepack[22m | Storing File: res://.godot/imported/s_photo_16.ogg-c7e67a66b585b1764c1ee0bae3efb071.oggvorbisstr[39m[0m
[  63% ] [90m[1msavepack[22m | Storing File: res://assets/ext/audio/voice/s_photo_16.ogg.import[39m[0m
[  63% ] [90m[1msavepack[22m | Storing File: res://.godot/imported/s_pledge_01.ogg-ec0f26f2acd37ed675a1f27f6dd91a4d.oggvorbisstr[39m[0m
[  63% ] [90m[1msavepack[22m | Storing File: res://assets/ext/audio/voice/s_pledge_01.ogg.import[39m[0m
[  63% ] [90m[1msavepack[22m | Storing File: res://.godot/imported/s_pledge_02.ogg-2391ee7f7b1529b2d153fad11b583c00.oggvorbisstr[39m[0m
[  63% ] [90m[1msavepack[22m | Storing File: res://assets/ext/audio/voice/s_pledge_02.ogg.import[39m[0m
[  63% ] [90m[1msavepack[22m | Storing File: res://.godot/imported/s_pledge_03.ogg-1871f202a11cd61b83d526b257b02ca8.oggvorbisstr[39m[0m
[  63% ] [90m[1msavepack[22m | Storing File: res://assets/ext/audio/voice/s_pledge_03.ogg.import[39m[0m
[  63% ] [90m[1msavepack[22m | Storing File: res://.godot/imported/s_pledge_04.ogg-b068eff90665255674b54b7236c22c3b.oggvorbisstr[39m[0m
[  63% ] [90m[1msavepack[22m | Storing File: res://assets/ext/audio/voice/s_pledge_04.ogg.import[39m[0m
[  63% ] [90m[1msavepack[22m | Storing File: res://.godot/imported/s_pledge_05.ogg-add587c4374b6bec461a389565e5c5c3.oggvorbisstr[39m[0m
[  63% ] [90m[1msavepack[22m | Storing File: res://assets/ext/audio/voice/s_pledge_05.ogg.import[39m[0m
[  63% ] [90m[1msavepack[22m | Storing File: res://.godot/imported/s_pledge_06.ogg-d41170cf8f05b294c5e12a350d9d36f2.oggvorbisstr[39m[0m
[  63% ] [90m[1msavepack[22m | Storing File: res://assets/ext/audio/voice/s_pledge_06.ogg.import[39m[0m
[  63% ] [90m[1msavepack[22m | Storing File: res://.godot/imported/s_pledge_07.ogg-a925d0fc85b7cf1b18cc27e22ae2fc89.oggvorbisstr[39m[0m
[  63% ] [90m[1msavepack[22m | Storing File: res://assets/ext/audio/voice/s_pledge_07.ogg.import[39m[0m
[  63% ] [90m[1msavepack[22m | Storing File: res://.godot/imported/s_pledge_08.ogg-b7a4afefe844ec3945e220e87863dd22.oggvorbisstr[39m[0m
[  63% ] [90m[1msavepack[22m | Storing File: res://assets/ext/audio/voice/s_pledge_08.ogg.import[39m[0m
[  63% ] [90m[1msavepack[22m | Storing File: res://.godot/imported/s_pledge_09.ogg-1665077fa492d57f8631b293377d65b4.oggvorbisstr[39m[0m
[  63% ] [90m[1msavepack[22m | Storing File: res://assets/ext/audio/voice/s_pledge_09.ogg.import[39m[0m
[  63% ] [90m[1msavepack[22m | Storing File: res://.godot/imported/s_pledge_10.ogg-9f35bdbcbc7fc026c2d50abbe3f78dd5.oggvorbisstr[39m[0m
[  63% ] [90m[1msavepack[22m | Storing File: res://assets/ext/audio/voice/s_pledge_10.ogg.import[39m[0m
[  63% ] [90m[1msavepack[22m | Storing File: res://.godot/imported/s_pledge_11.ogg-68c5c0534ee522cb493f5c3826369d7e.oggvorbisstr[39m[0m
[  63% ] [90m[1msavepack[22m | Storing File: res://assets/ext/audio/voice/s_pledge_11.ogg.import[39m[0m
[  63% ] [90m[1msavepack[22m | Storing File: res://.godot/imported/s_pledge_12.ogg-b8659f527c39b0b40bcbc9a0fda3e474.oggvorbisstr[39m[0m
[  63% ] [90m[1msavepack[22m | Storing File: res://assets/ext/audio/voice/s_pledge_12.ogg.import[39m[0m
[  63% ] [90m[1msavepack[22m | Storing File: res://.godot/imported/s_pledge_13.ogg-8cb1c58488af289b672a4dd604088c83.oggvorbisstr[39m[0m
[  63% ] [90m[1msavepack[22m | Storing File: res://assets/ext/audio/voice/s_pledge_13.ogg.import[39m[0m
[  63% ] [90m[1msavepack[22m | Storing File: res://.godot/imported/s_pledge_14.ogg-1e2180f4f1a778aae6c014e4c8c6ce59.oggvorbisstr[39m[0m
[  63% ] [90m[1msavepack[22m | Storing File: res://assets/ext/audio/voice/s_pledge_14.ogg.import[39m[0m
[  63% ] [90m[1msavepack[22m | Storing File: res://.godot/imported/s_pledge_15.ogg-53026194a742b21e8cb6dec3995657ff.oggvorbisstr[39m[0m
[  63% ] [90m[1msavepack[22m | Storing File: res://assets/ext/audio/voice/s_pledge_15.ogg.import[39m[0m
[  63% ] [90m[1msavepack[22m | Storing File: res://.godot/imported/s_pledge_16.ogg-711e1334573cfadeefc7a0196a114b38.oggvorbisstr[39m[0m
[  63% ] [90m[1msavepack[22m | Storing File: res://assets/ext/audio/voice/s_pledge_16.ogg.import[39m[0m
[  63% ] [90m[1msavepack[22m | Storing File: res://.godot/imported/s_skull_01.ogg-6d8b313467ccb515482399875a108336.oggvorbisstr[39m[0m
[  63% ] [90m[1msavepack[22m | Storing File: res://assets/ext/audio/voice/s_skull_01.ogg.import[39m[0m
[  63% ] [90m[1msavepack[22m | Storing File: res://.godot/imported/s_skull_02.ogg-953f156e4b57d238633882657a32cc9f.oggvorbisstr[39m[0m
[  63% ] [90m[1msavepack[22m | Storing File: res://assets/ext/audio/voice/s_skull_02.ogg.import[39m[0m
[  63% ] [90m[1msavepack[22m | Storing File: res://.godot/imported/s_skull_03.ogg-fec14f232edc76ef6095ecb85785d573.oggvorbisstr[39m[0m
[  63% ] [90m[1msavepack[22m | Storing File: res://assets/ext/audio/voice/s_skull_03.ogg.import[39m[0m
[  63% ] [90m[1msavepack[22m | Storing File: res://.godot/imported/s_skull_04.ogg-6666c6c51d36c79574925aac7c1cd895.oggvorbisstr[39m[0m
[  63% ] [90m[1msavepack[22m | Storing File: res://assets/ext/audio/voice/s_skull_04.ogg.import[39m[0m
[  63% ] [90m[1msavepack[22m | Storing File: res://.godot/imported/s_skull_05.ogg-177c51f3283e4f279b6ca9b6e91010ba.oggvorbisstr[39m[0m
[  63% ] [90m[1msavepack[22m | Storing File: res://assets/ext/audio/voice/s_skull_05.ogg.import[39m[0m
[  63% ] [90m[1msavepack[22m | Storing File: res://.godot/imported/s_skull_06.ogg-47f4b5509d4cd336bb2c276e34b1ee10.oggvorbisstr[39m[0m
[  63% ] [90m[1msavepack[22m | Storing File: res://assets/ext/audio/voice/s_skull_06.ogg.import[39m[0m
[  63% ] [90m[1msavepack[22m | Storing File: res://.godot/imported/s_skull_07.ogg-610940378b5ca70dc73fce7fe2b5642b.oggvorbisstr[39m[0m
[  63% ] [90m[1msavepack[22m | Storing File: res://assets/ext/audio/voice/s_skull_07.ogg.import[39m[0m
[  64% ] [90m[1msavepack[22m | Storing File: res://.godot/imported/s_skull_08.ogg-bac0bdee448b0cb141808abc5453bbe3.oggvorbisstr[39m[0m
[  64% ] [90m[1msavepack[22m | Storing File: res://assets/ext/audio/voice/s_skull_08.ogg.import[39m[0m
[  64% ] [90m[1msavepack[22m | Storing File: res://.godot/imported/s_skull_09.ogg-ad0f0b864d66c4c931d49714df0006f4.oggvorbisstr[39m[0m
[  64% ] [90m[1msavepack[22m | Storing File: res://assets/ext/audio/voice/s_skull_09.ogg.import[39m[0m
[  64% ] [90m[1msavepack[22m | Storing File: res://.godot/imported/s_skull_10.ogg-2ac683bce31f581def6c0ce7ccff56d0.oggvorbisstr[39m[0m
[  64% ] [90m[1msavepack[22m | Storing File: res://assets/ext/audio/voice/s_skull_10.ogg.import[39m[0m
[  64% ] [90m[1msavepack[22m | Storing File: res://.godot/imported/s_skull_11.ogg-119872ec03c21ef1b8f3f8d2cbfac499.oggvorbisstr[39m[0m
[  64% ] [90m[1msavepack[22m | Storing File: res://assets/ext/audio/voice/s_skull_11.ogg.import[39m[0m
[  64% ] [90m[1msavepack[22m | Storing File: res://.godot/imported/s_skull_12.ogg-e01636bb25c1599299d177b84a9f852d.oggvorbisstr[39m[0m
[  64% ] [90m[1msavepack[22m | Storing File: res://assets/ext/audio/voice/s_skull_12.ogg.import[39m[0m
[  64% ] [90m[1msavepack[22m | Storing File: res://.godot/imported/s_skull_13.ogg-de5f10517bae6b8571e5186a943c3178.oggvorbisstr[39m[0m
[  64% ] [90m[1msavepack[22m | Storing File: res://assets/ext/audio/voice/s_skull_13.ogg.import[39m[0m
[  64% ] [90m[1msavepack[22m | Storing File: res://.godot/imported/s_skull_14.ogg-c893abfb5a8fad03bd2ab952f6500f53.oggvorbisstr[39m[0m
[  64% ] [90m[1msavepack[22m | Storing File: res://assets/ext/audio/voice/s_skull_14.ogg.import[39m[0m
[  64% ] [90m[1msavepack[22m | Storing File: res://.godot/imported/s_skull_15.ogg-32e36f52e5a01019b82565d33e562c14.oggvorbisstr[39m[0m
[  64% ] [90m[1msavepack[22m | Storing File: res://assets/ext/audio/voice/s_skull_15.ogg.import[39m[0m
[  64% ] [90m[1msavepack[22m | Storing File: res://.godot/imported/s_skull_16.ogg-bfd59e33586ae16c365f335c442de234.oggvorbisstr[39m[0m
[  64% ] [90m[1msavepack[22m | Storing File: res://assets/ext/audio/voice/s_skull_16.ogg.import[39m[0m
[  64% ] [90m[1msavepack[22m | Storing File: res://.godot/imported/s_survey_01.ogg-90f907dc27f4a5bfdb2e0f8dcee15f4f.oggvorbisstr[39m[0m
[  64% ] [90m[1msavepack[22m | Storing File: res://assets/ext/audio/voice/s_survey_01.ogg.import[39m[0m
[  64% ] [90m[1msavepack[22m | Storing File: res://.godot/imported/s_survey_02.ogg-6e5fc3fdf7f736b3a92662a8cc3c3bcf.oggvorbisstr[39m[0m
[  64% ] [90m[1msavepack[22m | Storing File: res://assets/ext/audio/voice/s_survey_02.ogg.import[39m[0m
[  64% ] [90m[1msavepack[22m | Storing File: res://.godot/imported/s_survey_03.ogg-20da1d2a8bc9314a89e8f17dcd4fe4fb.oggvorbisstr[39m[0m
[  64% ] [90m[1msavepack[22m | Storing File: res://assets/ext/audio/voice/s_survey_03.ogg.import[39m[0m
[  64% ] [90m[1msavepack[22m | Storing File: res://.godot/imported/s_survey_04.ogg-88058d421610d9f7e86eb3271b40ed4f.oggvorbisstr[39m[0m
[  64% ] [90m[1msavepack[22m | Storing File: res://assets/ext/audio/voice/s_survey_04.ogg.import[39m[0m
[  64% ] [90m[1msavepack[22m | Storing File: res://.godot/imported/s_survey_05.ogg-f79e86a876dc32a5a7732f5214dbfe30.oggvorbisstr[39m[0m
[  64% ] [90m[1msavepack[22m | Storing File: res://assets/ext/audio/voice/s_survey_05.ogg.import[39m[0m
[  64% ] [90m[1msavepack[22m | Storing File: res://.godot/imported/s_survey_06.ogg-61aa2f1d2ee494b8284d8cb56e8d5055.oggvorbisstr[39m[0m
[  64% ] [90m[1msavepack[22m | Storing File: res://assets/ext/audio/voice/s_survey_06.ogg.import[39m[0m
[  64% ] [90m[1msavepack[22m | Storing File: res://.godot/imported/s_survey_07.ogg-9330ff279b6b2248c40932799beeffaf.oggvorbisstr[39m[0m
[  64% ] [90m[1msavepack[22m | Storing File: res://assets/ext/audio/voice/s_survey_07.ogg.import[39m[0m
[  64% ] [90m[1msavepack[22m | Storing File: res://.godot/imported/s_survey_08.ogg-f7704f38babebc7971291eed0a3a5709.oggvorbisstr[39m[0m
[  64% ] [90m[1msavepack[22m | Storing File: res://assets/ext/audio/voice/s_survey_08.ogg.import[39m[0m
[  64% ] [90m[1msavepack[22m | Storing File: res://.godot/imported/s_survey_09.ogg-e99d7538d3d84db7175c6a3cfe73d3cc.oggvorbisstr[39m[0m
[  64% ] [90m[1msavepack[22m | Storing File: res://assets/ext/audio/voice/s_survey_09.ogg.import[39m[0m
[  64% ] [90m[1msavepack[22m | Storing File: res://.godot/imported/s_survey_10.ogg-ed50c53faf93d3d2f030628e9b38d976.oggvorbisstr[39m[0m
[  64% ] [90m[1msavepack[22m | Storing File: res://assets/ext/audio/voice/s_survey_10.ogg.import[39m[0m
[  64% ] [90m[1msavepack[22m | Storing File: res://.godot/imported/s_survey_11.ogg-53eb1a4416e6a060a41a1d459d8ec9de.oggvorbisstr[39m[0m
[  64% ] [90m[1msavepack[22m | Storing File: res://assets/ext/audio/voice/s_survey_11.ogg.import[39m[0m
[  64% ] [90m[1msavepack[22m | Storing File: res://.godot/imported/s_survey_12.ogg-8df577b960f8277e58236a004dfa832f.oggvorbisstr[39m[0m
[  64% ] [90m[1msavepack[22m | Storing File: res://assets/ext/audio/voice/s_survey_12.ogg.import[39m[0m
[  64% ] [90m[1msavepack[22m | Storing File: res://.godot/imported/s_survey_13.ogg-a0286d0726f0e7a3cc7ebf22bb2d3cfc.oggvorbisstr[39m[0m
[  64% ] [90m[1msavepack[22m | Storing File: res://assets/ext/audio/voice/s_survey_13.ogg.import[39m[0m
[  64% ] [90m[1msavepack[22m | Storing File: res://.godot/imported/s_survey_14.ogg-5fbea8846740c345e1c43eb09a2c19af.oggvorbisstr[39m[0m
[  64% ] [90m[1msavepack[22m | Storing File: res://assets/ext/audio/voice/s_survey_14.ogg.import[39m[0m
[  64% ] [90m[1msavepack[22m | Storing File: res://.godot/imported/s_survey_15.ogg-1762669e1a8bd82dd6bb3fa0aa090e46.oggvorbisstr[39m[0m
[  64% ] [90m[1msavepack[22m | Storing File: res://assets/ext/audio/voice/s_survey_15.ogg.import[39m[0m
[  64% ] [90m[1msavepack[22m | Storing File: res://.godot/imported/s_survey_16.ogg-7fcf78cd1b240846dd42abf7bb55b7cb.oggvorbisstr[39m[0m
[  64% ] [90m[1msavepack[22m | Storing File: res://assets/ext/audio/voice/s_survey_16.ogg.import[39m[0m
[  64% ] [90m[1msavepack[22m | Storing File: res://.godot/imported/threat_last__lawman.ogg-f4c1204c2239814c81adde138447c717.oggvorbisstr[39m[0m
[  64% ] [90m[1msavepack[22m | Storing File: res://assets/ext/audio/voice/threat_last__lawman.ogg.import[39m[0m
[  64% ] [90m[1msavepack[22m | Storing File: res://.godot/imported/threat_last__man_rough.ogg-85c763ec9ad5de606e76fd3744b9a1b7.oggvorbisstr[39m[0m
[  64% ] [90m[1msavepack[22m | Storing File: res://assets/ext/audio/voice/threat_last__man_rough.ogg.import[39m[0m
[  64% ] [90m[1msavepack[22m | Storing File: res://.godot/imported/threat_regret__man_rough.ogg-1347d9f1724d7b056d67374253826b44.oggvorbisstr[39m[0m
[  64% ] [90m[1msavepack[22m | Storing File: res://assets/ext/audio/voice/threat_regret__man_rough.ogg.import[39m[0m
[  64% ] [90m[1msavepack[22m | Storing File: res://.godot/imported/threat_regret__man_young.ogg-7e49ff5b41e94ac5de9fe7c90920b8d6.oggvorbisstr[39m[0m
[  64% ] [90m[1msavepack[22m | Storing File: res://assets/ext/audio/voice/threat_regret__man_young.ogg.import[39m[0m
[  64% ] [90m[1msavepack[22m | Storing File: res://.godot/imported/threat_walk__lawman.ogg-df208c30bd6217b4580d34181f1a5137.oggvorbisstr[39m[0m
[  64% ] [90m[1msavepack[22m | Storing File: res://assets/ext/audio/voice/threat_walk__lawman.ogg.import[39m[0m
[  64% ] [90m[1msavepack[22m | Storing File: res://.godot/imported/threat_walk__man_rough.ogg-459e7f2b37fc78d577a0e295efaf970a.oggvorbisstr[39m[0m
[  64% ] [90m[1msavepack[22m | Storing File: res://assets/ext/audio/voice/threat_walk__man_rough.ogg.import[39m[0m
[  64% ] [90m[1msavepack[22m | Storing File: res://.godot/imported/weather_rain__man_old.ogg-a005623ee821cbdd9ca1315ee234b92f.oggvorbisstr[39m[0m
[  64% ] [90m[1msavepack[22m | Storing File: res://assets/ext/audio/voice/weather_rain__man_old.ogg.import[39m[0m
[  64% ] [90m[1msavepack[22m | Storing File: res://.godot/imported/weather_rain__man_town.ogg-8d43bc88c16c490bb19b89b6164d086d.oggvorbisstr[39m[0m
[  64% ] [90m[1msavepack[22m | Storing File: res://assets/ext/audio/voice/weather_rain__man_town.ogg.import[39m[0m
[  64% ] [90m[1msavepack[22m | Storing File: res://.godot/imported/weather_rain__woman_old.ogg-43c0fd82d73e16919bb07131daa95503.oggvorbisstr[39m[0m
[  64% ] [90m[1msavepack[22m | Storing File: res://assets/ext/audio/voice/weather_rain__woman_old.ogg.import[39m[0m
[  64% ] [90m[1msavepack[22m | Storing File: res://assets/ext/audio/LICENSES_AUDIO.json[39m[0m
[  65% ] [90m[1msavepack[22m | Storing File: res://assets/ext/audio/manifest.json[39m[0m
[  65% ] [90m[1msavepack[22m | Storing File: res://assets/ext/audio/report.json[39m[0m
[  65% ] [90m[1msavepack[22m | Storing File: res://.godot/imported/animations.glb-805771d81cd24cb2da7967ee1fe54b24.scn[39m[0m
[  65% ] [90m[1msavepack[22m | Storing File: res://assets/ext/characters/animations.glb.import[39m[0m
[  65% ] [90m[1msavepack[22m | Storing File: res://assets/ext/characters/animations.json[39m[0m
[  65% ] [90m[1msavepack[22m | Storing File: res://assets/ext/characters/characters.json[39m[0m
[  65% ] [90m[1msavepack[22m | Storing File: res://assets/ext/characters/LICENSES.json[39m[0m
[  65% ] [90m[1msavepack[22m | Storing File: res://.godot/imported/npc_000.glb-1b5b9998877d49e3b4cbb2ef8e5f2fd7.scn[39m[0m
[  65% ] [90m[1msavepack[22m | Storing File: res://assets/ext/characters/npc_000.glb.import[39m[0m
[  65% ] [90m[1msavepack[22m | Storing File: res://assets/ext/characters/npc_000.spec.json[39m[0m
[  65% ] [90m[1msavepack[22m | Storing File: res://.godot/imported/npc_000_beard_strands_v6_80_dd6daa64bb118466.png-2f33c55a881c2f96379e43c56652cf1d.s3tc.ctex[39m[0m
[  65% ] [90m[1msavepack[22m | Storing File: res://assets/ext/characters/npc_000_beard_strands_v6_80_dd6daa64bb118466.png.import[39m[0m
[  65% ] [90m[1msavepack[22m | Storing File: res://.godot/imported/npc_000_eyebrow008_ed3a9d88256f93e6.png-846fd3612fa1702267e77cc83dfeaaf0.s3tc.ctex[39m[0m
[  65% ] [90m[1msavepack[22m | Storing File: res://assets/ext/characters/npc_000_eyebrow008_ed3a9d88256f93e6.png.import[39m[0m
[  65% ] [90m[1msavepack[22m | Storing File: res://.godot/imported/npc_000_eyelashes02_538849d40a7d25e7.png-83e80ea13002f4d406e32c762ecf5b91.s3tc.ctex[39m[0m
[  65% ] [90m[1msavepack[22m | Storing File: res://assets/ext/characters/npc_000_eyelashes02_538849d40a7d25e7.png.import[39m[0m
[  65% ] [90m[1msavepack[22m | Storing File: res://.godot/imported/npc_000_green_eye_09f2287a8dca2f43.png-f864913b06004f00e0d52d955f99d0a4.s3tc.ctex[39m[0m
[  65% ] [90m[1msavepack[22m | Storing File: res://assets/ext/characters/npc_000_green_eye_09f2287a8dca2f43.png.import[39m[0m
[  65% ] [90m[1msavepack[22m | Storing File: res://.godot/imported/npc_000_middleage_lightskinned_male_diffuse_c7873ea1d869e207.jpg-0e0eee4b2d9cdc4878215518f6706554.s3tc.ctex[39m[0m
[  65% ] [90m[1msavepack[22m | Storing File: res://assets/ext/characters/npc_000_middleage_lightskinned_male_diffuse_c7873ea1d869e207.jpg.import[39m[0m
[  65% ] [90m[1msavepack[22m | Storing File: res://.godot/imported/npc_000_shoes03_diffuse_5285475e3006abad.jpg-38682d6f8e4db0dd15274d24239ab40b.s3tc.ctex[39m[0m
[  65% ] [90m[1msavepack[22m | Storing File: res://assets/ext/characters/npc_000_shoes03_diffuse_5285475e3006abad.jpg.import[39m[0m
[  65% ] [90m[1msavepack[22m | Storing File: res://.godot/imported/npc_000_short01_diffuse_772ed02b66617ae1.png-5db1652b2f38d8821f3fa2305eeeacd2.s3tc.ctex[39m[0m
[  65% ] [90m[1msavepack[22m | Storing File: res://assets/ext/characters/npc_000_short01_diffuse_772ed02b66617ae1.png.import[39m[0m
[  65% ] [90m[1msavepack[22m | Storing File: res://.godot/imported/npc_000_teeth_0f6dae334ed4c5c5.png-936d4ebee8bdd8365fd24707fa507e79.s3tc.ctex[39m[0m
[  65% ] [90m[1msavepack[22m | Storing File: res://assets/ext/characters/npc_000_teeth_0f6dae334ed4c5c5.png.import[39m[0m
[  65% ] [90m[1msavepack[22m | Storing File: res://.godot/imported/npc_000_tongue01_diffuse_c71e798676e6af5d.jpg-bd1d0d3a77f7f31047021377239ae1eb.s3tc.ctex[39m[0m
[  65% ] [90m[1msavepack[22m | Storing File: res://assets/ext/characters/npc_000_tongue01_diffuse_c71e798676e6af5d.jpg.import[39m[0m
[  65% ] [90m[1msavepack[22m | Storing File: res://.godot/imported/npc_001.glb-420a1bbb0737cbda0d60d62c479fe0ef.scn[39m[0m
[  65% ] [90m[1msavepack[22m | Storing File: res://assets/ext/characters/npc_001.glb.import[39m[0m
[  65% ] [90m[1msavepack[22m | Storing File: res://assets/ext/characters/npc_001.spec.json[39m[0m
[  65% ] [90m[1msavepack[22m | Storing File: res://.godot/imported/npc_001_beard_strands_v6_80_dd6daa64bb118466.png-19cbb22d2fee3a97e89a807829d1f70a.s3tc.ctex[39m[0m
[  65% ] [90m[1msavepack[22m | Storing File: res://assets/ext/characters/npc_001_beard_strands_v6_80_dd6daa64bb118466.png.import[39m[0m
[  65% ] [90m[1msavepack[22m | Storing File: res://.godot/imported/npc_001_eyebrow008_ed3a9d88256f93e6.png-44efec71017e1fabb4bffa606184378f.s3tc.ctex[39m[0m
[  65% ] [90m[1msavepack[22m | Storing File: res://assets/ext/characters/npc_001_eyebrow008_ed3a9d88256f93e6.png.import[39m[0m
[  65% ] [90m[1msavepack[22m | Storing File: res://.godot/imported/npc_001_eyelashes01_5fb9b06b9281023b.png-537b9afa03e170b7abccd57f0bf09c77.s3tc.ctex[39m[0m
[  65% ] [90m[1msavepack[22m | Storing File: res://assets/ext/characters/npc_001_eyelashes01_5fb9b06b9281023b.png.import[39m[0m
[  65% ] [90m[1msavepack[22m | Storing File: res://.godot/imported/npc_001_green_eye_09f2287a8dca2f43.png-53a20ff3143421653e31327c9c4a1a88.s3tc.ctex[39m[0m
[  65% ] [90m[1msavepack[22m | Storing File: res://assets/ext/characters/npc_001_green_eye_09f2287a8dca2f43.png.import[39m[0m
[  65% ] [90m[1msavepack[22m | Storing File: res://.godot/imported/npc_001_shoes03_diffuse_5285475e3006abad.jpg-1e550c53c53787660051d54dfff568ac.s3tc.ctex[39m[0m
[  65% ] [90m[1msavepack[22m | Storing File: res://assets/ext/characters/npc_001_shoes03_diffuse_5285475e3006abad.jpg.import[39m[0m
[  65% ] [90m[1msavepack[22m | Storing File: res://.godot/imported/npc_001_short02_diffuse_c989903ce78a364c.png-c28e1585150075e7871fde82e94d210f.s3tc.ctex[39m[0m
[  65% ] [90m[1msavepack[22m | Storing File: res://assets/ext/characters/npc_001_short02_diffuse_c989903ce78a364c.png.import[39m[0m
[  65% ] [90m[1msavepack[22m | Storing File: res://.godot/imported/npc_001_teeth_0f6dae334ed4c5c5.png-ca77e3af49927e19991ac348ed8a948b.s3tc.ctex[39m[0m
[  65% ] [90m[1msavepack[22m | Storing File: res://assets/ext/characters/npc_001_teeth_0f6dae334ed4c5c5.png.import[39m[0m
[  65% ] [90m[1msavepack[22m | Storing File: res://.godot/imported/npc_001_tongue01_diffuse_c71e798676e6af5d.jpg-ca6d6be1df04d72da9577a051dc61e18.s3tc.ctex[39m[0m
[  65% ] [90m[1msavepack[22m | Storing File: res://assets/ext/characters/npc_001_tongue01_diffuse_c71e798676e6af5d.jpg.import[39m[0m
[  65% ] [90m[1msavepack[22m | Storing File: res://.godot/imported/npc_001_young_lightskinned_male_diffuse_a663699840e9d24a.jpg-542356e73233c97f93e24b69c5375e19.s3tc.ctex[39m[0m
[  65% ] [90m[1msavepack[22m | Storing File: res://assets/ext/characters/npc_001_young_lightskinned_male_diffuse_a663699840e9d24a.jpg.import[39m[0m
[  65% ] [90m[1msavepack[22m | Storing File: res://.godot/imported/npc_002.glb-879a6498406c5524eba685b4e1cd477e.scn[39m[0m
[  65% ] [90m[1msavepack[22m | Storing File: res://assets/ext/characters/npc_002.glb.import[39m[0m
[  65% ] [90m[1msavepack[22m | Storing File: res://assets/ext/characters/npc_002.spec.json[39m[0m
[  65% ] [90m[1msavepack[22m | Storing File: res://.godot/imported/npc_002_beard_strands_v6_80_dd6daa64bb118466.png-67ae28adad4d36a18a3002abf537d0f3.s3tc.ctex[39m[0m
[  65% ] [90m[1msavepack[22m | Storing File: res://assets/ext/characters/npc_002_beard_strands_v6_80_dd6daa64bb118466.png.import[39m[0m
[  65% ] [90m[1msavepack[22m | Storing File: res://.godot/imported/npc_002_eyebrow006_ad9596739f709294.png-a36e3697d612a71e0cb8ed1c72bf9953.s3tc.ctex[39m[0m
[  65% ] [90m[1msavepack[22m | Storing File: res://assets/ext/characters/npc_002_eyebrow006_ad9596739f709294.png.import[39m[0m
[  65% ] [90m[1msavepack[22m | Storing File: res://.godot/imported/npc_002_eyelashes02_538849d40a7d25e7.png-6419f0b8b96743f800d0edae901869b6.s3tc.ctex[39m[0m
[  65% ] [90m[1msavepack[22m | Storing File: res://assets/ext/characters/npc_002_eyelashes02_538849d40a7d25e7.png.import[39m[0m
[  65% ] [90m[1msavepack[22m | Storing File: res://.godot/imported/npc_002_green_eye_09f2287a8dca2f43.png-79a158ed4626bf5a3af9dbe923382e6d.s3tc.ctex[39m[0m
[  65% ] [90m[1msavepack[22m | Storing File: res://assets/ext/characters/npc_002_green_eye_09f2287a8dca2f43.png.import[39m[0m
[  65% ] [90m[1msavepack[22m | Storing File: res://.godot/imported/npc_002_shoes03_diffuse_5285475e3006abad.jpg-290e66e4b7f706a9f7976019e6b83933.s3tc.ctex[39m[0m
[  65% ] [90m[1msavepack[22m | Storing File: res://assets/ext/characters/npc_002_shoes03_diffuse_5285475e3006abad.jpg.import[39m[0m
[  65% ] [90m[1msavepack[22m | Storing File: res://.godot/imported/npc_002_short01_diffuse_772ed02b66617ae1.png-bad1893c16a4e579f9a0ee0171f5ea0c.s3tc.ctex[39m[0m
[  65% ] [90m[1msavepack[22m | Storing File: res://assets/ext/characters/npc_002_short01_diffuse_772ed02b66617ae1.png.import[39m[0m
[  66% ] [90m[1msavepack[22m | Storing File: res://.godot/imported/npc_002_teeth_0f6dae334ed4c5c5.png-475a3e67145851b004141d739bd3a2c2.s3tc.ctex[39m[0m
[  66% ] [90m[1msavepack[22m | Storing File: res://assets/ext/characters/npc_002_teeth_0f6dae334ed4c5c5.png.import[39m[0m
[  66% ] [90m[1msavepack[22m | Storing File: res://.godot/imported/npc_002_tongue01_diffuse_c71e798676e6af5d.jpg-79aacfad911ad6e1319d83b78d6b5ced.s3tc.ctex[39m[0m
[  66% ] [90m[1msavepack[22m | Storing File: res://assets/ext/characters/npc_002_tongue01_diffuse_c71e798676e6af5d.jpg.import[39m[0m
[  66% ] [90m[1msavepack[22m | Storing File: res://.godot/imported/npc_002_young_lightskinned_male_diffuse_a663699840e9d24a.jpg-ead98c7cba0778361c4a7e2d1e8e12df.s3tc.ctex[39m[0m
[  66% ] [90m[1msavepack[22m | Storing File: res://assets/ext/characters/npc_002_young_lightskinned_male_diffuse_a663699840e9d24a.jpg.import[39m[0m
[  66% ] [90m[1msavepack[22m | Storing File: res://.godot/imported/npc_003.glb-934750acea75f3a8507de860ea99e76e.scn[39m[0m
[  66% ] [90m[1msavepack[22m | Storing File: res://assets/ext/characters/npc_003.glb.import[39m[0m
[  66% ] [90m[1msavepack[22m | Storing File: res://assets/ext/characters/npc_003.spec.json[39m[0m
[  66% ] [90m[1msavepack[22m | Storing File: res://.godot/imported/npc_003_beard_strands_v6_80_dd6daa64bb118466.png-b7508a502112f71406384d91b82f1628.s3tc.ctex[39m[0m
[  66% ] [90m[1msavepack[22m | Storing File: res://assets/ext/characters/npc_003_beard_strands_v6_80_dd6daa64bb118466.png.import[39m[0m
[  66% ] [90m[1msavepack[22m | Storing File: res://.godot/imported/npc_003_brownlight_eye_2b220ad5018d8429.png-963e4c409b06ace7c6347ed542bf3563.s3tc.ctex[39m[0m
[  66% ] [90m[1msavepack[22m | Storing File: res://assets/ext/characters/npc_003_brownlight_eye_2b220ad5018d8429.png.import[39m[0m
[  66% ] [90m[1msavepack[22m | Storing File: res://.godot/imported/npc_003_eyebrow001_4038d0791734a8b7.png-61bd7fdbc6a2449f7ed382d5111fee5c.s3tc.ctex[39m[0m
[  66% ] [90m[1msavepack[22m | Storing File: res://assets/ext/characters/npc_003_eyebrow001_4038d0791734a8b7.png.import[39m[0m
[  66% ] [90m[1msavepack[22m | Storing File: res://.godot/imported/npc_003_eyelashes01_5fb9b06b9281023b.png-59120dd518afeaa23c903ec51edfe928.s3tc.ctex[39m[0m
[  66% ] [90m[1msavepack[22m | Storing File: res://assets/ext/characters/npc_003_eyelashes01_5fb9b06b9281023b.png.import[39m[0m
[  66% ] [90m[1msavepack[22m | Storing File: res://.godot/imported/npc_003_shoes03_diffuse_5285475e3006abad.jpg-820c4e48667498d107ed8cf233dede6d.s3tc.ctex[39m[0m
[  66% ] [90m[1msavepack[22m | Storing File: res://assets/ext/characters/npc_003_shoes03_diffuse_5285475e3006abad.jpg.import[39m[0m
[  66% ] [90m[1msavepack[22m | Storing File: res://.godot/imported/npc_003_short04_diffuse_047a424d55c6b9ff.png-a45b293e8ae924ed644eeb47270c8942.s3tc.ctex[39m[0m
[  66% ] [90m[1msavepack[22m | Storing File: res://assets/ext/characters/npc_003_short04_diffuse_047a424d55c6b9ff.png.import[39m[0m
[  66% ] [90m[1msavepack[22m | Storing File: res://.godot/imported/npc_003_teeth_0f6dae334ed4c5c5.png-c5e4a34f7feef9930666c26a01f744a5.s3tc.ctex[39m[0m
[  66% ] [90m[1msavepack[22m | Storing File: res://assets/ext/characters/npc_003_teeth_0f6dae334ed4c5c5.png.import[39m[0m
[  66% ] [90m[1msavepack[22m | Storing File: res://.godot/imported/npc_003_tongue01_diffuse_c71e798676e6af5d.jpg-8969ef2ee1dbc6ef405cfb7908dd5f4b.s3tc.ctex[39m[0m
[  66% ] [90m[1msavepack[22m | Storing File: res://assets/ext/characters/npc_003_tongue01_diffuse_c71e798676e6af5d.jpg.import[39m[0m
[  66% ] [90m[1msavepack[22m | Storing File: res://.godot/imported/npc_003_young_darkskinned_male_diffuse_c8eb03c44559dbdf.jpg-3a55365d2bb7789f432f553aaafcccb6.s3tc.ctex[39m[0m
[  66% ] [90m[1msavepack[22m | Storing File: res://assets/ext/characters/npc_003_young_darkskinned_male_diffuse_c8eb03c44559dbdf.jpg.import[39m[0m
[  66% ] [90m[1msavepack[22m | Storing File: res://.godot/imported/npc_004.glb-57016e458edd750b5f65d3fadabf6b59.scn[39m[0m
[  66% ] [90m[1msavepack[22m | Storing File: res://assets/ext/characters/npc_004.glb.import[39m[0m
[  66% ] [90m[1msavepack[22m | Storing File: res://assets/ext/characters/npc_004.spec.json[39m[0m
[  66% ] [90m[1msavepack[22m | Storing File: res://.godot/imported/npc_004_beard_strands_v6_80_dd6daa64bb118466.png-f6c3673c7e838b0f8b6826bbefdd9a47.s3tc.ctex[39m[0m
[  66% ] [90m[1msavepack[22m | Storing File: res://assets/ext/characters/npc_004_beard_strands_v6_80_dd6daa64bb118466.png.import[39m[0m
[  66% ] [90m[1msavepack[22m | Storing File: res://.godot/imported/npc_004_eyebrow004_6efbb89cfcc113e7.png-776d0c4c169c8536d983e32a00f0175d.s3tc.ctex[39m[0m
[  66% ] [90m[1msavepack[22m | Storing File: res://assets/ext/characters/npc_004_eyebrow004_6efbb89cfcc113e7.png.import[39m[0m
[  66% ] [90m[1msavepack[22m | Storing File: res://.godot/imported/npc_004_eyelashes02_538849d40a7d25e7.png-4a6ada8a4a41a6b147ee5dc56964a6b6.s3tc.ctex[39m[0m
[  66% ] [90m[1msavepack[22m | Storing File: res://assets/ext/characters/npc_004_eyelashes02_538849d40a7d25e7.png.import[39m[0m
[  66% ] [90m[1msavepack[22m | Storing File: res://.godot/imported/npc_004_lightblue_eye_0f986e3c6be61c48.png-174c7f15e8995957fd400fe448b1b2f0.s3tc.ctex[39m[0m
[  66% ] [90m[1msavepack[22m | Storing File: res://assets/ext/characters/npc_004_lightblue_eye_0f986e3c6be61c48.png.import[39m[0m
[  66% ] [90m[1msavepack[22m | Storing File: res://.godot/imported/npc_004_shoes03_diffuse_5285475e3006abad.jpg-a954a82d3c0e904ce1b437de00c4fadc.s3tc.ctex[39m[0m
[  66% ] [90m[1msavepack[22m | Storing File: res://assets/ext/characters/npc_004_shoes03_diffuse_5285475e3006abad.jpg.import[39m[0m
[  66% ] [90m[1msavepack[22m | Storing File: res://.godot/imported/npc_004_short01_diffuse_772ed02b66617ae1.png-5e7c9aa9f1ac70ae0c819b4dc0a47e85.s3tc.ctex[39m[0m
[  66% ] [90m[1msavepack[22m | Storing File: res://assets/ext/characters/npc_004_short01_diffuse_772ed02b66617ae1.png.import[39m[0m
[  66% ] [90m[1msavepack[22m | Storing File: res://.godot/imported/npc_004_teeth_0f6dae334ed4c5c5.png-aacf317e9fe85316335743cc7681347f.s3tc.ctex[39m[0m
[  66% ] [90m[1msavepack[22m | Storing File: res://assets/ext/characters/npc_004_teeth_0f6dae334ed4c5c5.png.import[39m[0m
[  66% ] [90m[1msavepack[22m | Storing File: res://.godot/imported/npc_004_tongue01_diffuse_c71e798676e6af5d.jpg-2e4f1e1f9d878f2504442361a468995e.s3tc.ctex[39m[0m
[  66% ] [90m[1msavepack[22m | Storing File: res://assets/ext/characters/npc_004_tongue01_diffuse_c71e798676e6af5d.jpg.import[39m[0m
[  66% ] [90m[1msavepack[22m | Storing File: res://.godot/imported/npc_004_young_lightskinned_male_diffuse_a663699840e9d24a.jpg-036548d8773a8ad4f23a46602a35b9ec.s3tc.ctex[39m[0m
[  66% ] [90m[1msavepack[22m | Storing File: res://assets/ext/characters/npc_004_young_lightskinned_male_diffuse_a663699840e9d24a.jpg.import[39m[0m
[  66% ] [90m[1msavepack[22m | Storing File: res://.godot/imported/npc_005.glb-dadbe80520b5be79f1986fd7668a2029.scn[39m[0m
[  66% ] [90m[1msavepack[22m | Storing File: res://assets/ext/characters/npc_005.glb.import[39m[0m
[  66% ] [90m[1msavepack[22m | Storing File: res://assets/ext/characters/npc_005.spec.json[39m[0m
[  66% ] [90m[1msavepack[22m | Storing File: res://.godot/imported/npc_005_eyebrow011_758ea1f0d9e87e16.png-904fb948e382e7e26490531bbe79cc3a.s3tc.ctex[39m[0m
[  66% ] [90m[1msavepack[22m | Storing File: res://assets/ext/characters/npc_005_eyebrow011_758ea1f0d9e87e16.png.import[39m[0m
[  66% ] [90m[1msavepack[22m | Storing File: res://.godot/imported/npc_005_eyelashes01_5fb9b06b9281023b.png-357c3c936e0d79ae9c3df840eea2ac11.s3tc.ctex[39m[0m
[  66% ] [90m[1msavepack[22m | Storing File: res://assets/ext/characters/npc_005_eyelashes01_5fb9b06b9281023b.png.import[39m[0m
[  66% ] [90m[1msavepack[22m | Storing File: res://.godot/imported/npc_005_lightblue_eye_0f986e3c6be61c48.png-db8f4ea2d1bc0d35355fa93a7e93e802.s3tc.ctex[39m[0m
[  66% ] [90m[1msavepack[22m | Storing File: res://assets/ext/characters/npc_005_lightblue_eye_0f986e3c6be61c48.png.import[39m[0m
[  66% ] [90m[1msavepack[22m | Storing File: res://.godot/imported/npc_005_shoes03_diffuse_5285475e3006abad.jpg-2e8eedaf380ffd67f47be8508a651d04.s3tc.ctex[39m[0m
[  66% ] [90m[1msavepack[22m | Storing File: res://assets/ext/characters/npc_005_shoes03_diffuse_5285475e3006abad.jpg.import[39m[0m
[  66% ] [90m[1msavepack[22m | Storing File: res://.godot/imported/npc_005_short02_diffuse_c989903ce78a364c.png-c50c5a7087bb9e61b1046ccc03c986a4.s3tc.ctex[39m[0m
[  66% ] [90m[1msavepack[22m | Storing File: res://assets/ext/characters/npc_005_short02_diffuse_c989903ce78a364c.png.import[39m[0m
[  66% ] [90m[1msavepack[22m | Storing File: res://.godot/imported/npc_005_teeth_0f6dae334ed4c5c5.png-48b60f168a41f23b11c4452acbd8f0cd.s3tc.ctex[39m[0m
[  66% ] [90m[1msavepack[22m | Storing File: res://assets/ext/characters/npc_005_teeth_0f6dae334ed4c5c5.png.import[39m[0m
[  66% ] [90m[1msavepack[22m | Storing File: res://.godot/imported/npc_005_tongue01_diffuse_c71e798676e6af5d.jpg-ef61f3d57c6cb53e4dd645adb78bfc93.s3tc.ctex[39m[0m
[  66% ] [90m[1msavepack[22m | Storing File: res://assets/ext/characters/npc_005_tongue01_diffuse_c71e798676e6af5d.jpg.import[39m[0m
[  66% ] [90m[1msavepack[22m | Storing File: res://.godot/imported/npc_005_young_lightskinned_male_diffuse_a663699840e9d24a.jpg-5aeba4257da0967f96de18a07c07e475.s3tc.ctex[39m[0m
[  66% ] [90m[1msavepack[22m | Storing File: res://assets/ext/characters/npc_005_young_lightskinned_male_diffuse_a663699840e9d24a.jpg.import[39m[0m
[  66% ] [90m[1msavepack[22m | Storing File: res://.godot/imported/npc_006.glb-d4c18beacd2b5f72f70729d465cb7d70.scn[39m[0m
[  66% ] [90m[1msavepack[22m | Storing File: res://assets/ext/characters/npc_006.glb.import[39m[0m
[  66% ] [90m[1msavepack[22m | Storing File: res://assets/ext/characters/npc_006.spec.json[39m[0m
[  66% ] [90m[1msavepack[22m | Storing File: res://.godot/imported/npc_006_beard_strands_v6_80_dd6daa64bb118466.png-e19bd8625d2794fa26f6f7f19c3f2f56.s3tc.ctex[39m[0m
[  66% ] [90m[1msavepack[22m | Storing File: res://assets/ext/characters/npc_006_beard_strands_v6_80_dd6daa64bb118466.png.import[39m[0m
[  66% ] [90m[1msavepack[22m | Storing File: res://.godot/imported/npc_006_blue_eye_2e8757a6cfcec72c.png-3667db444c15eed116c0347adf2d2d6b.s3tc.ctex[39m[0m
[  66% ] [90m[1msavepack[22m | Storing File: res://assets/ext/characters/npc_006_blue_eye_2e8757a6cfcec72c.png.import[39m[0m
[  66% ] [90m[1msavepack[22m | Storing File: res://.godot/imported/npc_006_eyebrow004_6efbb89cfcc113e7.png-cad5b5baa08c5e8e05b8fdaf6965ab73.s3tc.ctex[39m[0m
[  66% ] [90m[1msavepack[22m | Storing File: res://assets/ext/characters/npc_006_eyebrow004_6efbb89cfcc113e7.png.import[39m[0m
[  66% ] [90m[1msavepack[22m | Storing File: res://.godot/imported/npc_006_eyelashes02_538849d40a7d25e7.png-0ceb53e1c918d94fb7882a095b26bd5b.s3tc.ctex[39m[0m
[  66% ] [90m[1msavepack[22m | Storing File: res://assets/ext/characters/npc_006_eyelashes02_538849d40a7d25e7.png.import[39m[0m
[  66% ] [90m[1msavepack[22m | Storing File: res://.godot/imported/npc_006_shoes03_diffuse_5285475e3006abad.jpg-e870c0c5274384464b7347264abf7ac4.s3tc.ctex[39m[0m
[  66% ] [90m[1msavepack[22m | Storing File: res://assets/ext/characters/npc_006_shoes03_diffuse_5285475e3006abad.jpg.import[39m[0m
[  66% ] [90m[1msavepack[22m | Storing File: res://.godot/imported/npc_006_short02_diffuse_c989903ce78a364c.png-73dcc8b392d14e4122fa3f88e82a1189.s3tc.ctex[39m[0m
[  66% ] [90m[1msavepack[22m | Storing File: res://assets/ext/characters/npc_006_short02_diffuse_c989903ce78a364c.png.import[39m[0m
[  66% ] [90m[1msavepack[22m | Storing File: res://.godot/imported/npc_006_teeth_0f6dae334ed4c5c5.png-307a5ca1f2c7c18acf8e315d60f72122.s3tc.ctex[39m[0m
[  66% ] [90m[1msavepack[22m | Storing File: res://assets/ext/characters/npc_006_teeth_0f6dae334ed4c5c5.png.import[39m[0m
[  66% ] [90m[1msavepack[22m | Storing File: res://.godot/imported/npc_006_tongue01_diffuse_c71e798676e6af5d.jpg-8d77ea9cc9dbdbc1439f4a198db72fc1.s3tc.ctex[39m[0m
[  66% ] [90m[1msavepack[22m | Storing File: res://assets/ext/characters/npc_006_tongue01_diffuse_c71e798676e6af5d.jpg.import[39m[0m
[  66% ] [90m[1msavepack[22m | Storing File: res://.godot/imported/npc_006_young_lightskinned_male_diffuse_a663699840e9d24a.jpg-cd13f95242ae28aa5ca36e1cd730e756.s3tc.ctex[39m[0m
[  66% ] [90m[1msavepack[22m | Storing File: res://assets/ext/characters/npc_006_young_lightskinned_male_diffuse_a663699840e9d24a.jpg.import[39m[0m
[  66% ] [90m[1msavepack[22m | Storing File: res://.godot/imported/npc_007.glb-772fab475f1267488927cb9eeb735b77.scn[39m[0m
[  66% ] [90m[1msavepack[22m | Storing File: res://assets/ext/characters/npc_007.glb.import[39m[0m
[  66% ] [90m[1msavepack[22m | Storing File: res://assets/ext/characters/npc_007.spec.json[39m[0m
[  66% ] [90m[1msavepack[22m | Storing File: res://.godot/imported/npc_007_beard_strands_v6_80_dd6daa64bb118466.png-abc46ca138ec4234dcba0a6fd620de96.s3tc.ctex[39m[0m
[  66% ] [90m[1msavepack[22m | Storing File: res://assets/ext/characters/npc_007_beard_strands_v6_80_dd6daa64bb118466.png.import[39m[0m
[  66% ] [90m[1msavepack[22m | Storing File: res://.godot/imported/npc_007_eyebrow008_ed3a9d88256f93e6.png-d7aadedb1de8a2a8ef4ce2d58493354a.s3tc.ctex[39m[0m
[  66% ] [90m[1msavepack[22m | Storing File: res://assets/ext/characters/npc_007_eyebrow008_ed3a9d88256f93e6.png.import[39m[0m
[  66% ] [90m[1msavepack[22m | Storing File: res://.godot/imported/npc_007_eyelashes02_538849d40a7d25e7.png-f23a3029cd978b12b9c86e59a89f60aa.s3tc.ctex[39m[0m
[  66% ] [90m[1msavepack[22m | Storing File: res://assets/ext/characters/npc_007_eyelashes02_538849d40a7d25e7.png.import[39m[0m
[  66% ] [90m[1msavepack[22m | Storing File: res://.godot/imported/npc_007_grey_eye_d5620997c6c559fb.png-c4be4075c8c2a6d992ef09f5cb6134e8.s3tc.ctex[39m[0m
[  66% ] [90m[1msavepack[22m | Storing File: res://assets/ext/characters/npc_007_grey_eye_d5620997c6c559fb.png.import[39m[0m
[  66% ] [90m[1msavepack[22m | Storing File: res://.godot/imported/npc_007_shoes03_diffuse_5285475e3006abad.jpg-1989f591d03c6e716e23f5a5d7c5b702.s3tc.ctex[39m[0m
[  66% ] [90m[1msavepack[22m | Storing File: res://assets/ext/characters/npc_007_shoes03_diffuse_5285475e3006abad.jpg.import[39m[0m
[  66% ] [90m[1msavepack[22m | Storing File: res://.godot/imported/npc_007_short04_diffuse_047a424d55c6b9ff.png-82763c14cd5e6bb3efedf15c521c00da.s3tc.ctex[39m[0m
[  66% ] [90m[1msavepack[22m | Storing File: res://assets/ext/characters/npc_007_short04_diffuse_047a424d55c6b9ff.png.import[39m[0m
[  66% ] [90m[1msavepack[22m | Storing File: res://.godot/imported/npc_007_teeth_0f6dae334ed4c5c5.png-d997021f85025c2bc19968fe1772f015.s3tc.ctex[39m[0m
[  66% ] [90m[1msavepack[22m | Storing File: res://assets/ext/characters/npc_007_teeth_0f6dae334ed4c5c5.png.import[39m[0m
[  66% ] [90m[1msavepack[22m | Storing File: res://.godot/imported/npc_007_tongue01_diffuse_c71e798676e6af5d.jpg-ff66c09b7b6c93ac29e28abffc4fd0f3.s3tc.ctex[39m[0m
[  66% ] [90m[1msavepack[22m | Storing File: res://assets/ext/characters/npc_007_tongue01_diffuse_c71e798676e6af5d.jpg.import[39m[0m
[  66% ] [90m[1msavepack[22m | Storing File: res://.godot/imported/npc_007_young_lightskinned_male_diffuse_a663699840e9d24a.jpg-0c8ce9bc9a943981f04b5387abd0dd5a.s3tc.ctex[39m[0m
[  66% ] [90m[1msavepack[22m | Storing File: res://assets/ext/characters/npc_007_young_lightskinned_male_diffuse_a663699840e9d24a.jpg.import[39m[0m
[  66% ] [90m[1msavepack[22m | Storing File: res://.godot/imported/npc_008.glb-f6dd79208d00f79f7e3061466b8befe0.scn[39m[0m
[  66% ] [90m[1msavepack[22m | Storing File: res://assets/ext/characters/npc_008.glb.import[39m[0m
[  66% ] [90m[1msavepack[22m | Storing File: res://assets/ext/characters/npc_008.spec.json[39m[0m
[  66% ] [90m[1msavepack[22m | Storing File: res://.godot/imported/npc_008_brownlight_eye_2b220ad5018d8429.png-e0155a7d7f16d8cf336c5ff16d494544.s3tc.ctex[39m[0m
[  66% ] [90m[1msavepack[22m | Storing File: res://assets/ext/characters/npc_008_brownlight_eye_2b220ad5018d8429.png.import[39m[0m
[  66% ] [90m[1msavepack[22m | Storing File: res://.godot/imported/npc_008_eyebrow011_758ea1f0d9e87e16.png-ffa19a80c4059fa6661135fb09d1ab3b.s3tc.ctex[39m[0m
[  66% ] [90m[1msavepack[22m | Storing File: res://assets/ext/characters/npc_008_eyebrow011_758ea1f0d9e87e16.png.import[39m[0m
[  66% ] [90m[1msavepack[22m | Storing File: res://.godot/imported/npc_008_eyelashes01_5fb9b06b9281023b.png-e299d73a5781b384ba5404e01e6c1b9c.s3tc.ctex[39m[0m
[  66% ] [90m[1msavepack[22m | Storing File: res://assets/ext/characters/npc_008_eyelashes01_5fb9b06b9281023b.png.import[39m[0m
[  66% ] [90m[1msavepack[22m | Storing File: res://.godot/imported/npc_008_middleage_lightskinned_male_diffuse2_898eb78e56c8da61.jpg-df8f0c1dd84498884c4de3b0149a3c4d.s3tc.ctex[39m[0m
[  66% ] [90m[1msavepack[22m | Storing File: res://assets/ext/characters/npc_008_middleage_lightskinned_male_diffuse2_898eb78e56c8da61.jpg.import[39m[0m
[  66% ] [90m[1msavepack[22m | Storing File: res://.godot/imported/npc_008_shoes04_diffuse_d3c22eb3c9615357.jpg-9f6e7f269e4f6e421889cb47a33965e9.s3tc.ctex[39m[0m
[  66% ] [90m[1msavepack[22m | Storing File: res://assets/ext/characters/npc_008_shoes04_diffuse_d3c22eb3c9615357.jpg.import[39m[0m
[  66% ] [90m[1msavepack[22m | Storing File: res://.godot/imported/npc_008_shoes04_normal_d0150649836fda97.png-0779f26a1ef129a8655eef444d6d3ddd.s3tc.ctex[39m[0m
[  66% ] [90m[1msavepack[22m | Storing File: res://assets/ext/characters/npc_008_shoes04_normal_d0150649836fda97.png.import[39m[0m
[  66% ] [90m[1msavepack[22m | Storing File: res://.godot/imported/npc_008_short04_diffuse_047a424d55c6b9ff.png-15fec24b7e888522fe49d185ffb55f3e.s3tc.ctex[39m[0m
[  66% ] [90m[1msavepack[22m | Storing File: res://assets/ext/characters/npc_008_short04_diffuse_047a424d55c6b9ff.png.import[39m[0m
[  66% ] [90m[1msavepack[22m | Storing File: res://.godot/imported/npc_008_teeth_0f6dae334ed4c5c5.png-50c0422661ee7179c7263cea446a3239.s3tc.ctex[39m[0m
[  66% ] [90m[1msavepack[22m | Storing File: res://assets/ext/characters/npc_008_teeth_0f6dae334ed4c5c5.png.import[39m[0m
[  66% ] [90m[1msavepack[22m | Storing File: res://.godot/imported/npc_008_tongue01_diffuse_c71e798676e6af5d.jpg-f806699e20428288cd25d82952e30ff7.s3tc.ctex[39m[0m
[  66% ] [90m[1msavepack[22m | Storing File: res://assets/ext/characters/npc_008_tongue01_diffuse_c71e798676e6af5d.jpg.import[39m[0m
[  66% ] [90m[1msavepack[22m | Storing File: res://.godot/imported/npc_009.glb-866bdb047ef8cc6acd0fb744685dca11.scn[39m[0m
[  66% ] [90m[1msavepack[22m | Storing File: res://assets/ext/characters/npc_009.glb.import[39m[0m
[  66% ] [90m[1msavepack[22m | Storing File: res://assets/ext/characters/npc_009.spec.json[39m[0m
[  66% ] [90m[1msavepack[22m | Storing File: res://.godot/imported/npc_009_brownlight_eye_2b220ad5018d8429.png-6dcadc65f138010d71d5772ec9718ba9.s3tc.ctex[39m[0m
[  66% ] [90m[1msavepack[22m | Storing File: res://assets/ext/characters/npc_009_brownlight_eye_2b220ad5018d8429.png.import[39m[0m
[  67% ] [90m[1msavepack[22m | Storing File: res://.godot/imported/npc_009_eyebrow010_bd8536fc788ba159.png-43e0c0e7e93761a3129702dcfcbc5aaa.s3tc.ctex[39m[0m
[  67% ] [90m[1msavepack[22m | Storing File: res://assets/ext/characters/npc_009_eyebrow010_bd8536fc788ba159.png.import[39m[0m
[  67% ] [90m[1msavepack[22m | Storing File: res://.godot/imported/npc_009_eyelashes01_5fb9b06b9281023b.png-65f210ba115ec0e1fca6f850a15db695.s3tc.ctex[39m[0m
[  67% ] [90m[1msavepack[22m | Storing File: res://assets/ext/characters/npc_009_eyelashes01_5fb9b06b9281023b.png.import[39m[0m
[  67% ] [90m[1msavepack[22m | Storing File: res://.godot/imported/npc_009_middleage_lightskinned_male_diffuse_c7873ea1d869e207.jpg-b758d634ddbe7e2e55b86dac08836223.s3tc.ctex[39m[0m
[  67% ] [90m[1msavepack[22m | Storing File: res://assets/ext/characters/npc_009_middleage_lightskinned_male_diffuse_c7873ea1d869e207.jpg.import[39m[0m
[  67% ] [90m[1msavepack[22m | Storing File: res://.godot/imported/npc_009_shoes04_diffuse_d3c22eb3c9615357.jpg-53b89c7e6be1d2e294346823c5330018.s3tc.ctex[39m[0m
[  67% ] [90m[1msavepack[22m | Storing File: res://assets/ext/characters/npc_009_shoes04_diffuse_d3c22eb3c9615357.jpg.import[39m[0m
[  67% ] [90m[1msavepack[22m | Storing File: res://.godot/imported/npc_009_shoes04_normal_d0150649836fda97.png-e816bd87b0cb03e087cd8089696eb66a.s3tc.ctex[39m[0m
[  67% ] [90m[1msavepack[22m | Storing File: res://assets/ext/characters/npc_009_shoes04_normal_d0150649836fda97.png.import[39m[0m
[  67% ] [90m[1msavepack[22m | Storing File: res://.godot/imported/npc_009_short04_diffuse_047a424d55c6b9ff.png-3bfc6165c689422eb024ca2844af9bbd.s3tc.ctex[39m[0m
[  67% ] [90m[1msavepack[22m | Storing File: res://assets/ext/characters/npc_009_short04_diffuse_047a424d55c6b9ff.png.import[39m[0m
[  67% ] [90m[1msavepack[22m | Storing File: res://.godot/imported/npc_009_teeth_0f6dae334ed4c5c5.png-2b94440436f1d944a6e1b46f3fd8c9cf.s3tc.ctex[39m[0m
[  67% ] [90m[1msavepack[22m | Storing File: res://assets/ext/characters/npc_009_teeth_0f6dae334ed4c5c5.png.import[39m[0m
[  67% ] [90m[1msavepack[22m | Storing File: res://.godot/imported/npc_009_tongue01_diffuse_c71e798676e6af5d.jpg-036202b31f9e7e51c13777a17ab00919.s3tc.ctex[39m[0m
[  67% ] [90m[1msavepack[22m | Storing File: res://assets/ext/characters/npc_009_tongue01_diffuse_c71e798676e6af5d.jpg.import[39m[0m
[  67% ] [90m[1msavepack[22m | Storing File: res://.godot/imported/npc_010.glb-612635a4d56f1471108470045855bba3.scn[39m[0m
[  67% ] [90m[1msavepack[22m | Storing File: res://assets/ext/characters/npc_010.glb.import[39m[0m
[  67% ] [90m[1msavepack[22m | Storing File: res://assets/ext/characters/npc_010.spec.json[39m[0m
[  67% ] [90m[1msavepack[22m | Storing File: res://.godot/imported/npc_010_beard_strands_v6_80_dd6daa64bb118466.png-b0eb4219bf2470d189a3b37916df1480.s3tc.ctex[39m[0m
[  67% ] [90m[1msavepack[22m | Storing File: res://assets/ext/characters/npc_010_beard_strands_v6_80_dd6daa64bb118466.png.import[39m[0m
[  67% ] [90m[1msavepack[22m | Storing File: res://.godot/imported/npc_010_eyebrow009_5331bf91d44925db.png-aef0b02f5e50e3348e188ad12b7a998b.s3tc.ctex[39m[0m
[  67% ] [90m[1msavepack[22m | Storing File: res://assets/ext/characters/npc_010_eyebrow009_5331bf91d44925db.png.import[39m[0m
[  67% ] [90m[1msavepack[22m | Storing File: res://.godot/imported/npc_010_eyelashes01_5fb9b06b9281023b.png-3f927db4c53b18e0b3a69d62e86f849e.s3tc.ctex[39m[0m
[  67% ] [90m[1msavepack[22m | Storing File: res://assets/ext/characters/npc_010_eyelashes01_5fb9b06b9281023b.png.import[39m[0m
[  67% ] [90m[1msavepack[22m | Storing File: res://.godot/imported/npc_010_lightblue_eye_0f986e3c6be61c48.png-61fc6370bdc8e05d4e1b83e732488163.s3tc.ctex[39m[0m
[  67% ] [90m[1msavepack[22m | Storing File: res://assets/ext/characters/npc_010_lightblue_eye_0f986e3c6be61c48.png.import[39m[0m
[  67% ] [90m[1msavepack[22m | Storing File: res://.godot/imported/npc_010_middleage_lightskinned_male_diffuse_c7873ea1d869e207.jpg-11e787c3c69ae957778a7feb4447bc3d.s3tc.ctex[39m[0m
[  67% ] [90m[1msavepack[22m | Storing File: res://assets/ext/characters/npc_010_middleage_lightskinned_male_diffuse_c7873ea1d869e207.jpg.import[39m[0m
[  67% ] [90m[1msavepack[22m | Storing File: res://.godot/imported/npc_010_shoes04_diffuse_d3c22eb3c9615357.jpg-ebf460dc9a1d2c5caef8f6683262dbbe.s3tc.ctex[39m[0m
[  67% ] [90m[1msavepack[22m | Storing File: res://assets/ext/characters/npc_010_shoes04_diffuse_d3c22eb3c9615357.jpg.import[39m[0m
[  67% ] [90m[1msavepack[22m | Storing File: res://.godot/imported/npc_010_shoes04_normal_d0150649836fda97.png-f1b54835e6749770bc52e020be112d52.s3tc.ctex[39m[0m
[  67% ] [90m[1msavepack[22m | Storing File: res://assets/ext/characters/npc_010_shoes04_normal_d0150649836fda97.png.import[39m[0m
[  67% ] [90m[1msavepack[22m | Storing File: res://.godot/imported/npc_010_short04_diffuse_047a424d55c6b9ff.png-a385b37f7669eb26fb3e58a1eb751d9b.s3tc.ctex[39m[0m
[  67% ] [90m[1msavepack[22m | Storing File: res://assets/ext/characters/npc_010_short04_diffuse_047a424d55c6b9ff.png.import[39m[0m
[  67% ] [90m[1msavepack[22m | Storing File: res://.godot/imported/npc_010_teeth_0f6dae334ed4c5c5.png-787fd0e44faedc21a5cd2a22542b85bb.s3tc.ctex[39m[0m
[  67% ] [90m[1msavepack[22m | Storing File: res://assets/ext/characters/npc_010_teeth_0f6dae334ed4c5c5.png.import[39m[0m
[  67% ] [90m[1msavepack[22m | Storing File: res://.godot/imported/npc_010_tongue01_diffuse_c71e798676e6af5d.jpg-46f5e653bffcc338e6ceeeebe127c373.s3tc.ctex[39m[0m
[  67% ] [90m[1msavepack[22m | Storing File: res://assets/ext/characters/npc_010_tongue01_diffuse_c71e798676e6af5d.jpg.import[39m[0m
[  67% ] [90m[1msavepack[22m | Storing File: res://.godot/imported/npc_011.glb-cbdc50d8158a020a7411f12aefa93305.scn[39m[0m
[  67% ] [90m[1msavepack[22m | Storing File: res://assets/ext/characters/npc_011.glb.import[39m[0m
[  67% ] [90m[1msavepack[22m | Storing File: res://assets/ext/characters/npc_011.spec.json[39m[0m
[  67% ] [90m[1msavepack[22m | Storing File: res://.godot/imported/npc_011_beard_strands_v6_80_dd6daa64bb118466.png-f7632d5c637da56527365130a604ce90.s3tc.ctex[39m[0m
[  67% ] [90m[1msavepack[22m | Storing File: res://assets/ext/characters/npc_011_beard_strands_v6_80_dd6daa64bb118466.png.import[39m[0m
[  67% ] [90m[1msavepack[22m | Storing File: res://.godot/imported/npc_011_eyebrow011_758ea1f0d9e87e16.png-10f32edd250825efb6212d8649d937a0.s3tc.ctex[39m[0m
[  67% ] [90m[1msavepack[22m | Storing File: res://assets/ext/characters/npc_011_eyebrow011_758ea1f0d9e87e16.png.import[39m[0m
[  67% ] [90m[1msavepack[22m | Storing File: res://.godot/imported/npc_011_eyelashes01_5fb9b06b9281023b.png-583a5816c4ff33d3c7832d0032085d7c.s3tc.ctex[39m[0m
[  67% ] [90m[1msavepack[22m | Storing File: res://assets/ext/characters/npc_011_eyelashes01_5fb9b06b9281023b.png.import[39m[0m
[  67% ] [90m[1msavepack[22m | Storing File: res://.godot/imported/npc_011_grey_eye_d5620997c6c559fb.png-4c7aebb2a24668aef4ce6ca8883fd079.s3tc.ctex[39m[0m
[  67% ] [90m[1msavepack[22m | Storing File: res://assets/ext/characters/npc_011_grey_eye_d5620997c6c559fb.png.import[39m[0m
[  67% ] [90m[1msavepack[22m | Storing File: res://.godot/imported/npc_011_shoes03_diffuse_5285475e3006abad.jpg-4f03bc35525d17e2486fa66bcde64d74.s3tc.ctex[39m[0m
[  67% ] [90m[1msavepack[22m | Storing File: res://assets/ext/characters/npc_011_shoes03_diffuse_5285475e3006abad.jpg.import[39m[0m
[  67% ] [90m[1msavepack[22m | Storing File: res://.godot/imported/npc_011_short04_diffuse_047a424d55c6b9ff.png-cc8569a1fa6fad533cd6c648e0c3a099.s3tc.ctex[39m[0m
[  67% ] [90m[1msavepack[22m | Storing File: res://assets/ext/characters/npc_011_short04_diffuse_047a424d55c6b9ff.png.import[39m[0m
[  67% ] [90m[1msavepack[22m | Storing File: res://.godot/imported/npc_011_teeth_0f6dae334ed4c5c5.png-d76212a5f5aabee906b1469d5b04cd52.s3tc.ctex[39m[0m
[  67% ] [90m[1msavepack[22m | Storing File: res://assets/ext/characters/npc_011_teeth_0f6dae334ed4c5c5.png.import[39m[0m
[  67% ] [90m[1msavepack[22m | Storing File: res://.godot/imported/npc_011_tongue01_diffuse_c71e798676e6af5d.jpg-17c69dd7b3604e861e440c1d604931c6.s3tc.ctex[39m[0m
[  67% ] [90m[1msavepack[22m | Storing File: res://assets/ext/characters/npc_011_tongue01_diffuse_c71e798676e6af5d.jpg.import[39m[0m
[  67% ] [90m[1msavepack[22m | Storing File: res://.godot/imported/npc_011_young_lightskinned_male_diffuse_a663699840e9d24a.jpg-8fb750e62d9024b22f63429083a48536.s3tc.ctex[39m[0m
[  67% ] [90m[1msavepack[22m | Storing File: res://assets/ext/characters/npc_011_young_lightskinned_male_diffuse_a663699840e9d24a.jpg.import[39m[0m
[  67% ] [90m[1msavepack[22m | Storing File: res://.godot/imported/npc_012.glb-14cf68771ac0614eee50155eb0b44366.scn[39m[0m
[  67% ] [90m[1msavepack[22m | Storing File: res://assets/ext/characters/npc_012.glb.import[39m[0m
[  67% ] [90m[1msavepack[22m | Storing File: res://assets/ext/characters/npc_012.spec.json[39m[0m
[  67% ] [90m[1msavepack[22m | Storing File: res://.godot/imported/npc_012_eyebrow008_ed3a9d88256f93e6.png-a270a0de6a9cbf2ce06d40b1ec115a0f.s3tc.ctex[39m[0m
[  67% ] [90m[1msavepack[22m | Storing File: res://assets/ext/characters/npc_012_eyebrow008_ed3a9d88256f93e6.png.import[39m[0m
[  67% ] [90m[1msavepack[22m | Storing File: res://.godot/imported/npc_012_eyelashes02_538849d40a7d25e7.png-572df931a32e8d065cef33279e14387f.s3tc.ctex[39m[0m
[  67% ] [90m[1msavepack[22m | Storing File: res://assets/ext/characters/npc_012_eyelashes02_538849d40a7d25e7.png.import[39m[0m
[  68% ] [90m[1msavepack[22m | Storing File: res://.godot/imported/npc_012_grey_eye_d5620997c6c559fb.png-6a63c534416249f819bbb4729e6c6e4e.s3tc.ctex[39m[0m
[  68% ] [90m[1msavepack[22m | Storing File: res://assets/ext/characters/npc_012_grey_eye_d5620997c6c559fb.png.import[39m[0m
[  68% ] [90m[1msavepack[22m | Storing File: res://.godot/imported/npc_012_shoes03_diffuse_5285475e3006abad.jpg-a9d3fbdd3b68a2b06a1f04617c28406a.s3tc.ctex[39m[0m
[  68% ] [90m[1msavepack[22m | Storing File: res://assets/ext/characters/npc_012_shoes03_diffuse_5285475e3006abad.jpg.import[39m[0m
[  68% ] [90m[1msavepack[22m | Storing File: res://.godot/imported/npc_012_short04_diffuse_047a424d55c6b9ff.png-ec279eeea7205190c4cb3203147d172c.s3tc.ctex[39m[0m
[  68% ] [90m[1msavepack[22m | Storing File: res://assets/ext/characters/npc_012_short04_diffuse_047a424d55c6b9ff.png.import[39m[0m
[  68% ] [90m[1msavepack[22m | Storing File: res://.godot/imported/npc_012_teeth_0f6dae334ed4c5c5.png-77d0b988b077913c6f8d5e569f745895.s3tc.ctex[39m[0m
[  68% ] [90m[1msavepack[22m | Storing File: res://assets/ext/characters/npc_012_teeth_0f6dae334ed4c5c5.png.import[39m[0m
[  68% ] [90m[1msavepack[22m | Storing File: res://.godot/imported/npc_012_tongue01_diffuse_c71e798676e6af5d.jpg-b9df9e7232f97110e92ad0d6a57982cc.s3tc.ctex[39m[0m
[  68% ] [90m[1msavepack[22m | Storing File: res://assets/ext/characters/npc_012_tongue01_diffuse_c71e798676e6af5d.jpg.import[39m[0m
[  68% ] [90m[1msavepack[22m | Storing File: res://.godot/imported/npc_012_young_lightskinned_male_diffuse_a663699840e9d24a.jpg-051e23d0255bb9f754fb2d0c35432f1b.s3tc.ctex[39m[0m
[  68% ] [90m[1msavepack[22m | Storing File: res://assets/ext/characters/npc_012_young_lightskinned_male_diffuse_a663699840e9d24a.jpg.import[39m[0m
[  68% ] [90m[1msavepack[22m | Storing File: res://.godot/imported/npc_013.glb-c04af080570385ba2463186b55eec16c.scn[39m[0m
[  68% ] [90m[1msavepack[22m | Storing File: res://assets/ext/characters/npc_013.glb.import[39m[0m
[  68% ] [90m[1msavepack[22m | Storing File: res://assets/ext/characters/npc_013.spec.json[39m[0m
[  68% ] [90m[1msavepack[22m | Storing File: res://.godot/imported/npc_013_beard_strands_v6_80_dd6daa64bb118466.png-96b37857268105f86a4df93181b5684c.s3tc.ctex[39m[0m
[  68% ] [90m[1msavepack[22m | Storing File: res://assets/ext/characters/npc_013_beard_strands_v6_80_dd6daa64bb118466.png.import[39m[0m
[  68% ] [90m[1msavepack[22m | Storing File: res://.godot/imported/npc_013_blue_eye_2e8757a6cfcec72c.png-06640dc20edda7fc192bee4edc8785db.s3tc.ctex[39m[0m
[  68% ] [90m[1msavepack[22m | Storing File: res://assets/ext/characters/npc_013_blue_eye_2e8757a6cfcec72c.png.import[39m[0m
[  68% ] [90m[1msavepack[22m | Storing File: res://.godot/imported/npc_013_eyebrow004_6efbb89cfcc113e7.png-9db744fa361867a9f98399964a0bb8c7.s3tc.ctex[39m[0m
[  68% ] [90m[1msavepack[22m | Storing File: res://assets/ext/characters/npc_013_eyebrow004_6efbb89cfcc113e7.png.import[39m[0m
[  68% ] [90m[1msavepack[22m | Storing File: res://.godot/imported/npc_013_eyelashes01_5fb9b06b9281023b.png-57303586c96d99209cbdd45a13ab808a.s3tc.ctex[39m[0m
[  68% ] [90m[1msavepack[22m | Storing File: res://assets/ext/characters/npc_013_eyelashes01_5fb9b06b9281023b.png.import[39m[0m
[  68% ] [90m[1msavepack[22m | Storing File: res://.godot/imported/npc_013_middleage_lightskinned_male_diffuse_c7873ea1d869e207.jpg-3f61340bd634a2814839ef1c53f6617e.s3tc.ctex[39m[0m
[  68% ] [90m[1msavepack[22m | Storing File: res://assets/ext/characters/npc_013_middleage_lightskinned_male_diffuse_c7873ea1d869e207.jpg.import[39m[0m
[  68% ] [90m[1msavepack[22m | Storing File: res://.godot/imported/npc_013_shoes03_diffuse_5285475e3006abad.jpg-67f483bcb22213880532d69641581c8e.s3tc.ctex[39m[0m
[  68% ] [90m[1msavepack[22m | Storing File: res://assets/ext/characters/npc_013_shoes03_diffuse_5285475e3006abad.jpg.import[39m[0m
[  68% ] [90m[1msavepack[22m | Storing File: res://.godot/imported/npc_013_short04_diffuse_047a424d55c6b9ff.png-a77b6ae27e3e143a4899e0d27d647fce.s3tc.ctex[39m[0m
[  68% ] [90m[1msavepack[22m | Storing File: res://assets/ext/characters/npc_013_short04_diffuse_047a424d55c6b9ff.png.import[39m[0m
[  68% ] [90m[1msavepack[22m | Storing File: res://.godot/imported/npc_013_teeth_0f6dae334ed4c5c5.png-86d08b41336f50ece38ce6be9b7e20b8.s3tc.ctex[39m[0m
[  68% ] [90m[1msavepack[22m | Storing File: res://assets/ext/characters/npc_013_teeth_0f6dae334ed4c5c5.png.import[39m[0m
[  68% ] [90m[1msavepack[22m | Storing File: res://.godot/imported/npc_013_tongue01_diffuse_c71e798676e6af5d.jpg-5c0fc1f706cb7c2b51088c9858b0b0a4.s3tc.ctex[39m[0m
[  68% ] [90m[1msavepack[22m | Storing File: res://assets/ext/characters/npc_013_tongue01_diffuse_c71e798676e6af5d.jpg.import[39m[0m
[  68% ] [90m[1msavepack[22m | Storing File: res://.godot/imported/npc_014.glb-e4907516ccae2fabff7f6f18dee2b515.scn[39m[0m
[  68% ] [90m[1msavepack[22m | Storing File: res://assets/ext/characters/npc_014.glb.import[39m[0m
[  68% ] [90m[1msavepack[22m | Storing File: res://assets/ext/characters/npc_014.spec.json[39m[0m
[  68% ] [90m[1msavepack[22m | Storing File: res://.godot/imported/npc_014_beard_strands_v6_80_dd6daa64bb118466.png-439253fdef09a720fe448e3037f71964.s3tc.ctex[39m[0m
[  68% ] [90m[1msavepack[22m | Storing File: res://assets/ext/characters/npc_014_beard_strands_v6_80_dd6daa64bb118466.png.import[39m[0m
[  68% ] [90m[1msavepack[22m | Storing File: res://.godot/imported/npc_014_eyebrow006_ad9596739f709294.png-a1ce9e9dc2c28fbfaa7ada6d5666a9ac.s3tc.ctex[39m[0m
[  68% ] [90m[1msavepack[22m | Storing File: res://assets/ext/characters/npc_014_eyebrow006_ad9596739f709294.png.import[39m[0m
[  68% ] [90m[1msavepack[22m | Storing File: res://.godot/imported/npc_014_eyelashes02_538849d40a7d25e7.png-5f2d5434cb9c03d7cfdd604b53e7ef28.s3tc.ctex[39m[0m
[  68% ] [90m[1msavepack[22m | Storing File: res://assets/ext/characters/npc_014_eyelashes02_538849d40a7d25e7.png.import[39m[0m
[  68% ] [90m[1msavepack[22m | Storing File: res://.godot/imported/npc_014_green_eye_09f2287a8dca2f43.png-87ad06168f4d071f53f3900f56f70935.s3tc.ctex[39m[0m
[  68% ] [90m[1msavepack[22m | Storing File: res://assets/ext/characters/npc_014_green_eye_09f2287a8dca2f43.png.import[39m[0m
[  68% ] [90m[1msavepack[22m | Storing File: res://.godot/imported/npc_014_middleage_lightskinned_male_diffuse_c7873ea1d869e207.jpg-7da38b0ffafdb3347c0d97203d7b8ff0.s3tc.ctex[39m[0m
[  68% ] [90m[1msavepack[22m | Storing File: res://assets/ext/characters/npc_014_middleage_lightskinned_male_diffuse_c7873ea1d869e207.jpg.import[39m[0m
[  68% ] [90m[1msavepack[22m | Storing File: res://.godot/imported/npc_014_shoes01_diffuse_48a4cba573468e4e.jpg-a3c3a44d05fddbff698055289cafa8b9.s3tc.ctex[39m[0m
[  68% ] [90m[1msavepack[22m | Storing File: res://assets/ext/characters/npc_014_shoes01_diffuse_48a4cba573468e4e.jpg.import[39m[0m
[  68% ] [90m[1msavepack[22m | Storing File: res://.godot/imported/npc_014_shoes01_normal_14fb128093f9e8c9.png-f437e958e7a2c2784728490149f799ab.s3tc.ctex[39m[0m
[  68% ] [90m[1msavepack[22m | Storing File: res://assets/ext/characters/npc_014_shoes01_normal_14fb128093f9e8c9.png.import[39m[0m
[  68% ] [90m[1msavepack[22m | Storing File: res://.godot/imported/npc_014_short02_diffuse_c989903ce78a364c.png-976cfdde11820a6dea580df75aee26c8.s3tc.ctex[39m[0m
[  68% ] [90m[1msavepack[22m | Storing File: res://assets/ext/characters/npc_014_short02_diffuse_c989903ce78a364c.png.import[39m[0m
[  68% ] [90m[1msavepack[22m | Storing File: res://.godot/imported/npc_014_teeth_0f6dae334ed4c5c5.png-392b8b0d09f0d6b4c6c0e30a45506385.s3tc.ctex[39m[0m
[  68% ] [90m[1msavepack[22m | Storing File: res://assets/ext/characters/npc_014_teeth_0f6dae334ed4c5c5.png.import[39m[0m
[  68% ] [90m[1msavepack[22m | Storing File: res://.godot/imported/npc_014_tongue01_diffuse_c71e798676e6af5d.jpg-e5eae84ec0d5699fc92323e518c104bb.s3tc.ctex[39m[0m
[  68% ] [90m[1msavepack[22m | Storing File: res://assets/ext/characters/npc_014_tongue01_diffuse_c71e798676e6af5d.jpg.import[39m[0m
[  68% ] [90m[1msavepack[22m | Storing File: res://.godot/imported/npc_015.glb-98d308cdf2686df2e49aab0f62d1b8d8.scn[39m[0m
[  68% ] [90m[1msavepack[22m | Storing File: res://assets/ext/characters/npc_015.glb.import[39m[0m
[  68% ] [90m[1msavepack[22m | Storing File: res://assets/ext/characters/npc_015.spec.json[39m[0m
[  68% ] [90m[1msavepack[22m | Storing File: res://.godot/imported/npc_015_beard_strands_v6_80_dd6daa64bb118466.png-dd9846239b19736a560ceaa6689fcd30.s3tc.ctex[39m[0m
[  68% ] [90m[1msavepack[22m | Storing File: res://assets/ext/characters/npc_015_beard_strands_v6_80_dd6daa64bb118466.png.import[39m[0m
[  68% ] [90m[1msavepack[22m | Storing File: res://.godot/imported/npc_015_eyebrow009_5331bf91d44925db.png-62b12d9ed77efbd58770c919c53dccda.s3tc.ctex[39m[0m
[  68% ] [90m[1msavepack[22m | Storing File: res://assets/ext/characters/npc_015_eyebrow009_5331bf91d44925db.png.import[39m[0m
[  68% ] [90m[1msavepack[22m | Storing File: res://.godot/imported/npc_015_eyelashes02_538849d40a7d25e7.png-ea4380d6b296eaa7573af1e1748891af.s3tc.ctex[39m[0m
[  68% ] [90m[1msavepack[22m | Storing File: res://assets/ext/characters/npc_015_eyelashes02_538849d40a7d25e7.png.import[39m[0m
[  68% ] [90m[1msavepack[22m | Storing File: res://.godot/imported/npc_015_grey_eye_d5620997c6c559fb.png-1e5675c041ba50b842bc13cb277a5873.s3tc.ctex[39m[0m
[  68% ] [90m[1msavepack[22m | Storing File: res://assets/ext/characters/npc_015_grey_eye_d5620997c6c559fb.png.import[39m[0m
[  68% ] [90m[1msavepack[22m | Storing File: res://.godot/imported/npc_015_shoes03_diffuse_5285475e3006abad.jpg-4b44e642ac1236298b8f16c03642fe39.s3tc.ctex[39m[0m
[  68% ] [90m[1msavepack[22m | Storing File: res://assets/ext/characters/npc_015_shoes03_diffuse_5285475e3006abad.jpg.import[39m[0m
[  69% ] [90m[1msavepack[22m | Storing File: res://.godot/imported/npc_015_short01_diffuse_772ed02b66617ae1.png-8b5a1dea20b2e3bf4372b984fb064c87.s3tc.ctex[39m[0m
[  69% ] [90m[1msavepack[22m | Storing File: res://assets/ext/characters/npc_015_short01_diffuse_772ed02b66617ae1.png.import[39m[0m
[  69% ] [90m[1msavepack[22m | Storing File: res://.godot/imported/npc_015_teeth_0f6dae334ed4c5c5.png-ea7b668e704ef33f8dc953f150e8148b.s3tc.ctex[39m[0m
[  69% ] [90m[1msavepack[22m | Storing File: res://assets/ext/characters/npc_015_teeth_0f6dae334ed4c5c5.png.import[39m[0m
[  69% ] [90m[1msavepack[22m | Storing File: res://.godot/imported/npc_015_tongue01_diffuse_c71e798676e6af5d.jpg-78cd42748c37b8e0ca6e28d98060e8e4.s3tc.ctex[39m[0m
[  69% ] [90m[1msavepack[22m | Storing File: res://assets/ext/characters/npc_015_tongue01_diffuse_c71e798676e6af5d.jpg.import[39m[0m
[  69% ] [90m[1msavepack[22m | Storing File: res://.godot/imported/npc_015_young_lightskinned_male_diffuse_a663699840e9d24a.jpg-b44d408f7d49e84a1215fffca7a96494.s3tc.ctex[39m[0m
[  69% ] [90m[1msavepack[22m | Storing File: res://assets/ext/characters/npc_015_young_lightskinned_male_diffuse_a663699840e9d24a.jpg.import[39m[0m
[  69% ] [90m[1msavepack[22m | Storing File: res://.godot/imported/npc_016.glb-77b866cdf7c2c193af7f3d2054fd17c2.scn[39m[0m
[  69% ] [90m[1msavepack[22m | Storing File: res://assets/ext/characters/npc_016.glb.import[39m[0m
[  69% ] [90m[1msavepack[22m | Storing File: res://assets/ext/characters/npc_016.spec.json[39m[0m
[  69% ] [90m[1msavepack[22m | Storing File: res://.godot/imported/npc_016_bluegreen_eye_19d15672404e2532.png-4ce13710d20161b9dfc2cd65dc96cd69.s3tc.ctex[39m[0m
[  69% ] [90m[1msavepack[22m | Storing File: res://assets/ext/characters/npc_016_bluegreen_eye_19d15672404e2532.png.import[39m[0m
[  69% ] [90m[1msavepack[22m | Storing File: res://.godot/imported/npc_016_eyebrow005_3c9e137277d6b459.png-56a1109e2f7fe0d5d539ef3e482dbbb9.s3tc.ctex[39m[0m
[  69% ] [90m[1msavepack[22m | Storing File: res://assets/ext/characters/npc_016_eyebrow005_3c9e137277d6b459.png.import[39m[0m
[  69% ] [90m[1msavepack[22m | Storing File: res://.godot/imported/npc_016_eyelashes01_5fb9b06b9281023b.png-691a6a87d29001acc2e95f893ad0fbe4.s3tc.ctex[39m[0m
[  69% ] [90m[1msavepack[22m | Storing File: res://assets/ext/characters/npc_016_eyelashes01_5fb9b06b9281023b.png.import[39m[0m
[  69% ] [90m[1msavepack[22m | Storing File: res://.godot/imported/npc_016_middleage_lightskinned_male_diffuse_c7873ea1d869e207.jpg-34de4eedf71f078678b8af4be90968b1.s3tc.ctex[39m[0m
[  69% ] [90m[1msavepack[22m | Storing File: res://assets/ext/characters/npc_016_middleage_lightskinned_male_diffuse_c7873ea1d869e207.jpg.import[39m[0m
[  69% ] [90m[1msavepack[22m | Storing File: res://.godot/imported/npc_016_shoes03_diffuse_5285475e3006abad.jpg-a839268a22f731772ce13514519b23bb.s3tc.ctex[39m[0m
[  69% ] [90m[1msavepack[22m | Storing File: res://assets/ext/characters/npc_016_shoes03_diffuse_5285475e3006abad.jpg.import[39m[0m
[  69% ] [90m[1msavepack[22m | Storing File: res://.godot/imported/npc_016_short03_diffuse_fbf93ddc052c7409.png-ef28ddb0efb823ad958ae793717f5e1b.s3tc.ctex[39m[0m
[  69% ] [90m[1msavepack[22m | Storing File: res://assets/ext/characters/npc_016_short03_diffuse_fbf93ddc052c7409.png.import[39m[0m
[  69% ] [90m[1msavepack[22m | Storing File: res://.godot/imported/npc_016_teeth_0f6dae334ed4c5c5.png-e0d14a5b8af0d416fe502158b45b3cbc.s3tc.ctex[39m[0m
[  69% ] [90m[1msavepack[22m | Storing File: res://assets/ext/characters/npc_016_teeth_0f6dae334ed4c5c5.png.import[39m[0m
[  69% ] [90m[1msavepack[22m | Storing File: res://.godot/imported/npc_016_tongue01_diffuse_c71e798676e6af5d.jpg-48e1328deaadc7aac86493568bf3d712.s3tc.ctex[39m[0m
[  69% ] [90m[1msavepack[22m | Storing File: res://assets/ext/characters/npc_016_tongue01_diffuse_c71e798676e6af5d.jpg.import[39m[0m
[  69% ] [90m[1msavepack[22m | Storing File: res://.godot/imported/npc_017.glb-e25ac9508e3ffd476d61866565548124.scn[39m[0m
[  69% ] [90m[1msavepack[22m | Storing File: res://assets/ext/characters/npc_017.glb.import[39m[0m
[  69% ] [90m[1msavepack[22m | Storing File: res://assets/ext/characters/npc_017.spec.json[39m[0m
[  69% ] [90m[1msavepack[22m | Storing File: res://.godot/imported/npc_017_beard_strands_v6_80_dd6daa64bb118466.png-9f19ef50349648c50ccc41661352f1bc.s3tc.ctex[39m[0m
[  69% ] [90m[1msavepack[22m | Storing File: res://assets/ext/characters/npc_017_beard_strands_v6_80_dd6daa64bb118466.png.import[39m[0m
[  69% ] [90m[1msavepack[22m | Storing File: res://.godot/imported/npc_017_blue_eye_2e8757a6cfcec72c.png-fdfd51863093958e97404d755ea4919a.s3tc.ctex[39m[0m
[  69% ] [90m[1msavepack[22m | Storing File: res://assets/ext/characters/npc_017_blue_eye_2e8757a6cfcec72c.png.import[39m[0m
[  69% ] [90m[1msavepack[22m | Storing File: res://.godot/imported/npc_017_eyebrow008_ed3a9d88256f93e6.png-517770af423a438d4ff1154b95529fbc.s3tc.ctex[39m[0m
[  69% ] [90m[1msavepack[22m | Storing File: res://assets/ext/characters/npc_017_eyebrow008_ed3a9d88256f93e6.png.import[39m[0m
[  69% ] [90m[1msavepack[22m | Storing File: res://.godot/imported/npc_017_eyelashes01_5fb9b06b9281023b.png-20952d750bfdf95de39a6be0594b050e.s3tc.ctex[39m[0m
[  69% ] [90m[1msavepack[22m | Storing File: res://assets/ext/characters/npc_017_eyelashes01_5fb9b06b9281023b.png.import[39m[0m
[  69% ] [90m[1msavepack[22m | Storing File: res://.godot/imported/npc_017_shoes04_diffuse_d3c22eb3c9615357.jpg-ddb6dc905e3686f8f5b79669a9043873.s3tc.ctex[39m[0m
[  69% ] [90m[1msavepack[22m | Storing File: res://assets/ext/characters/npc_017_shoes04_diffuse_d3c22eb3c9615357.jpg.import[39m[0m
[  69% ] [90m[1msavepack[22m | Storing File: res://.godot/imported/npc_017_shoes04_normal_d0150649836fda97.png-00f11870b0300f2e38574ddff7470d24.s3tc.ctex[39m[0m
[  69% ] [90m[1msavepack[22m | Storing File: res://assets/ext/characters/npc_017_shoes04_normal_d0150649836fda97.png.import[39m[0m
[  69% ] [90m[1msavepack[22m | Storing File: res://.godot/imported/npc_017_short01_diffuse_772ed02b66617ae1.png-840977116b5e31364a9855a6ca89deaf.s3tc.ctex[39m[0m
[  69% ] [90m[1msavepack[22m | Storing File: res://assets/ext/characters/npc_017_short01_diffuse_772ed02b66617ae1.png.import[39m[0m
[  69% ] [90m[1msavepack[22m | Storing File: res://.godot/imported/npc_017_teeth_0f6dae334ed4c5c5.png-e1a60d92bc6b6c8810b0e8cd238ac023.s3tc.ctex[39m[0m
[  69% ] [90m[1msavepack[22m | Storing File: res://assets/ext/characters/npc_017_teeth_0f6dae334ed4c5c5.png.import[39m[0m
[  69% ] [90m[1msavepack[22m | Storing File: res://.godot/imported/npc_017_tongue01_diffuse_c71e798676e6af5d.jpg-4e974ed3ef2ad9f3b01cf55f2085d364.s3tc.ctex[39m[0m
[  69% ] [90m[1msavepack[22m | Storing File: res://assets/ext/characters/npc_017_tongue01_diffuse_c71e798676e6af5d.jpg.import[39m[0m
[  69% ] [90m[1msavepack[22m | Storing File: res://.godot/imported/npc_017_young_lightskinned_male_diffuse_a663699840e9d24a.jpg-460ed5da0f8a857724c1c81d3633db2c.s3tc.ctex[39m[0m
[  69% ] [90m[1msavepack[22m | Storing File: res://assets/ext/characters/npc_017_young_lightskinned_male_diffuse_a663699840e9d24a.jpg.import[39m[0m
[  69% ] [90m[1msavepack[22m | Storing File: res://.godot/imported/npc_018.glb-d96184704c206c98bc9a00b7267b509e.scn[39m[0m
[  69% ] [90m[1msavepack[22m | Storing File: res://assets/ext/characters/npc_018.glb.import[39m[0m
[  69% ] [90m[1msavepack[22m | Storing File: res://assets/ext/characters/npc_018.spec.json[39m[0m
[  69% ] [90m[1msavepack[22m | Storing File: res://.godot/imported/npc_018_brownlight_eye_2b220ad5018d8429.png-45ec3bfa0de5c7571c6411cab551380a.s3tc.ctex[39m[0m
[  69% ] [90m[1msavepack[22m | Storing File: res://assets/ext/characters/npc_018_brownlight_eye_2b220ad5018d8429.png.import[39m[0m
[  69% ] [90m[1msavepack[22m | Storing File: res://.godot/imported/npc_018_eyebrow004_6efbb89cfcc113e7.png-77c2b8bed83b65e60e8c7a0a4f8f2f5d.s3tc.ctex[39m[0m
[  69% ] [90m[1msavepack[22m | Storing File: res://assets/ext/characters/npc_018_eyebrow004_6efbb89cfcc113e7.png.import[39m[0m
[  69% ] [90m[1msavepack[22m | Storing File: res://.godot/imported/npc_018_eyelashes01_5fb9b06b9281023b.png-97a0c1e82657615f98019c9ddca0adbe.s3tc.ctex[39m[0m
[  69% ] [90m[1msavepack[22m | Storing File: res://assets/ext/characters/npc_018_eyelashes01_5fb9b06b9281023b.png.import[39m[0m
[  69% ] [90m[1msavepack[22m | Storing File: res://.godot/imported/npc_018_shoes03_diffuse_5285475e3006abad.jpg-fb5ca983ba18b3a5981770d90526f460.s3tc.ctex[39m[0m
[  69% ] [90m[1msavepack[22m | Storing File: res://assets/ext/characters/npc_018_shoes03_diffuse_5285475e3006abad.jpg.import[39m[0m
[  69% ] [90m[1msavepack[22m | Storing File: res://.godot/imported/npc_018_short04_diffuse_047a424d55c6b9ff.png-c47604ba1826a82ca2496f758d938821.s3tc.ctex[39m[0m
[  69% ] [90m[1msavepack[22m | Storing File: res://assets/ext/characters/npc_018_short04_diffuse_047a424d55c6b9ff.png.import[39m[0m
[  69% ] [90m[1msavepack[22m | Storing File: res://.godot/imported/npc_018_teeth_0f6dae334ed4c5c5.png-54c93d08e2f668fde52c7f7afce1395d.s3tc.ctex[39m[0m
[  69% ] [90m[1msavepack[22m | Storing File: res://assets/ext/characters/npc_018_teeth_0f6dae334ed4c5c5.png.import[39m[0m
[  69% ] [90m[1msavepack[22m | Storing File: res://.godot/imported/npc_018_tongue01_diffuse_c71e798676e6af5d.jpg-ee26bdd123fe686bbb8076a18eded29e.s3tc.ctex[39m[0m
[  69% ] [90m[1msavepack[22m | Storing File: res://assets/ext/characters/npc_018_tongue01_diffuse_c71e798676e6af5d.jpg.import[39m[0m
[  69% ] [90m[1msavepack[22m | Storing File: res://.godot/imported/npc_018_young_lightskinned_male_diffuse3_97b34fc4762765da.jpg-9596ac64dd7887f098feefa70d9bbb23.s3tc.ctex[39m[0m
[  69% ] [90m[1msavepack[22m | Storing File: res://assets/ext/characters/npc_018_young_lightskinned_male_diffuse3_97b34fc4762765da.jpg.import[39m[0m
[  70% ] [90m[1msavepack[22m | Storing File: res://.godot/imported/npc_019.glb-c07e1d0ce476050686c2dfc6dc043c2a.scn[39m[0m
[  70% ] [90m[1msavepack[22m | Storing File: res://assets/ext/characters/npc_019.glb.import[39m[0m
[  70% ] [90m[1msavepack[22m | Storing File: res://assets/ext/characters/npc_019.spec.json[39m[0m
[  70% ] [90m[1msavepack[22m | Storing File: res://.godot/imported/npc_019_eyebrow001_4038d0791734a8b7.png-3776899f73048ed410f95827d24dd050.s3tc.ctex[39m[0m
[  70% ] [90m[1msavepack[22m | Storing File: res://assets/ext/characters/npc_019_eyebrow001_4038d0791734a8b7.png.import[39m[0m
[  70% ] [90m[1msavepack[22m | Storing File: res://.godot/imported/npc_019_eyelashes02_538849d40a7d25e7.png-4214bbeca12103959e8ef68cd5f3e2a8.s3tc.ctex[39m[0m
[  70% ] [90m[1msavepack[22m | Storing File: res://assets/ext/characters/npc_019_eyelashes02_538849d40a7d25e7.png.import[39m[0m
[  70% ] [90m[1msavepack[22m | Storing File: res://.godot/imported/npc_019_lightblue_eye_0f986e3c6be61c48.png-fe22ef8a0840201bde5413153c29984c.s3tc.ctex[39m[0m
[  70% ] [90m[1msavepack[22m | Storing File: res://assets/ext/characters/npc_019_lightblue_eye_0f986e3c6be61c48.png.import[39m[0m
[  70% ] [90m[1msavepack[22m | Storing File: res://.godot/imported/npc_019_shoes03_diffuse_5285475e3006abad.jpg-387e7108b46520fcdfda17c846376454.s3tc.ctex[39m[0m
[  70% ] [90m[1msavepack[22m | Storing File: res://assets/ext/characters/npc_019_shoes03_diffuse_5285475e3006abad.jpg.import[39m[0m
[  70% ] [90m[1msavepack[22m | Storing File: res://.godot/imported/npc_019_short01_diffuse_772ed02b66617ae1.png-23f2f9448616ec002cc6cc4646fd8fa5.s3tc.ctex[39m[0m
[  70% ] [90m[1msavepack[22m | Storing File: res://assets/ext/characters/npc_019_short01_diffuse_772ed02b66617ae1.png.import[39m[0m
[  70% ] [90m[1msavepack[22m | Storing File: res://.godot/imported/npc_019_teeth_0f6dae334ed4c5c5.png-69d87a7fb6ee944763d188af35013c05.s3tc.ctex[39m[0m
[  70% ] [90m[1msavepack[22m | Storing File: res://assets/ext/characters/npc_019_teeth_0f6dae334ed4c5c5.png.import[39m[0m
[  70% ] [90m[1msavepack[22m | Storing File: res://.godot/imported/npc_019_tongue01_diffuse_c71e798676e6af5d.jpg-271a9333dadb32b4c4de3bfd348d861f.s3tc.ctex[39m[0m
[  70% ] [90m[1msavepack[22m | Storing File: res://assets/ext/characters/npc_019_tongue01_diffuse_c71e798676e6af5d.jpg.import[39m[0m
[  70% ] [90m[1msavepack[22m | Storing File: res://.godot/imported/npc_019_young_lightskinned_male_diffuse_a663699840e9d24a.jpg-3814607bc94b1609188602fa04515b57.s3tc.ctex[39m[0m
[  70% ] [90m[1msavepack[22m | Storing File: res://assets/ext/characters/npc_019_young_lightskinned_male_diffuse_a663699840e9d24a.jpg.import[39m[0m
[  70% ] [90m[1msavepack[22m | Storing File: res://.godot/imported/npc_020.glb-ec7ba3f635fc2d85cffff4febfb32f64.scn[39m[0m
[  70% ] [90m[1msavepack[22m | Storing File: res://assets/ext/characters/npc_020.glb.import[39m[0m
[  70% ] [90m[1msavepack[22m | Storing File: res://assets/ext/characters/npc_020.spec.json[39m[0m
[  70% ] [90m[1msavepack[22m | Storing File: res://.godot/imported/npc_020_beard_strands_v6_80_dd6daa64bb118466.png-06106bd4b81f4cb0fef7677fcb100b88.s3tc.ctex[39m[0m
[  70% ] [90m[1msavepack[22m | Storing File: res://assets/ext/characters/npc_020_beard_strands_v6_80_dd6daa64bb118466.png.import[39m[0m
[  70% ] [90m[1msavepack[22m | Storing File: res://.godot/imported/npc_020_brownlight_eye_2b220ad5018d8429.png-e05df60ab93137c4549134dae439e00e.s3tc.ctex[39m[0m
[  70% ] [90m[1msavepack[22m | Storing File: res://assets/ext/characters/npc_020_brownlight_eye_2b220ad5018d8429.png.import[39m[0m
[  70% ] [90m[1msavepack[22m | Storing File: res://.godot/imported/npc_020_eyebrow007_22c2d3cf1f5d2d4f.png-3a37b85afec299bbed387d5fb50f7609.s3tc.ctex[39m[0m
[  70% ] [90m[1msavepack[22m | Storing File: res://assets/ext/characters/npc_020_eyebrow007_22c2d3cf1f5d2d4f.png.import[39m[0m
[  70% ] [90m[1msavepack[22m | Storing File: res://.godot/imported/npc_020_eyelashes02_538849d40a7d25e7.png-fb9791fcb10814e1056c71d386533faf.s3tc.ctex[39m[0m
[  70% ] [90m[1msavepack[22m | Storing File: res://assets/ext/characters/npc_020_eyelashes02_538849d40a7d25e7.png.import[39m[0m
[  70% ] [90m[1msavepack[22m | Storing File: res://.godot/imported/npc_020_shoes03_diffuse_5285475e3006abad.jpg-bb41809e12573cfb90aa4c809acb5a67.s3tc.ctex[39m[0m
[  70% ] [90m[1msavepack[22m | Storing File: res://assets/ext/characters/npc_020_shoes03_diffuse_5285475e3006abad.jpg.import[39m[0m
[  70% ] [90m[1msavepack[22m | Storing File: res://.godot/imported/npc_020_short03_diffuse_fbf93ddc052c7409.png-5a8790f9fc3db828bf17da24531eb3eb.s3tc.ctex[39m[0m
[  70% ] [90m[1msavepack[22m | Storing File: res://assets/ext/characters/npc_020_short03_diffuse_fbf93ddc052c7409.png.import[39m[0m
[  70% ] [90m[1msavepack[22m | Storing File: res://.godot/imported/npc_020_teeth_0f6dae334ed4c5c5.png-3cf11a5e5b32af8b1a43b3806e99fb19.s3tc.ctex[39m[0m
[  70% ] [90m[1msavepack[22m | Storing File: res://assets/ext/characters/npc_020_teeth_0f6dae334ed4c5c5.png.import[39m[0m
[  70% ] [90m[1msavepack[22m | Storing File: res://.godot/imported/npc_020_tongue01_diffuse_c71e798676e6af5d.jpg-8d98930ffbe95136d649217585f7aca0.s3tc.ctex[39m[0m
[  70% ] [90m[1msavepack[22m | Storing File: res://assets/ext/characters/npc_020_tongue01_diffuse_c71e798676e6af5d.jpg.import[39m[0m
[  70% ] [90m[1msavepack[22m | Storing File: res://.godot/imported/npc_020_young_lightskinned_male_diffuse_a663699840e9d24a.jpg-4574251a213cf861ca8e736520c98ed4.s3tc.ctex[39m[0m
[  70% ] [90m[1msavepack[22m | Storing File: res://assets/ext/characters/npc_020_young_lightskinned_male_diffuse_a663699840e9d24a.jpg.import[39m[0m
[  70% ] [90m[1msavepack[22m | Storing File: res://.godot/imported/npc_021.glb-7088eab863a5ce37a8ddfef4410e6849.scn[39m[0m
[  70% ] [90m[1msavepack[22m | Storing File: res://assets/ext/characters/npc_021.glb.import[39m[0m
[  70% ] [90m[1msavepack[22m | Storing File: res://assets/ext/characters/npc_021.spec.json[39m[0m
[  70% ] [90m[1msavepack[22m | Storing File: res://.godot/imported/npc_021_beard_strands_v6_80_dd6daa64bb118466.png-d233cfbbafdc3459ac948a1554cfdde5.s3tc.ctex[39m[0m
[  70% ] [90m[1msavepack[22m | Storing File: res://assets/ext/characters/npc_021_beard_strands_v6_80_dd6daa64bb118466.png.import[39m[0m
[  70% ] [90m[1msavepack[22m | Storing File: res://.godot/imported/npc_021_eyebrow010_bd8536fc788ba159.png-01f6b36860615fb2b4e4c6b73bf9cdc1.s3tc.ctex[39m[0m
[  70% ] [90m[1msavepack[22m | Storing File: res://assets/ext/characters/npc_021_eyebrow010_bd8536fc788ba159.png.import[39m[0m
[  70% ] [90m[1msavepack[22m | Storing File: res://.godot/imported/npc_021_eyelashes02_538849d40a7d25e7.png-733b5f2464740a63a4e4b0bbc4abda4c.s3tc.ctex[39m[0m
[  70% ] [90m[1msavepack[22m | Storing File: res://assets/ext/characters/npc_021_eyelashes02_538849d40a7d25e7.png.import[39m[0m
[  70% ] [90m[1msavepack[22m | Storing File: res://.godot/imported/npc_021_lightblue_eye_0f986e3c6be61c48.png-72e66f12764b15a9744eeb984246a9db.s3tc.ctex[39m[0m
[  70% ] [90m[1msavepack[22m | Storing File: res://assets/ext/characters/npc_021_lightblue_eye_0f986e3c6be61c48.png.import[39m[0m
[  70% ] [90m[1msavepack[22m | Storing File: res://.godot/imported/npc_021_middleage_lightskinned_male_diffuse_c7873ea1d869e207.jpg-c1da8b41679f359cda1cbe2e647c7086.s3tc.ctex[39m[0m
[  70% ] [90m[1msavepack[22m | Storing File: res://assets/ext/characters/npc_021_middleage_lightskinned_male_diffuse_c7873ea1d869e207.jpg.import[39m[0m
[  70% ] [90m[1msavepack[22m | Storing File: res://.godot/imported/npc_021_shoes03_diffuse_5285475e3006abad.jpg-3917de19b929c97e5a6ec8d56399ab1c.s3tc.ctex[39m[0m
[  70% ] [90m[1msavepack[22m | Storing File: res://assets/ext/characters/npc_021_shoes03_diffuse_5285475e3006abad.jpg.import[39m[0m
[  70% ] [90m[1msavepack[22m | Storing File: res://.godot/imported/npc_021_short02_diffuse_c989903ce78a364c.png-dba586c60ce86b668cb75da48007da7f.s3tc.ctex[39m[0m
[  70% ] [90m[1msavepack[22m | Storing File: res://assets/ext/characters/npc_021_short02_diffuse_c989903ce78a364c.png.import[39m[0m
[  70% ] [90m[1msavepack[22m | Storing File: res://.godot/imported/npc_021_teeth_0f6dae334ed4c5c5.png-1a9b8e00e0d80b9bb7b2e148ec7e00da.s3tc.ctex[39m[0m
[  70% ] [90m[1msavepack[22m | Storing File: res://assets/ext/characters/npc_021_teeth_0f6dae334ed4c5c5.png.import[39m[0m
[  70% ] [90m[1msavepack[22m | Storing File: res://.godot/imported/npc_021_tongue01_diffuse_c71e798676e6af5d.jpg-7452de63e0d74dc9d6e812ae777084bf.s3tc.ctex[39m[0m
[  70% ] [90m[1msavepack[22m | Storing File: res://assets/ext/characters/npc_021_tongue01_diffuse_c71e798676e6af5d.jpg.import[39m[0m
[  70% ] [90m[1msavepack[22m | Storing File: res://.godot/imported/npc_022.glb-8689de5c021171a615758b7133820912.scn[39m[0m
[  70% ] [90m[1msavepack[22m | Storing File: res://assets/ext/characters/npc_022.glb.import[39m[0m
[  70% ] [90m[1msavepack[22m | Storing File: res://assets/ext/characters/npc_022.spec.json[39m[0m
[  70% ] [90m[1msavepack[22m | Storing File: res://.godot/imported/npc_022_brownlight_eye_2b220ad5018d8429.png-194e7dfab8325b289800606b5f21bbc3.s3tc.ctex[39m[0m
[  70% ] [90m[1msavepack[22m | Storing File: res://assets/ext/characters/npc_022_brownlight_eye_2b220ad5018d8429.png.import[39m[0m
[  71% ] [90m[1msavepack[22m | Storing File: res://.godot/imported/npc_022_eyebrow002_1dab0358c551595c.png-af12049445fd70bcfe3b436696601b38.s3tc.ctex[39m[0m
[  71% ] [90m[1msavepack[22m | Storing File: res://assets/ext/characters/npc_022_eyebrow002_1dab0358c551595c.png.import[39m[0m
[  71% ] [90m[1msavepack[22m | Storing File: res://.godot/imported/npc_022_eyelashes01_5fb9b06b9281023b.png-e2387b0731355fed14b4dfcb60a4c304.s3tc.ctex[39m[0m
[  71% ] [90m[1msavepack[22m | Storing File: res://assets/ext/characters/npc_022_eyelashes01_5fb9b06b9281023b.png.import[39m[0m
[  71% ] [90m[1msavepack[22m | Storing File: res://.godot/imported/npc_022_old_lightskinned_male_diffuse2_4baf3b23cb7f7abe.jpg-699e18af45d15102fb464950b0acb56b.s3tc.ctex[39m[0m
[  71% ] [90m[1msavepack[22m | Storing File: res://assets/ext/characters/npc_022_old_lightskinned_male_diffuse2_4baf3b23cb7f7abe.jpg.import[39m[0m
[  71% ] [90m[1msavepack[22m | Storing File: res://.godot/imported/npc_022_shoes03_diffuse_5285475e3006abad.jpg-6237ec7429d5111d28ca38f74cdae94a.s3tc.ctex[39m[0m
[  71% ] [90m[1msavepack[22m | Storing File: res://assets/ext/characters/npc_022_shoes03_diffuse_5285475e3006abad.jpg.import[39m[0m
[  71% ] [90m[1msavepack[22m | Storing File: res://.godot/imported/npc_022_short01_diffuse_772ed02b66617ae1.png-75bbe49d3ce9c1e98eb983d7eea041d6.s3tc.ctex[39m[0m
[  71% ] [90m[1msavepack[22m | Storing File: res://assets/ext/characters/npc_022_short01_diffuse_772ed02b66617ae1.png.import[39m[0m
[  71% ] [90m[1msavepack[22m | Storing File: res://.godot/imported/npc_022_teeth_0f6dae334ed4c5c5.png-ea395baf8e2bb904ae9e6cbec175aa96.s3tc.ctex[39m[0m
[  71% ] [90m[1msavepack[22m | Storing File: res://assets/ext/characters/npc_022_teeth_0f6dae334ed4c5c5.png.import[39m[0m
[  71% ] [90m[1msavepack[22m | Storing File: res://.godot/imported/npc_022_tongue01_diffuse_c71e798676e6af5d.jpg-3cfe5732dc8b8dfd417b8666ba2a6bbc.s3tc.ctex[39m[0m
[  71% ] [90m[1msavepack[22m | Storing File: res://assets/ext/characters/npc_022_tongue01_diffuse_c71e798676e6af5d.jpg.import[39m[0m
[  71% ] [90m[1msavepack[22m | Storing File: res://.godot/imported/npc_023.glb-f020ce81cc53bc6573ce9c564623f636.scn[39m[0m
[  71% ] [90m[1msavepack[22m | Storing File: res://assets/ext/characters/npc_023.glb.import[39m[0m
[  71% ] [90m[1msavepack[22m | Storing File: res://assets/ext/characters/npc_023.spec.json[39m[0m
[  71% ] [90m[1msavepack[22m | Storing File: res://.godot/imported/npc_023_beard_strands_v6_80_dd6daa64bb118466.png-cb52c8dd13f3cae0a248ecc7fbedbd51.s3tc.ctex[39m[0m
[  71% ] [90m[1msavepack[22m | Storing File: res://assets/ext/characters/npc_023_beard_strands_v6_80_dd6daa64bb118466.png.import[39m[0m
[  71% ] [90m[1msavepack[22m | Storing File: res://.godot/imported/npc_023_brownlight_eye_2b220ad5018d8429.png-5364a18b335892bf0a72bd8e652676e1.s3tc.ctex[39m[0m
[  71% ] [90m[1msavepack[22m | Storing File: res://assets/ext/characters/npc_023_brownlight_eye_2b220ad5018d8429.png.import[39m[0m
[  71% ] [90m[1msavepack[22m | Storing File: res://.godot/imported/npc_023_eyebrow007_22c2d3cf1f5d2d4f.png-c37ad7277077ae99616729c647e1bf2b.s3tc.ctex[39m[0m
[  71% ] [90m[1msavepack[22m | Storing File: res://assets/ext/characters/npc_023_eyebrow007_22c2d3cf1f5d2d4f.png.import[39m[0m
[  71% ] [90m[1msavepack[22m | Storing File: res://.godot/imported/npc_023_eyelashes02_538849d40a7d25e7.png-436df492b1904366aa8e6170ab679b5e.s3tc.ctex[39m[0m
[  71% ] [90m[1msavepack[22m | Storing File: res://assets/ext/characters/npc_023_eyelashes02_538849d40a7d25e7.png.import[39m[0m
[  71% ] [90m[1msavepack[22m | Storing File: res://.godot/imported/npc_023_old_lightskinned_male_diffuse_6275c3eb7f3b715b.jpg-62b069eb5905f65e15cd0053ee1360f4.s3tc.ctex[39m[0m
[  71% ] [90m[1msavepack[22m | Storing File: res://assets/ext/characters/npc_023_old_lightskinned_male_diffuse_6275c3eb7f3b715b.jpg.import[39m[0m
[  71% ] [90m[1msavepack[22m | Storing File: res://.godot/imported/npc_023_shoes04_diffuse_d3c22eb3c9615357.jpg-202854faab419f4dae789ebe30e040b2.s3tc.ctex[39m[0m
[  71% ] [90m[1msavepack[22m | Storing File: res://assets/ext/characters/npc_023_shoes04_diffuse_d3c22eb3c9615357.jpg.import[39m[0m
[  71% ] [90m[1msavepack[22m | Storing File: res://.godot/imported/npc_023_shoes04_normal_d0150649836fda97.png-4e4f843ab018e8ad4bbee0d3f9e6d726.s3tc.ctex[39m[0m
[  71% ] [90m[1msavepack[22m | Storing File: res://assets/ext/characters/npc_023_shoes04_normal_d0150649836fda97.png.import[39m[0m
[  71% ] [90m[1msavepack[22m | Storing File: res://.godot/imported/npc_023_short04_diffuse_047a424d55c6b9ff.png-57e656bcc5f74f2caa7aa71c52c75f1f.s3tc.ctex[39m[0m
[  71% ] [90m[1msavepack[22m | Storing File: res://assets/ext/characters/npc_023_short04_diffuse_047a424d55c6b9ff.png.import[39m[0m
[  71% ] [90m[1msavepack[22m | Storing File: res://.godot/imported/npc_023_teeth_0f6dae334ed4c5c5.png-958870d75d8e4e82b796441af2100c05.s3tc.ctex[39m[0m
[  71% ] [90m[1msavepack[22m | Storing File: res://assets/ext/characters/npc_023_teeth_0f6dae334ed4c5c5.png.import[39m[0m
[  71% ] [90m[1msavepack[22m | Storing File: res://.godot/imported/npc_023_tongue01_diffuse_c71e798676e6af5d.jpg-3517b42f84ad8c38718c64440a6a9221.s3tc.ctex[39m[0m
[  71% ] [90m[1msavepack[22m | Storing File: res://assets/ext/characters/npc_023_tongue01_diffuse_c71e798676e6af5d.jpg.import[39m[0m
[  71% ] [90m[1msavepack[22m | Storing File: res://.godot/imported/npc_024.glb-9033f58879c3faf90fea1fcaf4493118.scn[39m[0m
[  71% ] [90m[1msavepack[22m | Storing File: res://assets/ext/characters/npc_024.glb.import[39m[0m
[  71% ] [90m[1msavepack[22m | Storing File: res://assets/ext/characters/npc_024.spec.json[39m[0m
[  71% ] [90m[1msavepack[22m | Storing File: res://.godot/imported/npc_024_braid01_diffuse_aa7766fb9b7070c9.png-49b8de7454abc06bcfe35b1d23a6f560.s3tc.ctex[39m[0m
[  71% ] [90m[1msavepack[22m | Storing File: res://assets/ext/characters/npc_024_braid01_diffuse_aa7766fb9b7070c9.png.import[39m[0m
[  71% ] [90m[1msavepack[22m | Storing File: res://.godot/imported/npc_024_brownlight_eye_2b220ad5018d8429.png-0916a0c2c952bfe2c88a097420378d52.s3tc.ctex[39m[0m
[  71% ] [90m[1msavepack[22m | Storing File: res://assets/ext/characters/npc_024_brownlight_eye_2b220ad5018d8429.png.import[39m[0m
[  71% ] [90m[1msavepack[22m | Storing File: res://.godot/imported/npc_024_eyebrow010_bd8536fc788ba159.png-292a05a76f1cec47179c69baa2a75e60.s3tc.ctex[39m[0m
[  71% ] [90m[1msavepack[22m | Storing File: res://assets/ext/characters/npc_024_eyebrow010_bd8536fc788ba159.png.import[39m[0m
[  71% ] [90m[1msavepack[22m | Storing File: res://.godot/imported/npc_024_eyelashes04_5e859906179e8f7f.png-554c687e341a002ab07001e29b418a06.s3tc.ctex[39m[0m
[  71% ] [90m[1msavepack[22m | Storing File: res://assets/ext/characters/npc_024_eyelashes04_5e859906179e8f7f.png.import[39m[0m
[  71% ] [90m[1msavepack[22m | Storing File: res://.godot/imported/npc_024_middleage_lightskinned_female_diffuse_14d9f68e4f87ec7c.jpg-9c64ae61e78f7236e957cf5feb6178eb.s3tc.ctex[39m[0m
[  71% ] [90m[1msavepack[22m | Storing File: res://assets/ext/characters/npc_024_middleage_lightskinned_female_diffuse_14d9f68e4f87ec7c.jpg.import[39m[0m
[  71% ] [90m[1msavepack[22m | Storing File: res://.godot/imported/npc_024_shoes04_diffuse_d3c22eb3c9615357.jpg-49fb936b4f858ee1d223cdf9b07019c3.s3tc.ctex[39m[0m
[  71% ] [90m[1msavepack[22m | Storing File: res://assets/ext/characters/npc_024_shoes04_diffuse_d3c22eb3c9615357.jpg.import[39m[0m
[  71% ] [90m[1msavepack[22m | Storing File: res://.godot/imported/npc_024_shoes04_normal_d0150649836fda97.png-b9c344166279b028dfc695a6536a28cd.s3tc.ctex[39m[0m
[  71% ] [90m[1msavepack[22m | Storing File: res://assets/ext/characters/npc_024_shoes04_normal_d0150649836fda97.png.import[39m[0m
[  71% ] [90m[1msavepack[22m | Storing File: res://.godot/imported/npc_024_teeth_0f6dae334ed4c5c5.png-dca1c7f3cbe8d52b7fc26f5657c55cbd.s3tc.ctex[39m[0m
[  71% ] [90m[1msavepack[22m | Storing File: res://assets/ext/characters/npc_024_teeth_0f6dae334ed4c5c5.png.import[39m[0m
[  71% ] [90m[1msavepack[22m | Storing File: res://.godot/imported/npc_024_tongue01_diffuse_c71e798676e6af5d.jpg-bb14e366e7de5ad5ab83cd3affedebfc.s3tc.ctex[39m[0m
[  71% ] [90m[1msavepack[22m | Storing File: res://assets/ext/characters/npc_024_tongue01_diffuse_c71e798676e6af5d.jpg.import[39m[0m
[  71% ] [90m[1msavepack[22m | Storing File: res://.godot/imported/npc_025.glb-faf5afc7e31b5fe0e03c5b806dd738d7.scn[39m[0m
[  71% ] [90m[1msavepack[22m | Storing File: res://assets/ext/characters/npc_025.glb.import[39m[0m
[  71% ] [90m[1msavepack[22m | Storing File: res://assets/ext/characters/npc_025.spec.json[39m[0m
[  71% ] [90m[1msavepack[22m | Storing File: res://.godot/imported/npc_025_eyebrow009_5331bf91d44925db.png-a9808845917ece35097fa760f2149750.s3tc.ctex[39m[0m
[  71% ] [90m[1msavepack[22m | Storing File: res://assets/ext/characters/npc_025_eyebrow009_5331bf91d44925db.png.import[39m[0m
[  71% ] [90m[1msavepack[22m | Storing File: res://.godot/imported/npc_025_eyelashes03_8a2d65d9de42d7f2.png-c10d72d16d60f6029b7b89094704d6f9.s3tc.ctex[39m[0m
[  71% ] [90m[1msavepack[22m | Storing File: res://assets/ext/characters/npc_025_eyelashes03_8a2d65d9de42d7f2.png.import[39m[0m
[  71% ] [90m[1msavepack[22m | Storing File: res://.godot/imported/npc_025_green_eye_09f2287a8dca2f43.png-d114ed74d9b1a9033f8c84ff935e0904.s3tc.ctex[39m[0m
[  71% ] [90m[1msavepack[22m | Storing File: res://assets/ext/characters/npc_025_green_eye_09f2287a8dca2f43.png.import[39m[0m
[  71% ] [90m[1msavepack[22m | Storing File: res://.godot/imported/npc_025_hair_strands_v1_f0c08364b052bb31.png-cd6bf90e26a78a212c3078f1ff12a588.s3tc.ctex[39m[0m
[  71% ] [90m[1msavepack[22m | Storing File: res://assets/ext/characters/npc_025_hair_strands_v1_f0c08364b052bb31.png.import[39m[0m
[  72% ] [90m[1msavepack[22m | Storing File: res://.godot/imported/npc_025_shoes01_diffuse_48a4cba573468e4e.jpg-f1003685ccd4676220633e61ded6ce9c.s3tc.ctex[39m[0m
[  72% ] [90m[1msavepack[22m | Storing File: res://assets/ext/characters/npc_025_shoes01_diffuse_48a4cba573468e4e.jpg.import[39m[0m
[  72% ] [90m[1msavepack[22m | Storing File: res://.godot/imported/npc_025_shoes01_normal_14fb128093f9e8c9.png-f51d38de2b937a4c6d527bead7f4bbb9.s3tc.ctex[39m[0m
[  72% ] [90m[1msavepack[22m | Storing File: res://assets/ext/characters/npc_025_shoes01_normal_14fb128093f9e8c9.png.import[39m[0m
[  72% ] [90m[1msavepack[22m | Storing File: res://.godot/imported/npc_025_teeth_0f6dae334ed4c5c5.png-a7e873adcc4b8a78f9de61a3843bbd20.s3tc.ctex[39m[0m
[  72% ] [90m[1msavepack[22m | Storing File: res://assets/ext/characters/npc_025_teeth_0f6dae334ed4c5c5.png.import[39m[0m
[  72% ] [90m[1msavepack[22m | Storing File: res://.godot/imported/npc_025_tongue01_diffuse_c71e798676e6af5d.jpg-1cd65f96dcbdb0099d21af619ccfb2b5.s3tc.ctex[39m[0m
[  72% ] [90m[1msavepack[22m | Storing File: res://assets/ext/characters/npc_025_tongue01_diffuse_c71e798676e6af5d.jpg.import[39m[0m
[  72% ] [90m[1msavepack[22m | Storing File: res://.godot/imported/npc_025_young_lightskinned_female_diffuse_c859e712bea2b01b.jpg-4f227a3bf28c1f30611d9cf6e1ff088c.s3tc.ctex[39m[0m
[  72% ] [90m[1msavepack[22m | Storing File: res://assets/ext/characters/npc_025_young_lightskinned_female_diffuse_c859e712bea2b01b.jpg.import[39m[0m
[  72% ] [90m[1msavepack[22m | Storing File: res://.godot/imported/npc_026.glb-fd62ecc07d03c6a4ba205d1e4e4addef.scn[39m[0m
[  72% ] [90m[1msavepack[22m | Storing File: res://assets/ext/characters/npc_026.glb.import[39m[0m
[  72% ] [90m[1msavepack[22m | Storing File: res://assets/ext/characters/npc_026.spec.json[39m[0m
[  72% ] [90m[1msavepack[22m | Storing File: res://.godot/imported/npc_026_blue_eye_2e8757a6cfcec72c.png-07d912be32dfc97618efc935c0a3a857.s3tc.ctex[39m[0m
[  72% ] [90m[1msavepack[22m | Storing File: res://assets/ext/characters/npc_026_blue_eye_2e8757a6cfcec72c.png.import[39m[0m
[  72% ] [90m[1msavepack[22m | Storing File: res://.godot/imported/npc_026_eyebrow003_4f25f2363e2d61f6.png-acfb6d93b618078b46ed5747cc319bff.s3tc.ctex[39m[0m
[  72% ] [90m[1msavepack[22m | Storing File: res://assets/ext/characters/npc_026_eyebrow003_4f25f2363e2d61f6.png.import[39m[0m
[  72% ] [90m[1msavepack[22m | Storing File: res://.godot/imported/npc_026_eyelashes04_5e859906179e8f7f.png-91ddd0aa6d5b8c9470b722d45941ab66.s3tc.ctex[39m[0m
[  72% ] [90m[1msavepack[22m | Storing File: res://assets/ext/characters/npc_026_eyelashes04_5e859906179e8f7f.png.import[39m[0m
[  72% ] [90m[1msavepack[22m | Storing File: res://.godot/imported/npc_026_hair_strands_v1_f0c08364b052bb31.png-a2bbb5a81195ce21b2b918b48771e960.s3tc.ctex[39m[0m
[  72% ] [90m[1msavepack[22m | Storing File: res://assets/ext/characters/npc_026_hair_strands_v1_f0c08364b052bb31.png.import[39m[0m
[  72% ] [90m[1msavepack[22m | Storing File: res://.godot/imported/npc_026_shoes04_diffuse_d3c22eb3c9615357.jpg-f543cb2e27d1b399b0f299e74f005493.s3tc.ctex[39m[0m
[  72% ] [90m[1msavepack[22m | Storing File: res://assets/ext/characters/npc_026_shoes04_diffuse_d3c22eb3c9615357.jpg.import[39m[0m
[  72% ] [90m[1msavepack[22m | Storing File: res://.godot/imported/npc_026_shoes04_normal_d0150649836fda97.png-018aa1a700468a9bd7d323e24638052d.s3tc.ctex[39m[0m
[  72% ] [90m[1msavepack[22m | Storing File: res://assets/ext/characters/npc_026_shoes04_normal_d0150649836fda97.png.import[39m[0m
[  72% ] [90m[1msavepack[22m | Storing File: res://.godot/imported/npc_026_teeth_0f6dae334ed4c5c5.png-c5c7b8074f939bac6e38fdaef8521c63.s3tc.ctex[39m[0m
[  72% ] [90m[1msavepack[22m | Storing File: res://assets/ext/characters/npc_026_teeth_0f6dae334ed4c5c5.png.import[39m[0m
[  72% ] [90m[1msavepack[22m | Storing File: res://.godot/imported/npc_026_tongue01_diffuse_c71e798676e6af5d.jpg-2754ffcbf30b299cfba4cdb8bc7ed13e.s3tc.ctex[39m[0m
[  72% ] [90m[1msavepack[22m | Storing File: res://assets/ext/characters/npc_026_tongue01_diffuse_c71e798676e6af5d.jpg.import[39m[0m
[  72% ] [90m[1msavepack[22m | Storing File: res://.godot/imported/npc_026_young_lightskinned_female_diffuse_c859e712bea2b01b.jpg-46fae46283fc2b68ae1aeae858ad0222.s3tc.ctex[39m[0m
[  72% ] [90m[1msavepack[22m | Storing File: res://assets/ext/characters/npc_026_young_lightskinned_female_diffuse_c859e712bea2b01b.jpg.import[39m[0m
[  72% ] [90m[1msavepack[22m | Storing File: res://.godot/imported/npc_027.glb-240f465ee27a32170bc9a09f032589ae.scn[39m[0m
[  72% ] [90m[1msavepack[22m | Storing File: res://assets/ext/characters/npc_027.glb.import[39m[0m
[  72% ] [90m[1msavepack[22m | Storing File: res://assets/ext/characters/npc_027.spec.json[39m[0m
[  72% ] [90m[1msavepack[22m | Storing File: res://.godot/imported/npc_027_brownlight_eye_2b220ad5018d8429.png-332042fca7f4f83f0c3f283d1993946c.s3tc.ctex[39m[0m
[  72% ] [90m[1msavepack[22m | Storing File: res://assets/ext/characters/npc_027_brownlight_eye_2b220ad5018d8429.png.import[39m[0m
[  72% ] [90m[1msavepack[22m | Storing File: res://.godot/imported/npc_027_eyebrow005_3c9e137277d6b459.png-b69010dd5561c83e24c9fe03ca6f49fa.s3tc.ctex[39m[0m
[  72% ] [90m[1msavepack[22m | Storing File: res://assets/ext/characters/npc_027_eyebrow005_3c9e137277d6b459.png.import[39m[0m
[  72% ] [90m[1msavepack[22m | Storing File: res://.godot/imported/npc_027_eyelashes03_8a2d65d9de42d7f2.png-dac0fcbd1cd9bf060f9b9ff794f4c45b.s3tc.ctex[39m[0m
[  72% ] [90m[1msavepack[22m | Storing File: res://assets/ext/characters/npc_027_eyelashes03_8a2d65d9de42d7f2.png.import[39m[0m
[  72% ] [90m[1msavepack[22m | Storing File: res://.godot/imported/npc_027_ponytail01_diffuse_b58c19ff0f550cf8.png-3e59232c63371be353faace48d8385d4.s3tc.ctex[39m[0m
[  72% ] [90m[1msavepack[22m | Storing File: res://assets/ext/characters/npc_027_ponytail01_diffuse_b58c19ff0f550cf8.png.import[39m[0m
[  72% ] [90m[1msavepack[22m | Storing File: res://.godot/imported/npc_027_shoes01_diffuse_48a4cba573468e4e.jpg-cd9ec1703835e08a83fe498a41c8c51f.s3tc.ctex[39m[0m
[  72% ] [90m[1msavepack[22m | Storing File: res://assets/ext/characters/npc_027_shoes01_diffuse_48a4cba573468e4e.jpg.import[39m[0m
[  72% ] [90m[1msavepack[22m | Storing File: res://.godot/imported/npc_027_shoes01_normal_14fb128093f9e8c9.png-b7baf4ba56a11d35807f17965a94bc4d.s3tc.ctex[39m[0m
[  72% ] [90m[1msavepack[22m | Storing File: res://assets/ext/characters/npc_027_shoes01_normal_14fb128093f9e8c9.png.import[39m[0m
[  72% ] [90m[1msavepack[22m | Storing File: res://.godot/imported/npc_027_teeth_0f6dae334ed4c5c5.png-a015677517c5cc12d9d828df8f250174.s3tc.ctex[39m[0m
[  72% ] [90m[1msavepack[22m | Storing File: res://assets/ext/characters/npc_027_teeth_0f6dae334ed4c5c5.png.import[39m[0m
[  72% ] [90m[1msavepack[22m | Storing File: res://.godot/imported/npc_027_tongue01_diffuse_c71e798676e6af5d.jpg-5cfa6e2c3456db65cb9117a23fa23a3a.s3tc.ctex[39m[0m
[  72% ] [90m[1msavepack[22m | Storing File: res://assets/ext/characters/npc_027_tongue01_diffuse_c71e798676e6af5d.jpg.import[39m[0m
[  72% ] [90m[1msavepack[22m | Storing File: res://.godot/imported/npc_027_young_lightskinned_female_diffuse3_a0f8e520ad1865b1.jpg-a9ffebc4773909b78f9d581d0d61c305.s3tc.ctex[39m[0m
[  72% ] [90m[1msavepack[22m | Storing File: res://assets/ext/characters/npc_027_young_lightskinned_female_diffuse3_a0f8e520ad1865b1.jpg.import[39m[0m
[  72% ] [90m[1msavepack[22m | Storing File: res://.godot/imported/npc_028.glb-17b776da7bc13de6442b69657a6c6688.scn[39m[0m
[  72% ] [90m[1msavepack[22m | Storing File: res://assets/ext/characters/npc_028.glb.import[39m[0m
[  72% ] [90m[1msavepack[22m | Storing File: res://assets/ext/characters/npc_028.spec.json[39m[0m
[  72% ] [90m[1msavepack[22m | Storing File: res://.godot/imported/npc_028_bluegreen_eye_19d15672404e2532.png-e59dcedf0549f68223486ae98d249d80.s3tc.ctex[39m[0m
[  72% ] [90m[1msavepack[22m | Storing File: res://assets/ext/characters/npc_028_bluegreen_eye_19d15672404e2532.png.import[39m[0m
[  72% ] [90m[1msavepack[22m | Storing File: res://.godot/imported/npc_028_eyebrow005_3c9e137277d6b459.png-ade496a3357b7c94ba18efcf0e07985c.s3tc.ctex[39m[0m
[  72% ] [90m[1msavepack[22m | Storing File: res://assets/ext/characters/npc_028_eyebrow005_3c9e137277d6b459.png.import[39m[0m
[  72% ] [90m[1msavepack[22m | Storing File: res://.godot/imported/npc_028_eyelashes03_8a2d65d9de42d7f2.png-3b99a2f5bd46d182be36ffdae81dc2b9.s3tc.ctex[39m[0m
[  72% ] [90m[1msavepack[22m | Storing File: res://assets/ext/characters/npc_028_eyelashes03_8a2d65d9de42d7f2.png.import[39m[0m
[  72% ] [90m[1msavepack[22m | Storing File: res://.godot/imported/npc_028_ponytail01_diffuse_b58c19ff0f550cf8.png-4ce3d49ffe6a02f5d57d421f73d06a55.s3tc.ctex[39m[0m
[  72% ] [90m[1msavepack[22m | Storing File: res://assets/ext/characters/npc_028_ponytail01_diffuse_b58c19ff0f550cf8.png.import[39m[0m
[  72% ] [90m[1msavepack[22m | Storing File: res://.godot/imported/npc_028_shoes01_diffuse_48a4cba573468e4e.jpg-766b4bd1f67cd5fbd11da661653ca239.s3tc.ctex[39m[0m
[  72% ] [90m[1msavepack[22m | Storing File: res://assets/ext/characters/npc_028_shoes01_diffuse_48a4cba573468e4e.jpg.import[39m[0m
[  72% ] [90m[1msavepack[22m | Storing File: res://.godot/imported/npc_028_shoes01_normal_14fb128093f9e8c9.png-a42950e0beeb6ef3e236144f3d9453c0.s3tc.ctex[39m[0m
[  72% ] [90m[1msavepack[22m | Storing File: res://assets/ext/characters/npc_028_shoes01_normal_14fb128093f9e8c9.png.import[39m[0m
[  73% ] [90m[1msavepack[22m | Storing File: res://.godot/imported/npc_028_teeth_0f6dae334ed4c5c5.png-98af67dd2c0522b45bb326e1599fe7c1.s3tc.ctex[39m[0m
[  73% ] [90m[1msavepack[22m | Storing File: res://assets/ext/characters/npc_028_teeth_0f6dae334ed4c5c5.png.import[39m[0m
[  73% ] [90m[1msavepack[22m | Storing File: res://.godot/imported/npc_028_tongue01_diffuse_c71e798676e6af5d.jpg-c563dc5007abefd334ba14d92f9ab47f.s3tc.ctex[39m[0m
[  73% ] [90m[1msavepack[22m | Storing File: res://assets/ext/characters/npc_028_tongue01_diffuse_c71e798676e6af5d.jpg.import[39m[0m
[  73% ] [90m[1msavepack[22m | Storing File: res://.godot/imported/npc_028_young_lightskinned_female_diffuse_c859e712bea2b01b.jpg-49704c3c196bbf269667ee7fd51d460a.s3tc.ctex[39m[0m
[  73% ] [90m[1msavepack[22m | Storing File: res://assets/ext/characters/npc_028_young_lightskinned_female_diffuse_c859e712bea2b01b.jpg.import[39m[0m
[  73% ] [90m[1msavepack[22m | Storing File: res://.godot/imported/npc_029.glb-bc4980cf8d152d9d8e922e4a553746af.scn[39m[0m
[  73% ] [90m[1msavepack[22m | Storing File: res://assets/ext/characters/npc_029.glb.import[39m[0m
[  73% ] [90m[1msavepack[22m | Storing File: res://assets/ext/characters/npc_029.spec.json[39m[0m
[  73% ] [90m[1msavepack[22m | Storing File: res://.godot/imported/npc_029_eyebrow012_da741d0cbf028208.png-70bb2272fa3a41f55aa547b799deaf7a.s3tc.ctex[39m[0m
[  73% ] [90m[1msavepack[22m | Storing File: res://assets/ext/characters/npc_029_eyebrow012_da741d0cbf028208.png.import[39m[0m
[  73% ] [90m[1msavepack[22m | Storing File: res://.godot/imported/npc_029_eyelashes04_5e859906179e8f7f.png-69a38893f502f61dfeb0df796312e4ea.s3tc.ctex[39m[0m
[  73% ] [90m[1msavepack[22m | Storing File: res://assets/ext/characters/npc_029_eyelashes04_5e859906179e8f7f.png.import[39m[0m
[  73% ] [90m[1msavepack[22m | Storing File: res://.godot/imported/npc_029_grey_eye_d5620997c6c559fb.png-dfbf3bda37c874ef999c3bfc8b2ec5c9.s3tc.ctex[39m[0m
[  73% ] [90m[1msavepack[22m | Storing File: res://assets/ext/characters/npc_029_grey_eye_d5620997c6c559fb.png.import[39m[0m
[  73% ] [90m[1msavepack[22m | Storing File: res://.godot/imported/npc_029_hair_strands_v1_f0c08364b052bb31.png-2df555cb8ffc2307239918c0ef341f66.s3tc.ctex[39m[0m
[  73% ] [90m[1msavepack[22m | Storing File: res://assets/ext/characters/npc_029_hair_strands_v1_f0c08364b052bb31.png.import[39m[0m
[  73% ] [90m[1msavepack[22m | Storing File: res://.godot/imported/npc_029_shoes01_diffuse_48a4cba573468e4e.jpg-cf4a646555f11ecccab49c1395fc9816.s3tc.ctex[39m[0m
[  73% ] [90m[1msavepack[22m | Storing File: res://assets/ext/characters/npc_029_shoes01_diffuse_48a4cba573468e4e.jpg.import[39m[0m
[  73% ] [90m[1msavepack[22m | Storing File: res://.godot/imported/npc_029_shoes01_normal_14fb128093f9e8c9.png-6554d6884ba229a2ab6cf748b7891755.s3tc.ctex[39m[0m
[  73% ] [90m[1msavepack[22m | Storing File: res://assets/ext/characters/npc_029_shoes01_normal_14fb128093f9e8c9.png.import[39m[0m
[  73% ] [90m[1msavepack[22m | Storing File: res://.godot/imported/npc_029_teeth_0f6dae334ed4c5c5.png-032260d8e4520591a540922de6f5a4ae.s3tc.ctex[39m[0m
[  73% ] [90m[1msavepack[22m | Storing File: res://assets/ext/characters/npc_029_teeth_0f6dae334ed4c5c5.png.import[39m[0m
[  73% ] [90m[1msavepack[22m | Storing File: res://.godot/imported/npc_029_tongue01_diffuse_c71e798676e6af5d.jpg-9adb0c0ac729b4542ddfd00c5bbb9ada.s3tc.ctex[39m[0m
[  73% ] [90m[1msavepack[22m | Storing File: res://assets/ext/characters/npc_029_tongue01_diffuse_c71e798676e6af5d.jpg.import[39m[0m
[  73% ] [90m[1msavepack[22m | Storing File: res://.godot/imported/npc_029_young_lightskinned_female_diffuse_c859e712bea2b01b.jpg-15a936f97942c19f38dcdb05884ac241.s3tc.ctex[39m[0m
[  73% ] [90m[1msavepack[22m | Storing File: res://assets/ext/characters/npc_029_young_lightskinned_female_diffuse_c859e712bea2b01b.jpg.import[39m[0m
[  73% ] [90m[1msavepack[22m | Storing File: res://.godot/imported/npc_030.glb-21452fca506c7d7fb38d6a00d1cf17de.scn[39m[0m
[  73% ] [90m[1msavepack[22m | Storing File: res://assets/ext/characters/npc_030.glb.import[39m[0m
[  73% ] [90m[1msavepack[22m | Storing File: res://assets/ext/characters/npc_030.spec.json[39m[0m
[  73% ] [90m[1msavepack[22m | Storing File: res://.godot/imported/npc_030_eyebrow012_da741d0cbf028208.png-6fd8d9fbb1fc89795670082d2a50e26c.s3tc.ctex[39m[0m
[  73% ] [90m[1msavepack[22m | Storing File: res://assets/ext/characters/npc_030_eyebrow012_da741d0cbf028208.png.import[39m[0m
[  73% ] [90m[1msavepack[22m | Storing File: res://.godot/imported/npc_030_eyelashes03_8a2d65d9de42d7f2.png-9d4e5fb6bfc8b052b81d5696bf4da5e3.s3tc.ctex[39m[0m
[  73% ] [90m[1msavepack[22m | Storing File: res://assets/ext/characters/npc_030_eyelashes03_8a2d65d9de42d7f2.png.import[39m[0m
[  73% ] [90m[1msavepack[22m | Storing File: res://.godot/imported/npc_030_green_eye_09f2287a8dca2f43.png-3df3b9da3dfc3e741b118a4932cb4b8d.s3tc.ctex[39m[0m
[  73% ] [90m[1msavepack[22m | Storing File: res://assets/ext/characters/npc_030_green_eye_09f2287a8dca2f43.png.import[39m[0m
[  73% ] [90m[1msavepack[22m | Storing File: res://.godot/imported/npc_030_hair_strands_v1_f0c08364b052bb31.png-76b4f163b58e0bbd348c07b6a0ea9368.s3tc.ctex[39m[0m
[  73% ] [90m[1msavepack[22m | Storing File: res://assets/ext/characters/npc_030_hair_strands_v1_f0c08364b052bb31.png.import[39m[0m
[  73% ] [90m[1msavepack[22m | Storing File: res://.godot/imported/npc_030_middleage_lightskinned_female_diffuse_14d9f68e4f87ec7c.jpg-050437627a45305c1c3cba3b40d7f922.s3tc.ctex[39m[0m
[  73% ] [90m[1msavepack[22m | Storing File: res://assets/ext/characters/npc_030_middleage_lightskinned_female_diffuse_14d9f68e4f87ec7c.jpg.import[39m[0m
[  73% ] [90m[1msavepack[22m | Storing File: res://.godot/imported/npc_030_shoes01_diffuse_48a4cba573468e4e.jpg-634bb2a0f086c6bee500daeab543f1cf.s3tc.ctex[39m[0m
[  73% ] [90m[1msavepack[22m | Storing File: res://assets/ext/characters/npc_030_shoes01_diffuse_48a4cba573468e4e.jpg.import[39m[0m
[  73% ] [90m[1msavepack[22m | Storing File: res://.godot/imported/npc_030_shoes01_normal_14fb128093f9e8c9.png-0fd91c25d9b9184a1543445853257a3b.s3tc.ctex[39m[0m
[  73% ] [90m[1msavepack[22m | Storing File: res://assets/ext/characters/npc_030_shoes01_normal_14fb128093f9e8c9.png.import[39m[0m
[  73% ] [90m[1msavepack[22m | Storing File: res://.godot/imported/npc_030_teeth_0f6dae334ed4c5c5.png-1c2a583b69d76b8c879ea4d23eb969ca.s3tc.ctex[39m[0m
[  73% ] [90m[1msavepack[22m | Storing File: res://assets/ext/characters/npc_030_teeth_0f6dae334ed4c5c5.png.import[39m[0m
[  73% ] [90m[1msavepack[22m | Storing File: res://.godot/imported/npc_030_tongue01_diffuse_c71e798676e6af5d.jpg-5af9fa83df37985d9937b8ead1aeecc9.s3tc.ctex[39m[0m
[  73% ] [90m[1msavepack[22m | Storing File: res://assets/ext/characters/npc_030_tongue01_diffuse_c71e798676e6af5d.jpg.import[39m[0m
[  73% ] [90m[1msavepack[22m | Storing File: res://.godot/imported/npc_031.glb-602320a2c93a9205b06c09e070a01e34.scn[39m[0m
[  73% ] [90m[1msavepack[22m | Storing File: res://assets/ext/characters/npc_031.glb.import[39m[0m
[  73% ] [90m[1msavepack[22m | Storing File: res://assets/ext/characters/npc_031.spec.json[39m[0m
[  73% ] [90m[1msavepack[22m | Storing File: res://.godot/imported/npc_031_braid01_diffuse_aa7766fb9b7070c9.png-5f72034e572ccb2e4a87c05c5e358c07.s3tc.ctex[39m[0m
[  73% ] [90m[1msavepack[22m | Storing File: res://assets/ext/characters/npc_031_braid01_diffuse_aa7766fb9b7070c9.png.import[39m[0m
[  73% ] [90m[1msavepack[22m | Storing File: res://.godot/imported/npc_031_brownlight_eye_2b220ad5018d8429.png-ceb5a26faae17b9763829cf2f64f5aac.s3tc.ctex[39m[0m
[  73% ] [90m[1msavepack[22m | Storing File: res://assets/ext/characters/npc_031_brownlight_eye_2b220ad5018d8429.png.import[39m[0m
[  73% ] [90m[1msavepack[22m | Storing File: res://.godot/imported/npc_031_eyebrow005_3c9e137277d6b459.png-1ee360cc9aa458a4d91ca7fced66f163.s3tc.ctex[39m[0m
[  73% ] [90m[1msavepack[22m | Storing File: res://assets/ext/characters/npc_031_eyebrow005_3c9e137277d6b459.png.import[39m[0m
[  73% ] [90m[1msavepack[22m | Storing File: res://.godot/imported/npc_031_eyelashes03_8a2d65d9de42d7f2.png-90702f4c4b453ebe2605697de1ca41de.s3tc.ctex[39m[0m
[  73% ] [90m[1msavepack[22m | Storing File: res://assets/ext/characters/npc_031_eyelashes03_8a2d65d9de42d7f2.png.import[39m[0m
[  73% ] [90m[1msavepack[22m | Storing File: res://.godot/imported/npc_031_shoes04_diffuse_d3c22eb3c9615357.jpg-d1d51b81eb23b0c13c9a37eae209e0b9.s3tc.ctex[39m[0m
[  73% ] [90m[1msavepack[22m | Storing File: res://assets/ext/characters/npc_031_shoes04_diffuse_d3c22eb3c9615357.jpg.import[39m[0m
[  73% ] [90m[1msavepack[22m | Storing File: res://.godot/imported/npc_031_shoes04_normal_d0150649836fda97.png-2e240d92c5d9879d91e975736fb7a6e9.s3tc.ctex[39m[0m
[  73% ] [90m[1msavepack[22m | Storing File: res://assets/ext/characters/npc_031_shoes04_normal_d0150649836fda97.png.import[39m[0m
[  73% ] [90m[1msavepack[22m | Storing File: res://.godot/imported/npc_031_teeth_0f6dae334ed4c5c5.png-a40e7ef0cf7bb5b6ee456930708dc486.s3tc.ctex[39m[0m
[  73% ] [90m[1msavepack[22m | Storing File: res://assets/ext/characters/npc_031_teeth_0f6dae334ed4c5c5.png.import[39m[0m
[  73% ] [90m[1msavepack[22m | Storing File: res://.godot/imported/npc_031_tongue01_diffuse_c71e798676e6af5d.jpg-2dbb93e1a3b7b3450f510ed0c4824251.s3tc.ctex[39m[0m
[  73% ] [90m[1msavepack[22m | Storing File: res://assets/ext/characters/npc_031_tongue01_diffuse_c71e798676e6af5d.jpg.import[39m[0m
[  73% ] [90m[1msavepack[22m | Storing File: res://.godot/imported/npc_031_young_lightskinned_female_diffuse_c859e712bea2b01b.jpg-624e497b69f9734cc5129b1c21d84723.s3tc.ctex[39m[0m
[  73% ] [90m[1msavepack[22m | Storing File: res://assets/ext/characters/npc_031_young_lightskinned_female_diffuse_c859e712bea2b01b.jpg.import[39m[0m
[  74% ] [90m[1msavepack[22m | Storing File: res://.godot/imported/npc_032.glb-c77c16a1c56216186a2c78085113566b.scn[39m[0m
[  74% ] [90m[1msavepack[22m | Storing File: res://assets/ext/characters/npc_032.glb.import[39m[0m
[  74% ] [90m[1msavepack[22m | Storing File: res://assets/ext/characters/npc_032.spec.json[39m[0m
[  74% ] [90m[1msavepack[22m | Storing File: res://.godot/imported/npc_032_bluegreen_eye_19d15672404e2532.png-1c3df13a532779355579a9ccb06eedd3.s3tc.ctex[39m[0m
[  74% ] [90m[1msavepack[22m | Storing File: res://assets/ext/characters/npc_032_bluegreen_eye_19d15672404e2532.png.import[39m[0m
[  74% ] [90m[1msavepack[22m | Storing File: res://.godot/imported/npc_032_eyebrow005_3c9e137277d6b459.png-16f78c50ca5ecae24e1091f44e0c967c.s3tc.ctex[39m[0m
[  74% ] [90m[1msavepack[22m | Storing File: res://assets/ext/characters/npc_032_eyebrow005_3c9e137277d6b459.png.import[39m[0m
[  74% ] [90m[1msavepack[22m | Storing File: res://.godot/imported/npc_032_eyelashes03_8a2d65d9de42d7f2.png-5e16220a6d54d6e9171ab653dd08f709.s3tc.ctex[39m[0m
[  74% ] [90m[1msavepack[22m | Storing File: res://assets/ext/characters/npc_032_eyelashes03_8a2d65d9de42d7f2.png.import[39m[0m
[  74% ] [90m[1msavepack[22m | Storing File: res://.godot/imported/npc_032_middleage_lightskinned_female_diffuse_14d9f68e4f87ec7c.jpg-ee8cfe2f9aac8d93c9855a1f33c2bf6c.s3tc.ctex[39m[0m
[  74% ] [90m[1msavepack[22m | Storing File: res://assets/ext/characters/npc_032_middleage_lightskinned_female_diffuse_14d9f68e4f87ec7c.jpg.import[39m[0m
[  74% ] [90m[1msavepack[22m | Storing File: res://.godot/imported/npc_032_ponytail01_diffuse_b58c19ff0f550cf8.png-138d645ebf3b70fe17677fabba0b0dff.s3tc.ctex[39m[0m
[  74% ] [90m[1msavepack[22m | Storing File: res://assets/ext/characters/npc_032_ponytail01_diffuse_b58c19ff0f550cf8.png.import[39m[0m
[  74% ] [90m[1msavepack[22m | Storing File: res://.godot/imported/npc_032_shoes04_diffuse_d3c22eb3c9615357.jpg-c6606759e1a5fe1f5834f261a7422153.s3tc.ctex[39m[0m
[  74% ] [90m[1msavepack[22m | Storing File: res://assets/ext/characters/npc_032_shoes04_diffuse_d3c22eb3c9615357.jpg.import[39m[0m
[  74% ] [90m[1msavepack[22m | Storing File: res://.godot/imported/npc_032_shoes04_normal_d0150649836fda97.png-d164f9c1d77b1aa3180c9ae9e14c535a.s3tc.ctex[39m[0m
[  74% ] [90m[1msavepack[22m | Storing File: res://assets/ext/characters/npc_032_shoes04_normal_d0150649836fda97.png.import[39m[0m
[  74% ] [90m[1msavepack[22m | Storing File: res://.godot/imported/npc_032_teeth_0f6dae334ed4c5c5.png-c0e5d231420ea372bd7a012eee1ac397.s3tc.ctex[39m[0m
[  74% ] [90m[1msavepack[22m | Storing File: res://assets/ext/characters/npc_032_teeth_0f6dae334ed4c5c5.png.import[39m[0m
[  74% ] [90m[1msavepack[22m | Storing File: res://.godot/imported/npc_032_tongue01_diffuse_c71e798676e6af5d.jpg-fa2401f7c942bdf2d76c2b4135dc9303.s3tc.ctex[39m[0m
[  74% ] [90m[1msavepack[22m | Storing File: res://assets/ext/characters/npc_032_tongue01_diffuse_c71e798676e6af5d.jpg.import[39m[0m
[  74% ] [90m[1msavepack[22m | Storing File: res://.godot/imported/npc_033.glb-c9cf8684c1b01147581bd544aee22167.scn[39m[0m
[  74% ] [90m[1msavepack[22m | Storing File: res://assets/ext/characters/npc_033.glb.import[39m[0m
[  74% ] [90m[1msavepack[22m | Storing File: res://assets/ext/characters/npc_033.spec.json[39m[0m
[  74% ] [90m[1msavepack[22m | Storing File: res://.godot/imported/npc_033_eyebrow005_3c9e137277d6b459.png-db5065ebc0c89d6dd33ec29998de9f16.s3tc.ctex[39m[0m
[  74% ] [90m[1msavepack[22m | Storing File: res://assets/ext/characters/npc_033_eyebrow005_3c9e137277d6b459.png.import[39m[0m
[  74% ] [90m[1msavepack[22m | Storing File: res://.godot/imported/npc_033_eyelashes04_5e859906179e8f7f.png-f812437d22f464dfaab19cf1fa7dbe62.s3tc.ctex[39m[0m
[  74% ] [90m[1msavepack[22m | Storing File: res://assets/ext/characters/npc_033_eyelashes04_5e859906179e8f7f.png.import[39m[0m
[  74% ] [90m[1msavepack[22m | Storing File: res://.godot/imported/npc_033_green_eye_09f2287a8dca2f43.png-dec7bfd4b346f407f8518ca7a546a36e.s3tc.ctex[39m[0m
[  74% ] [90m[1msavepack[22m | Storing File: res://assets/ext/characters/npc_033_green_eye_09f2287a8dca2f43.png.import[39m[0m
[  74% ] [90m[1msavepack[22m | Storing File: res://.godot/imported/npc_033_hair_strands_v1_f0c08364b052bb31.png-f3e189df11fb54aae500f8a77a1020de.s3tc.ctex[39m[0m
[  74% ] [90m[1msavepack[22m | Storing File: res://assets/ext/characters/npc_033_hair_strands_v1_f0c08364b052bb31.png.import[39m[0m
[  74% ] [90m[1msavepack[22m | Storing File: res://.godot/imported/npc_033_shoes01_diffuse_48a4cba573468e4e.jpg-76c211713fd888924e4bbdf8691d1c23.s3tc.ctex[39m[0m
[  74% ] [90m[1msavepack[22m | Storing File: res://assets/ext/characters/npc_033_shoes01_diffuse_48a4cba573468e4e.jpg.import[39m[0m
[  74% ] [90m[1msavepack[22m | Storing File: res://.godot/imported/npc_033_shoes01_normal_14fb128093f9e8c9.png-45f6eb85c4d2bd276e5f639f329e0a4a.s3tc.ctex[39m[0m
[  74% ] [90m[1msavepack[22m | Storing File: res://assets/ext/characters/npc_033_shoes01_normal_14fb128093f9e8c9.png.import[39m[0m
[  74% ] [90m[1msavepack[22m | Storing File: res://.godot/imported/npc_033_teeth_0f6dae334ed4c5c5.png-4eeddcff58439551bef76e96a9813d92.s3tc.ctex[39m[0m
[  74% ] [90m[1msavepack[22m | Storing File: res://assets/ext/characters/npc_033_teeth_0f6dae334ed4c5c5.png.import[39m[0m
[  74% ] [90m[1msavepack[22m | Storing File: res://.godot/imported/npc_033_tongue01_diffuse_c71e798676e6af5d.jpg-75391c307b71687546d85a79f4aefd68.s3tc.ctex[39m[0m
[  74% ] [90m[1msavepack[22m | Storing File: res://assets/ext/characters/npc_033_tongue01_diffuse_c71e798676e6af5d.jpg.import[39m[0m
[  74% ] [90m[1msavepack[22m | Storing File: res://.godot/imported/npc_033_young_lightskinned_female_diffuse_c859e712bea2b01b.jpg-a84bdafa1bf951a8ebb481131d4e2722.s3tc.ctex[39m[0m
[  74% ] [90m[1msavepack[22m | Storing File: res://assets/ext/characters/npc_033_young_lightskinned_female_diffuse_c859e712bea2b01b.jpg.import[39m[0m
[  74% ] [90m[1msavepack[22m | Storing File: res://.godot/imported/npc_034.glb-1afe6058c4c5adec162f0e2cf1988aa1.scn[39m[0m
[  74% ] [90m[1msavepack[22m | Storing File: res://assets/ext/characters/npc_034.glb.import[39m[0m
[  74% ] [90m[1msavepack[22m | Storing File: res://assets/ext/characters/npc_034.spec.json[39m[0m
[  74% ] [90m[1msavepack[22m | Storing File: res://.godot/imported/npc_034_blue_eye_2e8757a6cfcec72c.png-354288946903ba0354864ae7ba03254c.s3tc.ctex[39m[0m
[  74% ] [90m[1msavepack[22m | Storing File: res://assets/ext/characters/npc_034_blue_eye_2e8757a6cfcec72c.png.import[39m[0m
[  74% ] [90m[1msavepack[22m | Storing File: res://.godot/imported/npc_034_eyebrow003_4f25f2363e2d61f6.png-8f68b7e3d7bff3a14c83207fe2a6ac99.s3tc.ctex[39m[0m
[  74% ] [90m[1msavepack[22m | Storing File: res://assets/ext/characters/npc_034_eyebrow003_4f25f2363e2d61f6.png.import[39m[0m
[  74% ] [90m[1msavepack[22m | Storing File: res://.godot/imported/npc_034_eyelashes04_5e859906179e8f7f.png-1deefeca1145469bc0043e5dee817cb2.s3tc.ctex[39m[0m
[  74% ] [90m[1msavepack[22m | Storing File: res://assets/ext/characters/npc_034_eyelashes04_5e859906179e8f7f.png.import[39m[0m
[  74% ] [90m[1msavepack[22m | Storing File: res://.godot/imported/npc_034_hair_strands_v1_f0c08364b052bb31.png-4057152bc4151c5d9e5745dd84c5298d.s3tc.ctex[39m[0m
[  74% ] [90m[1msavepack[22m | Storing File: res://assets/ext/characters/npc_034_hair_strands_v1_f0c08364b052bb31.png.import[39m[0m
[  74% ] [90m[1msavepack[22m | Storing File: res://.godot/imported/npc_034_middleage_lightskinned_female_diffuse_14d9f68e4f87ec7c.jpg-eed330fbe2201101c9a4c733f1f9df0d.s3tc.ctex[39m[0m
[  74% ] [90m[1msavepack[22m | Storing File: res://assets/ext/characters/npc_034_middleage_lightskinned_female_diffuse_14d9f68e4f87ec7c.jpg.import[39m[0m
[  74% ] [90m[1msavepack[22m | Storing File: res://.godot/imported/npc_034_shoes01_diffuse_48a4cba573468e4e.jpg-384823f66261e3137d13151168aa1871.s3tc.ctex[39m[0m
[  74% ] [90m[1msavepack[22m | Storing File: res://assets/ext/characters/npc_034_shoes01_diffuse_48a4cba573468e4e.jpg.import[39m[0m
[  74% ] [90m[1msavepack[22m | Storing File: res://.godot/imported/npc_034_shoes01_normal_14fb128093f9e8c9.png-1d813d080fb2ff9492ee9436e0feeb90.s3tc.ctex[39m[0m
[  74% ] [90m[1msavepack[22m | Storing File: res://assets/ext/characters/npc_034_shoes01_normal_14fb128093f9e8c9.png.import[39m[0m
[  74% ] [90m[1msavepack[22m | Storing File: res://.godot/imported/npc_034_teeth_0f6dae334ed4c5c5.png-78dc49d08f53ac32123fb82f7aebd04a.s3tc.ctex[39m[0m
[  74% ] [90m[1msavepack[22m | Storing File: res://assets/ext/characters/npc_034_teeth_0f6dae334ed4c5c5.png.import[39m[0m
[  74% ] [90m[1msavepack[22m | Storing File: res://.godot/imported/npc_034_tongue01_diffuse_c71e798676e6af5d.jpg-87752d9c365950e2d84eaa636d5df3b5.s3tc.ctex[39m[0m
[  74% ] [90m[1msavepack[22m | Storing File: res://assets/ext/characters/npc_034_tongue01_diffuse_c71e798676e6af5d.jpg.import[39m[0m
[  74% ] [90m[1msavepack[22m | Storing File: res://.godot/imported/npc_035.glb-3c8d5e35954e46d7969fd5c2d769b504.scn[39m[0m
[  74% ] [90m[1msavepack[22m | Storing File: res://assets/ext/characters/npc_035.glb.import[39m[0m
[  74% ] [90m[1msavepack[22m | Storing File: res://assets/ext/characters/npc_035.spec.json[39m[0m
[  75% ] [90m[1msavepack[22m | Storing File: res://.godot/imported/npc_035_eyebrow010_bd8536fc788ba159.png-56c47e53a547ec32fac3bbf13c495aee.s3tc.ctex[39m[0m
[  75% ] [90m[1msavepack[22m | Storing File: res://assets/ext/characters/npc_035_eyebrow010_bd8536fc788ba159.png.import[39m[0m
[  75% ] [90m[1msavepack[22m | Storing File: res://.godot/imported/npc_035_eyelashes03_8a2d65d9de42d7f2.png-5659edf03547237ac1f43c789c68614e.s3tc.ctex[39m[0m
[  75% ] [90m[1msavepack[22m | Storing File: res://assets/ext/characters/npc_035_eyelashes03_8a2d65d9de42d7f2.png.import[39m[0m
[  75% ] [90m[1msavepack[22m | Storing File: res://.godot/imported/npc_035_green_eye_09f2287a8dca2f43.png-d139d279dcfde6f03b41c40129af9169.s3tc.ctex[39m[0m
[  75% ] [90m[1msavepack[22m | Storing File: res://assets/ext/characters/npc_035_green_eye_09f2287a8dca2f43.png.import[39m[0m
[  75% ] [90m[1msavepack[22m | Storing File: res://.godot/imported/npc_035_hair_strands_v1_f0c08364b052bb31.png-981c0d89bfa2fcedc3f68655eb788577.s3tc.ctex[39m[0m
[  75% ] [90m[1msavepack[22m | Storing File: res://assets/ext/characters/npc_035_hair_strands_v1_f0c08364b052bb31.png.import[39m[0m
[  75% ] [90m[1msavepack[22m | Storing File: res://.godot/imported/npc_035_old_lightskinned_female_diffuse_f7302a771f0a85c6.jpg-d25dbaa5b15b75bd1a8e90616008bf86.s3tc.ctex[39m[0m
[  75% ] [90m[1msavepack[22m | Storing File: res://assets/ext/characters/npc_035_old_lightskinned_female_diffuse_f7302a771f0a85c6.jpg.import[39m[0m
[  75% ] [90m[1msavepack[22m | Storing File: res://.godot/imported/npc_035_shoes01_diffuse_48a4cba573468e4e.jpg-7c7050fa44cca8be0f0c7a830f937ed4.s3tc.ctex[39m[0m
[  75% ] [90m[1msavepack[22m | Storing File: res://assets/ext/characters/npc_035_shoes01_diffuse_48a4cba573468e4e.jpg.import[39m[0m
[  75% ] [90m[1msavepack[22m | Storing File: res://.godot/imported/npc_035_shoes01_normal_14fb128093f9e8c9.png-e006f1738059c43a7793e48ad2548de3.s3tc.ctex[39m[0m
[  75% ] [90m[1msavepack[22m | Storing File: res://assets/ext/characters/npc_035_shoes01_normal_14fb128093f9e8c9.png.import[39m[0m
[  75% ] [90m[1msavepack[22m | Storing File: res://.godot/imported/npc_035_teeth_0f6dae334ed4c5c5.png-b23fd00a3cb624de258d707e24103ff7.s3tc.ctex[39m[0m
[  75% ] [90m[1msavepack[22m | Storing File: res://assets/ext/characters/npc_035_teeth_0f6dae334ed4c5c5.png.import[39m[0m
[  75% ] [90m[1msavepack[22m | Storing File: res://.godot/imported/npc_035_tongue01_diffuse_c71e798676e6af5d.jpg-fa74e13afedc75651898b3cd8f7a5132.s3tc.ctex[39m[0m
[  75% ] [90m[1msavepack[22m | Storing File: res://assets/ext/characters/npc_035_tongue01_diffuse_c71e798676e6af5d.jpg.import[39m[0m
[  75% ] [90m[1msavepack[22m | Storing File: res://.godot/imported/ruth_caddell.glb-0a4f979e8af4eb09e316bfbb0c689b1c.scn[39m[0m
[  75% ] [90m[1msavepack[22m | Storing File: res://assets/ext/characters/ruth_caddell.glb.import[39m[0m
[  75% ] [90m[1msavepack[22m | Storing File: res://assets/ext/characters/ruth_caddell.spec.json[39m[0m
[  75% ] [90m[1msavepack[22m | Storing File: res://.godot/imported/ruth_caddell_braid01_diffuse_e3a70ee5435d33c9.png-aa6423dc654c2ff227adf082e64f9bd7.s3tc.ctex[39m[0m
[  75% ] [90m[1msavepack[22m | Storing File: res://assets/ext/characters/ruth_caddell_braid01_diffuse_e3a70ee5435d33c9.png.import[39m[0m
[  75% ] [90m[1msavepack[22m | Storing File: res://.godot/imported/ruth_caddell_duster.glb-f0bf01e0c503c841a91da9883ab7631b.scn[39m[0m
[  75% ] [90m[1msavepack[22m | Storing File: res://assets/ext/characters/ruth_caddell_duster.glb.import[39m[0m
[  75% ] [90m[1msavepack[22m | Storing File: res://assets/ext/characters/ruth_caddell_duster.spec.json[39m[0m
[  75% ] [90m[1msavepack[22m | Storing File: res://.godot/imported/ruth_caddell_duster_braid01_diffuse_e3a70ee5435d33c9.png-72db840ef5da199ed1545c6962fa75a8.s3tc.ctex[39m[0m
[  75% ] [90m[1msavepack[22m | Storing File: res://assets/ext/characters/ruth_caddell_duster_braid01_diffuse_e3a70ee5435d33c9.png.import[39m[0m
[  75% ] [90m[1msavepack[22m | Storing File: res://.godot/imported/ruth_caddell_duster_eyebrow007_63001c7bdf63734b.png-11055f126288b5e4d4360bb991b78b1c.s3tc.ctex[39m[0m
[  75% ] [90m[1msavepack[22m | Storing File: res://assets/ext/characters/ruth_caddell_duster_eyebrow007_63001c7bdf63734b.png.import[39m[0m
[  75% ] [90m[1msavepack[22m | Storing File: res://.godot/imported/ruth_caddell_duster_eyelashes04_d1e922d072e1516f.png-5941e18b105b941ff7cc1b97eb1354cf.s3tc.ctex[39m[0m
[  75% ] [90m[1msavepack[22m | Storing File: res://assets/ext/characters/ruth_caddell_duster_eyelashes04_d1e922d072e1516f.png.import[39m[0m
[  75% ] [90m[1msavepack[22m | Storing File: res://.godot/imported/ruth_caddell_duster_grey_eye_c8a2ad837afc4671.png-5c446aa33a7e3e4412c48a96dfec799f.s3tc.ctex[39m[0m
[  75% ] [90m[1msavepack[22m | Storing File: res://assets/ext/characters/ruth_caddell_duster_grey_eye_c8a2ad837afc4671.png.import[39m[0m
[  75% ] [90m[1msavepack[22m | Storing File: res://.godot/imported/ruth_caddell_duster_shoes03_diffuse_2920d00535f324bc.jpg-73b79928db599a1bedd82f22271ee12d.s3tc.ctex[39m[0m
[  75% ] [90m[1msavepack[22m | Storing File: res://assets/ext/characters/ruth_caddell_duster_shoes03_diffuse_2920d00535f324bc.jpg.import[39m[0m
[  75% ] [90m[1msavepack[22m | Storing File: res://.godot/imported/ruth_caddell_duster_teeth_6fb761ee4c0e98cd.png-a18dec3ebb6a322026cdfcf4db78bfed.s3tc.ctex[39m[0m
[  75% ] [90m[1msavepack[22m | Storing File: res://assets/ext/characters/ruth_caddell_duster_teeth_6fb761ee4c0e98cd.png.import[39m[0m
[  75% ] [90m[1msavepack[22m | Storing File: res://.godot/imported/ruth_caddell_duster_tongue01_diffuse_c2c8c8e10737cd90.jpg-d03bc7eb8808e14ec7a9d157063c9fd2.s3tc.ctex[39m[0m
[  75% ] [90m[1msavepack[22m | Storing File: res://assets/ext/characters/ruth_caddell_duster_tongue01_diffuse_c2c8c8e10737cd90.jpg.import[39m[0m
[  75% ] [90m[1msavepack[22m | Storing File: res://.godot/imported/ruth_caddell_duster_young_lightskinned_female_diffuse_6d7cc79ab2e009f7.jpg-5f61d4ba10db23dcd5aa0d626c55d7b7.s3tc.ctex[39m[0m
[  75% ] [90m[1msavepack[22m | Storing File: res://assets/ext/characters/ruth_caddell_duster_young_lightskinned_female_diffuse_6d7cc79ab2e009f7.jpg.import[39m[0m
[  75% ] [90m[1msavepack[22m | Storing File: res://.godot/imported/ruth_caddell_eyebrow007_63001c7bdf63734b.png-64aa8572882ac9f8cb91f308857a58df.s3tc.ctex[39m[0m
[  75% ] [90m[1msavepack[22m | Storing File: res://assets/ext/characters/ruth_caddell_eyebrow007_63001c7bdf63734b.png.import[39m[0m
[  75% ] [90m[1msavepack[22m | Storing File: res://.godot/imported/ruth_caddell_eyelashes04_d1e922d072e1516f.png-e82a79954f74771255d3704d8a62c89a.s3tc.ctex[39m[0m
[  75% ] [90m[1msavepack[22m | Storing File: res://assets/ext/characters/ruth_caddell_eyelashes04_d1e922d072e1516f.png.import[39m[0m
[  75% ] [90m[1msavepack[22m | Storing File: res://.godot/imported/ruth_caddell_grey_eye_c8a2ad837afc4671.png-2405d6a74535cef8cd3bee9f96e08a4a.s3tc.ctex[39m[0m
[  75% ] [90m[1msavepack[22m | Storing File: res://assets/ext/characters/ruth_caddell_grey_eye_c8a2ad837afc4671.png.import[39m[0m
[  75% ] [90m[1msavepack[22m | Storing File: res://.godot/imported/ruth_caddell_shoes03_diffuse_2920d00535f324bc.jpg-31a3d977c4cd6a999488590612ec865c.s3tc.ctex[39m[0m
[  75% ] [90m[1msavepack[22m | Storing File: res://assets/ext/characters/ruth_caddell_shoes03_diffuse_2920d00535f324bc.jpg.import[39m[0m
[  75% ] [90m[1msavepack[22m | Storing File: res://.godot/imported/ruth_caddell_teeth_6fb761ee4c0e98cd.png-d52f3bb98d46f2f969fb194ac9910b23.s3tc.ctex[39m[0m
[  75% ] [90m[1msavepack[22m | Storing File: res://assets/ext/characters/ruth_caddell_teeth_6fb761ee4c0e98cd.png.import[39m[0m
[  75% ] [90m[1msavepack[22m | Storing File: res://.godot/imported/ruth_caddell_tongue01_diffuse_c2c8c8e10737cd90.jpg-fd579457a26a0492f9fbc7604d587458.s3tc.ctex[39m[0m
[  75% ] [90m[1msavepack[22m | Storing File: res://assets/ext/characters/ruth_caddell_tongue01_diffuse_c2c8c8e10737cd90.jpg.import[39m[0m
[  75% ] [90m[1msavepack[22m | Storing File: res://.godot/imported/ruth_caddell_young_lightskinned_female_diffuse_6d7cc79ab2e009f7.jpg-5ad06b90fb41efa04c8ba646e508259f.s3tc.ctex[39m[0m
[  75% ] [90m[1msavepack[22m | Storing File: res://assets/ext/characters/ruth_caddell_young_lightskinned_female_diffuse_6d7cc79ab2e009f7.jpg.import[39m[0m
[  75% ] [90m[1msavepack[22m | Storing File: res://.godot/imported/albedo.png-d0e04278c7c491270a2f4c59733d6be9.ctex[39m[0m
[  75% ] [90m[1msavepack[22m | Storing File: res://assets/ext/nature/bark_cottonwood/albedo.png.import[39m[0m
[  75% ] [90m[1msavepack[22m | Storing File: res://.godot/imported/ao.png-95a0b49038fc9096428633531d93d63f.ctex[39m[0m
[  75% ] [90m[1msavepack[22m | Storing File: res://assets/ext/nature/bark_cottonwood/ao.png.import[39m[0m
[  75% ] [90m[1msavepack[22m | Storing File: res://.godot/imported/arm.png-bfab44314e47d0df69a134f1879ca85b.ctex[39m[0m
[  75% ] [90m[1msavepack[22m | Storing File: res://assets/ext/nature/bark_cottonwood/arm.png.import[39m[0m
[  75% ] [90m[1msavepack[22m | Storing File: res://.godot/imported/height.png-6b37945dd109dab9de6a894bde46aca3.ctex[39m[0m
[  75% ] [90m[1msavepack[22m | Storing File: res://assets/ext/nature/bark_cottonwood/height.png.import[39m[0m
[  75% ] [90m[1msavepack[22m | Storing File: res://.godot/imported/normal.png-9fc91c9e6cdae1f9cbed7ce15a70803b.ctex[39m[0m
[  75% ] [90m[1msavepack[22m | Storing File: res://assets/ext/nature/bark_cottonwood/normal.png.import[39m[0m
[  75% ] [90m[1msavepack[22m | Storing File: res://.godot/imported/roughness.png-8fbd8a0272bed7fb7bf94ed3a193e3e2.ctex[39m[0m
[  75% ] [90m[1msavepack[22m | Storing File: res://assets/ext/nature/bark_cottonwood/roughness.png.import[39m[0m
[  75% ] [90m[1msavepack[22m | Storing File: res://.godot/imported/albedo.png-4df8b79bfaf5f08b284c918e942f20c0.ctex[39m[0m
[  75% ] [90m[1msavepack[22m | Storing File: res://assets/ext/nature/bark_pine/albedo.png.import[39m[0m
[  76% ] [90m[1msavepack[22m | Storing File: res://.godot/imported/ao.png-050f287630e248148ff04592ad818b71.ctex[39m[0m
[  76% ] [90m[1msavepack[22m | Storing File: res://assets/ext/nature/bark_pine/ao.png.import[39m[0m
[  76% ] [90m[1msavepack[22m | Storing File: res://.godot/imported/arm.png-ea8a369e23f13cc36754d7604aad81d5.ctex[39m[0m
[  76% ] [90m[1msavepack[22m | Storing File: res://assets/ext/nature/bark_pine/arm.png.import[39m[0m
[  76% ] [90m[1msavepack[22m | Storing File: res://.godot/imported/height.png-c35b49edee81c035082127157332f6e4.ctex[39m[0m
[  76% ] [90m[1msavepack[22m | Storing File: res://assets/ext/nature/bark_pine/height.png.import[39m[0m
[  76% ] [90m[1msavepack[22m | Storing File: res://.godot/imported/normal.png-93029ca40de417a640f038e52c211e82.ctex[39m[0m
[  76% ] [90m[1msavepack[22m | Storing File: res://assets/ext/nature/bark_pine/normal.png.import[39m[0m
[  76% ] [90m[1msavepack[22m | Storing File: res://.godot/imported/roughness.png-4ef1b3ed83c4b02a630fd9f0e437d265.ctex[39m[0m
[  76% ] [90m[1msavepack[22m | Storing File: res://assets/ext/nature/bark_pine/roughness.png.import[39m[0m
[  76% ] [90m[1msavepack[22m | Storing File: res://.godot/imported/boulder_01_arm_1k.jpg-b69730eb53a17f483a4d958c7619e4f8.ctex[39m[0m
[  76% ] [90m[1msavepack[22m | Storing File: res://assets/ext/nature/boulder_01/textures/boulder_01_arm_1k.jpg.import[39m[0m
[  76% ] [90m[1msavepack[22m | Storing File: res://.godot/imported/boulder_01_diff_1k.jpg-de9e6de11bd2c4e91133684dfd2b461a.ctex[39m[0m
[  76% ] [90m[1msavepack[22m | Storing File: res://assets/ext/nature/boulder_01/textures/boulder_01_diff_1k.jpg.import[39m[0m
[  76% ] [90m[1msavepack[22m | Storing File: res://.godot/imported/boulder_01_nor_gl_1k.jpg-a9592b4501d0f71e77be36b56b35ffd4.ctex[39m[0m
[  76% ] [90m[1msavepack[22m | Storing File: res://assets/ext/nature/boulder_01/textures/boulder_01_nor_gl_1k.jpg.import[39m[0m
[  76% ] [90m[1msavepack[22m | Storing File: res://.godot/imported/boulder_01.gltf-8cd35c41013b0eb46b6f102d5f26b2de.scn[39m[0m
[  76% ] [90m[1msavepack[22m | Storing File: res://assets/ext/nature/boulder_01/boulder_01.gltf.import[39m[0m
[  76% ] [90m[1msavepack[22m | Storing File: res://.godot/imported/celandine_01_arm_1k.jpg-82e6e41c8332c4b27cecc00e8d8b9ebd.ctex[39m[0m
[  76% ] [90m[1msavepack[22m | Storing File: res://assets/ext/nature/celandine_01/textures/celandine_01_arm_1k.jpg.import[39m[0m
[  76% ] [90m[1msavepack[22m | Storing File: res://.godot/imported/celandine_01_diff_1k.jpg-080d07989d76e1933a012904d85a59b6.ctex[39m[0m
[  76% ] [90m[1msavepack[22m | Storing File: res://assets/ext/nature/celandine_01/textures/celandine_01_diff_1k.jpg.import[39m[0m
[  76% ] [90m[1msavepack[22m | Storing File: res://.godot/imported/celandine_01_nor_gl_1k.jpg-0cece0856fc906a814de0d8723290bfb.ctex[39m[0m
[  76% ] [90m[1msavepack[22m | Storing File: res://assets/ext/nature/celandine_01/textures/celandine_01_nor_gl_1k.jpg.import[39m[0m
[  76% ] [90m[1msavepack[22m | Storing File: res://.godot/imported/celandine_01.gltf-e1323713c5898bcb80796ebd08977612.scn[39m[0m
[  76% ] [90m[1msavepack[22m | Storing File: res://assets/ext/nature/celandine_01/celandine_01.gltf.import[39m[0m
[  76% ] [90m[1msavepack[22m | Storing File: res://.godot/imported/dandelion_01_arm_1k.jpg-6ea6e7e0b504191ee6eed936fbb30461.ctex[39m[0m
[  76% ] [90m[1msavepack[22m | Storing File: res://assets/ext/nature/dandelion_01/textures/dandelion_01_arm_1k.jpg.import[39m[0m
[  76% ] [90m[1msavepack[22m | Storing File: res://.godot/imported/dandelion_01_diff_1k.jpg-3eb77db64aa35bb338acae6c89afa9cd.ctex[39m[0m
[  76% ] [90m[1msavepack[22m | Storing File: res://assets/ext/nature/dandelion_01/textures/dandelion_01_diff_1k.jpg.import[39m[0m
[  76% ] [90m[1msavepack[22m | Storing File: res://.godot/imported/dandelion_01_nor_gl_1k.jpg-1119006c3326d3ff89a4aebb19c712c6.ctex[39m[0m
[  76% ] [90m[1msavepack[22m | Storing File: res://assets/ext/nature/dandelion_01/textures/dandelion_01_nor_gl_1k.jpg.import[39m[0m
[  76% ] [90m[1msavepack[22m | Storing File: res://.godot/imported/dandelion_01.gltf-aab0aa2ce7735c96c422d12ac0e7ca6f.scn[39m[0m
[  76% ] [90m[1msavepack[22m | Storing File: res://assets/ext/nature/dandelion_01/dandelion_01.gltf.import[39m[0m
[  76% ] [90m[1msavepack[22m | Storing File: res://.godot/imported/dead_tree_trunk_arm_1k.jpg-7a35afc23dc9535ebb9dca7620ab83a1.ctex[39m[0m
[  76% ] [90m[1msavepack[22m | Storing File: res://assets/ext/nature/dead_tree_trunk/textures/dead_tree_trunk_arm_1k.jpg.import[39m[0m
[  76% ] [90m[1msavepack[22m | Storing File: res://.godot/imported/dead_tree_trunk_diff_1k.jpg-483b0ca456e86ccfc144c037690531ea.ctex[39m[0m
[  76% ] [90m[1msavepack[22m | Storing File: res://assets/ext/nature/dead_tree_trunk/textures/dead_tree_trunk_diff_1k.jpg.import[39m[0m
[  76% ] [90m[1msavepack[22m | Storing File: res://.godot/imported/dead_tree_trunk_nor_gl_1k.jpg-bc0f739c621524298eecad6514108faa.ctex[39m[0m
[  76% ] [90m[1msavepack[22m | Storing File: res://assets/ext/nature/dead_tree_trunk/textures/dead_tree_trunk_nor_gl_1k.jpg.import[39m[0m
[  76% ] [90m[1msavepack[22m | Storing File: res://.godot/imported/dead_tree_trunk.gltf-562c30dbab4fcda59246f80a02b63e4f.scn[39m[0m
[  76% ] [90m[1msavepack[22m | Storing File: res://assets/ext/nature/dead_tree_trunk/dead_tree_trunk.gltf.import[39m[0m
[  76% ] [90m[1msavepack[22m | Storing File: res://.godot/imported/dead_tree_trunk_02_arm_1k.jpg-54e4709691b612e17c2e87f07d4294cf.ctex[39m[0m
[  76% ] [90m[1msavepack[22m | Storing File: res://assets/ext/nature/dead_tree_trunk_02/textures/dead_tree_trunk_02_arm_1k.jpg.import[39m[0m
[  76% ] [90m[1msavepack[22m | Storing File: res://.godot/imported/dead_tree_trunk_02_diff_1k.jpg-8effcb2ecbe159efa43a4d2fd488b56f.ctex[39m[0m
[  76% ] [90m[1msavepack[22m | Storing File: res://assets/ext/nature/dead_tree_trunk_02/textures/dead_tree_trunk_02_diff_1k.jpg.import[39m[0m
[  76% ] [90m[1msavepack[22m | Storing File: res://.godot/imported/dead_tree_trunk_02_nor_gl_1k.jpg-8625fc82113a0e17b71fdde8e381bf07.ctex[39m[0m
[  76% ] [90m[1msavepack[22m | Storing File: res://assets/ext/nature/dead_tree_trunk_02/textures/dead_tree_trunk_02_nor_gl_1k.jpg.import[39m[0m
[  76% ] [90m[1msavepack[22m | Storing File: res://.godot/imported/dead_tree_trunk_02.gltf-907ac8a388c480e68ba513895fbfb938.scn[39m[0m
[  76% ] [90m[1msavepack[22m | Storing File: res://assets/ext/nature/dead_tree_trunk_02/dead_tree_trunk_02.gltf.import[39m[0m
[  76% ] [90m[1msavepack[22m | Storing File: res://.godot/imported/dry_branches_medium_01_arm_1k.jpg-2722543a75e42d19213c41a1b46ea36d.ctex[39m[0m
[  76% ] [90m[1msavepack[22m | Storing File: res://assets/ext/nature/dry_branches_medium_01/textures/dry_branches_medium_01_arm_1k.jpg.import[39m[0m
[  76% ] [90m[1msavepack[22m | Storing File: res://.godot/imported/dry_branches_medium_01_diff_1k.jpg-02a31f42f36a60075448ca988dc33d00.ctex[39m[0m
[  76% ] [90m[1msavepack[22m | Storing File: res://assets/ext/nature/dry_branches_medium_01/textures/dry_branches_medium_01_diff_1k.jpg.import[39m[0m
[  76% ] [90m[1msavepack[22m | Storing File: res://.godot/imported/dry_branches_medium_01_nor_gl_1k.jpg-158c5d25108dcba2f5530e36697bb08e.ctex[39m[0m
[  76% ] [90m[1msavepack[22m | Storing File: res://assets/ext/nature/dry_branches_medium_01/textures/dry_branches_medium_01_nor_gl_1k.jpg.import[39m[0m
[  76% ] [90m[1msavepack[22m | Storing File: res://.godot/imported/dry_branches_medium_01.gltf-c3297a413032bb7c2fb4c1f205e677c3.scn[39m[0m
[  76% ] [90m[1msavepack[22m | Storing File: res://assets/ext/nature/dry_branches_medium_01/dry_branches_medium_01.gltf.import[39m[0m
[  76% ] [90m[1msavepack[22m | Storing File: res://.godot/imported/fern_02_arm_1k.jpg-a5bdc4296e0bdb1ce70a88481acb8519.ctex[39m[0m
[  76% ] [90m[1msavepack[22m | Storing File: res://assets/ext/nature/fern_02/textures/fern_02_arm_1k.jpg.import[39m[0m
[  76% ] [90m[1msavepack[22m | Storing File: res://.godot/imported/fern_02_diff_1k.jpg-9e76df292a946b5a9cf73151d0ffddbf.ctex[39m[0m
[  76% ] [90m[1msavepack[22m | Storing File: res://assets/ext/nature/fern_02/textures/fern_02_diff_1k.jpg.import[39m[0m
[  76% ] [90m[1msavepack[22m | Storing File: res://.godot/imported/fern_02_nor_gl_1k.jpg-b28f32e9da859156462e0b8119d8f956.ctex[39m[0m
[  76% ] [90m[1msavepack[22m | Storing File: res://assets/ext/nature/fern_02/textures/fern_02_nor_gl_1k.jpg.import[39m[0m
[  76% ] [90m[1msavepack[22m | Storing File: res://.godot/imported/fern_02.gltf-aed9dc0edb5694b262242cf26366811e.scn[39m[0m
[  76% ] [90m[1msavepack[22m | Storing File: res://assets/ext/nature/fern_02/fern_02.gltf.import[39m[0m
[  76% ] [90m[1msavepack[22m | Storing File: res://.godot/imported/grass_medium_01_arm_1k.jpg-b12fa003de37c483bd79b4b6c40f6b8b.ctex[39m[0m
[  76% ] [90m[1msavepack[22m | Storing File: res://assets/ext/nature/grass_medium_01/textures/grass_medium_01_arm_1k.jpg.import[39m[0m
[  76% ] [90m[1msavepack[22m | Storing File: res://.godot/imported/grass_medium_01_diff_1k.jpg-29b40b42e1d3d63daad6d88706f55848.ctex[39m[0m
[  76% ] [90m[1msavepack[22m | Storing File: res://assets/ext/nature/grass_medium_01/textures/grass_medium_01_diff_1k.jpg.import[39m[0m
[  77% ] [90m[1msavepack[22m | Storing File: res://.godot/imported/grass_medium_01_nor_gl_1k.jpg-48d06df2ca45b167bcd06bdfff43175c.ctex[39m[0m
[  77% ] [90m[1msavepack[22m | Storing File: res://assets/ext/nature/grass_medium_01/textures/grass_medium_01_nor_gl_1k.jpg.import[39m[0m
[  77% ] [90m[1msavepack[22m | Storing File: res://.godot/imported/grass_medium_01.gltf-36a8c4c10aa86d401f39e4e7078e8069.scn[39m[0m
[  77% ] [90m[1msavepack[22m | Storing File: res://assets/ext/nature/grass_medium_01/grass_medium_01.gltf.import[39m[0m
[  77% ] [90m[1msavepack[22m | Storing File: res://.godot/imported/grass_medium_02_arm_1k.jpg-4e23c23e462872788e69516edfcc1f2b.ctex[39m[0m
[  77% ] [90m[1msavepack[22m | Storing File: res://assets/ext/nature/grass_medium_02/textures/grass_medium_02_arm_1k.jpg.import[39m[0m
[  77% ] [90m[1msavepack[22m | Storing File: res://.godot/imported/grass_medium_02_diff_1k.jpg-e2e854d84479947b33c9e5295a0496c6.ctex[39m[0m
[  77% ] [90m[1msavepack[22m | Storing File: res://assets/ext/nature/grass_medium_02/textures/grass_medium_02_diff_1k.jpg.import[39m[0m
[  77% ] [90m[1msavepack[22m | Storing File: res://.godot/imported/grass_medium_02_nor_gl_1k.jpg-65c2b22583baa14637072e71e41e56a9.ctex[39m[0m
[  77% ] [90m[1msavepack[22m | Storing File: res://assets/ext/nature/grass_medium_02/textures/grass_medium_02_nor_gl_1k.jpg.import[39m[0m
[  77% ] [90m[1msavepack[22m | Storing File: res://.godot/imported/grass_medium_02.gltf-f950d80ac40905ff0eea4bd559efc5bb.scn[39m[0m
[  77% ] [90m[1msavepack[22m | Storing File: res://assets/ext/nature/grass_medium_02/grass_medium_02.gltf.import[39m[0m
[  77% ] [90m[1msavepack[22m | Storing File: res://.godot/imported/moss_01_arm_1k.jpg-00aeb7141cf16ce3743de82c8e0b4fa7.ctex[39m[0m
[  77% ] [90m[1msavepack[22m | Storing File: res://assets/ext/nature/moss_01/textures/moss_01_arm_1k.jpg.import[39m[0m
[  77% ] [90m[1msavepack[22m | Storing File: res://.godot/imported/moss_01_diff_1k.jpg-281d21dfa2efbb03d8758e475031267c.ctex[39m[0m
[  77% ] [90m[1msavepack[22m | Storing File: res://assets/ext/nature/moss_01/textures/moss_01_diff_1k.jpg.import[39m[0m
[  77% ] [90m[1msavepack[22m | Storing File: res://.godot/imported/moss_01_nor_gl_1k.jpg-745aa0d401a7f70bc6a9273aa9f61678.ctex[39m[0m
[  77% ] [90m[1msavepack[22m | Storing File: res://assets/ext/nature/moss_01/textures/moss_01_nor_gl_1k.jpg.import[39m[0m
[  77% ] [90m[1msavepack[22m | Storing File: res://.godot/imported/moss_01.gltf-f601d5bb0936341fa9ec78f8edd6d68b.scn[39m[0m
[  77% ] [90m[1msavepack[22m | Storing File: res://assets/ext/nature/moss_01/moss_01.gltf.import[39m[0m
[  77% ] [90m[1msavepack[22m | Storing File: res://.godot/imported/namaqualand_boulder_02_arm_1k.jpg-d452a6d2e59dd1560a6524ce7aa4d6d3.ctex[39m[0m
[  77% ] [90m[1msavepack[22m | Storing File: res://assets/ext/nature/namaqualand_boulder_02/textures/namaqualand_boulder_02_arm_1k.jpg.import[39m[0m
[  77% ] [90m[1msavepack[22m | Storing File: res://.godot/imported/namaqualand_boulder_02_diff_1k.jpg-034653806c08d591023a018d8979675a.ctex[39m[0m
[  77% ] [90m[1msavepack[22m | Storing File: res://assets/ext/nature/namaqualand_boulder_02/textures/namaqualand_boulder_02_diff_1k.jpg.import[39m[0m
[  77% ] [90m[1msavepack[22m | Storing File: res://.godot/imported/namaqualand_boulder_02_nor_gl_1k.jpg-aac52f35e17f6186bed35bdd7dbd60d2.ctex[39m[0m
[  77% ] [90m[1msavepack[22m | Storing File: res://assets/ext/nature/namaqualand_boulder_02/textures/namaqualand_boulder_02_nor_gl_1k.jpg.import[39m[0m
[  77% ] [90m[1msavepack[22m | Storing File: res://.godot/imported/namaqualand_boulder_02.gltf-81c59cf8038adb7eecab17626f21ac78.scn[39m[0m
[  77% ] [90m[1msavepack[22m | Storing File: res://assets/ext/nature/namaqualand_boulder_02/namaqualand_boulder_02.gltf.import[39m[0m
[  77% ] [90m[1msavepack[22m | Storing File: res://.godot/imported/namaqualand_boulder_03_arm_1k.jpg-19d4f9afc7ca5be3e14db3ff06f65b58.ctex[39m[0m
[  77% ] [90m[1msavepack[22m | Storing File: res://assets/ext/nature/namaqualand_boulder_03/textures/namaqualand_boulder_03_arm_1k.jpg.import[39m[0m
[  77% ] [90m[1msavepack[22m | Storing File: res://.godot/imported/namaqualand_boulder_03_diff_1k.jpg-9060faf5a8de4f4fcef15512d18a669c.ctex[39m[0m
[  77% ] [90m[1msavepack[22m | Storing File: res://assets/ext/nature/namaqualand_boulder_03/textures/namaqualand_boulder_03_diff_1k.jpg.import[39m[0m
[  77% ] [90m[1msavepack[22m | Storing File: res://.godot/imported/namaqualand_boulder_03_nor_gl_1k.jpg-0ab5995c88051c302b5181178f6324b7.ctex[39m[0m
[  77% ] [90m[1msavepack[22m | Storing File: res://assets/ext/nature/namaqualand_boulder_03/textures/namaqualand_boulder_03_nor_gl_1k.jpg.import[39m[0m
[  77% ] [90m[1msavepack[22m | Storing File: res://.godot/imported/namaqualand_boulder_03.gltf-016a9704d3ec6347fcfda448440dc5c8.scn[39m[0m
[  77% ] [90m[1msavepack[22m | Storing File: res://assets/ext/nature/namaqualand_boulder_03/namaqualand_boulder_03.gltf.import[39m[0m
[  77% ] [90m[1msavepack[22m | Storing File: res://.godot/imported/namaqualand_boulder_05_arm_1k.jpg-eb8c08de8d0fbd9eb3b606f7a8962e90.ctex[39m[0m
[  77% ] [90m[1msavepack[22m | Storing File: res://assets/ext/nature/namaqualand_boulder_05/textures/namaqualand_boulder_05_arm_1k.jpg.import[39m[0m
[  77% ] [90m[1msavepack[22m | Storing File: res://.godot/imported/namaqualand_boulder_05_diff_1k.jpg-2fd32b0d0fa4aeddbfae24c13c44e430.ctex[39m[0m
[  77% ] [90m[1msavepack[22m | Storing File: res://assets/ext/nature/namaqualand_boulder_05/textures/namaqualand_boulder_05_diff_1k.jpg.import[39m[0m
[  77% ] [90m[1msavepack[22m | Storing File: res://.godot/imported/namaqualand_boulder_05_nor_gl_1k.jpg-dec7066bef322d953307337ffe50603d.ctex[39m[0m
[  77% ] [90m[1msavepack[22m | Storing File: res://assets/ext/nature/namaqualand_boulder_05/textures/namaqualand_boulder_05_nor_gl_1k.jpg.import[39m[0m
[  77% ] [90m[1msavepack[22m | Storing File: res://.godot/imported/namaqualand_boulder_05.gltf-96e43de2e39ebf5097a4e5426b50721a.scn[39m[0m
[  77% ] [90m[1msavepack[22m | Storing File: res://assets/ext/nature/namaqualand_boulder_05/namaqualand_boulder_05.gltf.import[39m[0m
[  77% ] [90m[1msavepack[22m | Storing File: res://.godot/imported/namaqualand_rocks_01_arm_1k.jpg-177cf2e199d1301832fbc1039c5f49c2.ctex[39m[0m
[  77% ] [90m[1msavepack[22m | Storing File: res://assets/ext/nature/namaqualand_rocks_01/textures/namaqualand_rocks_01_arm_1k.jpg.import[39m[0m
[  77% ] [90m[1msavepack[22m | Storing File: res://.godot/imported/namaqualand_rocks_01_diff_1k.jpg-e7174b86dbaaf48aa8f897b24966c3d1.ctex[39m[0m
[  77% ] [90m[1msavepack[22m | Storing File: res://assets/ext/nature/namaqualand_rocks_01/textures/namaqualand_rocks_01_diff_1k.jpg.import[39m[0m
[  77% ] [90m[1msavepack[22m | Storing File: res://.godot/imported/namaqualand_rocks_01_nor_gl_1k.jpg-4d85826ac6ce5952a7755711f30716ea.ctex[39m[0m
[  77% ] [90m[1msavepack[22m | Storing File: res://assets/ext/nature/namaqualand_rocks_01/textures/namaqualand_rocks_01_nor_gl_1k.jpg.import[39m[0m
[  77% ] [90m[1msavepack[22m | Storing File: res://.godot/imported/namaqualand_rocks_01.gltf-971825fb8b80889e5f04630247d374f6.scn[39m[0m
[  77% ] [90m[1msavepack[22m | Storing File: res://assets/ext/nature/namaqualand_rocks_01/namaqualand_rocks_01.gltf.import[39m[0m
[  77% ] [90m[1msavepack[22m | Storing File: res://.godot/imported/nettle_plant_arm_1k.jpg-3fda88b95ac99ad083a0656dd590dc6f.ctex[39m[0m
[  77% ] [90m[1msavepack[22m | Storing File: res://assets/ext/nature/nettle_plant/textures/nettle_plant_arm_1k.jpg.import[39m[0m
[  77% ] [90m[1msavepack[22m | Storing File: res://.godot/imported/nettle_plant_diff_1k.jpg-7c740529752a6869854fbf12c155dad2.ctex[39m[0m
[  77% ] [90m[1msavepack[22m | Storing File: res://assets/ext/nature/nettle_plant/textures/nettle_plant_diff_1k.jpg.import[39m[0m
[  77% ] [90m[1msavepack[22m | Storing File: res://.godot/imported/nettle_plant_nor_gl_1k.jpg-60f6bb07c27db999f3ffd69f3651af87.ctex[39m[0m
[  77% ] [90m[1msavepack[22m | Storing File: res://assets/ext/nature/nettle_plant/textures/nettle_plant_nor_gl_1k.jpg.import[39m[0m
[  77% ] [90m[1msavepack[22m | Storing File: res://.godot/imported/nettle_plant.gltf-ae7bf20ddf03648f9ae208e84675a33a.scn[39m[0m
[  77% ] [90m[1msavepack[22m | Storing File: res://assets/ext/nature/nettle_plant/nettle_plant.gltf.import[39m[0m
[  77% ] [90m[1msavepack[22m | Storing File: res://.godot/imported/rock_07_arm_1k.jpg-687b90e724aae85a1f2ccbd04579d85b.ctex[39m[0m
[  77% ] [90m[1msavepack[22m | Storing File: res://assets/ext/nature/rock_07/textures/rock_07_arm_1k.jpg.import[39m[0m
[  77% ] [90m[1msavepack[22m | Storing File: res://.godot/imported/rock_07_diff_1k.jpg-64602adcd873ca3aa60694e41f484fc2.ctex[39m[0m
[  77% ] [90m[1msavepack[22m | Storing File: res://assets/ext/nature/rock_07/textures/rock_07_diff_1k.jpg.import[39m[0m
[  77% ] [90m[1msavepack[22m | Storing File: res://.godot/imported/rock_07_nor_gl_1k.jpg-a98cedafe2cfd0cdba2f6c70fa12e3dc.ctex[39m[0m
[  77% ] [90m[1msavepack[22m | Storing File: res://assets/ext/nature/rock_07/textures/rock_07_nor_gl_1k.jpg.import[39m[0m
[  77% ] [90m[1msavepack[22m | Storing File: res://.godot/imported/rock_07.gltf-a0233f112979464ed4551bed118dd384.scn[39m[0m
[  77% ] [90m[1msavepack[22m | Storing File: res://assets/ext/nature/rock_07/rock_07.gltf.import[39m[0m
[  77% ] [90m[1msavepack[22m | Storing File: res://.godot/imported/rock_09_arm_1k.jpg-0798a5b5651276ada1dd4f8e0c5e1701.ctex[39m[0m
[  77% ] [90m[1msavepack[22m | Storing File: res://assets/ext/nature/rock_09/textures/rock_09_arm_1k.jpg.import[39m[0m
[  77% ] [90m[1msavepack[22m | Storing File: res://.godot/imported/rock_09_diff_1k.jpg-797990adfc9af1b4d6decdd2daba3dde.ctex[39m[0m
[  77% ] [90m[1msavepack[22m | Storing File: res://assets/ext/nature/rock_09/textures/rock_09_diff_1k.jpg.import[39m[0m
[  78% ] [90m[1msavepack[22m | Storing File: res://.godot/imported/rock_09_nor_gl_1k.jpg-14322d12bcccb9d0097232f89103c7d4.ctex[39m[0m
[  78% ] [90m[1msavepack[22m | Storing File: res://assets/ext/nature/rock_09/textures/rock_09_nor_gl_1k.jpg.import[39m[0m
[  78% ] [90m[1msavepack[22m | Storing File: res://.godot/imported/rock_09.gltf-984af89568d2d2a08591e854dc3c2021.scn[39m[0m
[  78% ] [90m[1msavepack[22m | Storing File: res://assets/ext/nature/rock_09/rock_09.gltf.import[39m[0m
[  78% ] [90m[1msavepack[22m | Storing File: res://.godot/imported/rock_face_01_arm_1k.jpg-4490972eed6bf0c7d081c7f412174503.ctex[39m[0m
[  78% ] [90m[1msavepack[22m | Storing File: res://assets/ext/nature/rock_face_01/textures/rock_face_01_arm_1k.jpg.import[39m[0m
[  78% ] [90m[1msavepack[22m | Storing File: res://.godot/imported/rock_face_01_diff_1k.jpg-ce2a6441950dac0e957dea3ee9c83429.ctex[39m[0m
[  78% ] [90m[1msavepack[22m | Storing File: res://assets/ext/nature/rock_face_01/textures/rock_face_01_diff_1k.jpg.import[39m[0m
[  78% ] [90m[1msavepack[22m | Storing File: res://.godot/imported/rock_face_01_nor_gl_1k.jpg-e678e37c6ca13ffc797f59ac1cb796c2.ctex[39m[0m
[  78% ] [90m[1msavepack[22m | Storing File: res://assets/ext/nature/rock_face_01/textures/rock_face_01_nor_gl_1k.jpg.import[39m[0m
[  78% ] [90m[1msavepack[22m | Storing File: res://.godot/imported/rock_face_01.gltf-644931f32e3f0bc509764cb09f08d9fe.scn[39m[0m
[  78% ] [90m[1msavepack[22m | Storing File: res://assets/ext/nature/rock_face_01/rock_face_01.gltf.import[39m[0m
[  78% ] [90m[1msavepack[22m | Storing File: res://.godot/imported/rock_face_02_arm_1k.jpg-157093838af09a9900a499dec679b399.ctex[39m[0m
[  78% ] [90m[1msavepack[22m | Storing File: res://assets/ext/nature/rock_face_02/textures/rock_face_02_arm_1k.jpg.import[39m[0m
[  78% ] [90m[1msavepack[22m | Storing File: res://.godot/imported/rock_face_02_diff_1k.jpg-f843b7c7426da6bb6a19bedb30472782.ctex[39m[0m
[  78% ] [90m[1msavepack[22m | Storing File: res://assets/ext/nature/rock_face_02/textures/rock_face_02_diff_1k.jpg.import[39m[0m
[  78% ] [90m[1msavepack[22m | Storing File: res://.godot/imported/rock_face_02_nor_gl_1k.jpg-04e8673eb14d94c230ebbea5122c53db.ctex[39m[0m
[  78% ] [90m[1msavepack[22m | Storing File: res://assets/ext/nature/rock_face_02/textures/rock_face_02_nor_gl_1k.jpg.import[39m[0m
[  78% ] [90m[1msavepack[22m | Storing File: res://.godot/imported/rock_face_02.gltf-c8f0c78d0e116222e4c5a6cb16ad19d7.scn[39m[0m
[  78% ] [90m[1msavepack[22m | Storing File: res://assets/ext/nature/rock_face_02/rock_face_02.gltf.import[39m[0m
[  78% ] [90m[1msavepack[22m | Storing File: res://.godot/imported/rock_moss_set_01_diff_1k.jpg-51d55326c175e770088636de21fcf00a.ctex[39m[0m
[  78% ] [90m[1msavepack[22m | Storing File: res://assets/ext/nature/rock_moss_set_01/textures/rock_moss_set_01_diff_1k.jpg.import[39m[0m
[  78% ] [90m[1msavepack[22m | Storing File: res://.godot/imported/rock_moss_set_01_nor_gl_1k.jpg-a558f25755e11c74a565866ae26c8b79.ctex[39m[0m
[  78% ] [90m[1msavepack[22m | Storing File: res://assets/ext/nature/rock_moss_set_01/textures/rock_moss_set_01_nor_gl_1k.jpg.import[39m[0m
[  78% ] [90m[1msavepack[22m | Storing File: res://.godot/imported/rock_moss_set_01_rough_1k.jpg-075a0f50e8e16506f1032d41c814e0df.ctex[39m[0m
[  78% ] [90m[1msavepack[22m | Storing File: res://assets/ext/nature/rock_moss_set_01/textures/rock_moss_set_01_rough_1k.jpg.import[39m[0m
[  78% ] [90m[1msavepack[22m | Storing File: res://.godot/imported/rock_moss_set_01.gltf-686d8040d33998f9db6296c837a22703.scn[39m[0m
[  78% ] [90m[1msavepack[22m | Storing File: res://assets/ext/nature/rock_moss_set_01/rock_moss_set_01.gltf.import[39m[0m
[  78% ] [90m[1msavepack[22m | Storing File: res://.godot/imported/shrub_02_arm_1k.jpg-c069b1ed58835dce27d4a63f326ec950.ctex[39m[0m
[  78% ] [90m[1msavepack[22m | Storing File: res://assets/ext/nature/shrub_02/textures/shrub_02_arm_1k.jpg.import[39m[0m
[  78% ] [90m[1msavepack[22m | Storing File: res://.godot/imported/shrub_02_diff_1k.jpg-c968c9d48642080c64e1751c1f5811ee.ctex[39m[0m
[  78% ] [90m[1msavepack[22m | Storing File: res://assets/ext/nature/shrub_02/textures/shrub_02_diff_1k.jpg.import[39m[0m
[  78% ] [90m[1msavepack[22m | Storing File: res://.godot/imported/shrub_02_nor_gl_1k.jpg-ff02f42416c0df7a7c42ac257d7fecb0.ctex[39m[0m
[  78% ] [90m[1msavepack[22m | Storing File: res://assets/ext/nature/shrub_02/textures/shrub_02_nor_gl_1k.jpg.import[39m[0m
[  78% ] [90m[1msavepack[22m | Storing File: res://.godot/imported/shrub_02.gltf-163d81bb45bc86e5aace384e888ed650.scn[39m[0m
[  78% ] [90m[1msavepack[22m | Storing File: res://assets/ext/nature/shrub_02/shrub_02.gltf.import[39m[0m
[  78% ] [90m[1msavepack[22m | Storing File: res://.godot/imported/shrub_03_arm_1k.jpg-8d7979c73d2d06542756f8b8fc787fea.ctex[39m[0m
[  78% ] [90m[1msavepack[22m | Storing File: res://assets/ext/nature/shrub_03/textures/shrub_03_arm_1k.jpg.import[39m[0m
[  78% ] [90m[1msavepack[22m | Storing File: res://.godot/imported/shrub_03_diff_1k.jpg-150265e42da9c69222a331d274f76fdf.ctex[39m[0m
[  78% ] [90m[1msavepack[22m | Storing File: res://assets/ext/nature/shrub_03/textures/shrub_03_diff_1k.jpg.import[39m[0m
[  78% ] [90m[1msavepack[22m | Storing File: res://.godot/imported/shrub_03_nor_gl_1k.jpg-22d93a3a36849a65c4a8c526f90e40c5.ctex[39m[0m
[  78% ] [90m[1msavepack[22m | Storing File: res://assets/ext/nature/shrub_03/textures/shrub_03_nor_gl_1k.jpg.import[39m[0m
[  78% ] [90m[1msavepack[22m | Storing File: res://.godot/imported/shrub_03.gltf-782b9a456b61eb09b8cc62f3549cb047.scn[39m[0m
[  78% ] [90m[1msavepack[22m | Storing File: res://assets/ext/nature/shrub_03/shrub_03.gltf.import[39m[0m
[  78% ] [90m[1msavepack[22m | Storing File: res://.godot/imported/shrub_04_arm_1k.jpg-346d0df288b17848d6eee6bf506ba003.ctex[39m[0m
[  78% ] [90m[1msavepack[22m | Storing File: res://assets/ext/nature/shrub_04/textures/shrub_04_arm_1k.jpg.import[39m[0m
[  78% ] [90m[1msavepack[22m | Storing File: res://.godot/imported/shrub_04_diff_1k.jpg-671ac3d271f07b0c99297f3f5294947b.ctex[39m[0m
[  78% ] [90m[1msavepack[22m | Storing File: res://assets/ext/nature/shrub_04/textures/shrub_04_diff_1k.jpg.import[39m[0m
[  78% ] [90m[1msavepack[22m | Storing File: res://.godot/imported/shrub_04_nor_gl_1k.jpg-b84e5c47ae44847125baeb5fd37d9503.ctex[39m[0m
[  78% ] [90m[1msavepack[22m | Storing File: res://assets/ext/nature/shrub_04/textures/shrub_04_nor_gl_1k.jpg.import[39m[0m
[  78% ] [90m[1msavepack[22m | Storing File: res://.godot/imported/shrub_04.gltf-f7360571a2aff7b779ac2645f80ef5a8.scn[39m[0m
[  78% ] [90m[1msavepack[22m | Storing File: res://assets/ext/nature/shrub_04/shrub_04.gltf.import[39m[0m
[  78% ] [90m[1msavepack[22m | Storing File: res://.godot/imported/tree_stump_01_arm_1k.jpg-ed0ecedf58f1208b83319f1ec33c7e44.ctex[39m[0m
[  78% ] [90m[1msavepack[22m | Storing File: res://assets/ext/nature/tree_stump_01/textures/tree_stump_01_arm_1k.jpg.import[39m[0m
[  78% ] [90m[1msavepack[22m | Storing File: res://.godot/imported/tree_stump_01_diff_1k.jpg-70c3562ce6ff8534bca1f7fea0951db8.ctex[39m[0m
[  78% ] [90m[1msavepack[22m | Storing File: res://assets/ext/nature/tree_stump_01/textures/tree_stump_01_diff_1k.jpg.import[39m[0m
[  78% ] [90m[1msavepack[22m | Storing File: res://.godot/imported/tree_stump_01_nor_gl_1k.jpg-2da040a3fa7259772e7e0e3471cc47ec.ctex[39m[0m
[  78% ] [90m[1msavepack[22m | Storing File: res://assets/ext/nature/tree_stump_01/textures/tree_stump_01_nor_gl_1k.jpg.import[39m[0m
[  78% ] [90m[1msavepack[22m | Storing File: res://.godot/imported/tree_stump_01.gltf-4d83c3befac600339da199a4c66ec2ee.scn[39m[0m
[  78% ] [90m[1msavepack[22m | Storing File: res://assets/ext/nature/tree_stump_01/tree_stump_01.gltf.import[39m[0m
[  78% ] [90m[1msavepack[22m | Storing File: res://.godot/imported/tree_stump_02_arm_1k.jpg-f75df2513cdd74f8acd35f9ad8b70d02.ctex[39m[0m
[  78% ] [90m[1msavepack[22m | Storing File: res://assets/ext/nature/tree_stump_02/textures/tree_stump_02_arm_1k.jpg.import[39m[0m
[  78% ] [90m[1msavepack[22m | Storing File: res://.godot/imported/tree_stump_02_diff_1k.jpg-76918d770990189583c6a62cfe9c88be.ctex[39m[0m
[  78% ] [90m[1msavepack[22m | Storing File: res://assets/ext/nature/tree_stump_02/textures/tree_stump_02_diff_1k.jpg.import[39m[0m
[  78% ] [90m[1msavepack[22m | Storing File: res://.godot/imported/tree_stump_02_nor_gl_1k.jpg-7f7d670f55d3ddedac4dda2dd5149e93.ctex[39m[0m
[  78% ] [90m[1msavepack[22m | Storing File: res://assets/ext/nature/tree_stump_02/textures/tree_stump_02_nor_gl_1k.jpg.import[39m[0m
[  78% ] [90m[1msavepack[22m | Storing File: res://.godot/imported/tree_stump_02.gltf-13caa048b64085aae9b8fb5fca4b4b68.scn[39m[0m
[  78% ] [90m[1msavepack[22m | Storing File: res://assets/ext/nature/tree_stump_02/tree_stump_02.gltf.import[39m[0m
[  78% ] [90m[1msavepack[22m | Storing File: res://.godot/imported/wild_rooibos_bush_arm_1k.jpg-2a53a5bba3266651bb94f8b882286334.ctex[39m[0m
[  78% ] [90m[1msavepack[22m | Storing File: res://assets/ext/nature/wild_rooibos_bush/textures/wild_rooibos_bush_arm_1k.jpg.import[39m[0m
[  79% ] [90m[1msavepack[22m | Storing File: res://.godot/imported/wild_rooibos_bush_diff_1k.jpg-ec1fb2fe599555ea414ba079fce7ee8a.ctex[39m[0m
[  79% ] [90m[1msavepack[22m | Storing File: res://assets/ext/nature/wild_rooibos_bush/textures/wild_rooibos_bush_diff_1k.jpg.import[39m[0m
[  79% ] [90m[1msavepack[22m | Storing File: res://.godot/imported/wild_rooibos_bush_nor_gl_1k.jpg-c6a9fc17908db836ea25556bbf743295.ctex[39m[0m
[  79% ] [90m[1msavepack[22m | Storing File: res://assets/ext/nature/wild_rooibos_bush/textures/wild_rooibos_bush_nor_gl_1k.jpg.import[39m[0m
[  79% ] [90m[1msavepack[22m | Storing File: res://.godot/imported/wild_rooibos_bush.gltf-20cb01621a5cf493ca68111a262edaa8.scn[39m[0m
[  79% ] [90m[1msavepack[22m | Storing File: res://assets/ext/nature/wild_rooibos_bush/wild_rooibos_bush.gltf.import[39m[0m
[  79% ] [90m[1msavepack[22m | Storing File: res://.godot/imported/build_adobe_ah.png-f03d1ef21ea02ef9bc26c3ec3e23e689.bptc.ctex[39m[0m
[  79% ] [90m[1msavepack[22m | Storing File: res://assets/ext/packed/build_adobe_ah.png.import[39m[0m
[  79% ] [90m[1msavepack[22m | Storing File: res://.godot/imported/build_adobe_nr.png-b9931bb2d0daf2b8af25d867e8d975b0.bptc.ctex[39m[0m
[  79% ] [90m[1msavepack[22m | Storing File: res://assets/ext/packed/build_adobe_nr.png.import[39m[0m
[  79% ] [90m[1msavepack[22m | Storing File: res://.godot/imported/build_adobe_stone_ah.png-0d237cd74ec39d8ec00161b105c80e40.bptc.ctex[39m[0m
[  79% ] [90m[1msavepack[22m | Storing File: res://assets/ext/packed/build_adobe_stone_ah.png.import[39m[0m
[  79% ] [90m[1msavepack[22m | Storing File: res://.godot/imported/build_adobe_stone_nr.png-0a095163a30c51882d173eaeff4ec65b.bptc.ctex[39m[0m
[  79% ] [90m[1msavepack[22m | Storing File: res://assets/ext/packed/build_adobe_stone_nr.png.import[39m[0m
[  79% ] [90m[1msavepack[22m | Storing File: res://.godot/imported/build_brick_ah.png-37dcb8d4c7185fd38ff0e9c0e4db8689.bptc.ctex[39m[0m
[  79% ] [90m[1msavepack[22m | Storing File: res://assets/ext/packed/build_brick_ah.png.import[39m[0m
[  79% ] [90m[1msavepack[22m | Storing File: res://.godot/imported/build_brick_nr.png-52c415128cd8b0bea31f912afcdef671.bptc.ctex[39m[0m
[  79% ] [90m[1msavepack[22m | Storing File: res://assets/ext/packed/build_brick_nr.png.import[39m[0m
[  79% ] [90m[1msavepack[22m | Storing File: res://.godot/imported/build_carpet_ah.png-b483c1dc6233dff0014848c11bfb9657.bptc.ctex[39m[0m
[  79% ] [90m[1msavepack[22m | Storing File: res://assets/ext/packed/build_carpet_ah.png.import[39m[0m
[  79% ] [90m[1msavepack[22m | Storing File: res://.godot/imported/build_carpet_nr.png-05afb2a90fb0faf5431ca87c403a8b4f.bptc.ctex[39m[0m
[  79% ] [90m[1msavepack[22m | Storing File: res://assets/ext/packed/build_carpet_nr.png.import[39m[0m
[  79% ] [90m[1msavepack[22m | Storing File: res://.godot/imported/build_corrugated_ah.png-a6ac03855aa455b3f4a16dc073cb4276.bptc.ctex[39m[0m
[  79% ] [90m[1msavepack[22m | Storing File: res://assets/ext/packed/build_corrugated_ah.png.import[39m[0m
[  79% ] [90m[1msavepack[22m | Storing File: res://.godot/imported/build_corrugated_nr.png-f8a858310f8e92878d8e520477fd1973.bptc.ctex[39m[0m
[  79% ] [90m[1msavepack[22m | Storing File: res://assets/ext/packed/build_corrugated_nr.png.import[39m[0m
[  79% ] [90m[1msavepack[22m | Storing File: res://.godot/imported/build_dark_planks_ah.png-9a69e0ed2ac6aef51f5e9b8cafc7a73b.bptc.ctex[39m[0m
[  79% ] [90m[1msavepack[22m | Storing File: res://assets/ext/packed/build_dark_planks_ah.png.import[39m[0m
[  79% ] [90m[1msavepack[22m | Storing File: res://.godot/imported/build_dark_planks_nr.png-2b312a0080d8daa4cb0bd343de6799b3.bptc.ctex[39m[0m
[  79% ] [90m[1msavepack[22m | Storing File: res://assets/ext/packed/build_dark_planks_nr.png.import[39m[0m
[  79% ] [90m[1msavepack[22m | Storing File: res://.godot/imported/build_fine_wood_ah.png-3d6b649bf1caac8e71083c81463cb78f.bptc.ctex[39m[0m
[  79% ] [90m[1msavepack[22m | Storing File: res://assets/ext/packed/build_fine_wood_ah.png.import[39m[0m
[  79% ] [90m[1msavepack[22m | Storing File: res://.godot/imported/build_fine_wood_nr.png-36c59a3a9725a6108773fb7279f58592.bptc.ctex[39m[0m
[  79% ] [90m[1msavepack[22m | Storing File: res://assets/ext/packed/build_fine_wood_nr.png.import[39m[0m
[  79% ] [90m[1msavepack[22m | Storing File: res://.godot/imported/build_floor_ah.png-dab2cf3210af5aaae3ccdccd1b7132c4.bptc.ctex[39m[0m
[  79% ] [90m[1msavepack[22m | Storing File: res://assets/ext/packed/build_floor_ah.png.import[39m[0m
[  79% ] [90m[1msavepack[22m | Storing File: res://.godot/imported/build_floor_nr.png-4d54967995d14e1ede747174b2debcd3.bptc.ctex[39m[0m
[  79% ] [90m[1msavepack[22m | Storing File: res://assets/ext/packed/build_floor_nr.png.import[39m[0m
[  79% ] [90m[1msavepack[22m | Storing File: res://.godot/imported/build_log_wall_ah.png-5a4c3ab79541bc0a91cb2932e4e0aaf8.bptc.ctex[39m[0m
[  79% ] [90m[1msavepack[22m | Storing File: res://assets/ext/packed/build_log_wall_ah.png.import[39m[0m
[  79% ] [90m[1msavepack[22m | Storing File: res://.godot/imported/build_log_wall_nr.png-332d620b824bc87fb4272ebcdeb12db2.bptc.ctex[39m[0m
[  79% ] [90m[1msavepack[22m | Storing File: res://assets/ext/packed/build_log_wall_nr.png.import[39m[0m
[  79% ] [90m[1msavepack[22m | Storing File: res://.godot/imported/build_painted_planks_blue_ah.png-45db0d80702602fe203f6c82bb419b62.bptc.ctex[39m[0m
[  79% ] [90m[1msavepack[22m | Storing File: res://assets/ext/packed/build_painted_planks_blue_ah.png.import[39m[0m
[  79% ] [90m[1msavepack[22m | Storing File: res://.godot/imported/build_painted_planks_blue_nr.png-90628c39b6d7f0c22230d19771879b37.bptc.ctex[39m[0m
[  79% ] [90m[1msavepack[22m | Storing File: res://assets/ext/packed/build_painted_planks_blue_nr.png.import[39m[0m
[  79% ] [90m[1msavepack[22m | Storing File: res://.godot/imported/build_painted_planks_green_ah.png-416b7213b7db206d54c2e11641fbbc48.bptc.ctex[39m[0m
[  79% ] [90m[1msavepack[22m | Storing File: res://assets/ext/packed/build_painted_planks_green_ah.png.import[39m[0m
[  79% ] [90m[1msavepack[22m | Storing File: res://.godot/imported/build_painted_planks_green_nr.png-e4fab426ae4543255e388d9f71e623d3.bptc.ctex[39m[0m
[  79% ] [90m[1msavepack[22m | Storing File: res://assets/ext/packed/build_painted_planks_green_nr.png.import[39m[0m
[  79% ] [90m[1msavepack[22m | Storing File: res://.godot/imported/build_painted_planks_white_ah.png-252ed91517f65d1a114b31759922eed3.bptc.ctex[39m[0m
[  79% ] [90m[1msavepack[22m | Storing File: res://assets/ext/packed/build_painted_planks_white_ah.png.import[39m[0m
[  79% ] [90m[1msavepack[22m | Storing File: res://.godot/imported/build_painted_planks_white_nr.png-2cefa26b73a7d97be123a960b5cf2e93.bptc.ctex[39m[0m
[  79% ] [90m[1msavepack[22m | Storing File: res://assets/ext/packed/build_painted_planks_white_nr.png.import[39m[0m
[  79% ] [90m[1msavepack[22m | Storing File: res://.godot/imported/build_planks_ah.png-5adc7f973e6aa05a3c14550d397e1de6.bptc.ctex[39m[0m
[  79% ] [90m[1msavepack[22m | Storing File: res://assets/ext/packed/build_planks_ah.png.import[39m[0m
[  79% ] [90m[1msavepack[22m | Storing File: res://.godot/imported/build_planks_brown_ah.png-72d8bae989bc823a6bdd1eee1a0b397d.bptc.ctex[39m[0m
[  79% ] [90m[1msavepack[22m | Storing File: res://assets/ext/packed/build_planks_brown_ah.png.import[39m[0m
[  79% ] [90m[1msavepack[22m | Storing File: res://.godot/imported/build_planks_brown_nr.png-4f9748ee0eff5ac482bab48801ead2ba.bptc.ctex[39m[0m
[  79% ] [90m[1msavepack[22m | Storing File: res://assets/ext/packed/build_planks_brown_nr.png.import[39m[0m
[  79% ] [90m[1msavepack[22m | Storing File: res://.godot/imported/build_planks_nr.png-e6c0ed523932a817e9389194e24294e9.bptc.ctex[39m[0m
[  79% ] [90m[1msavepack[22m | Storing File: res://assets/ext/packed/build_planks_nr.png.import[39m[0m
[  79% ] [90m[1msavepack[22m | Storing File: res://.godot/imported/build_planks_raw_ah.png-8d9f18cd227866708576a05f1ea47ed6.bptc.ctex[39m[0m
[  79% ] [90m[1msavepack[22m | Storing File: res://assets/ext/packed/build_planks_raw_ah.png.import[39m[0m
[  79% ] [90m[1msavepack[22m | Storing File: res://.godot/imported/build_planks_raw_nr.png-3dcd66f62bd03686bb63f2710460396b.bptc.ctex[39m[0m
[  79% ] [90m[1msavepack[22m | Storing File: res://assets/ext/packed/build_planks_raw_nr.png.import[39m[0m
[  79% ] [90m[1msavepack[22m | Storing File: res://.godot/imported/build_plaster_ah.png-025dfad93fa3a02be00982f67e087da2.bptc.ctex[39m[0m
[  79% ] [90m[1msavepack[22m | Storing File: res://assets/ext/packed/build_plaster_ah.png.import[39m[0m
[  79% ] [90m[1msavepack[22m | Storing File: res://.godot/imported/build_plaster_nr.png-6b6a4e94f654109ae6ea11ec9ddce334.bptc.ctex[39m[0m
[  79% ] [90m[1msavepack[22m | Storing File: res://assets/ext/packed/build_plaster_nr.png.import[39m[0m
[  79% ] [90m[1msavepack[22m | Storing File: res://.godot/imported/build_roof_planks_ah.png-74d1d6a1d6482b264a0727ef70079dd4.bptc.ctex[39m[0m
[  79% ] [90m[1msavepack[22m | Storing File: res://assets/ext/packed/build_roof_planks_ah.png.import[39m[0m
[  80% ] [90m[1msavepack[22m | Storing File: res://.godot/imported/build_roof_planks_nr.png-c775f3660aece650f6734d652e7ba23e.bptc.ctex[39m[0m
[  80% ] [90m[1msavepack[22m | Storing File: res://assets/ext/packed/build_roof_planks_nr.png.import[39m[0m
[  80% ] [90m[1msavepack[22m | Storing File: res://.godot/imported/build_roof_shingles_ah.png-c44485c8bee261f2fac96e3a3fa94a1c.bptc.ctex[39m[0m
[  80% ] [90m[1msavepack[22m | Storing File: res://assets/ext/packed/build_roof_shingles_ah.png.import[39m[0m
[  80% ] [90m[1msavepack[22m | Storing File: res://.godot/imported/build_roof_shingles_nr.png-7dd8e50aec20eaa670cd77a8f9caefe5.bptc.ctex[39m[0m
[  80% ] [90m[1msavepack[22m | Storing File: res://assets/ext/packed/build_roof_shingles_nr.png.import[39m[0m
[  80% ] [90m[1msavepack[22m | Storing File: res://.godot/imported/build_rusty_metal_ah.png-6ff664ba7d46ddb041272db95c832f27.bptc.ctex[39m[0m
[  80% ] [90m[1msavepack[22m | Storing File: res://assets/ext/packed/build_rusty_metal_ah.png.import[39m[0m
[  80% ] [90m[1msavepack[22m | Storing File: res://.godot/imported/build_rusty_metal_nr.png-85daef30f12893d83440559835f38585.bptc.ctex[39m[0m
[  80% ] [90m[1msavepack[22m | Storing File: res://assets/ext/packed/build_rusty_metal_nr.png.import[39m[0m
[  80% ] [90m[1msavepack[22m | Storing File: res://.godot/imported/build_siding_ah.png-48eb7c2dab504f3d60816e3374f7d610.bptc.ctex[39m[0m
[  80% ] [90m[1msavepack[22m | Storing File: res://assets/ext/packed/build_siding_ah.png.import[39m[0m
[  80% ] [90m[1msavepack[22m | Storing File: res://.godot/imported/build_siding_nr.png-907f645d4a26d73a8f612f89bf22af53.bptc.ctex[39m[0m
[  80% ] [90m[1msavepack[22m | Storing File: res://assets/ext/packed/build_siding_nr.png.import[39m[0m
[  80% ] [90m[1msavepack[22m | Storing File: res://.godot/imported/build_thatch_ah.png-2da7446f61f04116fa70fe904338a027.bptc.ctex[39m[0m
[  80% ] [90m[1msavepack[22m | Storing File: res://assets/ext/packed/build_thatch_ah.png.import[39m[0m
[  80% ] [90m[1msavepack[22m | Storing File: res://.godot/imported/build_thatch_nr.png-2a3fd1a8bf1b2b8886f77c06301858ad.bptc.ctex[39m[0m
[  80% ] [90m[1msavepack[22m | Storing File: res://assets/ext/packed/build_thatch_nr.png.import[39m[0m
[  80% ] [90m[1msavepack[22m | Storing File: res://.godot/imported/build_timber_ah.png-ef49df23534afaf4208d9c5ed396a50b.bptc.ctex[39m[0m
[  80% ] [90m[1msavepack[22m | Storing File: res://assets/ext/packed/build_timber_ah.png.import[39m[0m
[  80% ] [90m[1msavepack[22m | Storing File: res://.godot/imported/build_timber_nr.png-3f93239f6a4ee2fe4e2a2c8b73559997.bptc.ctex[39m[0m
[  80% ] [90m[1msavepack[22m | Storing File: res://assets/ext/packed/build_timber_nr.png.import[39m[0m
[  80% ] [90m[1msavepack[22m | Storing File: res://.godot/imported/build_wallpaper_ah.png-204e19ca7a54ec36131494700e1410fe.bptc.ctex[39m[0m
[  80% ] [90m[1msavepack[22m | Storing File: res://assets/ext/packed/build_wallpaper_ah.png.import[39m[0m
[  80% ] [90m[1msavepack[22m | Storing File: res://.godot/imported/build_wallpaper_nr.png-e2f607a216cab124cc17cc7710c957f4.bptc.ctex[39m[0m
[  80% ] [90m[1msavepack[22m | Storing File: res://assets/ext/packed/build_wallpaper_nr.png.import[39m[0m
[  80% ] [90m[1msavepack[22m | Storing File: res://.godot/imported/cloth_canvas_ah.png-969dcd0b72cf0c2970ea7d854dc980d0.bptc.ctex[39m[0m
[  80% ] [90m[1msavepack[22m | Storing File: res://assets/ext/packed/cloth_canvas_ah.png.import[39m[0m
[  80% ] [90m[1msavepack[22m | Storing File: res://.godot/imported/cloth_canvas_nr.png-a3f6fbc2bd64065ffdf485bef790d1b0.bptc.ctex[39m[0m
[  80% ] [90m[1msavepack[22m | Storing File: res://assets/ext/packed/cloth_canvas_nr.png.import[39m[0m
[  80% ] [90m[1msavepack[22m | Storing File: res://.godot/imported/cloth_denim_ah.png-93624a4b3f72e01cbe11d1cfd2018ba7.bptc.ctex[39m[0m
[  80% ] [90m[1msavepack[22m | Storing File: res://assets/ext/packed/cloth_denim_ah.png.import[39m[0m
[  80% ] [90m[1msavepack[22m | Storing File: res://.godot/imported/cloth_denim_nr.png-7e09ed9bdf65f1f120d86993f67276c1.bptc.ctex[39m[0m
[  80% ] [90m[1msavepack[22m | Storing File: res://assets/ext/packed/cloth_denim_nr.png.import[39m[0m
[  80% ] [90m[1msavepack[22m | Storing File: res://.godot/imported/cloth_leather_ah.png-752fbf0319633be772d2942c7ce51822.bptc.ctex[39m[0m
[  80% ] [90m[1msavepack[22m | Storing File: res://assets/ext/packed/cloth_leather_ah.png.import[39m[0m
[  80% ] [90m[1msavepack[22m | Storing File: res://.godot/imported/cloth_leather_nr.png-9da54371a4a01b1dfe762313f3c1be88.bptc.ctex[39m[0m
[  80% ] [90m[1msavepack[22m | Storing File: res://assets/ext/packed/cloth_leather_nr.png.import[39m[0m
[  80% ] [90m[1msavepack[22m | Storing File: res://.godot/imported/cloth_linen_ah.png-13a029179401b4c3ede7510f054cb28c.bptc.ctex[39m[0m
[  80% ] [90m[1msavepack[22m | Storing File: res://assets/ext/packed/cloth_linen_ah.png.import[39m[0m
[  80% ] [90m[1msavepack[22m | Storing File: res://.godot/imported/cloth_linen_nr.png-bceffd5027f32b880130000e38e3caba.bptc.ctex[39m[0m
[  80% ] [90m[1msavepack[22m | Storing File: res://assets/ext/packed/cloth_linen_nr.png.import[39m[0m
[  80% ] [90m[1msavepack[22m | Storing File: res://.godot/imported/cloth_wool_ah.png-a98cb839345a4e69183f09038dcb87a3.bptc.ctex[39m[0m
[  80% ] [90m[1msavepack[22m | Storing File: res://assets/ext/packed/cloth_wool_ah.png.import[39m[0m
[  80% ] [90m[1msavepack[22m | Storing File: res://.godot/imported/cloth_wool_nr.png-3da4888fcd417c99f1baac897c1ee2e5.bptc.ctex[39m[0m
[  80% ] [90m[1msavepack[22m | Storing File: res://assets/ext/packed/cloth_wool_nr.png.import[39m[0m
[  80% ] [90m[1msavepack[22m | Storing File: res://.godot/imported/nature_bark_cottonwood_ah.png-e13c310a7b2d2062bd67fd530614cf23.bptc.ctex[39m[0m
[  80% ] [90m[1msavepack[22m | Storing File: res://assets/ext/packed/nature_bark_cottonwood_ah.png.import[39m[0m
[  80% ] [90m[1msavepack[22m | Storing File: res://.godot/imported/nature_bark_cottonwood_nr.png-5bc9d69204e28130fb7488c4632d6eec.bptc.ctex[39m[0m
[  80% ] [90m[1msavepack[22m | Storing File: res://assets/ext/packed/nature_bark_cottonwood_nr.png.import[39m[0m
[  80% ] [90m[1msavepack[22m | Storing File: res://.godot/imported/nature_bark_pine_ah.png-221d4e746777b8467e614f508fdea944.bptc.ctex[39m[0m
[  80% ] [90m[1msavepack[22m | Storing File: res://assets/ext/packed/nature_bark_pine_ah.png.import[39m[0m
[  80% ] [90m[1msavepack[22m | Storing File: res://.godot/imported/nature_bark_pine_nr.png-fd34f6e00791a9179f558981d20dfa47.bptc.ctex[39m[0m
[  80% ] [90m[1msavepack[22m | Storing File: res://assets/ext/packed/nature_bark_pine_nr.png.import[39m[0m
[  80% ] [90m[1msavepack[22m | Storing File: res://assets/ext/packed/packed.json[39m[0m
[  80% ] [90m[1msavepack[22m | Storing File: res://.godot/imported/terrain_ah.png-44de5886003aebbd6910add8cd1543de.bptc.ctexarray[39m[0m
[  80% ] [90m[1msavepack[22m | Storing File: res://assets/ext/packed/terrain_ah.png.import[39m[0m
[  80% ] [90m[1msavepack[22m | Storing File: res://.godot/imported/terrain_nr.png-6cfb01905c0ebcbad57b0feed5aed934.bptc.ctexarray[39m[0m
[  80% ] [90m[1msavepack[22m | Storing File: res://assets/ext/packed/terrain_nr.png.import[39m[0m
[  80% ] [90m[1msavepack[22m | Storing File: res://.godot/imported/BarberShopChair_01_arm_1k.jpg-146e675fdac85670b4342f7f01f7e8ec.ctex[39m[0m
[  80% ] [90m[1msavepack[22m | Storing File: res://assets/ext/props/BarberShopChair_01/textures/BarberShopChair_01_arm_1k.jpg.import[39m[0m
[  80% ] [90m[1msavepack[22m | Storing File: res://.godot/imported/BarberShopChair_01_diff_1k.jpg-d29de840ed348fd28e0ef8246dbe5f5f.ctex[39m[0m
[  80% ] [90m[1msavepack[22m | Storing File: res://assets/ext/props/BarberShopChair_01/textures/BarberShopChair_01_diff_1k.jpg.import[39m[0m
[  80% ] [90m[1msavepack[22m | Storing File: res://.godot/imported/BarberShopChair_01_nor_gl_1k.jpg-68ff8c0fb7046c6e6885e4c456fa8e7a.ctex[39m[0m
[  80% ] [90m[1msavepack[22m | Storing File: res://assets/ext/props/BarberShopChair_01/textures/BarberShopChair_01_nor_gl_1k.jpg.import[39m[0m
[  80% ] [90m[1msavepack[22m | Storing File: res://.godot/imported/BarberShopChair_01.gltf-510e8372521968803934cf96760fd520.scn[39m[0m
[  80% ] [90m[1msavepack[22m | Storing File: res://assets/ext/props/BarberShopChair_01/BarberShopChair_01.gltf.import[39m[0m
[  80% ] [90m[1msavepack[22m | Storing File: res://.godot/imported/Barrel_01_explosive_arm_1k.jpg-ed91f639d6abb7cdce6e25d3cc01ce24.ctex[39m[0m
[  80% ] [90m[1msavepack[22m | Storing File: res://assets/ext/props/Barrel_01/textures/Barrel_01_explosive_arm_1k.jpg.import[39m[0m
[  80% ] [90m[1msavepack[22m | Storing File: res://.godot/imported/Barrel_01_explosive_diff_1k.jpg-68a57bb1f1860318ab361a9d34fee5a9.ctex[39m[0m
[  80% ] [90m[1msavepack[22m | Storing File: res://assets/ext/props/Barrel_01/textures/Barrel_01_explosive_diff_1k.jpg.import[39m[0m
[  81% ] [90m[1msavepack[22m | Storing File: res://.godot/imported/Barrel_01_explosive_nor_gl_1k.jpg-a8b3c9640d8631175df0df370edf60bb.ctex[39m[0m
[  81% ] [90m[1msavepack[22m | Storing File: res://assets/ext/props/Barrel_01/textures/Barrel_01_explosive_nor_gl_1k.jpg.import[39m[0m
[  81% ] [90m[1msavepack[22m | Storing File: res://.godot/imported/Barrel_01.gltf-3886320edcea53fc0e4eb10f7b759577.scn[39m[0m
[  81% ] [90m[1msavepack[22m | Storing File: res://assets/ext/props/Barrel_01/Barrel_01.gltf.import[39m[0m
[  81% ] [90m[1msavepack[22m | Storing File: res://.godot/imported/barrel_03_arm_1k.jpg-6803c6be0034a66f59e598bf68feccaa.ctex[39m[0m
[  81% ] [90m[1msavepack[22m | Storing File: res://assets/ext/props/barrel_03/textures/barrel_03_arm_1k.jpg.import[39m[0m
[  81% ] [90m[1msavepack[22m | Storing File: res://.godot/imported/barrel_03_diff_1k.jpg-e2467c1e83649a9e34c5e11643b7c185.ctex[39m[0m
[  81% ] [90m[1msavepack[22m | Storing File: res://assets/ext/props/barrel_03/textures/barrel_03_diff_1k.jpg.import[39m[0m
[  81% ] [90m[1msavepack[22m | Storing File: res://.godot/imported/barrel_03_nor_gl_1k.jpg-afd10d03f212380f13cf14e893ac3942.ctex[39m[0m
[  81% ] [90m[1msavepack[22m | Storing File: res://assets/ext/props/barrel_03/textures/barrel_03_nor_gl_1k.jpg.import[39m[0m
[  81% ] [90m[1msavepack[22m | Storing File: res://.godot/imported/barrel_03.gltf-4efe5c0faf6cd93b9f35bc434bc6e23e.scn[39m[0m
[  81% ] [90m[1msavepack[22m | Storing File: res://assets/ext/props/barrel_03/barrel_03.gltf.import[39m[0m
[  81% ] [90m[1msavepack[22m | Storing File: res://.godot/imported/brass_candleholders_01_arm_1k.jpg-f7ddafc639d50f8dc5162d4fbde8a38c.ctex[39m[0m
[  81% ] [90m[1msavepack[22m | Storing File: res://assets/ext/props/brass_candleholders/textures/brass_candleholders_01_arm_1k.jpg.import[39m[0m
[  81% ] [90m[1msavepack[22m | Storing File: res://.godot/imported/brass_candleholders_01_diff_1k.jpg-e7e71d0d19e9bbeb3bdc553b4169317b.ctex[39m[0m
[  81% ] [90m[1msavepack[22m | Storing File: res://assets/ext/props/brass_candleholders/textures/brass_candleholders_01_diff_1k.jpg.import[39m[0m
[  81% ] [90m[1msavepack[22m | Storing File: res://.godot/imported/brass_candleholders_01_nor_gl_1k.jpg-a795e65bad4d1cd4233b08f334be16ee.ctex[39m[0m
[  81% ] [90m[1msavepack[22m | Storing File: res://assets/ext/props/brass_candleholders/textures/brass_candleholders_01_nor_gl_1k.jpg.import[39m[0m
[  81% ] [90m[1msavepack[22m | Storing File: res://.godot/imported/brass_candleholders_02_arm_1k.jpg-e7d25de271e53fcfaa194a727e5cf424.ctex[39m[0m
[  81% ] [90m[1msavepack[22m | Storing File: res://assets/ext/props/brass_candleholders/textures/brass_candleholders_02_arm_1k.jpg.import[39m[0m
[  81% ] [90m[1msavepack[22m | Storing File: res://.godot/imported/brass_candleholders_02_diff_1k.jpg-b93ba74ab118c7058f1dc9d13e2a06c6.ctex[39m[0m
[  81% ] [90m[1msavepack[22m | Storing File: res://assets/ext/props/brass_candleholders/textures/brass_candleholders_02_diff_1k.jpg.import[39m[0m
[  81% ] [90m[1msavepack[22m | Storing File: res://.godot/imported/brass_candleholders_02_nor_gl_1k.jpg-f1cc46b69e7861ec9e7e83488508b7c4.ctex[39m[0m
[  81% ] [90m[1msavepack[22m | Storing File: res://assets/ext/props/brass_candleholders/textures/brass_candleholders_02_nor_gl_1k.jpg.import[39m[0m
[  81% ] [90m[1msavepack[22m | Storing File: res://.godot/imported/brass_candleholders_03_arm_1k.jpg-0a86e833c6d599eb90e7ea778466b7f6.ctex[39m[0m
[  81% ] [90m[1msavepack[22m | Storing File: res://assets/ext/props/brass_candleholders/textures/brass_candleholders_03_arm_1k.jpg.import[39m[0m
[  81% ] [90m[1msavepack[22m | Storing File: res://.godot/imported/brass_candleholders_03_diff_1k.jpg-dd815267f1128dd2a295c8996715554e.ctex[39m[0m
[  81% ] [90m[1msavepack[22m | Storing File: res://assets/ext/props/brass_candleholders/textures/brass_candleholders_03_diff_1k.jpg.import[39m[0m
[  81% ] [90m[1msavepack[22m | Storing File: res://.godot/imported/brass_candleholders_03_nor_gl_1k.jpg-a366ea757a17a8b792a45516ebcbb9cc.ctex[39m[0m
[  81% ] [90m[1msavepack[22m | Storing File: res://assets/ext/props/brass_candleholders/textures/brass_candleholders_03_nor_gl_1k.jpg.import[39m[0m
[  81% ] [90m[1msavepack[22m | Storing File: res://.godot/imported/brass_candleholders_candles_arm_1k.jpg-6f16960eab5c67dd6c66468bf258c80b.ctex[39m[0m
[  81% ] [90m[1msavepack[22m | Storing File: res://assets/ext/props/brass_candleholders/textures/brass_candleholders_candles_arm_1k.jpg.import[39m[0m
[  81% ] [90m[1msavepack[22m | Storing File: res://.godot/imported/brass_candleholders_candles_diff_1k.jpg-0646ec0a0952556a45518a51a95cecd5.ctex[39m[0m
[  81% ] [90m[1msavepack[22m | Storing File: res://assets/ext/props/brass_candleholders/textures/brass_candleholders_candles_diff_1k.jpg.import[39m[0m
[  81% ] [90m[1msavepack[22m | Storing File: res://.godot/imported/brass_candleholders_candles_nor_gl_1k.jpg-0209861b6292fe8d92314cb59576757c.ctex[39m[0m
[  81% ] [90m[1msavepack[22m | Storing File: res://assets/ext/props/brass_candleholders/textures/brass_candleholders_candles_nor_gl_1k.jpg.import[39m[0m
[  81% ] [90m[1msavepack[22m | Storing File: res://.godot/imported/brass_candleholders_flame_diff_1k.jpg-1466dd7d887b4c016656618d377deb7f.ctex[39m[0m
[  81% ] [90m[1msavepack[22m | Storing File: res://assets/ext/props/brass_candleholders/textures/brass_candleholders_flame_diff_1k.jpg.import[39m[0m
[  81% ] [90m[1msavepack[22m | Storing File: res://.godot/imported/brass_candleholders.gltf-1d38ee345564f5de2df44609149f65a7.scn[39m[0m
[  81% ] [90m[1msavepack[22m | Storing File: res://assets/ext/props/brass_candleholders/brass_candleholders.gltf.import[39m[0m
[  81% ] [90m[1msavepack[22m | Storing File: res://.godot/imported/bull_head_arm_1k.jpg-a19daf5ef4cfd823d1cdb434926354bd.ctex[39m[0m
[  81% ] [90m[1msavepack[22m | Storing File: res://assets/ext/props/bull_head/textures/bull_head_arm_1k.jpg.import[39m[0m
[  81% ] [90m[1msavepack[22m | Storing File: res://.godot/imported/bull_head_diff_1k.jpg-fc593b7c13e7c4dcb14ac98117066e20.ctex[39m[0m
[  81% ] [90m[1msavepack[22m | Storing File: res://assets/ext/props/bull_head/textures/bull_head_diff_1k.jpg.import[39m[0m
[  81% ] [90m[1msavepack[22m | Storing File: res://.godot/imported/bull_head_nor_gl_1k.jpg-db2438a17e44844240b94cf371ac6ef4.ctex[39m[0m
[  81% ] [90m[1msavepack[22m | Storing File: res://assets/ext/props/bull_head/textures/bull_head_nor_gl_1k.jpg.import[39m[0m
[  81% ] [90m[1msavepack[22m | Storing File: res://.godot/imported/bull_head.gltf-7057484048dac919146b20bcb094fcde.scn[39m[0m
[  81% ] [90m[1msavepack[22m | Storing File: res://assets/ext/props/bull_head/bull_head.gltf.import[39m[0m
[  81% ] [90m[1msavepack[22m | Storing File: res://.godot/imported/CashRegister_01_arm_1k.jpg-5b5824492761fec65fad1da09c5365f8.ctex[39m[0m
[  81% ] [90m[1msavepack[22m | Storing File: res://assets/ext/props/CashRegister_01/textures/CashRegister_01_arm_1k.jpg.import[39m[0m
[  81% ] [90m[1msavepack[22m | Storing File: res://.godot/imported/CashRegister_01_diff_1k.jpg-9d81e18b9b24db04acf1e29d9e3c90e3.ctex[39m[0m
[  81% ] [90m[1msavepack[22m | Storing File: res://assets/ext/props/CashRegister_01/textures/CashRegister_01_diff_1k.jpg.import[39m[0m
[  81% ] [90m[1msavepack[22m | Storing File: res://.godot/imported/CashRegister_01_glass_arm_1k.jpg-93d12497cb42971f5bb800ae2b1fd132.ctex[39m[0m
[  81% ] [90m[1msavepack[22m | Storing File: res://assets/ext/props/CashRegister_01/textures/CashRegister_01_glass_arm_1k.jpg.import[39m[0m
[  81% ] [90m[1msavepack[22m | Storing File: res://.godot/imported/CashRegister_01_glass_diff_1k.jpg-343d1563faa5463317f6ec7c697eed62.ctex[39m[0m
[  81% ] [90m[1msavepack[22m | Storing File: res://assets/ext/props/CashRegister_01/textures/CashRegister_01_glass_diff_1k.jpg.import[39m[0m
[  81% ] [90m[1msavepack[22m | Storing File: res://.godot/imported/CashRegister_01_glass_nor_gl_1k.jpg-c0d4eb4926f80a46c60f9393467d5b63.ctex[39m[0m
[  81% ] [90m[1msavepack[22m | Storing File: res://assets/ext/props/CashRegister_01/textures/CashRegister_01_glass_nor_gl_1k.jpg.import[39m[0m
[  81% ] [90m[1msavepack[22m | Storing File: res://.godot/imported/CashRegister_01_nor_gl_1k.jpg-63281689aadd0d14bee2e753998c1b59.ctex[39m[0m
[  81% ] [90m[1msavepack[22m | Storing File: res://assets/ext/props/CashRegister_01/textures/CashRegister_01_nor_gl_1k.jpg.import[39m[0m
[  81% ] [90m[1msavepack[22m | Storing File: res://.godot/imported/CashRegister_01.gltf-7a50016420ba27a0f479067fb1dab42d.scn[39m[0m
[  81% ] [90m[1msavepack[22m | Storing File: res://assets/ext/props/CashRegister_01/CashRegister_01.gltf.import[39m[0m
[  81% ] [90m[1msavepack[22m | Storing File: res://.godot/imported/Chandelier_02_arm_1k.jpg-ad086350631786edc6c6de23fefe69a1.ctex[39m[0m
[  81% ] [90m[1msavepack[22m | Storing File: res://assets/ext/props/Chandelier_02/textures/Chandelier_02_arm_1k.jpg.import[39m[0m
[  81% ] [90m[1msavepack[22m | Storing File: res://.godot/imported/Chandelier_02_diff_1k.jpg-79b0133b87da3faaa46efef5df416d49.ctex[39m[0m
[  81% ] [90m[1msavepack[22m | Storing File: res://assets/ext/props/Chandelier_02/textures/Chandelier_02_diff_1k.jpg.import[39m[0m
[  81% ] [90m[1msavepack[22m | Storing File: res://.godot/imported/Chandelier_02_nor_gl_1k.jpg-0e589d140dfd5143093d20d49c9e1315.ctex[39m[0m
[  81% ] [90m[1msavepack[22m | Storing File: res://assets/ext/props/Chandelier_02/textures/Chandelier_02_nor_gl_1k.jpg.import[39m[0m
[  81% ] [90m[1msavepack[22m | Storing File: res://.godot/imported/Chandelier_02.gltf-808a7dde72ce112656c2da12b7717e21.scn[39m[0m
[  81% ] [90m[1msavepack[22m | Storing File: res://assets/ext/props/Chandelier_02/Chandelier_02.gltf.import[39m[0m
[  82% ] [90m[1msavepack[22m | Storing File: res://.godot/imported/ClassicNightstand_01_arm_1k.jpg-226a0b3cf5b04f30676c57e8470d0d50.ctex[39m[0m
[  82% ] [90m[1msavepack[22m | Storing File: res://assets/ext/props/ClassicNightstand_01/textures/ClassicNightstand_01_arm_1k.jpg.import[39m[0m
[  82% ] [90m[1msavepack[22m | Storing File: res://.godot/imported/ClassicNightstand_01_diff_1k.jpg-bf3e27c09a31cb7157a6953404729524.ctex[39m[0m
[  82% ] [90m[1msavepack[22m | Storing File: res://assets/ext/props/ClassicNightstand_01/textures/ClassicNightstand_01_diff_1k.jpg.import[39m[0m
[  82% ] [90m[1msavepack[22m | Storing File: res://.godot/imported/ClassicNightstand_01_nor_gl_1k.jpg-9ed5e71ed67b3e80a9c83dd835c40e3b.ctex[39m[0m
[  82% ] [90m[1msavepack[22m | Storing File: res://assets/ext/props/ClassicNightstand_01/textures/ClassicNightstand_01_nor_gl_1k.jpg.import[39m[0m
[  82% ] [90m[1msavepack[22m | Storing File: res://.godot/imported/ClassicNightstand_01.gltf-047ba6a29c695971432f82e290c8d4f5.scn[39m[0m
[  82% ] [90m[1msavepack[22m | Storing File: res://assets/ext/props/ClassicNightstand_01/ClassicNightstand_01.gltf.import[39m[0m
[  82% ] [90m[1msavepack[22m | Storing File: res://.godot/imported/folding_wooden_stool_arm_1k.jpg-732f41a16819d667a5f5974b343f1f40.ctex[39m[0m
[  82% ] [90m[1msavepack[22m | Storing File: res://assets/ext/props/folding_wooden_stool/textures/folding_wooden_stool_arm_1k.jpg.import[39m[0m
[  82% ] [90m[1msavepack[22m | Storing File: res://.godot/imported/folding_wooden_stool_diff_1k.jpg-9f2bd54071b51a393d6d040977e10461.ctex[39m[0m
[  82% ] [90m[1msavepack[22m | Storing File: res://assets/ext/props/folding_wooden_stool/textures/folding_wooden_stool_diff_1k.jpg.import[39m[0m
[  82% ] [90m[1msavepack[22m | Storing File: res://.godot/imported/folding_wooden_stool_nor_gl_1k.jpg-ba1f2a053083962bbb422a87ff2b96db.ctex[39m[0m
[  82% ] [90m[1msavepack[22m | Storing File: res://assets/ext/props/folding_wooden_stool/textures/folding_wooden_stool_nor_gl_1k.jpg.import[39m[0m
[  82% ] [90m[1msavepack[22m | Storing File: res://.godot/imported/folding_wooden_stool.gltf-134db6d50aa01e8606fc594881bc111f.scn[39m[0m
[  82% ] [90m[1msavepack[22m | Storing File: res://assets/ext/props/folding_wooden_stool/folding_wooden_stool.gltf.import[39m[0m
[  82% ] [90m[1msavepack[22m | Storing File: res://.godot/imported/gate_latch_01_arm_1k.jpg-99ad5071d41a8217854c9113c66ebb9f.ctex[39m[0m
[  82% ] [90m[1msavepack[22m | Storing File: res://assets/ext/props/gate_latch_01/textures/gate_latch_01_arm_1k.jpg.import[39m[0m
[  82% ] [90m[1msavepack[22m | Storing File: res://.godot/imported/gate_latch_01_diff_1k.jpg-0a90867992ca40af4c8ca4c371f27219.ctex[39m[0m
[  82% ] [90m[1msavepack[22m | Storing File: res://assets/ext/props/gate_latch_01/textures/gate_latch_01_diff_1k.jpg.import[39m[0m
[  82% ] [90m[1msavepack[22m | Storing File: res://.godot/imported/gate_latch_01_nor_gl_1k.jpg-6aff2bd8f6a098eb65fe7b616410f0ec.ctex[39m[0m
[  82% ] [90m[1msavepack[22m | Storing File: res://assets/ext/props/gate_latch_01/textures/gate_latch_01_nor_gl_1k.jpg.import[39m[0m
[  82% ] [90m[1msavepack[22m | Storing File: res://.godot/imported/gate_latch_01.gltf-24cc64e92587341b335105a03155ddb1.scn[39m[0m
[  82% ] [90m[1msavepack[22m | Storing File: res://assets/ext/props/gate_latch_01/gate_latch_01.gltf.import[39m[0m
[  82% ] [90m[1msavepack[22m | Storing File: res://.godot/imported/hanging_picture_frame_01_arm_1k.jpg-02b2b97db43f203eaba4388622c82967.ctex[39m[0m
[  82% ] [90m[1msavepack[22m | Storing File: res://assets/ext/props/hanging_picture_frame_01/textures/hanging_picture_frame_01_arm_1k.jpg.import[39m[0m
[  82% ] [90m[1msavepack[22m | Storing File: res://.godot/imported/hanging_picture_frame_01_artwork_diff_1k.jpg-feace6f48d147821c95ed6bc0aa96c43.ctex[39m[0m
[  82% ] [90m[1msavepack[22m | Storing File: res://assets/ext/props/hanging_picture_frame_01/textures/hanging_picture_frame_01_artwork_diff_1k.jpg.import[39m[0m
[  82% ] [90m[1msavepack[22m | Storing File: res://.godot/imported/hanging_picture_frame_01_artwork_nor_gl_1k.jpg-58c58fbb20387680c544d67d96a984d0.ctex[39m[0m
[  82% ] [90m[1msavepack[22m | Storing File: res://assets/ext/props/hanging_picture_frame_01/textures/hanging_picture_frame_01_artwork_nor_gl_1k.jpg.import[39m[0m
[  82% ] [90m[1msavepack[22m | Storing File: res://.godot/imported/hanging_picture_frame_01_artwork_roughness_1k.jpg-870d1e09fabaf0f01d3983b0bd691bf4.ctex[39m[0m
[  82% ] [90m[1msavepack[22m | Storing File: res://assets/ext/props/hanging_picture_frame_01/textures/hanging_picture_frame_01_artwork_roughness_1k.jpg.import[39m[0m
[  82% ] [90m[1msavepack[22m | Storing File: res://.godot/imported/hanging_picture_frame_01_diff_1k.jpg-41e8de4fc961a63154a00185580e3ac5.ctex[39m[0m
[  82% ] [90m[1msavepack[22m | Storing File: res://assets/ext/props/hanging_picture_frame_01/textures/hanging_picture_frame_01_diff_1k.jpg.import[39m[0m
[  82% ] [90m[1msavepack[22m | Storing File: res://.godot/imported/hanging_picture_frame_01_nor_gl_1k.jpg-6338b9cc65c7c9c7154d7375a324b458.ctex[39m[0m
[  82% ] [90m[1msavepack[22m | Storing File: res://assets/ext/props/hanging_picture_frame_01/textures/hanging_picture_frame_01_nor_gl_1k.jpg.import[39m[0m
[  82% ] [90m[1msavepack[22m | Storing File: res://.godot/imported/hanging_picture_frame_01.gltf-57da0625c31708ce79e24df9a48e622c.scn[39m[0m
[  82% ] [90m[1msavepack[22m | Storing File: res://assets/ext/props/hanging_picture_frame_01/hanging_picture_frame_01.gltf.import[39m[0m
[  82% ] [90m[1msavepack[22m | Storing File: res://.godot/imported/hatchet_arm_1k.jpg-24916fbde90483cc35e5b14aa6d2c950.ctex[39m[0m
[  82% ] [90m[1msavepack[22m | Storing File: res://assets/ext/props/hatchet/textures/hatchet_arm_1k.jpg.import[39m[0m
[  82% ] [90m[1msavepack[22m | Storing File: res://.godot/imported/hatchet_diff_1k.jpg-0565c0467e56e65e0a2a87b3bce44a35.ctex[39m[0m
[  82% ] [90m[1msavepack[22m | Storing File: res://assets/ext/props/hatchet/textures/hatchet_diff_1k.jpg.import[39m[0m
[  82% ] [90m[1msavepack[22m | Storing File: res://.godot/imported/hatchet_nor_gl_1k.jpg-d089a86894f2cb33febbb187aaac1346.ctex[39m[0m
[  82% ] [90m[1msavepack[22m | Storing File: res://assets/ext/props/hatchet/textures/hatchet_nor_gl_1k.jpg.import[39m[0m
[  82% ] [90m[1msavepack[22m | Storing File: res://.godot/imported/hatchet.gltf-0afc49d7ebfc4c0c6dae82596fc44100.scn[39m[0m
[  82% ] [90m[1msavepack[22m | Storing File: res://assets/ext/props/hatchet/hatchet.gltf.import[39m[0m
[  82% ] [90m[1msavepack[22m | Storing File: res://.godot/imported/jug_01_arm_1k.jpg-6024256f40971e3ff6d5b5f36db36e99.ctex[39m[0m
[  82% ] [90m[1msavepack[22m | Storing File: res://assets/ext/props/jug_01/textures/jug_01_arm_1k.jpg.import[39m[0m
[  82% ] [90m[1msavepack[22m | Storing File: res://.godot/imported/jug_01_diff_1k.jpg-a4ae77cda704ea6f4fe143d861509668.ctex[39m[0m
[  82% ] [90m[1msavepack[22m | Storing File: res://assets/ext/props/jug_01/textures/jug_01_diff_1k.jpg.import[39m[0m
[  82% ] [90m[1msavepack[22m | Storing File: res://.godot/imported/jug_01_nor_gl_1k.jpg-5c47073792d5540f8ce4bfd6a5d60222.ctex[39m[0m
[  82% ] [90m[1msavepack[22m | Storing File: res://assets/ext/props/jug_01/textures/jug_01_nor_gl_1k.jpg.import[39m[0m
[  82% ] [90m[1msavepack[22m | Storing File: res://.godot/imported/jug_01.gltf-356c18a842665e196860553171102fb7.scn[39m[0m
[  82% ] [90m[1msavepack[22m | Storing File: res://assets/ext/props/jug_01/jug_01.gltf.import[39m[0m
[  82% ] [90m[1msavepack[22m | Storing File: res://.godot/imported/ladder_sectioned_01_arm_1k.jpg-08c8624e545b3fc0107e9f14019da63c.ctex[39m[0m
[  82% ] [90m[1msavepack[22m | Storing File: res://assets/ext/props/ladder_sectioned_01/textures/ladder_sectioned_01_arm_1k.jpg.import[39m[0m
[  82% ] [90m[1msavepack[22m | Storing File: res://.godot/imported/ladder_sectioned_01_diff_1k.jpg-23674b082afa07cb60b13bb492d5d96a.ctex[39m[0m
[  82% ] [90m[1msavepack[22m | Storing File: res://assets/ext/props/ladder_sectioned_01/textures/ladder_sectioned_01_diff_1k.jpg.import[39m[0m
[  82% ] [90m[1msavepack[22m | Storing File: res://.godot/imported/ladder_sectioned_01_nor_gl_1k.jpg-dd12de169aa683727118c501fd386fc2.ctex[39m[0m
[  82% ] [90m[1msavepack[22m | Storing File: res://assets/ext/props/ladder_sectioned_01/textures/ladder_sectioned_01_nor_gl_1k.jpg.import[39m[0m
[  82% ] [90m[1msavepack[22m | Storing File: res://.godot/imported/ladder_sectioned_01.gltf-c849b104120770ad3cab713074dfdb7e.scn[39m[0m
[  82% ] [90m[1msavepack[22m | Storing File: res://assets/ext/props/ladder_sectioned_01/ladder_sectioned_01.gltf.import[39m[0m
[  82% ] [90m[1msavepack[22m | Storing File: res://.godot/imported/Lantern_01_brass_arm_1k.jpg-f98c0beee05f0ea8471719013c11626f.ctex[39m[0m
[  82% ] [90m[1msavepack[22m | Storing File: res://assets/ext/props/Lantern_01/textures/Lantern_01_brass_arm_1k.jpg.import[39m[0m
[  82% ] [90m[1msavepack[22m | Storing File: res://.godot/imported/Lantern_01_brass_diff_1k.jpg-f36ec717db36f0a20aee8783d7d58407.ctex[39m[0m
[  82% ] [90m[1msavepack[22m | Storing File: res://assets/ext/props/Lantern_01/textures/Lantern_01_brass_diff_1k.jpg.import[39m[0m
[  82% ] [90m[1msavepack[22m | Storing File: res://.godot/imported/Lantern_01_brass_nor_gl_1k.jpg-cc23584d8025e5bc6eeace927b97368d.ctex[39m[0m
[  82% ] [90m[1msavepack[22m | Storing File: res://assets/ext/props/Lantern_01/textures/Lantern_01_brass_nor_gl_1k.jpg.import[39m[0m
[  82% ] [90m[1msavepack[22m | Storing File: res://.godot/imported/Lantern_01.gltf-2d4218af51bec3e2ca744c3013e47c78.scn[39m[0m
[  82% ] [90m[1msavepack[22m | Storing File: res://assets/ext/props/Lantern_01/Lantern_01.gltf.import[39m[0m
[  82% ] [90m[1msavepack[22m | Storing File: res://.godot/imported/lantern_chandelier_01_arm_1k.jpg-4072ba13a16d6f7b6835241fe85ea2c4.ctex[39m[0m
[  82% ] [90m[1msavepack[22m | Storing File: res://assets/ext/props/lantern_chandelier_01/textures/lantern_chandelier_01_arm_1k.jpg.import[39m[0m
[  83% ] [90m[1msavepack[22m | Storing File: res://.godot/imported/lantern_chandelier_01_diff_1k.jpg-f30d423b27e443014a6bd56788603851.ctex[39m[0m
[  83% ] [90m[1msavepack[22m | Storing File: res://assets/ext/props/lantern_chandelier_01/textures/lantern_chandelier_01_diff_1k.jpg.import[39m[0m
[  83% ] [90m[1msavepack[22m | Storing File: res://.godot/imported/lantern_chandelier_01_glass_alpha_1k.jpg-09a0dc164bb799d13cae35aa20f22fd1.ctex[39m[0m
[  83% ] [90m[1msavepack[22m | Storing File: res://assets/ext/props/lantern_chandelier_01/textures/lantern_chandelier_01_glass_alpha_1k.jpg.import[39m[0m
[  83% ] [90m[1msavepack[22m | Storing File: res://.godot/imported/lantern_chandelier_01_glass_arm_1k.jpg-68a63b9348be79da672bf437092b3344.ctex[39m[0m
[  83% ] [90m[1msavepack[22m | Storing File: res://assets/ext/props/lantern_chandelier_01/textures/lantern_chandelier_01_glass_arm_1k.jpg.import[39m[0m
[  83% ] [90m[1msavepack[22m | Storing File: res://.godot/imported/lantern_chandelier_01_glass_diff_1k.jpg-becc61145b23397f611190ab268eec93.ctex[39m[0m
[  83% ] [90m[1msavepack[22m | Storing File: res://assets/ext/props/lantern_chandelier_01/textures/lantern_chandelier_01_glass_diff_1k.jpg.import[39m[0m
[  83% ] [90m[1msavepack[22m | Storing File: res://.godot/imported/lantern_chandelier_01_glass_nor_gl_1k.jpg-ff874c56c7b7fd6e8e8ff3b4b5338fbe.ctex[39m[0m
[  83% ] [90m[1msavepack[22m | Storing File: res://assets/ext/props/lantern_chandelier_01/textures/lantern_chandelier_01_glass_nor_gl_1k.jpg.import[39m[0m
[  83% ] [90m[1msavepack[22m | Storing File: res://.godot/imported/lantern_chandelier_01_nor_gl_1k.jpg-6b3064bc83b67bbda0e870457a584512.ctex[39m[0m
[  83% ] [90m[1msavepack[22m | Storing File: res://assets/ext/props/lantern_chandelier_01/textures/lantern_chandelier_01_nor_gl_1k.jpg.import[39m[0m
[  83% ] [90m[1msavepack[22m | Storing File: res://.godot/imported/lantern_chandelier_01.gltf-1fe2c743c7a50de5614e3caa2223f630.scn[39m[0m
[  83% ] [90m[1msavepack[22m | Storing File: res://assets/ext/props/lantern_chandelier_01/lantern_chandelier_01.gltf.import[39m[0m
[  83% ] [90m[1msavepack[22m | Storing File: res://.godot/imported/mantel_clock_01_arm_1k.jpg-0d5325d32d056a2795587fea003ea735.ctex[39m[0m
[  83% ] [90m[1msavepack[22m | Storing File: res://assets/ext/props/mantel_clock_01/textures/mantel_clock_01_arm_1k.jpg.import[39m[0m
[  83% ] [90m[1msavepack[22m | Storing File: res://.godot/imported/mantel_clock_01_diff_1k.jpg-294f009f35b918f8adca822bacb67c60.ctex[39m[0m
[  83% ] [90m[1msavepack[22m | Storing File: res://assets/ext/props/mantel_clock_01/textures/mantel_clock_01_diff_1k.jpg.import[39m[0m
[  83% ] [90m[1msavepack[22m | Storing File: res://.godot/imported/mantel_clock_01_nor_gl_1k.jpg-8cdd592837f27865e2a844ed0dbb5746.ctex[39m[0m
[  83% ] [90m[1msavepack[22m | Storing File: res://assets/ext/props/mantel_clock_01/textures/mantel_clock_01_nor_gl_1k.jpg.import[39m[0m
[  83% ] [90m[1msavepack[22m | Storing File: res://.godot/imported/mantel_clock_01.gltf-26f8a9dda7a240c4a7beeebe6d953780.scn[39m[0m
[  83% ] [90m[1msavepack[22m | Storing File: res://assets/ext/props/mantel_clock_01/mantel_clock_01.gltf.import[39m[0m
[  83% ] [90m[1msavepack[22m | Storing File: res://.godot/imported/old_bed_frame_arm_1k.jpg-8f13ae2b3f3d7e13bcd5920db61b0a9c.ctex[39m[0m
[  83% ] [90m[1msavepack[22m | Storing File: res://assets/ext/props/old_bed_frame/textures/old_bed_frame_arm_1k.jpg.import[39m[0m
[  83% ] [90m[1msavepack[22m | Storing File: res://.godot/imported/old_bed_frame_diff_1k.jpg-0c5d5680d506b3b59863eff2b3205ed2.ctex[39m[0m
[  83% ] [90m[1msavepack[22m | Storing File: res://assets/ext/props/old_bed_frame/textures/old_bed_frame_diff_1k.jpg.import[39m[0m
[  83% ] [90m[1msavepack[22m | Storing File: res://.godot/imported/old_bed_frame_nor_gl_1k.jpg-9b372a8136fa97e1ddda1a9b3f348894.ctex[39m[0m
[  83% ] [90m[1msavepack[22m | Storing File: res://assets/ext/props/old_bed_frame/textures/old_bed_frame_nor_gl_1k.jpg.import[39m[0m
[  83% ] [90m[1msavepack[22m | Storing File: res://.godot/imported/old_bed_frame.gltf-6d99df1869ce1443b37682f09ce937e4.scn[39m[0m
[  83% ] [90m[1msavepack[22m | Storing File: res://assets/ext/props/old_bed_frame/old_bed_frame.gltf.import[39m[0m
[  83% ] [90m[1msavepack[22m | Storing File: res://.godot/imported/painted_wooden_cabinet_arm_1k.jpg-03eeed3217db4988f389d3018f6f5b3f.ctex[39m[0m
[  83% ] [90m[1msavepack[22m | Storing File: res://assets/ext/props/painted_wooden_cabinet/textures/painted_wooden_cabinet_arm_1k.jpg.import[39m[0m
[  83% ] [90m[1msavepack[22m | Storing File: res://.godot/imported/painted_wooden_cabinet_diff_1k.jpg-0452bc20edf2cb7e329cf7991b884370.ctex[39m[0m
[  83% ] [90m[1msavepack[22m | Storing File: res://assets/ext/props/painted_wooden_cabinet/textures/painted_wooden_cabinet_diff_1k.jpg.import[39m[0m
[  83% ] [90m[1msavepack[22m | Storing File: res://.godot/imported/painted_wooden_cabinet_nor_gl_1k.jpg-a1f00fbf3965beb15cff0ba521dd706c.ctex[39m[0m
[  83% ] [90m[1msavepack[22m | Storing File: res://assets/ext/props/painted_wooden_cabinet/textures/painted_wooden_cabinet_nor_gl_1k.jpg.import[39m[0m
[  83% ] [90m[1msavepack[22m | Storing File: res://.godot/imported/painted_wooden_cabinet.gltf-749cf1e5bcddf26e6aedc41876ce0b3c.scn[39m[0m
[  83% ] [90m[1msavepack[22m | Storing File: res://assets/ext/props/painted_wooden_cabinet/painted_wooden_cabinet.gltf.import[39m[0m
[  83% ] [90m[1msavepack[22m | Storing File: res://.godot/imported/painted_wooden_chair_01_arm_1k.jpg-c6e9ea74c7f2a06e9613debff77d065a.ctex[39m[0m
[  83% ] [90m[1msavepack[22m | Storing File: res://assets/ext/props/painted_wooden_chair_01/textures/painted_wooden_chair_01_arm_1k.jpg.import[39m[0m
[  83% ] [90m[1msavepack[22m | Storing File: res://.godot/imported/painted_wooden_chair_01_diff_1k.jpg-813fd4267a10ae191a8c2eb49ca9d969.ctex[39m[0m
[  83% ] [90m[1msavepack[22m | Storing File: res://assets/ext/props/painted_wooden_chair_01/textures/painted_wooden_chair_01_diff_1k.jpg.import[39m[0m
[  83% ] [90m[1msavepack[22m | Storing File: res://.godot/imported/painted_wooden_chair_01_nor_gl_1k.jpg-c6dd596b72799a39f827478d6abbbd32.ctex[39m[0m
[  83% ] [90m[1msavepack[22m | Storing File: res://assets/ext/props/painted_wooden_chair_01/textures/painted_wooden_chair_01_nor_gl_1k.jpg.import[39m[0m
[  83% ] [90m[1msavepack[22m | Storing File: res://.godot/imported/painted_wooden_chair_01.gltf-46f476b34648c9962972ac796ff19a8e.scn[39m[0m
[  83% ] [90m[1msavepack[22m | Storing File: res://assets/ext/props/painted_wooden_chair_01/painted_wooden_chair_01.gltf.import[39m[0m
[  83% ] [90m[1msavepack[22m | Storing File: res://.godot/imported/painted_wooden_table_arm_1k.jpg-04d822ddba74b3fd9800f55c55bc2ac1.ctex[39m[0m
[  83% ] [90m[1msavepack[22m | Storing File: res://assets/ext/props/painted_wooden_table/textures/painted_wooden_table_arm_1k.jpg.import[39m[0m
[  83% ] [90m[1msavepack[22m | Storing File: res://.godot/imported/painted_wooden_table_diff_1k.jpg-286d9bc9772141b9e9021c98fa24ec4e.ctex[39m[0m
[  83% ] [90m[1msavepack[22m | Storing File: res://assets/ext/props/painted_wooden_table/textures/painted_wooden_table_diff_1k.jpg.import[39m[0m
[  83% ] [90m[1msavepack[22m | Storing File: res://.godot/imported/painted_wooden_table_nor_gl_1k.jpg-42aac471f035e4d0c5bd99e9735bf8e7.ctex[39m[0m
[  83% ] [90m[1msavepack[22m | Storing File: res://assets/ext/props/painted_wooden_table/textures/painted_wooden_table_nor_gl_1k.jpg.import[39m[0m
[  83% ] [90m[1msavepack[22m | Storing File: res://.godot/imported/painted_wooden_table.gltf-0290ee803c596f51dab0bf120c944a41.scn[39m[0m
[  83% ] [90m[1msavepack[22m | Storing File: res://assets/ext/props/painted_wooden_table/painted_wooden_table.gltf.import[39m[0m
[  83% ] [90m[1msavepack[22m | Storing File: res://.godot/imported/pocket_watch_arm_1k.jpg-ef5e177c2e776dd39cf1fe8a1e0dd6ba.ctex[39m[0m
[  83% ] [90m[1msavepack[22m | Storing File: res://assets/ext/props/pocket_watch/textures/pocket_watch_arm_1k.jpg.import[39m[0m
[  83% ] [90m[1msavepack[22m | Storing File: res://.godot/imported/pocket_watch_diff_1k.jpg-1322b61fe8a19d13ff77d1a977f4851d.ctex[39m[0m
[  83% ] [90m[1msavepack[22m | Storing File: res://assets/ext/props/pocket_watch/textures/pocket_watch_diff_1k.jpg.import[39m[0m
[  83% ] [90m[1msavepack[22m | Storing File: res://.godot/imported/pocket_watch_glass_rough_1k.jpg-2f98e38df6d2213ce2636da68d660187.ctex[39m[0m
[  83% ] [90m[1msavepack[22m | Storing File: res://assets/ext/props/pocket_watch/textures/pocket_watch_glass_rough_1k.jpg.import[39m[0m
[  83% ] [90m[1msavepack[22m | Storing File: res://.godot/imported/pocket_watch_nor_gl_1k.jpg-ff61d356f3e011731d1d5d725b55887c.ctex[39m[0m
[  83% ] [90m[1msavepack[22m | Storing File: res://assets/ext/props/pocket_watch/textures/pocket_watch_nor_gl_1k.jpg.import[39m[0m
[  83% ] [90m[1msavepack[22m | Storing File: res://.godot/imported/pocket_watch.gltf-d54972559e8b5b8e048ab1a73e65e861.scn[39m[0m
[  83% ] [90m[1msavepack[22m | Storing File: res://assets/ext/props/pocket_watch/pocket_watch.gltf.import[39m[0m
[  83% ] [90m[1msavepack[22m | Storing File: res://.godot/imported/pot_enamel_01_arm_1k.jpg-07b98aa0b577459f8b5985eb48e5490a.ctex[39m[0m
[  83% ] [90m[1msavepack[22m | Storing File: res://assets/ext/props/pot_enamel_01/textures/pot_enamel_01_arm_1k.jpg.import[39m[0m
[  83% ] [90m[1msavepack[22m | Storing File: res://.godot/imported/pot_enamel_01_diff_1k.jpg-48b68182037a2244ba5b3ab73c98edc4.ctex[39m[0m
[  83% ] [90m[1msavepack[22m | Storing File: res://assets/ext/props/pot_enamel_01/textures/pot_enamel_01_diff_1k.jpg.import[39m[0m
[  83% ] [90m[1msavepack[22m | Storing File: res://.godot/imported/pot_enamel_01_nor_gl_1k.jpg-4237cb343ff2fb372911cabc02ef6375.ctex[39m[0m
[  83% ] [90m[1msavepack[22m | Storing File: res://assets/ext/props/pot_enamel_01/textures/pot_enamel_01_nor_gl_1k.jpg.import[39m[0m
[  84% ] [90m[1msavepack[22m | Storing File: res://.godot/imported/pot_enamel_01.gltf-a605899463b80f0a1e53c5fca74ef8b3.scn[39m[0m
[  84% ] [90m[1msavepack[22m | Storing File: res://assets/ext/props/pot_enamel_01/pot_enamel_01.gltf.import[39m[0m
[  84% ] [90m[1msavepack[22m | Storing File: res://.godot/imported/Rockingchair_01_arm_1k.jpg-2b1d03730f115c3d9f08c0ecb35447d2.ctex[39m[0m
[  84% ] [90m[1msavepack[22m | Storing File: res://assets/ext/props/Rockingchair_01/textures/Rockingchair_01_arm_1k.jpg.import[39m[0m
[  84% ] [90m[1msavepack[22m | Storing File: res://.godot/imported/Rockingchair_01_diff_1k.jpg-36e97d37ee3d2df611934ec02a7d55e4.ctex[39m[0m
[  84% ] [90m[1msavepack[22m | Storing File: res://assets/ext/props/Rockingchair_01/textures/Rockingchair_01_diff_1k.jpg.import[39m[0m
[  84% ] [90m[1msavepack[22m | Storing File: res://.godot/imported/Rockingchair_01_nor_gl_1k.jpg-04c21b92773daac9065e0353a36738fc.ctex[39m[0m
[  84% ] [90m[1msavepack[22m | Storing File: res://assets/ext/props/Rockingchair_01/textures/Rockingchair_01_nor_gl_1k.jpg.import[39m[0m
[  84% ] [90m[1msavepack[22m | Storing File: res://.godot/imported/Rockingchair_01.gltf-666f8b66089a3b34c1a7371bf627cad4.scn[39m[0m
[  84% ] [90m[1msavepack[22m | Storing File: res://assets/ext/props/Rockingchair_01/Rockingchair_01.gltf.import[39m[0m
[  84% ] [90m[1msavepack[22m | Storing File: res://.godot/imported/round_wooden_table_01_arm_1k.jpg-3ff01ffd24d3a515c11985a82fbc32a6.ctex[39m[0m
[  84% ] [90m[1msavepack[22m | Storing File: res://assets/ext/props/round_wooden_table_01/textures/round_wooden_table_01_arm_1k.jpg.import[39m[0m
[  84% ] [90m[1msavepack[22m | Storing File: res://.godot/imported/round_wooden_table_01_diff_1k.jpg-60f7cd77d3f445889b8363016fc256c5.ctex[39m[0m
[  84% ] [90m[1msavepack[22m | Storing File: res://assets/ext/props/round_wooden_table_01/textures/round_wooden_table_01_diff_1k.jpg.import[39m[0m
[  84% ] [90m[1msavepack[22m | Storing File: res://.godot/imported/round_wooden_table_01_nor_gl_1k.jpg-ac5c644d8950df8e4eacaa14e6100868.ctex[39m[0m
[  84% ] [90m[1msavepack[22m | Storing File: res://assets/ext/props/round_wooden_table_01/textures/round_wooden_table_01_nor_gl_1k.jpg.import[39m[0m
[  84% ] [90m[1msavepack[22m | Storing File: res://.godot/imported/round_wooden_table_01.gltf-c97da874c341caac24db930c3211164d.scn[39m[0m
[  84% ] [90m[1msavepack[22m | Storing File: res://assets/ext/props/round_wooden_table_01/round_wooden_table_01.gltf.import[39m[0m
[  84% ] [90m[1msavepack[22m | Storing File: res://.godot/imported/rusted_spade_01_arm_1k.jpg-b3f6d2e9426534c64e5de3a3a5f6aead.ctex[39m[0m
[  84% ] [90m[1msavepack[22m | Storing File: res://assets/ext/props/rusted_spade_01/textures/rusted_spade_01_arm_1k.jpg.import[39m[0m
[  84% ] [90m[1msavepack[22m | Storing File: res://.godot/imported/rusted_spade_01_diff_1k.jpg-c965921da919121865d3d01da04eb635.ctex[39m[0m
[  84% ] [90m[1msavepack[22m | Storing File: res://assets/ext/props/rusted_spade_01/textures/rusted_spade_01_diff_1k.jpg.import[39m[0m
[  84% ] [90m[1msavepack[22m | Storing File: res://.godot/imported/rusted_spade_01_nor_gl_1k.jpg-a5ac2aa6f172e33d66e8e62cbf8865de.ctex[39m[0m
[  84% ] [90m[1msavepack[22m | Storing File: res://assets/ext/props/rusted_spade_01/textures/rusted_spade_01_nor_gl_1k.jpg.import[39m[0m
[  84% ] [90m[1msavepack[22m | Storing File: res://.godot/imported/rusted_spade_01.gltf-d00977b4bdd797eea9f0bbc405d3e0cb.scn[39m[0m
[  84% ] [90m[1msavepack[22m | Storing File: res://assets/ext/props/rusted_spade_01/rusted_spade_01.gltf.import[39m[0m
[  84% ] [90m[1msavepack[22m | Storing File: res://.godot/imported/spinning_wheel_01_arm_1k.jpg-5b88ff3822a9d5c4a7007d61b9954237.ctex[39m[0m
[  84% ] [90m[1msavepack[22m | Storing File: res://assets/ext/props/spinning_wheel_01/textures/spinning_wheel_01_arm_1k.jpg.import[39m[0m
[  84% ] [90m[1msavepack[22m | Storing File: res://.godot/imported/spinning_wheel_01_diff_1k.jpg-dd63d094ffc8dfc01f6b0371a3bb33c8.ctex[39m[0m
[  84% ] [90m[1msavepack[22m | Storing File: res://assets/ext/props/spinning_wheel_01/textures/spinning_wheel_01_diff_1k.jpg.import[39m[0m
[  84% ] [90m[1msavepack[22m | Storing File: res://.godot/imported/spinning_wheel_01_nor_gl_1k.jpg-bcffa0e36d350858f2b75f4d62ef20d4.ctex[39m[0m
[  84% ] [90m[1msavepack[22m | Storing File: res://assets/ext/props/spinning_wheel_01/textures/spinning_wheel_01_nor_gl_1k.jpg.import[39m[0m
[  84% ] [90m[1msavepack[22m | Storing File: res://.godot/imported/spinning_wheel_01.gltf-a5fdb1d268a56f6eab2d962a713561d6.scn[39m[0m
[  84% ] [90m[1msavepack[22m | Storing File: res://assets/ext/props/spinning_wheel_01/spinning_wheel_01.gltf.import[39m[0m
[  84% ] [90m[1msavepack[22m | Storing File: res://.godot/imported/stone_fire_pit_arm_1k.jpg-f280e062945a076b3c43bc7a7073ef12.ctex[39m[0m
[  84% ] [90m[1msavepack[22m | Storing File: res://assets/ext/props/stone_fire_pit/textures/stone_fire_pit_arm_1k.jpg.import[39m[0m
[  84% ] [90m[1msavepack[22m | Storing File: res://.godot/imported/stone_fire_pit_diff_1k.jpg-2c223fe652861c0c7d9b70e4bc7d9094.ctex[39m[0m
[  84% ] [90m[1msavepack[22m | Storing File: res://assets/ext/props/stone_fire_pit/textures/stone_fire_pit_diff_1k.jpg.import[39m[0m
[  84% ] [90m[1msavepack[22m | Storing File: res://.godot/imported/stone_fire_pit_nor_gl_1k.jpg-d39bd160319ed67b4afb77372a1a6073.ctex[39m[0m
[  84% ] [90m[1msavepack[22m | Storing File: res://assets/ext/props/stone_fire_pit/textures/stone_fire_pit_nor_gl_1k.jpg.import[39m[0m
[  84% ] [90m[1msavepack[22m | Storing File: res://.godot/imported/stone_fire_pit.gltf-a2b5641a0e056d5c2048dbda23617d34.scn[39m[0m
[  84% ] [90m[1msavepack[22m | Storing File: res://assets/ext/props/stone_fire_pit/stone_fire_pit.gltf.import[39m[0m
[  84% ] [90m[1msavepack[22m | Storing File: res://.godot/imported/treasure_chest_arm_1k.jpg-b2ef2e159713a8ce10ccc6f4c33df7ab.ctex[39m[0m
[  84% ] [90m[1msavepack[22m | Storing File: res://assets/ext/props/treasure_chest/textures/treasure_chest_arm_1k.jpg.import[39m[0m
[  84% ] [90m[1msavepack[22m | Storing File: res://.godot/imported/treasure_chest_diff_1k.jpg-de916ebda80bee838c7ecb1b407c8895.ctex[39m[0m
[  84% ] [90m[1msavepack[22m | Storing File: res://assets/ext/props/treasure_chest/textures/treasure_chest_diff_1k.jpg.import[39m[0m
[  84% ] [90m[1msavepack[22m | Storing File: res://.godot/imported/treasure_chest_nor_gl_1k.jpg-3b0412472970eac18d0429895e585f8c.ctex[39m[0m
[  84% ] [90m[1msavepack[22m | Storing File: res://assets/ext/props/treasure_chest/textures/treasure_chest_nor_gl_1k.jpg.import[39m[0m
[  84% ] [90m[1msavepack[22m | Storing File: res://.godot/imported/treasure_chest.gltf-901820cef1a8d11fb4dd2ab1ba9ae66d.scn[39m[0m
[  84% ] [90m[1msavepack[22m | Storing File: res://assets/ext/props/treasure_chest/treasure_chest.gltf.import[39m[0m
[  84% ] [90m[1msavepack[22m | Storing File: res://.godot/imported/vintage_binocular_arm_1k.jpg-271caf685c8c5a933b1b3751ba9a1bc0.ctex[39m[0m
[  84% ] [90m[1msavepack[22m | Storing File: res://assets/ext/props/vintage_binocular/textures/vintage_binocular_arm_1k.jpg.import[39m[0m
[  84% ] [90m[1msavepack[22m | Storing File: res://.godot/imported/vintage_binocular_diff_1k.jpg-ded71faf3e8c90cb1a2e599ada60977e.ctex[39m[0m
[  84% ] [90m[1msavepack[22m | Storing File: res://assets/ext/props/vintage_binocular/textures/vintage_binocular_diff_1k.jpg.import[39m[0m
[  84% ] [90m[1msavepack[22m | Storing File: res://.godot/imported/vintage_binocular_nor_gl_1k.jpg-885048f68733002d8228105dd8f711c9.ctex[39m[0m
[  84% ] [90m[1msavepack[22m | Storing File: res://assets/ext/props/vintage_binocular/textures/vintage_binocular_nor_gl_1k.jpg.import[39m[0m
[  84% ] [90m[1msavepack[22m | Storing File: res://.godot/imported/vintage_binocular.gltf-40ae7136e1218894468ec42b28920328.scn[39m[0m
[  84% ] [90m[1msavepack[22m | Storing File: res://assets/ext/props/vintage_binocular/vintage_binocular.gltf.import[39m[0m
[  84% ] [90m[1msavepack[22m | Storing File: res://.godot/imported/vintage_cabinet_01_a_arm_1k.jpg-c6d16f843db915f59f4041c4c51bd077.ctex[39m[0m
[  84% ] [90m[1msavepack[22m | Storing File: res://assets/ext/props/vintage_cabinet_01/textures/vintage_cabinet_01_a_arm_1k.jpg.import[39m[0m
[  84% ] [90m[1msavepack[22m | Storing File: res://.godot/imported/vintage_cabinet_01_a_diff_1k.jpg-904f04e0474f3a4bb1b6bd39ad61ad8c.ctex[39m[0m
[  84% ] [90m[1msavepack[22m | Storing File: res://assets/ext/props/vintage_cabinet_01/textures/vintage_cabinet_01_a_diff_1k.jpg.import[39m[0m
[  84% ] [90m[1msavepack[22m | Storing File: res://.godot/imported/vintage_cabinet_01_a_nor_gl_1k.jpg-0314bda54282d8102cbca4b014d4b0c4.ctex[39m[0m
[  84% ] [90m[1msavepack[22m | Storing File: res://assets/ext/props/vintage_cabinet_01/textures/vintage_cabinet_01_a_nor_gl_1k.jpg.import[39m[0m
[  84% ] [90m[1msavepack[22m | Storing File: res://.godot/imported/vintage_cabinet_01_a_rough_1k.jpg-0ac8c15a52493d9da464db90e1252b01.ctex[39m[0m
[  84% ] [90m[1msavepack[22m | Storing File: res://assets/ext/props/vintage_cabinet_01/textures/vintage_cabinet_01_a_rough_1k.jpg.import[39m[0m
[  84% ] [90m[1msavepack[22m | Storing File: res://.godot/imported/vintage_cabinet_01_b_diff_1k.jpg-fcfa47043294fd06c98a05d48b1cffb1.ctex[39m[0m
[  84% ] [90m[1msavepack[22m | Storing File: res://assets/ext/props/vintage_cabinet_01/textures/vintage_cabinet_01_b_diff_1k.jpg.import[39m[0m
[  84% ] [90m[1msavepack[22m | Storing File: res://.godot/imported/vintage_cabinet_01_b_nor_gl_1k.jpg-3339b7615da93f4a410f1283b2187dff.ctex[39m[0m
[  84% ] [90m[1msavepack[22m | Storing File: res://assets/ext/props/vintage_cabinet_01/textures/vintage_cabinet_01_b_nor_gl_1k.jpg.import[39m[0m
[  84% ] [90m[1msavepack[22m | Storing File: res://.godot/imported/vintage_cabinet_01_b_rough_1k.jpg-d917f42936b9d4fec2c088c6916875b7.ctex[39m[0m
[  84% ] [90m[1msavepack[22m | Storing File: res://assets/ext/props/vintage_cabinet_01/textures/vintage_cabinet_01_b_rough_1k.jpg.import[39m[0m
[  85% ] [90m[1msavepack[22m | Storing File: res://.godot/imported/vintage_cabinet_01.gltf-2f272ac2f0aefd5ede50edf96b901c91.scn[39m[0m
[  85% ] [90m[1msavepack[22m | Storing File: res://assets/ext/props/vintage_cabinet_01/vintage_cabinet_01.gltf.import[39m[0m
[  85% ] [90m[1msavepack[22m | Storing File: res://.godot/imported/vintage_grandfather_clock_01_arm_1k.jpg-6a40fc684389e41787c5e8f0080c0c02.ctex[39m[0m
[  85% ] [90m[1msavepack[22m | Storing File: res://assets/ext/props/vintage_grandfather_clock_01/textures/vintage_grandfather_clock_01_arm_1k.jpg.import[39m[0m
[  85% ] [90m[1msavepack[22m | Storing File: res://.godot/imported/vintage_grandfather_clock_01_diff_1k.jpg-06c89adf7ba07f348c2c8c5c15ea0d96.ctex[39m[0m
[  85% ] [90m[1msavepack[22m | Storing File: res://assets/ext/props/vintage_grandfather_clock_01/textures/vintage_grandfather_clock_01_diff_1k.jpg.import[39m[0m
[  85% ] [90m[1msavepack[22m | Storing File: res://.godot/imported/vintage_grandfather_clock_01_nor_gl_1k.jpg-0ee474f18585fd3fd4ca31261072f0b0.ctex[39m[0m
[  85% ] [90m[1msavepack[22m | Storing File: res://assets/ext/props/vintage_grandfather_clock_01/textures/vintage_grandfather_clock_01_nor_gl_1k.jpg.import[39m[0m
[  85% ] [90m[1msavepack[22m | Storing File: res://.godot/imported/vintage_grandfather_clock_01.gltf-f49dc2cbf65ab3599b7733995bd024f1.scn[39m[0m
[  85% ] [90m[1msavepack[22m | Storing File: res://assets/ext/props/vintage_grandfather_clock_01/vintage_grandfather_clock_01.gltf.import[39m[0m
[  85% ] [90m[1msavepack[22m | Storing File: res://.godot/imported/vintage_oil_lamp_arm_1k.jpg-03fadbd45256a4cfda455cc2f3f24198.ctex[39m[0m
[  85% ] [90m[1msavepack[22m | Storing File: res://assets/ext/props/vintage_oil_lamp/textures/vintage_oil_lamp_arm_1k.jpg.import[39m[0m
[  85% ] [90m[1msavepack[22m | Storing File: res://.godot/imported/vintage_oil_lamp_diff_1k.jpg-a108de11d2ab3e7e3de4e9ea27e3c888.ctex[39m[0m
[  85% ] [90m[1msavepack[22m | Storing File: res://assets/ext/props/vintage_oil_lamp/textures/vintage_oil_lamp_diff_1k.jpg.import[39m[0m
[  85% ] [90m[1msavepack[22m | Storing File: res://.godot/imported/vintage_oil_lamp_flame_diff_1k.jpg-81e0a8ed701897d98c9be2e0e5b1cf24.ctex[39m[0m
[  85% ] [90m[1msavepack[22m | Storing File: res://assets/ext/props/vintage_oil_lamp/textures/vintage_oil_lamp_flame_diff_1k.jpg.import[39m[0m
[  85% ] [90m[1msavepack[22m | Storing File: res://.godot/imported/vintage_oil_lamp_glass_arm_1k.jpg-799275c5a948c96879c16f7a116cf458.ctex[39m[0m
[  85% ] [90m[1msavepack[22m | Storing File: res://assets/ext/props/vintage_oil_lamp/textures/vintage_oil_lamp_glass_arm_1k.jpg.import[39m[0m
[  85% ] [90m[1msavepack[22m | Storing File: res://.godot/imported/vintage_oil_lamp_glass_diff_1k.jpg-bcf99355025439a4955f1d12de4150c1.ctex[39m[0m
[  85% ] [90m[1msavepack[22m | Storing File: res://assets/ext/props/vintage_oil_lamp/textures/vintage_oil_lamp_glass_diff_1k.jpg.import[39m[0m
[  85% ] [90m[1msavepack[22m | Storing File: res://.godot/imported/vintage_oil_lamp_glass_nor_gl_1k.jpg-1f67648a408e0dd5944c73c98f8f4acc.ctex[39m[0m
[  85% ] [90m[1msavepack[22m | Storing File: res://assets/ext/props/vintage_oil_lamp/textures/vintage_oil_lamp_glass_nor_gl_1k.jpg.import[39m[0m
[  85% ] [90m[1msavepack[22m | Storing File: res://.godot/imported/vintage_oil_lamp_nor_gl_1k.jpg-ed7dc60ea13ff56dd5dffbb2d8ad9fd0.ctex[39m[0m
[  85% ] [90m[1msavepack[22m | Storing File: res://assets/ext/props/vintage_oil_lamp/textures/vintage_oil_lamp_nor_gl_1k.jpg.import[39m[0m
[  85% ] [90m[1msavepack[22m | Storing File: res://.godot/imported/vintage_oil_lamp.gltf-cc950801805a8e7584126bd66bdc6d18.scn[39m[0m
[  85% ] [90m[1msavepack[22m | Storing File: res://assets/ext/props/vintage_oil_lamp/vintage_oil_lamp.gltf.import[39m[0m
[  85% ] [90m[1msavepack[22m | Storing File: res://.godot/imported/vintage_suitcase_01_arm_1k.jpg-bf89f6f637886324fdcd493a64e8ae1f.ctex[39m[0m
[  85% ] [90m[1msavepack[22m | Storing File: res://assets/ext/props/vintage_suitcase/textures/vintage_suitcase_01_arm_1k.jpg.import[39m[0m
[  85% ] [90m[1msavepack[22m | Storing File: res://.godot/imported/vintage_suitcase_01_diff_1k.jpg-bd0550ba96f8625f2ec19d1e1819302f.ctex[39m[0m
[  85% ] [90m[1msavepack[22m | Storing File: res://assets/ext/props/vintage_suitcase/textures/vintage_suitcase_01_diff_1k.jpg.import[39m[0m
[  85% ] [90m[1msavepack[22m | Storing File: res://.godot/imported/vintage_suitcase_01_nor_gl_1k.jpg-7d007ed2d49fcc92aa8c78e6515eedbb.ctex[39m[0m
[  85% ] [90m[1msavepack[22m | Storing File: res://assets/ext/props/vintage_suitcase/textures/vintage_suitcase_01_nor_gl_1k.jpg.import[39m[0m
[  85% ] [90m[1msavepack[22m | Storing File: res://.godot/imported/vintage_suitcase_02_arm_1k.jpg-83dcaae915c1a595c32ad862f30c2988.ctex[39m[0m
[  85% ] [90m[1msavepack[22m | Storing File: res://assets/ext/props/vintage_suitcase/textures/vintage_suitcase_02_arm_1k.jpg.import[39m[0m
[  85% ] [90m[1msavepack[22m | Storing File: res://.godot/imported/vintage_suitcase_02_diff_1k.jpg-62934bbefef71cd37ed0691387e41f6d.ctex[39m[0m
[  85% ] [90m[1msavepack[22m | Storing File: res://assets/ext/props/vintage_suitcase/textures/vintage_suitcase_02_diff_1k.jpg.import[39m[0m
[  85% ] [90m[1msavepack[22m | Storing File: res://.godot/imported/vintage_suitcase_02_nor_gl_1k.jpg-c3064ddad2fa7dbdcaae8317a8e384d7.ctex[39m[0m
[  85% ] [90m[1msavepack[22m | Storing File: res://assets/ext/props/vintage_suitcase/textures/vintage_suitcase_02_nor_gl_1k.jpg.import[39m[0m
[  85% ] [90m[1msavepack[22m | Storing File: res://.godot/imported/vintage_suitcase.gltf-015604adc03394cc6a040e3df372eca4.scn[39m[0m
[  85% ] [90m[1msavepack[22m | Storing File: res://assets/ext/props/vintage_suitcase/vintage_suitcase.gltf.import[39m[0m
[  85% ] [90m[1msavepack[22m | Storing File: res://.godot/imported/wicker_basket_01_arm_1k.jpg-82ef012f4753cfbfa9a1e4d51d255d1e.ctex[39m[0m
[  85% ] [90m[1msavepack[22m | Storing File: res://assets/ext/props/wicker_basket_01/textures/wicker_basket_01_arm_1k.jpg.import[39m[0m
[  85% ] [90m[1msavepack[22m | Storing File: res://.godot/imported/wicker_basket_01_diff_1k.jpg-09ff2f6bf6044073667cdafcec5b0b2d.ctex[39m[0m
[  85% ] [90m[1msavepack[22m | Storing File: res://assets/ext/props/wicker_basket_01/textures/wicker_basket_01_diff_1k.jpg.import[39m[0m
[  85% ] [90m[1msavepack[22m | Storing File: res://.godot/imported/wicker_basket_01_nor_gl_1k.jpg-40ac04cc55a4ee052a8a45aa865a9561.ctex[39m[0m
[  85% ] [90m[1msavepack[22m | Storing File: res://assets/ext/props/wicker_basket_01/textures/wicker_basket_01_nor_gl_1k.jpg.import[39m[0m
[  85% ] [90m[1msavepack[22m | Storing File: res://.godot/imported/wicker_basket_01.gltf-d849fea7793af8b4d6ad857bcb43406a.scn[39m[0m
[  85% ] [90m[1msavepack[22m | Storing File: res://assets/ext/props/wicker_basket_01/wicker_basket_01.gltf.import[39m[0m
[  85% ] [90m[1msavepack[22m | Storing File: res://.godot/imported/wine_barrel_01_arm_1k.jpg-0239d7f235a1634e1c30e7c5d5808bd6.ctex[39m[0m
[  85% ] [90m[1msavepack[22m | Storing File: res://assets/ext/props/wine_barrel_01/textures/wine_barrel_01_arm_1k.jpg.import[39m[0m
[  85% ] [90m[1msavepack[22m | Storing File: res://.godot/imported/wine_barrel_01_diff_1k.jpg-5abe4933261f36ef49392b47fc8ffac8.ctex[39m[0m
[  85% ] [90m[1msavepack[22m | Storing File: res://assets/ext/props/wine_barrel_01/textures/wine_barrel_01_diff_1k.jpg.import[39m[0m
[  85% ] [90m[1msavepack[22m | Storing File: res://.godot/imported/wine_barrel_01_nor_gl_1k.jpg-9d5cccbaf90bbe39066fb66bef730306.ctex[39m[0m
[  85% ] [90m[1msavepack[22m | Storing File: res://assets/ext/props/wine_barrel_01/textures/wine_barrel_01_nor_gl_1k.jpg.import[39m[0m
[  85% ] [90m[1msavepack[22m | Storing File: res://.godot/imported/wine_barrel_01.gltf-04ff30766ce626de5f857935c8f35688.scn[39m[0m
[  85% ] [90m[1msavepack[22m | Storing File: res://assets/ext/props/wine_barrel_01/wine_barrel_01.gltf.import[39m[0m
[  85% ] [90m[1msavepack[22m | Storing File: res://.godot/imported/wine_bottles_01_arm_1k.jpg-8879f80a854023ac0b3693eef605557a.ctex[39m[0m
[  85% ] [90m[1msavepack[22m | Storing File: res://assets/ext/props/wine_bottles_01/textures/wine_bottles_01_arm_1k.jpg.import[39m[0m
[  85% ] [90m[1msavepack[22m | Storing File: res://.godot/imported/wine_bottles_01_diff_1k.jpg-0810d6c859bd7163d7b5aaa404b87f3c.ctex[39m[0m
[  85% ] [90m[1msavepack[22m | Storing File: res://assets/ext/props/wine_bottles_01/textures/wine_bottles_01_diff_1k.jpg.import[39m[0m
[  85% ] [90m[1msavepack[22m | Storing File: res://.godot/imported/wine_bottles_01_label_clearwater_crystals_01_arm_1k.jpg-724c2798ce2dc1354e81bc1ace4d8ee8.ctex[39m[0m
[  85% ] [90m[1msavepack[22m | Storing File: res://assets/ext/props/wine_bottles_01/textures/wine_bottles_01_label_clearwater_crystals_01_arm_1k.jpg.import[39m[0m
[  85% ] [90m[1msavepack[22m | Storing File: res://.godot/imported/wine_bottles_01_label_clearwater_crystals_01_diff_1k.jpg-7c65fcb5259b9817d738918ec6d4266b.ctex[39m[0m
[  85% ] [90m[1msavepack[22m | Storing File: res://assets/ext/props/wine_bottles_01/textures/wine_bottles_01_label_clearwater_crystals_01_diff_1k.jpg.import[39m[0m
[  85% ] [90m[1msavepack[22m | Storing File: res://.godot/imported/wine_bottles_01_label_ftero_vinea_01_arm_1k.jpg-1fbbd3befe4f65fadfbe946a398c85c1.ctex[39m[0m
[  85% ] [90m[1msavepack[22m | Storing File: res://assets/ext/props/wine_bottles_01/textures/wine_bottles_01_label_ftero_vinea_01_arm_1k.jpg.import[39m[0m
[  85% ] [90m[1msavepack[22m | Storing File: res://.godot/imported/wine_bottles_01_label_ftero_vinea_01_diff_1k.jpg-45dd59b2b58881cfd75eedf30681deee.ctex[39m[0m
[  85% ] [90m[1msavepack[22m | Storing File: res://assets/ext/props/wine_bottles_01/textures/wine_bottles_01_label_ftero_vinea_01_diff_1k.jpg.import[39m[0m
[  85% ] [90m[1msavepack[22m | Storing File: res://.godot/imported/wine_bottles_01_label_ftero_vinea_02_arm_1k.jpg-54d03a1493930d6d7c11cd5709625511.ctex[39m[0m
[  85% ] [90m[1msavepack[22m | Storing File: res://assets/ext/props/wine_bottles_01/textures/wine_bottles_01_label_ftero_vinea_02_arm_1k.jpg.import[39m[0m
[  86% ] [90m[1msavepack[22m | Storing File: res://.godot/imported/wine_bottles_01_label_ftero_vinea_02_diff_1k.jpg-55bd5d77f94999b627c9881e61b4deb4.ctex[39m[0m
[  86% ] [90m[1msavepack[22m | Storing File: res://assets/ext/props/wine_bottles_01/textures/wine_bottles_01_label_ftero_vinea_02_diff_1k.jpg.import[39m[0m
[  86% ] [90m[1msavepack[22m | Storing File: res://.godot/imported/wine_bottles_01_label_intertwine_01_arm_1k.jpg-eb239054219d7273718553f59db397ad.ctex[39m[0m
[  86% ] [90m[1msavepack[22m | Storing File: res://assets/ext/props/wine_bottles_01/textures/wine_bottles_01_label_intertwine_01_arm_1k.jpg.import[39m[0m
[  86% ] [90m[1msavepack[22m | Storing File: res://.godot/imported/wine_bottles_01_label_intertwine_01_diff_1k.jpg-46253bc1190e8ae30b36ee3914ba9e70.ctex[39m[0m
[  86% ] [90m[1msavepack[22m | Storing File: res://assets/ext/props/wine_bottles_01/textures/wine_bottles_01_label_intertwine_01_diff_1k.jpg.import[39m[0m
[  86% ] [90m[1msavepack[22m | Storing File: res://.godot/imported/wine_bottles_01_nor_gl_1k.jpg-eaa089d500aec581b4034d1c77954ec1.ctex[39m[0m
[  86% ] [90m[1msavepack[22m | Storing File: res://assets/ext/props/wine_bottles_01/textures/wine_bottles_01_nor_gl_1k.jpg.import[39m[0m
[  86% ] [90m[1msavepack[22m | Storing File: res://.godot/imported/wine_bottles_01_paper_nor_gl_1k.jpg-24200aa69e2219bf5950653772026d77.ctex[39m[0m
[  86% ] [90m[1msavepack[22m | Storing File: res://assets/ext/props/wine_bottles_01/textures/wine_bottles_01_paper_nor_gl_1k.jpg.import[39m[0m
[  86% ] [90m[1msavepack[22m | Storing File: res://.godot/imported/wine_bottles_01.gltf-f59117bba66b2e6f5f5942672ffc364b.scn[39m[0m
[  86% ] [90m[1msavepack[22m | Storing File: res://assets/ext/props/wine_bottles_01/wine_bottles_01.gltf.import[39m[0m
[  86% ] [90m[1msavepack[22m | Storing File: res://.godot/imported/WoodenChair_01_arm_1k.jpg-5144f3b4466be471714c1a67811a8938.ctex[39m[0m
[  86% ] [90m[1msavepack[22m | Storing File: res://assets/ext/props/WoodenChair_01/textures/WoodenChair_01_arm_1k.jpg.import[39m[0m
[  86% ] [90m[1msavepack[22m | Storing File: res://.godot/imported/WoodenChair_01_diff_1k.jpg-d5685310d26ad77de824934c905ee04e.ctex[39m[0m
[  86% ] [90m[1msavepack[22m | Storing File: res://assets/ext/props/WoodenChair_01/textures/WoodenChair_01_diff_1k.jpg.import[39m[0m
[  86% ] [90m[1msavepack[22m | Storing File: res://.godot/imported/WoodenChair_01_nor_gl_1k.jpg-732f0dab3f95f89b60e2110826fe2ec7.ctex[39m[0m
[  86% ] [90m[1msavepack[22m | Storing File: res://assets/ext/props/WoodenChair_01/textures/WoodenChair_01_nor_gl_1k.jpg.import[39m[0m
[  86% ] [90m[1msavepack[22m | Storing File: res://.godot/imported/WoodenChair_01.gltf-7a7dd557191f9e1ac13d8c302e515330.scn[39m[0m
[  86% ] [90m[1msavepack[22m | Storing File: res://assets/ext/props/WoodenChair_01/WoodenChair_01.gltf.import[39m[0m
[  86% ] [90m[1msavepack[22m | Storing File: res://.godot/imported/WoodenTable_01_arm_1k.jpg-922982d78c27e30544a622661e2ab326.ctex[39m[0m
[  86% ] [90m[1msavepack[22m | Storing File: res://assets/ext/props/WoodenTable_01/textures/WoodenTable_01_arm_1k.jpg.import[39m[0m
[  86% ] [90m[1msavepack[22m | Storing File: res://.godot/imported/WoodenTable_01_diff_1k.jpg-180da85bd4f143319a544dcbffd088c1.ctex[39m[0m
[  86% ] [90m[1msavepack[22m | Storing File: res://assets/ext/props/WoodenTable_01/textures/WoodenTable_01_diff_1k.jpg.import[39m[0m
[  86% ] [90m[1msavepack[22m | Storing File: res://.godot/imported/WoodenTable_01_nor_gl_1k.jpg-e0b88837e5ee27c3194f112d95e73fb8.ctex[39m[0m
[  86% ] [90m[1msavepack[22m | Storing File: res://assets/ext/props/WoodenTable_01/textures/WoodenTable_01_nor_gl_1k.jpg.import[39m[0m
[  86% ] [90m[1msavepack[22m | Storing File: res://.godot/imported/WoodenTable_01.gltf-553f90d1ffad0ee729db86792e499336.scn[39m[0m
[  86% ] [90m[1msavepack[22m | Storing File: res://assets/ext/props/WoodenTable_01/WoodenTable_01.gltf.import[39m[0m
[  86% ] [90m[1msavepack[22m | Storing File: res://.godot/imported/WoodenTable_02_arm_1k.jpg-8769f7de9f4ed8e13fbb19e19f7ce017.ctex[39m[0m
[  86% ] [90m[1msavepack[22m | Storing File: res://assets/ext/props/WoodenTable_02/textures/WoodenTable_02_arm_1k.jpg.import[39m[0m
[  86% ] [90m[1msavepack[22m | Storing File: res://.godot/imported/WoodenTable_02_diff_1k.jpg-73cda7f3f5b00d9b30287c5f052baedd.ctex[39m[0m
[  86% ] [90m[1msavepack[22m | Storing File: res://assets/ext/props/WoodenTable_02/textures/WoodenTable_02_diff_1k.jpg.import[39m[0m
[  86% ] [90m[1msavepack[22m | Storing File: res://.godot/imported/WoodenTable_02_nor_gl_1k.jpg-3bc81d24e28f212356269c203ecbeb72.ctex[39m[0m
[  86% ] [90m[1msavepack[22m | Storing File: res://assets/ext/props/WoodenTable_02/textures/WoodenTable_02_nor_gl_1k.jpg.import[39m[0m
[  86% ] [90m[1msavepack[22m | Storing File: res://.godot/imported/WoodenTable_02.gltf-aac5569aa5af5df825680e02bb104b34.scn[39m[0m
[  86% ] [90m[1msavepack[22m | Storing File: res://assets/ext/props/WoodenTable_02/WoodenTable_02.gltf.import[39m[0m
[  86% ] [90m[1msavepack[22m | Storing File: res://.godot/imported/WoodenTable_03_arm_1k.jpg-a1ce5c2e569754a3c763026f36dc36a8.ctex[39m[0m
[  86% ] [90m[1msavepack[22m | Storing File: res://assets/ext/props/WoodenTable_03/textures/WoodenTable_03_arm_1k.jpg.import[39m[0m
[  86% ] [90m[1msavepack[22m | Storing File: res://.godot/imported/WoodenTable_03_diff_1k.jpg-3f97f1f338b80e760dd35e43e6be310b.ctex[39m[0m
[  86% ] [90m[1msavepack[22m | Storing File: res://assets/ext/props/WoodenTable_03/textures/WoodenTable_03_diff_1k.jpg.import[39m[0m
[  86% ] [90m[1msavepack[22m | Storing File: res://.godot/imported/WoodenTable_03_nor_gl_1k.jpg-7db856708f94b808d856607fa5d351c9.ctex[39m[0m
[  86% ] [90m[1msavepack[22m | Storing File: res://assets/ext/props/WoodenTable_03/textures/WoodenTable_03_nor_gl_1k.jpg.import[39m[0m
[  86% ] [90m[1msavepack[22m | Storing File: res://.godot/imported/WoodenTable_03.gltf-cf59fa7b95ff5b98dc0c5351c9e1b3b0.scn[39m[0m
[  86% ] [90m[1msavepack[22m | Storing File: res://assets/ext/props/WoodenTable_03/WoodenTable_03.gltf.import[39m[0m
[  86% ] [90m[1msavepack[22m | Storing File: res://.godot/imported/wooden_axe_arm_1k.jpg-3edb35eedf6d7df0841c79024207f6c9.ctex[39m[0m
[  86% ] [90m[1msavepack[22m | Storing File: res://assets/ext/props/wooden_axe/textures/wooden_axe_arm_1k.jpg.import[39m[0m
[  86% ] [90m[1msavepack[22m | Storing File: res://.godot/imported/wooden_axe_diff_1k.jpg-1e7e3b37797729134ba1ee9d6d885ad3.ctex[39m[0m
[  86% ] [90m[1msavepack[22m | Storing File: res://assets/ext/props/wooden_axe/textures/wooden_axe_diff_1k.jpg.import[39m[0m
[  86% ] [90m[1msavepack[22m | Storing File: res://.godot/imported/wooden_axe_nor_gl_1k.jpg-7f819b96c12bd22171a4c005b362eef5.ctex[39m[0m
[  86% ] [90m[1msavepack[22m | Storing File: res://assets/ext/props/wooden_axe/textures/wooden_axe_nor_gl_1k.jpg.import[39m[0m
[  86% ] [90m[1msavepack[22m | Storing File: res://.godot/imported/wooden_axe.gltf-29711720b4810bac0a19d03d80374ef2.scn[39m[0m
[  86% ] [90m[1msavepack[22m | Storing File: res://assets/ext/props/wooden_axe/wooden_axe.gltf.import[39m[0m
[  86% ] [90m[1msavepack[22m | Storing File: res://.godot/imported/wooden_barrels_01_barrel01_arm_1k.jpg-0d87088345531bfd08f43527bb195fb1.ctex[39m[0m
[  86% ] [90m[1msavepack[22m | Storing File: res://assets/ext/props/wooden_barrels_01/textures/wooden_barrels_01_barrel01_arm_1k.jpg.import[39m[0m
[  86% ] [90m[1msavepack[22m | Storing File: res://.godot/imported/wooden_barrels_01_barrel01_diff_1k.jpg-910ae7f2443621f9afebee1cfb9fa900.ctex[39m[0m
[  86% ] [90m[1msavepack[22m | Storing File: res://assets/ext/props/wooden_barrels_01/textures/wooden_barrels_01_barrel01_diff_1k.jpg.import[39m[0m
[  86% ] [90m[1msavepack[22m | Storing File: res://.godot/imported/wooden_barrels_01_barrel01_nor_gl_1k.jpg-0f8d2756f59a7bb2e88368775ab1e663.ctex[39m[0m
[  86% ] [90m[1msavepack[22m | Storing File: res://assets/ext/props/wooden_barrels_01/textures/wooden_barrels_01_barrel01_nor_gl_1k.jpg.import[39m[0m
[  86% ] [90m[1msavepack[22m | Storing File: res://.godot/imported/wooden_barrels_01_barrel02_arm_1k.jpg-042f9323b6ea0c2aa87c2c49be1595ac.ctex[39m[0m
[  86% ] [90m[1msavepack[22m | Storing File: res://assets/ext/props/wooden_barrels_01/textures/wooden_barrels_01_barrel02_arm_1k.jpg.import[39m[0m
[  86% ] [90m[1msavepack[22m | Storing File: res://.godot/imported/wooden_barrels_01_barrel02_diff_1k.jpg-5f5cdc26e44b094ffd044b22814c6dce.ctex[39m[0m
[  86% ] [90m[1msavepack[22m | Storing File: res://assets/ext/props/wooden_barrels_01/textures/wooden_barrels_01_barrel02_diff_1k.jpg.import[39m[0m
[  86% ] [90m[1msavepack[22m | Storing File: res://.godot/imported/wooden_barrels_01_barrel02_nor_gl_1k.jpg-d87b51a5f7db6047d4908672f9f55bbf.ctex[39m[0m
[  86% ] [90m[1msavepack[22m | Storing File: res://assets/ext/props/wooden_barrels_01/textures/wooden_barrels_01_barrel02_nor_gl_1k.jpg.import[39m[0m
[  86% ] [90m[1msavepack[22m | Storing File: res://.godot/imported/wooden_barrels_01_pieces_arm_1k.jpg-1a4e74f1f5a3991bfc1a142672a2a2e9.ctex[39m[0m
[  86% ] [90m[1msavepack[22m | Storing File: res://assets/ext/props/wooden_barrels_01/textures/wooden_barrels_01_pieces_arm_1k.jpg.import[39m[0m
[  86% ] [90m[1msavepack[22m | Storing File: res://.godot/imported/wooden_barrels_01_pieces_diff_1k.jpg-577b1f71b36a2173537f4da75be66c96.ctex[39m[0m
[  86% ] [90m[1msavepack[22m | Storing File: res://assets/ext/props/wooden_barrels_01/textures/wooden_barrels_01_pieces_diff_1k.jpg.import[39m[0m
[  86% ] [90m[1msavepack[22m | Storing File: res://.godot/imported/wooden_barrels_01_pieces_nor_gl_1k.jpg-ac129f6eff2f10bb5a0ba74b03bf5579.ctex[39m[0m
[  86% ] [90m[1msavepack[22m | Storing File: res://assets/ext/props/wooden_barrels_01/textures/wooden_barrels_01_pieces_nor_gl_1k.jpg.import[39m[0m
[  86% ] [90m[1msavepack[22m | Storing File: res://.godot/imported/wooden_barrels_01.gltf-f0bd70c26678e694d819cd945521252f.scn[39m[0m
[  86% ] [90m[1msavepack[22m | Storing File: res://assets/ext/props/wooden_barrels_01/wooden_barrels_01.gltf.import[39m[0m
[  87% ] [90m[1msavepack[22m | Storing File: res://.godot/imported/wooden_bookshelf_worn_arm_1k.jpg-dcc3884b01fec54ace348f30c398fa31.ctex[39m[0m
[  87% ] [90m[1msavepack[22m | Storing File: res://assets/ext/props/wooden_bookshelf_worn/textures/wooden_bookshelf_worn_arm_1k.jpg.import[39m[0m
[  87% ] [90m[1msavepack[22m | Storing File: res://.godot/imported/wooden_bookshelf_worn_diff_1k.jpg-21c7c8d2802931bb1ddd39682b423ce1.ctex[39m[0m
[  87% ] [90m[1msavepack[22m | Storing File: res://assets/ext/props/wooden_bookshelf_worn/textures/wooden_bookshelf_worn_diff_1k.jpg.import[39m[0m
[  87% ] [90m[1msavepack[22m | Storing File: res://.godot/imported/wooden_bookshelf_worn_nor_gl_1k.jpg-7da8e8f6b71501be6090adcea7c0e88c.ctex[39m[0m
[  87% ] [90m[1msavepack[22m | Storing File: res://assets/ext/props/wooden_bookshelf_worn/textures/wooden_bookshelf_worn_nor_gl_1k.jpg.import[39m[0m
[  87% ] [90m[1msavepack[22m | Storing File: res://.godot/imported/wooden_bookshelf_worn.gltf-959789769b01dc89c3cd5683b7afaf1b.scn[39m[0m
[  87% ] [90m[1msavepack[22m | Storing File: res://assets/ext/props/wooden_bookshelf_worn/wooden_bookshelf_worn.gltf.import[39m[0m
[  87% ] [90m[1msavepack[22m | Storing File: res://.godot/imported/wooden_bowl_01_arm_1k.jpg-59d9ffa9dc713b2bf2457126570cae66.ctex[39m[0m
[  87% ] [90m[1msavepack[22m | Storing File: res://assets/ext/props/wooden_bowl_01/textures/wooden_bowl_01_arm_1k.jpg.import[39m[0m
[  87% ] [90m[1msavepack[22m | Storing File: res://.godot/imported/wooden_bowl_01_diff_1k.jpg-56cae6316d47a829f6bfa9f6faa218bd.ctex[39m[0m
[  87% ] [90m[1msavepack[22m | Storing File: res://assets/ext/props/wooden_bowl_01/textures/wooden_bowl_01_diff_1k.jpg.import[39m[0m
[  87% ] [90m[1msavepack[22m | Storing File: res://.godot/imported/wooden_bowl_01_nor_gl_1k.jpg-9acee52da167ed38ee8e34ff90a41657.ctex[39m[0m
[  87% ] [90m[1msavepack[22m | Storing File: res://assets/ext/props/wooden_bowl_01/textures/wooden_bowl_01_nor_gl_1k.jpg.import[39m[0m
[  87% ] [90m[1msavepack[22m | Storing File: res://.godot/imported/wooden_bowl_01.gltf-159da2031326a3b62f6a59831f62c763.scn[39m[0m
[  87% ] [90m[1msavepack[22m | Storing File: res://assets/ext/props/wooden_bowl_01/wooden_bowl_01.gltf.import[39m[0m
[  87% ] [90m[1msavepack[22m | Storing File: res://.godot/imported/wooden_bucket_01_arm_1k.jpg-38d167264c57c02359d7976760232924.ctex[39m[0m
[  87% ] [90m[1msavepack[22m | Storing File: res://assets/ext/props/wooden_bucket_01/textures/wooden_bucket_01_arm_1k.jpg.import[39m[0m
[  87% ] [90m[1msavepack[22m | Storing File: res://.godot/imported/wooden_bucket_01_diff_1k.jpg-831bd524def5de5b375dfacda321cd1e.ctex[39m[0m
[  87% ] [90m[1msavepack[22m | Storing File: res://assets/ext/props/wooden_bucket_01/textures/wooden_bucket_01_diff_1k.jpg.import[39m[0m
[  87% ] [90m[1msavepack[22m | Storing File: res://.godot/imported/wooden_bucket_01_nor_gl_1k.jpg-082f4ab315ee6b2f406732f827419ad3.ctex[39m[0m
[  87% ] [90m[1msavepack[22m | Storing File: res://assets/ext/props/wooden_bucket_01/textures/wooden_bucket_01_nor_gl_1k.jpg.import[39m[0m
[  87% ] [90m[1msavepack[22m | Storing File: res://.godot/imported/wooden_bucket_01.gltf-e59757b2ced0e3a10441adb451e812bc.scn[39m[0m
[  87% ] [90m[1msavepack[22m | Storing File: res://assets/ext/props/wooden_bucket_01/wooden_bucket_01.gltf.import[39m[0m
[  87% ] [90m[1msavepack[22m | Storing File: res://.godot/imported/wooden_bucket_02_arm_1k.jpg-30c8b8178a3a9d200f72ad9464bf72a7.ctex[39m[0m
[  87% ] [90m[1msavepack[22m | Storing File: res://assets/ext/props/wooden_bucket_02/textures/wooden_bucket_02_arm_1k.jpg.import[39m[0m
[  87% ] [90m[1msavepack[22m | Storing File: res://.godot/imported/wooden_bucket_02_diff_1k.jpg-82d71b4773f91ad909b79a90c3073edb.ctex[39m[0m
[  87% ] [90m[1msavepack[22m | Storing File: res://assets/ext/props/wooden_bucket_02/textures/wooden_bucket_02_diff_1k.jpg.import[39m[0m
[  87% ] [90m[1msavepack[22m | Storing File: res://.godot/imported/wooden_bucket_02_nor_gl_1k.jpg-0ada4e339e5dd4fb7c2c3d6b2360654f.ctex[39m[0m
[  87% ] [90m[1msavepack[22m | Storing File: res://assets/ext/props/wooden_bucket_02/textures/wooden_bucket_02_nor_gl_1k.jpg.import[39m[0m
[  87% ] [90m[1msavepack[22m | Storing File: res://.godot/imported/wooden_bucket_02.gltf-3a079b4763677d0e01cb266d3a531c86.scn[39m[0m
[  87% ] [90m[1msavepack[22m | Storing File: res://assets/ext/props/wooden_bucket_02/wooden_bucket_02.gltf.import[39m[0m
[  87% ] [90m[1msavepack[22m | Storing File: res://.godot/imported/wooden_candlestick_arm_1k.jpg-9149cbdb6da3ae07695f26e3fd12f01c.ctex[39m[0m
[  87% ] [90m[1msavepack[22m | Storing File: res://assets/ext/props/wooden_candlestick/textures/wooden_candlestick_arm_1k.jpg.import[39m[0m
[  87% ] [90m[1msavepack[22m | Storing File: res://.godot/imported/wooden_candlestick_diff_1k.jpg-434a902d16a8e611ca715e3baea83f46.ctex[39m[0m
[  87% ] [90m[1msavepack[22m | Storing File: res://assets/ext/props/wooden_candlestick/textures/wooden_candlestick_diff_1k.jpg.import[39m[0m
[  87% ] [90m[1msavepack[22m | Storing File: res://.godot/imported/wooden_candlestick_nor_gl_1k.jpg-3a138a7a490be1e3a524cfe8550097b4.ctex[39m[0m
[  87% ] [90m[1msavepack[22m | Storing File: res://assets/ext/props/wooden_candlestick/textures/wooden_candlestick_nor_gl_1k.jpg.import[39m[0m
[  87% ] [90m[1msavepack[22m | Storing File: res://.godot/imported/wooden_candlestick.gltf-d4799334b6864dbef35782f9b548d2de.scn[39m[0m
[  87% ] [90m[1msavepack[22m | Storing File: res://assets/ext/props/wooden_candlestick/wooden_candlestick.gltf.import[39m[0m
[  87% ] [90m[1msavepack[22m | Storing File: res://.godot/imported/wooden_crate_01_arm_1k.jpg-098ab50e838ca0236f1b62f6f882a784.ctex[39m[0m
[  87% ] [90m[1msavepack[22m | Storing File: res://assets/ext/props/wooden_crate_01/textures/wooden_crate_01_arm_1k.jpg.import[39m[0m
[  87% ] [90m[1msavepack[22m | Storing File: res://.godot/imported/wooden_crate_01_diff_1k.jpg-0ba434d8b8999035b11f3d340fe3cc44.ctex[39m[0m
[  87% ] [90m[1msavepack[22m | Storing File: res://assets/ext/props/wooden_crate_01/textures/wooden_crate_01_diff_1k.jpg.import[39m[0m
[  87% ] [90m[1msavepack[22m | Storing File: res://.godot/imported/wooden_crate_01_nor_gl_1k.jpg-728af0b16c992fe6a31d1c87b6c616ab.ctex[39m[0m
[  87% ] [90m[1msavepack[22m | Storing File: res://assets/ext/props/wooden_crate_01/textures/wooden_crate_01_nor_gl_1k.jpg.import[39m[0m
[  87% ] [90m[1msavepack[22m | Storing File: res://.godot/imported/wooden_crate_01.gltf-6087f59c8c1b351018bfeab54d1db515.scn[39m[0m
[  87% ] [90m[1msavepack[22m | Storing File: res://assets/ext/props/wooden_crate_01/wooden_crate_01.gltf.import[39m[0m
[  87% ] [90m[1msavepack[22m | Storing File: res://.godot/imported/wooden_crate_02_arm_1k.jpg-401b37aaa484b8b368610e5b78eb3cde.ctex[39m[0m
[  87% ] [90m[1msavepack[22m | Storing File: res://assets/ext/props/wooden_crate_02/textures/wooden_crate_02_arm_1k.jpg.import[39m[0m
[  87% ] [90m[1msavepack[22m | Storing File: res://.godot/imported/wooden_crate_02_diff_1k.jpg-356b174acc0b2c73cab455bdc80b866a.ctex[39m[0m
[  87% ] [90m[1msavepack[22m | Storing File: res://assets/ext/props/wooden_crate_02/textures/wooden_crate_02_diff_1k.jpg.import[39m[0m
[  87% ] [90m[1msavepack[22m | Storing File: res://.godot/imported/wooden_crate_02_nor_gl_1k.jpg-1d119fe2e2b651acce8a822f97cd8985.ctex[39m[0m
[  87% ] [90m[1msavepack[22m | Storing File: res://assets/ext/props/wooden_crate_02/textures/wooden_crate_02_nor_gl_1k.jpg.import[39m[0m
[  87% ] [90m[1msavepack[22m | Storing File: res://.godot/imported/wooden_crate_02.gltf-c95f8f0f48b5520e4f243f8bfcd027de.scn[39m[0m
[  87% ] [90m[1msavepack[22m | Storing File: res://assets/ext/props/wooden_crate_02/wooden_crate_02.gltf.import[39m[0m
[  87% ] [90m[1msavepack[22m | Storing File: res://.godot/imported/wooden_display_shelves_01_arm_1k.jpg-1588feadb631ecf7bec5f60efc15d8a4.ctex[39m[0m
[  87% ] [90m[1msavepack[22m | Storing File: res://assets/ext/props/wooden_display_shelves_01/textures/wooden_display_shelves_01_arm_1k.jpg.import[39m[0m
[  87% ] [90m[1msavepack[22m | Storing File: res://.godot/imported/wooden_display_shelves_01_diff_1k.jpg-8ce2d27b5935d340579f14ea1205fd15.ctex[39m[0m
[  87% ] [90m[1msavepack[22m | Storing File: res://assets/ext/props/wooden_display_shelves_01/textures/wooden_display_shelves_01_diff_1k.jpg.import[39m[0m
[  87% ] [90m[1msavepack[22m | Storing File: res://.godot/imported/wooden_display_shelves_01_nor_gl_1k.jpg-ef062d76abe41efa701205b3ef51f0ac.ctex[39m[0m
[  87% ] [90m[1msavepack[22m | Storing File: res://assets/ext/props/wooden_display_shelves_01/textures/wooden_display_shelves_01_nor_gl_1k.jpg.import[39m[0m
[  87% ] [90m[1msavepack[22m | Storing File: res://.godot/imported/wooden_display_shelves_01.gltf-da147cd9679359a1c6aa6e76abea26d1.scn[39m[0m
[  87% ] [90m[1msavepack[22m | Storing File: res://assets/ext/props/wooden_display_shelves_01/wooden_display_shelves_01.gltf.import[39m[0m
[  87% ] [90m[1msavepack[22m | Storing File: res://.godot/imported/wooden_handle_saber_arm_1k.jpg-96d7d187b65f55b50306f48d34e68b3b.ctex[39m[0m
[  87% ] [90m[1msavepack[22m | Storing File: res://assets/ext/props/wooden_handle_saber/textures/wooden_handle_saber_arm_1k.jpg.import[39m[0m
[  87% ] [90m[1msavepack[22m | Storing File: res://.godot/imported/wooden_handle_saber_diff_1k.jpg-1065c75c1275c1a9b0b48458da307e3c.ctex[39m[0m
[  87% ] [90m[1msavepack[22m | Storing File: res://assets/ext/props/wooden_handle_saber/textures/wooden_handle_saber_diff_1k.jpg.import[39m[0m
[  87% ] [90m[1msavepack[22m | Storing File: res://.godot/imported/wooden_handle_saber_nor_gl_1k.jpg-ccea5c75be194c079b968d4986bfa828.ctex[39m[0m
[  87% ] [90m[1msavepack[22m | Storing File: res://assets/ext/props/wooden_handle_saber/textures/wooden_handle_saber_nor_gl_1k.jpg.import[39m[0m
[  88% ] [90m[1msavepack[22m | Storing File: res://.godot/imported/wooden_handle_saber.gltf-39d0e10db8e543d6429da5fc50864a99.scn[39m[0m
[  88% ] [90m[1msavepack[22m | Storing File: res://assets/ext/props/wooden_handle_saber/wooden_handle_saber.gltf.import[39m[0m
[  88% ] [90m[1msavepack[22m | Storing File: res://.godot/imported/wooden_ladder_arm_1k.jpg-1a9114982c8e57f87743c7aec16a9d88.ctex[39m[0m
[  88% ] [90m[1msavepack[22m | Storing File: res://assets/ext/props/wooden_ladder/textures/wooden_ladder_arm_1k.jpg.import[39m[0m
[  88% ] [90m[1msavepack[22m | Storing File: res://.godot/imported/wooden_ladder_diff_1k.jpg-8479b50b4743f8c5033f0d4a974e7622.ctex[39m[0m
[  88% ] [90m[1msavepack[22m | Storing File: res://assets/ext/props/wooden_ladder/textures/wooden_ladder_diff_1k.jpg.import[39m[0m
[  88% ] [90m[1msavepack[22m | Storing File: res://.godot/imported/wooden_ladder_nor_gl_1k.jpg-6aeca1e3bcc8ef16ed96bd4633b052cd.ctex[39m[0m
[  88% ] [90m[1msavepack[22m | Storing File: res://assets/ext/props/wooden_ladder/textures/wooden_ladder_nor_gl_1k.jpg.import[39m[0m
[  88% ] [90m[1msavepack[22m | Storing File: res://.godot/imported/wooden_ladder.gltf-00355af7cba57ed9f230e1c27ab0354d.scn[39m[0m
[  88% ] [90m[1msavepack[22m | Storing File: res://assets/ext/props/wooden_ladder/wooden_ladder.gltf.import[39m[0m
[  88% ] [90m[1msavepack[22m | Storing File: res://.godot/imported/wooden_lantern_01_arm_1k.jpg-23dc7aee11e90982dc3fe843351060c2.ctex[39m[0m
[  88% ] [90m[1msavepack[22m | Storing File: res://assets/ext/props/wooden_lantern_01/textures/wooden_lantern_01_arm_1k.jpg.import[39m[0m
[  88% ] [90m[1msavepack[22m | Storing File: res://.godot/imported/wooden_lantern_01_diff_1k.jpg-9c779ef6545493e2d470712bc9039f8e.ctex[39m[0m
[  88% ] [90m[1msavepack[22m | Storing File: res://assets/ext/props/wooden_lantern_01/textures/wooden_lantern_01_diff_1k.jpg.import[39m[0m
[  88% ] [90m[1msavepack[22m | Storing File: res://.godot/imported/wooden_lantern_01_glass_arm_1k.jpg-c56a6ed1376653664d5075eccfe05437.ctex[39m[0m
[  88% ] [90m[1msavepack[22m | Storing File: res://assets/ext/props/wooden_lantern_01/textures/wooden_lantern_01_glass_arm_1k.jpg.import[39m[0m
[  88% ] [90m[1msavepack[22m | Storing File: res://.godot/imported/wooden_lantern_01_glass_diff_1k.jpg-016e2ad0cd4125e2430cd0fae3dc5dc8.ctex[39m[0m
[  88% ] [90m[1msavepack[22m | Storing File: res://assets/ext/props/wooden_lantern_01/textures/wooden_lantern_01_glass_diff_1k.jpg.import[39m[0m
[  88% ] [90m[1msavepack[22m | Storing File: res://.godot/imported/wooden_lantern_01_glass_nor_gl_1k.jpg-bca2ed0325c4d3f872ae1377a699807e.ctex[39m[0m
[  88% ] [90m[1msavepack[22m | Storing File: res://assets/ext/props/wooden_lantern_01/textures/wooden_lantern_01_glass_nor_gl_1k.jpg.import[39m[0m
[  88% ] [90m[1msavepack[22m | Storing File: res://.godot/imported/wooden_lantern_01_nor_gl_1k.jpg-5d0562ef04db96b8be33f0e3fab8b9e9.ctex[39m[0m
[  88% ] [90m[1msavepack[22m | Storing File: res://assets/ext/props/wooden_lantern_01/textures/wooden_lantern_01_nor_gl_1k.jpg.import[39m[0m
[  88% ] [90m[1msavepack[22m | Storing File: res://.godot/imported/wooden_lantern_01.gltf-99bd67892d7c2362e274c8fa49a9c7b5.scn[39m[0m
[  88% ] [90m[1msavepack[22m | Storing File: res://assets/ext/props/wooden_lantern_01/wooden_lantern_01.gltf.import[39m[0m
[  88% ] [90m[1msavepack[22m | Storing File: res://.godot/imported/wooden_military_crate_arm_1k.jpg-a3651563c704a3d396a2ed50372d0872.ctex[39m[0m
[  88% ] [90m[1msavepack[22m | Storing File: res://assets/ext/props/wooden_military_crate/textures/wooden_military_crate_arm_1k.jpg.import[39m[0m
[  88% ] [90m[1msavepack[22m | Storing File: res://.godot/imported/wooden_military_crate_diff_1k.jpg-51480af5062b53dd55e6611dd4c5e4f0.ctex[39m[0m
[  88% ] [90m[1msavepack[22m | Storing File: res://assets/ext/props/wooden_military_crate/textures/wooden_military_crate_diff_1k.jpg.import[39m[0m
[  88% ] [90m[1msavepack[22m | Storing File: res://.godot/imported/wooden_military_crate_nor_gl_1k.jpg-a81c6a5c7ebac04e6b27c85f7159ef42.ctex[39m[0m
[  88% ] [90m[1msavepack[22m | Storing File: res://assets/ext/props/wooden_military_crate/textures/wooden_military_crate_nor_gl_1k.jpg.import[39m[0m
[  88% ] [90m[1msavepack[22m | Storing File: res://.godot/imported/wooden_military_crate.gltf-6cbcd99c6a2567585d3274f66faef63f.scn[39m[0m
[  88% ] [90m[1msavepack[22m | Storing File: res://assets/ext/props/wooden_military_crate/wooden_military_crate.gltf.import[39m[0m
[  88% ] [90m[1msavepack[22m | Storing File: res://.godot/imported/wooden_picnic_table_bottom_arm_1k.jpg-00cb0d6d9d756682f67573653186fd58.ctex[39m[0m
[  88% ] [90m[1msavepack[22m | Storing File: res://assets/ext/props/wooden_picnic_table/textures/wooden_picnic_table_bottom_arm_1k.jpg.import[39m[0m
[  88% ] [90m[1msavepack[22m | Storing File: res://.godot/imported/wooden_picnic_table_bottom_diff_1k.jpg-8026025889ca929f5c2da742f62fadce.ctex[39m[0m
[  88% ] [90m[1msavepack[22m | Storing File: res://assets/ext/props/wooden_picnic_table/textures/wooden_picnic_table_bottom_diff_1k.jpg.import[39m[0m
[  88% ] [90m[1msavepack[22m | Storing File: res://.godot/imported/wooden_picnic_table_bottom_nor_gl_1k.jpg-9c9b0ba3b84f0826e14b0d75cd591d45.ctex[39m[0m
[  88% ] [90m[1msavepack[22m | Storing File: res://assets/ext/props/wooden_picnic_table/textures/wooden_picnic_table_bottom_nor_gl_1k.jpg.import[39m[0m
[  88% ] [90m[1msavepack[22m | Storing File: res://.godot/imported/wooden_picnic_table_top_arm_1k.jpg-b8262b7f53a10b8e819fc29d79429761.ctex[39m[0m
[  88% ] [90m[1msavepack[22m | Storing File: res://assets/ext/props/wooden_picnic_table/textures/wooden_picnic_table_top_arm_1k.jpg.import[39m[0m
[  88% ] [90m[1msavepack[22m | Storing File: res://.godot/imported/wooden_picnic_table_top_diff_1k.jpg-7aa08776bc215ee41928be9638825877.ctex[39m[0m
[  88% ] [90m[1msavepack[22m | Storing File: res://assets/ext/props/wooden_picnic_table/textures/wooden_picnic_table_top_diff_1k.jpg.import[39m[0m
[  88% ] [90m[1msavepack[22m | Storing File: res://.godot/imported/wooden_picnic_table_top_nor_gl_1k.jpg-bf4b329d0028f9bd6c3003c2b09bd90b.ctex[39m[0m
[  88% ] [90m[1msavepack[22m | Storing File: res://assets/ext/props/wooden_picnic_table/textures/wooden_picnic_table_top_nor_gl_1k.jpg.import[39m[0m
[  88% ] [90m[1msavepack[22m | Storing File: res://.godot/imported/wooden_picnic_table.gltf-78701a255e24b39f22d783891a6a40c7.scn[39m[0m
[  88% ] [90m[1msavepack[22m | Storing File: res://assets/ext/props/wooden_picnic_table/wooden_picnic_table.gltf.import[39m[0m
[  88% ] [90m[1msavepack[22m | Storing File: res://.godot/imported/wooden_stool_01_diff_1k.jpg-b39dfed80c70508acb1b27b33c279ba6.ctex[39m[0m
[  88% ] [90m[1msavepack[22m | Storing File: res://assets/ext/props/wooden_stool_01/textures/wooden_stool_01_diff_1k.jpg.import[39m[0m
[  88% ] [90m[1msavepack[22m | Storing File: res://.godot/imported/wooden_stool_01_nor_gl_1k.jpg-05d464497a059939f3060deaacc155c1.ctex[39m[0m
[  88% ] [90m[1msavepack[22m | Storing File: res://assets/ext/props/wooden_stool_01/textures/wooden_stool_01_nor_gl_1k.jpg.import[39m[0m
[  88% ] [90m[1msavepack[22m | Storing File: res://.godot/imported/wooden_stool_01_rough_1k.jpg-1e35dacaed2973154277b2fdc4e03582.ctex[39m[0m
[  88% ] [90m[1msavepack[22m | Storing File: res://assets/ext/props/wooden_stool_01/textures/wooden_stool_01_rough_1k.jpg.import[39m[0m
[  88% ] [90m[1msavepack[22m | Storing File: res://.godot/imported/wooden_stool_01.gltf-d66d279aae63bc4c941d74c9397c7785.scn[39m[0m
[  88% ] [90m[1msavepack[22m | Storing File: res://assets/ext/props/wooden_stool_01/wooden_stool_01.gltf.import[39m[0m
[  88% ] [90m[1msavepack[22m | Storing File: res://.godot/imported/wooden_stool_02_arm_1k.jpg-2bfa8f79b95bd3abf660f0db16506448.ctex[39m[0m
[  88% ] [90m[1msavepack[22m | Storing File: res://assets/ext/props/wooden_stool_02/textures/wooden_stool_02_arm_1k.jpg.import[39m[0m
[  88% ] [90m[1msavepack[22m | Storing File: res://.godot/imported/wooden_stool_02_diff_1k.jpg-c2c5c59a77ecc286aa2a6fb6be74ee1a.ctex[39m[0m
[  88% ] [90m[1msavepack[22m | Storing File: res://assets/ext/props/wooden_stool_02/textures/wooden_stool_02_diff_1k.jpg.import[39m[0m
[  88% ] [90m[1msavepack[22m | Storing File: res://.godot/imported/wooden_stool_02_nor_gl_1k.jpg-213b2ea849db18c15c1f23df1593ee4f.ctex[39m[0m
[  88% ] [90m[1msavepack[22m | Storing File: res://assets/ext/props/wooden_stool_02/textures/wooden_stool_02_nor_gl_1k.jpg.import[39m[0m
[  88% ] [90m[1msavepack[22m | Storing File: res://.godot/imported/wooden_stool_02.gltf-327a5add44510028fce8156116d4a23f.scn[39m[0m
[  88% ] [90m[1msavepack[22m | Storing File: res://assets/ext/props/wooden_stool_02/wooden_stool_02.gltf.import[39m[0m
[  88% ] [90m[1msavepack[22m | Storing File: res://.godot/imported/bowden_bolt.glb-2c340b60d8c88f1fe9c9c493c630318c.scn[39m[0m
[  88% ] [90m[1msavepack[22m | Storing File: res://assets/ext/weapons/bowden_bolt.glb.import[39m[0m
[  88% ] [90m[1msavepack[22m | Storing File: res://.godot/imported/bowden_bolt_bowden_bolt_albedo.png-cb21ae33ca144070dc7cedbe5559b7f6.ctex[39m[0m
[  88% ] [90m[1msavepack[22m | Storing File: res://assets/ext/weapons/bowden_bolt_bowden_bolt_albedo.png.import[39m[0m
[  88% ] [90m[1msavepack[22m | Storing File: res://.godot/imported/bowden_bolt_bowden_bolt_albedo_512.png-bf3f547f69db4b63fac4f6bef7e4cb4f.ctex[39m[0m
[  88% ] [90m[1msavepack[22m | Storing File: res://assets/ext/weapons/bowden_bolt_bowden_bolt_albedo_512.png.import[39m[0m
[  88% ] [90m[1msavepack[22m | Storing File: res://.godot/imported/bowden_bolt_bowden_bolt_normal.png-1c788ac2c0f464371b70099140e92cd2.ctex[39m[0m
[  88% ] [90m[1msavepack[22m | Storing File: res://assets/ext/weapons/bowden_bolt_bowden_bolt_normal.png.import[39m[0m
[  88% ] [90m[1msavepack[22m | Storing File: res://.godot/imported/bowden_bolt_bowden_bolt_normal_512.png-ff4e7d69951f42ac3b41b8e25190ab7b.ctex[39m[0m
[  88% ] [90m[1msavepack[22m | Storing File: res://assets/ext/weapons/bowden_bolt_bowden_bolt_normal_512.png.import[39m[0m
[  89% ] [90m[1msavepack[22m | Storing File: res://.godot/imported/bowden_bolt_bowden_bolt_orm.png-87d0b78a47ae2e91dd968aee5f79d277.ctex[39m[0m
[  89% ] [90m[1msavepack[22m | Storing File: res://assets/ext/weapons/bowden_bolt_bowden_bolt_orm.png.import[39m[0m
[  89% ] [90m[1msavepack[22m | Storing File: res://.godot/imported/bowden_bolt_bowden_bolt_orm_512.png-f2deb3e31f2cfa38ff310c8a4c2877d6.ctex[39m[0m
[  89% ] [90m[1msavepack[22m | Storing File: res://assets/ext/weapons/bowden_bolt_bowden_bolt_orm_512.png.import[39m[0m
[  89% ] [90m[1msavepack[22m | Storing File: res://.godot/imported/brennan_pump.glb-06b405bb8d7f7851e1e24395ad90e7ed.scn[39m[0m
[  89% ] [90m[1msavepack[22m | Storing File: res://assets/ext/weapons/brennan_pump.glb.import[39m[0m
[  89% ] [90m[1msavepack[22m | Storing File: res://.godot/imported/brennan_pump_brennan_pump_albedo.png-83e473d9ce05279f133b1814fada795e.ctex[39m[0m
[  89% ] [90m[1msavepack[22m | Storing File: res://assets/ext/weapons/brennan_pump_brennan_pump_albedo.png.import[39m[0m
[  89% ] [90m[1msavepack[22m | Storing File: res://.godot/imported/brennan_pump_brennan_pump_albedo_512.png-3659afd1350f16c19ab2a6413fdae3a8.ctex[39m[0m
[  89% ] [90m[1msavepack[22m | Storing File: res://assets/ext/weapons/brennan_pump_brennan_pump_albedo_512.png.import[39m[0m
[  89% ] [90m[1msavepack[22m | Storing File: res://.godot/imported/brennan_pump_brennan_pump_normal.png-4c040752f6176112fbe57e8ab4818a77.ctex[39m[0m
[  89% ] [90m[1msavepack[22m | Storing File: res://assets/ext/weapons/brennan_pump_brennan_pump_normal.png.import[39m[0m
[  89% ] [90m[1msavepack[22m | Storing File: res://.godot/imported/brennan_pump_brennan_pump_normal_512.png-3dc1cdd148dd4d6f7e61248b1de0232a.ctex[39m[0m
[  89% ] [90m[1msavepack[22m | Storing File: res://assets/ext/weapons/brennan_pump_brennan_pump_normal_512.png.import[39m[0m
[  89% ] [90m[1msavepack[22m | Storing File: res://.godot/imported/brennan_pump_brennan_pump_orm.png-db0e68227af85a8470212a7a8f2fc373.ctex[39m[0m
[  89% ] [90m[1msavepack[22m | Storing File: res://assets/ext/weapons/brennan_pump_brennan_pump_orm.png.import[39m[0m
[  89% ] [90m[1msavepack[22m | Storing File: res://.godot/imported/brennan_pump_brennan_pump_orm_512.png-ebcc74f2ed9cd27ef4e9d86681a92a31.ctex[39m[0m
[  89% ] [90m[1msavepack[22m | Storing File: res://assets/ext/weapons/brennan_pump_brennan_pump_orm_512.png.import[39m[0m
[  89% ] [90m[1msavepack[22m | Storing File: res://.godot/imported/calder_double.glb-f9161759dfad987ed533b8940ae2fea0.scn[39m[0m
[  89% ] [90m[1msavepack[22m | Storing File: res://assets/ext/weapons/calder_double.glb.import[39m[0m
[  89% ] [90m[1msavepack[22m | Storing File: res://.godot/imported/calder_double_calder_double_albedo.png-47ba0d0b893de063b76c56100334e03a.ctex[39m[0m
[  89% ] [90m[1msavepack[22m | Storing File: res://assets/ext/weapons/calder_double_calder_double_albedo.png.import[39m[0m
[  89% ] [90m[1msavepack[22m | Storing File: res://.godot/imported/calder_double_calder_double_albedo_512.png-ad9fde34fc9caa38723b4f20380aefd9.ctex[39m[0m
[  89% ] [90m[1msavepack[22m | Storing File: res://assets/ext/weapons/calder_double_calder_double_albedo_512.png.import[39m[0m
[  89% ] [90m[1msavepack[22m | Storing File: res://.godot/imported/calder_double_calder_double_normal.png-af55644027a7bef186ea44cc8f7935cb.ctex[39m[0m
[  89% ] [90m[1msavepack[22m | Storing File: res://assets/ext/weapons/calder_double_calder_double_normal.png.import[39m[0m
[  89% ] [90m[1msavepack[22m | Storing File: res://.godot/imported/calder_double_calder_double_normal_512.png-cfc94750bdbcdf207f75a745d2f16cbe.ctex[39m[0m
[  89% ] [90m[1msavepack[22m | Storing File: res://assets/ext/weapons/calder_double_calder_double_normal_512.png.import[39m[0m
[  89% ] [90m[1msavepack[22m | Storing File: res://.godot/imported/calder_double_calder_double_orm.png-6f461ce46cf401fbdcf91261f9db914e.ctex[39m[0m
[  89% ] [90m[1msavepack[22m | Storing File: res://assets/ext/weapons/calder_double_calder_double_orm.png.import[39m[0m
[  89% ] [90m[1msavepack[22m | Storing File: res://.godot/imported/calder_double_calder_double_orm_512.png-9a3ded3f1d52913078795577a08d0f23.ctex[39m[0m
[  89% ] [90m[1msavepack[22m | Storing File: res://assets/ext/weapons/calder_double_calder_double_orm_512.png.import[39m[0m
[  89% ] [90m[1msavepack[22m | Storing File: res://.godot/imported/harlan_carbine.glb-3393b262cef8c52fbbb12c565659a83b.scn[39m[0m
[  89% ] [90m[1msavepack[22m | Storing File: res://assets/ext/weapons/harlan_carbine.glb.import[39m[0m
[  89% ] [90m[1msavepack[22m | Storing File: res://.godot/imported/harlan_carbine_harlan_carbine_albedo.png-d561e967c2263fe53bcb2802f87648dd.ctex[39m[0m
[  89% ] [90m[1msavepack[22m | Storing File: res://assets/ext/weapons/harlan_carbine_harlan_carbine_albedo.png.import[39m[0m
[  89% ] [90m[1msavepack[22m | Storing File: res://.godot/imported/harlan_carbine_harlan_carbine_albedo_512.png-38d1692a93f6fd93d7a907ba16ca2133.ctex[39m[0m
[  89% ] [90m[1msavepack[22m | Storing File: res://assets/ext/weapons/harlan_carbine_harlan_carbine_albedo_512.png.import[39m[0m
[  89% ] [90m[1msavepack[22m | Storing File: res://.godot/imported/harlan_carbine_harlan_carbine_normal.png-c79309f65f8a9fb86e618f5294791a6a.ctex[39m[0m
[  89% ] [90m[1msavepack[22m | Storing File: res://assets/ext/weapons/harlan_carbine_harlan_carbine_normal.png.import[39m[0m
[  89% ] [90m[1msavepack[22m | Storing File: res://.godot/imported/harlan_carbine_harlan_carbine_normal_512.png-928644f28053cdfb2aa3c178b9cfbad2.ctex[39m[0m
[  89% ] [90m[1msavepack[22m | Storing File: res://assets/ext/weapons/harlan_carbine_harlan_carbine_normal_512.png.import[39m[0m
[  89% ] [90m[1msavepack[22m | Storing File: res://.godot/imported/harlan_carbine_harlan_carbine_orm.png-30825d36fe00ee098060f76806c7baf0.ctex[39m[0m
[  89% ] [90m[1msavepack[22m | Storing File: res://assets/ext/weapons/harlan_carbine_harlan_carbine_orm.png.import[39m[0m
[  89% ] [90m[1msavepack[22m | Storing File: res://.godot/imported/harlan_carbine_harlan_carbine_orm_512.png-00dbee2e66f8c980892ff2f7dbbefe11.ctex[39m[0m
[  89% ] [90m[1msavepack[22m | Storing File: res://assets/ext/weapons/harlan_carbine_harlan_carbine_orm_512.png.import[39m[0m
[  89% ] [90m[1msavepack[22m | Storing File: res://.godot/imported/lockhart_sa.glb-bc1361751c8dded705babb1097f2e603.scn[39m[0m
[  89% ] [90m[1msavepack[22m | Storing File: res://assets/ext/weapons/lockhart_sa.glb.import[39m[0m
[  89% ] [90m[1msavepack[22m | Storing File: res://.godot/imported/lockhart_sa_lockhart_sa_albedo.png-6b1ee54bd9f1fc5e8e6c3d8265904472.ctex[39m[0m
[  89% ] [90m[1msavepack[22m | Storing File: res://assets/ext/weapons/lockhart_sa_lockhart_sa_albedo.png.import[39m[0m
[  89% ] [90m[1msavepack[22m | Storing File: res://.godot/imported/lockhart_sa_lockhart_sa_albedo_512.png-a5989bb4250abdb59ae8aa39701a5d26.ctex[39m[0m
[  89% ] [90m[1msavepack[22m | Storing File: res://assets/ext/weapons/lockhart_sa_lockhart_sa_albedo_512.png.import[39m[0m
[  89% ] [90m[1msavepack[22m | Storing File: res://.godot/imported/lockhart_sa_lockhart_sa_normal.png-cc78e19379e2cf4d7d55d7147a58834f.ctex[39m[0m
[  89% ] [90m[1msavepack[22m | Storing File: res://assets/ext/weapons/lockhart_sa_lockhart_sa_normal.png.import[39m[0m
[  89% ] [90m[1msavepack[22m | Storing File: res://.godot/imported/lockhart_sa_lockhart_sa_normal_512.png-89e47d998bd66f0d6855f1f6277f67a5.ctex[39m[0m
[  89% ] [90m[1msavepack[22m | Storing File: res://assets/ext/weapons/lockhart_sa_lockhart_sa_normal_512.png.import[39m[0m
[  89% ] [90m[1msavepack[22m | Storing File: res://.godot/imported/lockhart_sa_lockhart_sa_orm.png-a97cf38b98548085091f12045967baf3.ctex[39m[0m
[  89% ] [90m[1msavepack[22m | Storing File: res://assets/ext/weapons/lockhart_sa_lockhart_sa_orm.png.import[39m[0m
[  89% ] [90m[1msavepack[22m | Storing File: res://.godot/imported/lockhart_sa_lockhart_sa_orm_512.png-1041860ab76cd1be3f9ae4583d9d66ad.ctex[39m[0m
[  89% ] [90m[1msavepack[22m | Storing File: res://assets/ext/weapons/lockhart_sa_lockhart_sa_orm_512.png.import[39m[0m
[  89% ] [90m[1msavepack[22m | Storing File: res://.godot/imported/lockhart_sa_nickel.glb-e857ca9a394e4ca239f90dad51b23325.scn[39m[0m
[  89% ] [90m[1msavepack[22m | Storing File: res://assets/ext/weapons/lockhart_sa_nickel.glb.import[39m[0m
[  89% ] [90m[1msavepack[22m | Storing File: res://.godot/imported/lockhart_sa_nickel_lockhart_sa_nickel_albedo.png-ad9b1c77acc221a2c84b93cba927457d.ctex[39m[0m
[  89% ] [90m[1msavepack[22m | Storing File: res://assets/ext/weapons/lockhart_sa_nickel_lockhart_sa_nickel_albedo.png.import[39m[0m
[  89% ] [90m[1msavepack[22m | Storing File: res://.godot/imported/lockhart_sa_nickel_lockhart_sa_nickel_albedo_512.png-0db3f74690726d64cfb90d9633be73de.ctex[39m[0m
[  89% ] [90m[1msavepack[22m | Storing File: res://assets/ext/weapons/lockhart_sa_nickel_lockhart_sa_nickel_albedo_512.png.import[39m[0m
[  89% ] [90m[1msavepack[22m | Storing File: res://.godot/imported/lockhart_sa_nickel_lockhart_sa_nickel_normal.png-849b2fe6c757be9e2a8eb90394586174.ctex[39m[0m
[  89% ] [90m[1msavepack[22m | Storing File: res://assets/ext/weapons/lockhart_sa_nickel_lockhart_sa_nickel_normal.png.import[39m[0m
[  89% ] [90m[1msavepack[22m | Storing File: res://.godot/imported/lockhart_sa_nickel_lockhart_sa_nickel_normal_512.png-86c4aad4170b090c23525eb504e29749.ctex[39m[0m
[  89% ] [90m[1msavepack[22m | Storing File: res://assets/ext/weapons/lockhart_sa_nickel_lockhart_sa_nickel_normal_512.png.import[39m[0m
[  89% ] [90m[1msavepack[22m | Storing File: res://.godot/imported/lockhart_sa_nickel_lockhart_sa_nickel_orm.png-b53da67a8403350e43db592d7fa1101c.ctex[39m[0m
[  89% ] [90m[1msavepack[22m | Storing File: res://assets/ext/weapons/lockhart_sa_nickel_lockhart_sa_nickel_orm.png.import[39m[0m
[  90% ] [90m[1msavepack[22m | Storing File: res://.godot/imported/lockhart_sa_nickel_lockhart_sa_nickel_orm_512.png-8bf5741f5d3d52fb8d7e3697c81b8f1a.ctex[39m[0m
[  90% ] [90m[1msavepack[22m | Storing File: res://assets/ext/weapons/lockhart_sa_nickel_lockhart_sa_nickel_orm_512.png.import[39m[0m
[  90% ] [90m[1msavepack[22m | Storing File: res://assets/ext/weapons/manifest.json[39m[0m
[  90% ] [90m[1msavepack[22m | Storing File: res://.godot/imported/merriman_lever.glb-ab3bcf536264d9f42682a88097473398.scn[39m[0m
[  90% ] [90m[1msavepack[22m | Storing File: res://assets/ext/weapons/merriman_lever.glb.import[39m[0m
[  90% ] [90m[1msavepack[22m | Storing File: res://.godot/imported/merriman_lever_merriman_lever_albedo.png-764b3191b4a0a8e89294f0492117d46d.ctex[39m[0m
[  90% ] [90m[1msavepack[22m | Storing File: res://assets/ext/weapons/merriman_lever_merriman_lever_albedo.png.import[39m[0m
[  90% ] [90m[1msavepack[22m | Storing File: res://.godot/imported/merriman_lever_merriman_lever_albedo_512.png-f92574ae614cef2828370a7ad70265ab.ctex[39m[0m
[  90% ] [90m[1msavepack[22m | Storing File: res://assets/ext/weapons/merriman_lever_merriman_lever_albedo_512.png.import[39m[0m
[  90% ] [90m[1msavepack[22m | Storing File: res://.godot/imported/merriman_lever_merriman_lever_normal.png-2960b556ed9f142903128e6ebe166f0d.ctex[39m[0m
[  90% ] [90m[1msavepack[22m | Storing File: res://assets/ext/weapons/merriman_lever_merriman_lever_normal.png.import[39m[0m
[  90% ] [90m[1msavepack[22m | Storing File: res://.godot/imported/merriman_lever_merriman_lever_normal_512.png-a2a190c6dc84088cc0452a4b4f0b66da.ctex[39m[0m
[  90% ] [90m[1msavepack[22m | Storing File: res://assets/ext/weapons/merriman_lever_merriman_lever_normal_512.png.import[39m[0m
[  90% ] [90m[1msavepack[22m | Storing File: res://.godot/imported/merriman_lever_merriman_lever_orm.png-23a82fccb44b4cebeca9996ce9e43342.ctex[39m[0m
[  90% ] [90m[1msavepack[22m | Storing File: res://assets/ext/weapons/merriman_lever_merriman_lever_orm.png.import[39m[0m
[  90% ] [90m[1msavepack[22m | Storing File: res://.godot/imported/merriman_lever_merriman_lever_orm_512.png-cbac1be3b0e8ece1a781bab6fccd9667.ctex[39m[0m
[  90% ] [90m[1msavepack[22m | Storing File: res://assets/ext/weapons/merriman_lever_merriman_lever_orm_512.png.import[39m[0m
[  90% ] [90m[1msavepack[22m | Storing File: res://.godot/imported/pellman_varmint.glb-6f9cd280853c1279eba525d5f8605a33.scn[39m[0m
[  90% ] [90m[1msavepack[22m | Storing File: res://assets/ext/weapons/pellman_varmint.glb.import[39m[0m
[  90% ] [90m[1msavepack[22m | Storing File: res://.godot/imported/pellman_varmint_pellman_varmint_albedo.png-238c6e71ac3152994c7f2510adcbfb28.ctex[39m[0m
[  90% ] [90m[1msavepack[22m | Storing File: res://assets/ext/weapons/pellman_varmint_pellman_varmint_albedo.png.import[39m[0m
[  90% ] [90m[1msavepack[22m | Storing File: res://.godot/imported/pellman_varmint_pellman_varmint_albedo_512.png-a91e82d3d9a134266a41073151b8e971.ctex[39m[0m
[  90% ] [90m[1msavepack[22m | Storing File: res://assets/ext/weapons/pellman_varmint_pellman_varmint_albedo_512.png.import[39m[0m
[  90% ] [90m[1msavepack[22m | Storing File: res://.godot/imported/pellman_varmint_pellman_varmint_normal.png-c47eb59d5a27ec1be7a8c837bba451d7.ctex[39m[0m
[  90% ] [90m[1msavepack[22m | Storing File: res://assets/ext/weapons/pellman_varmint_pellman_varmint_normal.png.import[39m[0m
[  90% ] [90m[1msavepack[22m | Storing File: res://.godot/imported/pellman_varmint_pellman_varmint_normal_512.png-be90b58efddbdcdfa49ae4c65d600f0d.ctex[39m[0m
[  90% ] [90m[1msavepack[22m | Storing File: res://assets/ext/weapons/pellman_varmint_pellman_varmint_normal_512.png.import[39m[0m
[  90% ] [90m[1msavepack[22m | Storing File: res://.godot/imported/pellman_varmint_pellman_varmint_orm.png-d6d61829dc3b80366ba90798c814aa7b.ctex[39m[0m
[  90% ] [90m[1msavepack[22m | Storing File: res://assets/ext/weapons/pellman_varmint_pellman_varmint_orm.png.import[39m[0m
[  90% ] [90m[1msavepack[22m | Storing File: res://.godot/imported/pellman_varmint_pellman_varmint_orm_512.png-7f331bd85eb7f63cc5c2a67affedffda.ctex[39m[0m
[  90% ] [90m[1msavepack[22m | Storing File: res://assets/ext/weapons/pellman_varmint_pellman_varmint_orm_512.png.import[39m[0m
[  90% ] [90m[1msavepack[22m | Storing File: res://.godot/imported/sheridan_dao.glb-a64df53f4007067f668a8e73dc4f1840.scn[39m[0m
[  90% ] [90m[1msavepack[22m | Storing File: res://assets/ext/weapons/sheridan_dao.glb.import[39m[0m
[  90% ] [90m[1msavepack[22m | Storing File: res://.godot/imported/sheridan_dao_blued.glb-e4ba51bac8b87bd20c6707cf60c60b35.scn[39m[0m
[  90% ] [90m[1msavepack[22m | Storing File: res://assets/ext/weapons/sheridan_dao_blued.glb.import[39m[0m
[  90% ] [90m[1msavepack[22m | Storing File: res://.godot/imported/sheridan_dao_blued_sheridan_dao_blued_albedo.png-822847469d3a44540a64cc44ebed2757.ctex[39m[0m
[  90% ] [90m[1msavepack[22m | Storing File: res://assets/ext/weapons/sheridan_dao_blued_sheridan_dao_blued_albedo.png.import[39m[0m
[  90% ] [90m[1msavepack[22m | Storing File: res://.godot/imported/sheridan_dao_blued_sheridan_dao_blued_albedo_512.png-0305e5248100bb22dc437e06ec761a58.ctex[39m[0m
[  90% ] [90m[1msavepack[22m | Storing File: res://assets/ext/weapons/sheridan_dao_blued_sheridan_dao_blued_albedo_512.png.import[39m[0m
[  90% ] [90m[1msavepack[22m | Storing File: res://.godot/imported/sheridan_dao_blued_sheridan_dao_blued_normal.png-7223189661cad255db07fd22f085ac6c.ctex[39m[0m
[  90% ] [90m[1msavepack[22m | Storing File: res://assets/ext/weapons/sheridan_dao_blued_sheridan_dao_blued_normal.png.import[39m[0m
[  90% ] [90m[1msavepack[22m | Storing File: res://.godot/imported/sheridan_dao_blued_sheridan_dao_blued_normal_512.png-3a52a01fbb9a38c45b87649ee5c8629e.ctex[39m[0m
[  90% ] [90m[1msavepack[22m | Storing File: res://assets/ext/weapons/sheridan_dao_blued_sheridan_dao_blued_normal_512.png.import[39m[0m
[  90% ] [90m[1msavepack[22m | Storing File: res://.godot/imported/sheridan_dao_blued_sheridan_dao_blued_orm.png-65ffeabbda781ca36cfda5f032a1c284.ctex[39m[0m
[  90% ] [90m[1msavepack[22m | Storing File: res://assets/ext/weapons/sheridan_dao_blued_sheridan_dao_blued_orm.png.import[39m[0m
[  90% ] [90m[1msavepack[22m | Storing File: res://.godot/imported/sheridan_dao_blued_sheridan_dao_blued_orm_512.png-4c3cefb909d7b40190c9d319cece3801.ctex[39m[0m
[  90% ] [90m[1msavepack[22m | Storing File: res://assets/ext/weapons/sheridan_dao_blued_sheridan_dao_blued_orm_512.png.import[39m[0m
[  90% ] [90m[1msavepack[22m | Storing File: res://.godot/imported/sheridan_dao_sheridan_dao_albedo.png-6eb314b09fcb2441e9a88eca6dd95da4.ctex[39m[0m
[  90% ] [90m[1msavepack[22m | Storing File: res://assets/ext/weapons/sheridan_dao_sheridan_dao_albedo.png.import[39m[0m
[  90% ] [90m[1msavepack[22m | Storing File: res://.godot/imported/sheridan_dao_sheridan_dao_albedo_512.png-1b29de3a463dbc96c0307edaac23fcd5.ctex[39m[0m
[  90% ] [90m[1msavepack[22m | Storing File: res://assets/ext/weapons/sheridan_dao_sheridan_dao_albedo_512.png.import[39m[0m
[  90% ] [90m[1msavepack[22m | Storing File: res://.godot/imported/sheridan_dao_sheridan_dao_normal.png-37685c5afe9a216b93d78990e4f02ead.ctex[39m[0m
[  90% ] [90m[1msavepack[22m | Storing File: res://assets/ext/weapons/sheridan_dao_sheridan_dao_normal.png.import[39m[0m
[  90% ] [90m[1msavepack[22m | Storing File: res://.godot/imported/sheridan_dao_sheridan_dao_normal_512.png-421bc60aca402d8f22f4e173e0608fd2.ctex[39m[0m
[  90% ] [90m[1msavepack[22m | Storing File: res://assets/ext/weapons/sheridan_dao_sheridan_dao_normal_512.png.import[39m[0m
[  90% ] [90m[1msavepack[22m | Storing File: res://.godot/imported/sheridan_dao_sheridan_dao_orm.png-0450fa0053233d0228f84321ddecbf96.ctex[39m[0m
[  90% ] [90m[1msavepack[22m | Storing File: res://assets/ext/weapons/sheridan_dao_sheridan_dao_orm.png.import[39m[0m
[  90% ] [90m[1msavepack[22m | Storing File: res://.godot/imported/sheridan_dao_sheridan_dao_orm_512.png-43484e6d974d0cd197195f26e5b435d2.ctex[39m[0m
[  90% ] [90m[1msavepack[22m | Storing File: res://assets/ext/weapons/sheridan_dao_sheridan_dao_orm_512.png.import[39m[0m
[  90% ] [90m[1msavepack[22m | Storing File: res://.godot/imported/talbot_pocket.glb-f3f1f725709bb02c839a12a650a5e3ad.scn[39m[0m
[  90% ] [90m[1msavepack[22m | Storing File: res://assets/ext/weapons/talbot_pocket.glb.import[39m[0m
[  90% ] [90m[1msavepack[22m | Storing File: res://.godot/imported/talbot_pocket_nickel.glb-a62912da35cb978c23cc7e64a0c053f1.scn[39m[0m
[  90% ] [90m[1msavepack[22m | Storing File: res://assets/ext/weapons/talbot_pocket_nickel.glb.import[39m[0m
[  90% ] [90m[1msavepack[22m | Storing File: res://.godot/imported/talbot_pocket_nickel_talbot_pocket_nickel_albedo.png-e96d8393dbb8702c3ed2735c5546cf2a.ctex[39m[0m
[  90% ] [90m[1msavepack[22m | Storing File: res://assets/ext/weapons/talbot_pocket_nickel_talbot_pocket_nickel_albedo.png.import[39m[0m
[  90% ] [90m[1msavepack[22m | Storing File: res://.godot/imported/talbot_pocket_nickel_talbot_pocket_nickel_albedo_512.png-80bf7dd9e06db9d14b71dc561bd32258.ctex[39m[0m
[  90% ] [90m[1msavepack[22m | Storing File: res://assets/ext/weapons/talbot_pocket_nickel_talbot_pocket_nickel_albedo_512.png.import[39m[0m
[  90% ] [90m[1msavepack[22m | Storing File: res://.godot/imported/talbot_pocket_nickel_talbot_pocket_nickel_normal.png-ad4a8b43137514d610cc3d5ca651d5af.ctex[39m[0m
[  90% ] [90m[1msavepack[22m | Storing File: res://assets/ext/weapons/talbot_pocket_nickel_talbot_pocket_nickel_normal.png.import[39m[0m
[  91% ] [90m[1msavepack[22m | Storing File: res://.godot/imported/talbot_pocket_nickel_talbot_pocket_nickel_normal_512.png-de48bfb6a19d12ca83fa2652d5f7dabb.ctex[39m[0m
[  91% ] [90m[1msavepack[22m | Storing File: res://assets/ext/weapons/talbot_pocket_nickel_talbot_pocket_nickel_normal_512.png.import[39m[0m
[  91% ] [90m[1msavepack[22m | Storing File: res://.godot/imported/talbot_pocket_nickel_talbot_pocket_nickel_orm.png-75821c2323e18d6ca1add8c0dc9669f0.ctex[39m[0m
[  91% ] [90m[1msavepack[22m | Storing File: res://assets/ext/weapons/talbot_pocket_nickel_talbot_pocket_nickel_orm.png.import[39m[0m
[  91% ] [90m[1msavepack[22m | Storing File: res://.godot/imported/talbot_pocket_nickel_talbot_pocket_nickel_orm_512.png-08f063013ff0dd8bce5d2713693da9fd.ctex[39m[0m
[  91% ] [90m[1msavepack[22m | Storing File: res://assets/ext/weapons/talbot_pocket_nickel_talbot_pocket_nickel_orm_512.png.import[39m[0m
[  91% ] [90m[1msavepack[22m | Storing File: res://.godot/imported/talbot_pocket_talbot_pocket_albedo.png-7c0b640f022b98c2d255aaef3807fd2d.ctex[39m[0m
[  91% ] [90m[1msavepack[22m | Storing File: res://assets/ext/weapons/talbot_pocket_talbot_pocket_albedo.png.import[39m[0m
[  91% ] [90m[1msavepack[22m | Storing File: res://.godot/imported/talbot_pocket_talbot_pocket_albedo_512.png-0440597cdf173a4eee7af5b8b5aff7a2.ctex[39m[0m
[  91% ] [90m[1msavepack[22m | Storing File: res://assets/ext/weapons/talbot_pocket_talbot_pocket_albedo_512.png.import[39m[0m
[  91% ] [90m[1msavepack[22m | Storing File: res://.godot/imported/talbot_pocket_talbot_pocket_normal.png-5529192119fe085878b4a6c6ea93d498.ctex[39m[0m
[  91% ] [90m[1msavepack[22m | Storing File: res://assets/ext/weapons/talbot_pocket_talbot_pocket_normal.png.import[39m[0m
[  91% ] [90m[1msavepack[22m | Storing File: res://.godot/imported/talbot_pocket_talbot_pocket_normal_512.png-b62cefb49649f5f30bd65f4f6d6b2050.ctex[39m[0m
[  91% ] [90m[1msavepack[22m | Storing File: res://assets/ext/weapons/talbot_pocket_talbot_pocket_normal_512.png.import[39m[0m
[  91% ] [90m[1msavepack[22m | Storing File: res://.godot/imported/talbot_pocket_talbot_pocket_orm.png-c5a497a04d66892029eb00d547ebca30.ctex[39m[0m
[  91% ] [90m[1msavepack[22m | Storing File: res://assets/ext/weapons/talbot_pocket_talbot_pocket_orm.png.import[39m[0m
[  91% ] [90m[1msavepack[22m | Storing File: res://.godot/imported/talbot_pocket_talbot_pocket_orm_512.png-94bcf47b0c92960c1bb78bc3fb5d5764.ctex[39m[0m
[  91% ] [90m[1msavepack[22m | Storing File: res://assets/ext/weapons/talbot_pocket_talbot_pocket_orm_512.png.import[39m[0m
[  91% ] [90m[1msavepack[22m | Storing File: res://.godot/imported/vance_rolling.glb-7162e292b3c456eb3931be08410cbdcb.scn[39m[0m
[  91% ] [90m[1msavepack[22m | Storing File: res://assets/ext/weapons/vance_rolling.glb.import[39m[0m
[  91% ] [90m[1msavepack[22m | Storing File: res://.godot/imported/vance_rolling_vance_rolling_albedo.png-d9f2cb8c9b1d7058234738e425abf9b9.ctex[39m[0m
[  91% ] [90m[1msavepack[22m | Storing File: res://assets/ext/weapons/vance_rolling_vance_rolling_albedo.png.import[39m[0m
[  91% ] [90m[1msavepack[22m | Storing File: res://.godot/imported/vance_rolling_vance_rolling_albedo_512.png-b1314c1498bf89a27b84fe2005231bf9.ctex[39m[0m
[  91% ] [90m[1msavepack[22m | Storing File: res://assets/ext/weapons/vance_rolling_vance_rolling_albedo_512.png.import[39m[0m
[  91% ] [90m[1msavepack[22m | Storing File: res://.godot/imported/vance_rolling_vance_rolling_normal.png-4cbdbcccb4de467950d5207061a92396.ctex[39m[0m
[  91% ] [90m[1msavepack[22m | Storing File: res://assets/ext/weapons/vance_rolling_vance_rolling_normal.png.import[39m[0m
[  91% ] [90m[1msavepack[22m | Storing File: res://.godot/imported/vance_rolling_vance_rolling_normal_512.png-56db5bb8401209fdafbc9c5b88177679.ctex[39m[0m
[  91% ] [90m[1msavepack[22m | Storing File: res://assets/ext/weapons/vance_rolling_vance_rolling_normal_512.png.import[39m[0m
[  91% ] [90m[1msavepack[22m | Storing File: res://.godot/imported/vance_rolling_vance_rolling_orm.png-b7a4b1384d400aa23428b3d0805373b5.ctex[39m[0m
[  91% ] [90m[1msavepack[22m | Storing File: res://assets/ext/weapons/vance_rolling_vance_rolling_orm.png.import[39m[0m
[  91% ] [90m[1msavepack[22m | Storing File: res://.godot/imported/vance_rolling_vance_rolling_orm_512.png-76036a86632f064badced78163db1ca2.ctex[39m[0m
[  91% ] [90m[1msavepack[22m | Storing File: res://assets/ext/weapons/vance_rolling_vance_rolling_orm_512.png.import[39m[0m
[  91% ] [90m[1msavepack[22m | Storing File: res://assets/ext/LICENSES.json[39m[0m
[  91% ] [90m[1msavepack[22m | Storing File: res://.godot/imported/Ewert-Regular.ttf-8ec25d0ce3d98c1e717e04a7993fed77.fontdata[39m[0m
[  91% ] [90m[1msavepack[22m | Storing File: res://assets/fonts/Ewert-Regular.ttf.import[39m[0m
[  91% ] [90m[1msavepack[22m | Storing File: res://.godot/imported/IMFeENit28P.ttf-f5d4c4e5dc9aa96b9821f195173d2ee5.fontdata[39m[0m
[  91% ] [90m[1msavepack[22m | Storing File: res://assets/fonts/IMFeENit28P.ttf.import[39m[0m
[  91% ] [90m[1msavepack[22m | Storing File: res://.godot/imported/IMFeENrm28P.ttf-ff874deee755e6c07c2b0f2d7dba78b9.fontdata[39m[0m
[  91% ] [90m[1msavepack[22m | Storing File: res://assets/fonts/IMFeENrm28P.ttf.import[39m[0m
[  91% ] [90m[1msavepack[22m | Storing File: res://.godot/imported/IMFeENsc28P.ttf-918b7668cb5320e329ac9f12f58f11dc.fontdata[39m[0m
[  91% ] [90m[1msavepack[22m | Storing File: res://assets/fonts/IMFeENsc28P.ttf.import[39m[0m
[  91% ] [90m[1msavepack[22m | Storing File: res://.godot/imported/OldStandard-Bold.ttf-8696008939c122d5e3f29a6b3ff579c8.fontdata[39m[0m
[  91% ] [90m[1msavepack[22m | Storing File: res://assets/fonts/OldStandard-Bold.ttf.import[39m[0m
[  91% ] [90m[1msavepack[22m | Storing File: res://.godot/imported/OldStandard-Regular.ttf-2cd4cd6c23e2709db32dae3c7a5d580e.fontdata[39m[0m
[  91% ] [90m[1msavepack[22m | Storing File: res://assets/fonts/OldStandard-Regular.ttf.import[39m[0m
[  91% ] [90m[1msavepack[22m | Storing File: res://.godot/imported/Rye-Regular.ttf-f27934fcaecf9142b5a7f992658a4f5a.fontdata[39m[0m
[  91% ] [90m[1msavepack[22m | Storing File: res://assets/fonts/Rye-Regular.ttf.import[39m[0m
[  91% ] [90m[1msavepack[22m | Storing File: res://.godot/imported/Sancreek-Regular.ttf-ea5189a47e6c88579beda410e91e5fe4.fontdata[39m[0m
[  91% ] [90m[1msavepack[22m | Storing File: res://assets/fonts/Sancreek-Regular.ttf.import[39m[0m
[  91% ] [90m[1msavepack[22m | Storing File: res://assets/manifest.json[39m[0m
[  91% ] [90m[1msavepack[22m | Storing File: res://data/world/features.json[39m[0m
[  91% ] [90m[1msavepack[22m | Storing File: res://.godot/imported/map.png-5f2f7128b2aed557b7fb5423ffe62aa1.ctex[39m[0m
[  91% ] [90m[1msavepack[22m | Storing File: res://data/world/map.png.import[39m[0m
[  91% ] [90m[1msavepack[22m | Storing File: res://.godot/imported/preview.png-e79a3baeb32bdf543cf4506825a3791a.ctex[39m[0m
[  91% ] [90m[1msavepack[22m | Storing File: res://data/world/preview.png.import[39m[0m
[  91% ] [90m[1msavepack[22m | Storing File: res://design/dialogue/barks.json[39m[0m
[  91% ] [90m[1msavepack[22m | Storing File: res://design/dialogue/camp.json[39m[0m
[  91% ] [90m[1msavepack[22m | Storing File: res://design/dialogue/ch1.json[39m[0m
[  91% ] [90m[1msavepack[22m | Storing File: res://design/dialogue/ch2.json[39m[0m
[  91% ] [90m[1msavepack[22m | Storing File: res://design/dialogue/ch3.json[39m[0m
[  91% ] [90m[1msavepack[22m | Storing File: res://design/dialogue/ch4.json[39m[0m
[  91% ] [90m[1msavepack[22m | Storing File: res://design/dialogue/ch5.json[39m[0m
[  92% ] [90m[1msavepack[22m | Storing File: res://design/dialogue/ch6.json[39m[0m
[  92% ] [90m[1msavepack[22m | Storing File: res://design/dialogue/companions.json[39m[0m
[  92% ] [90m[1msavepack[22m | Storing File: res://design/dialogue/encounters.json[39m[0m
[  92% ] [90m[1msavepack[22m | Storing File: res://design/dialogue/newspaper.json[39m[0m
[  92% ] [90m[1msavepack[22m | Storing File: res://design/dialogue/ruth.json[39m[0m
[  92% ] [90m[1msavepack[22m | Storing File: res://design/dialogue/social.json[39m[0m
[  92% ] [90m[1msavepack[22m | Storing File: res://design/dialogue/strangers.json[39m[0m
[  92% ] [90m[1msavepack[22m | Storing File: res://design/dialogue/voices.json[39m[0m
[  92% ] [90m[1msavepack[22m | Storing File: res://.godot/exported/133200997/export-d87d2fd55d8f4f4288687027ed7581d4-character_shots.scn[39m[0m
[  92% ] [90m[1msavepack[22m | Storing File: res://.godot/exported/133200997/export-c42c512161825cdf017c590a36b0639a-check.scn[39m[0m
[  92% ] [90m[1msavepack[22m | Storing File: res://.godot/exported/133200997/export-d2ba63ad70d2d0afa23893ed98e8c966-combat_fx.scn[39m[0m
[  92% ] [90m[1msavepack[22m | Storing File: res://.godot/exported/133200997/export-4264113c2f7dbd7531e93df720f166b5-horse_test.scn[39m[0m
[  92% ] [90m[1msavepack[22m | Storing File: res://.godot/exported/133200997/export-6419e010c85c9e8d1914576ba364da20-impostor_test.scn[39m[0m
[  92% ] [90m[1msavepack[22m | Storing File: res://.godot/exported/133200997/export-3ad5c15c4f3250da0cc7c1af1770d85f-main.scn[39m[0m
[  92% ] [90m[1msavepack[22m | Storing File: res://.godot/exported/133200997/export-9bf38d5c33607b8856f37b918d2171ac-shader_probe.scn[39m[0m
[  92% ] [90m[1msavepack[22m | Storing File: res://.godot/exported/133200997/export-95826935b4f49658cdaecbdcb1fa5c6b-veg_lineup.scn[39m[0m
[  92% ] [90m[1msavepack[22m | Storing File: res://.godot/exported/133200997/export-dd231ab6cf44e348001b7ee81cbe9b90-vr_studio.scn[39m[0m
[  92% ] [90m[1msavepack[22m | Storing File: res://.godot/exported/133200997/export-36c8620ed9e2aae4ea028321430b9a7e-weapon_lineup.scn[39m[0m
[  92% ] [90m[1msavepack[22m | Storing File: res://.godot/exported/133200997/export-50b79ec5bd68a9caf47dca562f98cca7-wildlife_test.scn[39m[0m
[  92% ] [90m[1msavepack[22m | Storing File: res://shaders/characters/cloth.gdshader[39m[0m
[  92% ] [90m[1msavepack[22m | Storing File: res://shaders/characters/hair.gdshader[39m[0m
[  92% ] [90m[1msavepack[22m | Storing File: res://shaders/characters/skin.gdshader[39m[0m
[  92% ] [90m[1msavepack[22m | Storing File: res://shaders/characters/strands.gdshader[39m[0m
[  92% ] [90m[1msavepack[22m | Storing File: res://shaders/inc/animal_coat.gdshaderinc[39m[0m
[  92% ] [90m[1msavepack[22m | Storing File: res://shaders/inc/clouds.gdshaderinc[39m[0m
[  92% ] [90m[1msavepack[22m | Storing File: res://shaders/inc/cloud_shadow.gdshaderinc[39m[0m
[  92% ] [90m[1msavepack[22m | Storing File: res://shaders/inc/lod_dither.gdshaderinc[39m[0m
[  92% ] [90m[1msavepack[22m | Storing File: res://shaders/inc/noise.gdshaderinc[39m[0m
[  92% ] [90m[1msavepack[22m | Storing File: res://shaders/animal_coat.gdshader[39m[0m
[  92% ] [90m[1msavepack[22m | Storing File: res://shaders/animal_eye.gdshader[39m[0m
[  92% ] [90m[1msavepack[22m | Storing File: res://shaders/animal_fur_shell.gdshader[39m[0m
[  92% ] [90m[1msavepack[22m | Storing File: res://shaders/backdrop.gdshader[39m[0m
[  92% ] [90m[1msavepack[22m | Storing File: res://shaders/building.gdshader[39m[0m
[  92% ] [90m[1msavepack[22m | Storing File: res://shaders/cloud_shadow_map.gdshader[39m[0m
[  92% ] [90m[1msavepack[22m | Storing File: res://shaders/colour_assist.gdshader[39m[0m
[  93% ] [90m[1msavepack[22m | Storing File: res://shaders/foliage.gdshader[39m[0m
[  93% ] [90m[1msavepack[22m | Storing File: res://shaders/grass.gdshader[39m[0m
[  93% ] [90m[1msavepack[22m | Storing File: res://shaders/horse_coat.gdshader[39m[0m
[  93% ] [90m[1msavepack[22m | Storing File: res://shaders/horse_hair.gdshader[39m[0m
[  93% ] [90m[1msavepack[22m | Storing File: res://shaders/impostor_post.gdshader[39m[0m
[  93% ] [90m[1msavepack[22m | Storing File: res://shaders/impostor_tree.gdshader[39m[0m
[  93% ] [90m[1msavepack[22m | Storing File: res://shaders/nerve_overlay.gdshader[39m[0m
[  93% ] [90m[1msavepack[22m | Storing File: res://shaders/river_bank.gdshader[39m[0m
[  93% ] [90m[1msavepack[22m | Storing File: res://shaders/road.gdshader[39m[0m
[  93% ] [90m[1msavepack[22m | Storing File: res://shaders/sign_text.gdshader[39m[0m
[  93% ] [90m[1msavepack[22m | Storing File: res://shaders/sky.gdshader[39m[0m
[  93% ] [90m[1msavepack[22m | Storing File: res://shaders/terrain.gdshader[39m[0m
[  93% ] [90m[1msavepack[22m | Storing File: res://shaders/ui_map_inset.gdshader[39m[0m
[  93% ] [90m[1msavepack[22m | Storing File: res://shaders/vc.gdshader[39m[0m
[  93% ] [90m[1msavepack[22m | Storing File: res://shaders/vr_vignette.gdshader[39m[0m
[  93% ] [90m[1msavepack[22m | Storing File: res://shaders/water.gdshader[39m[0m
[  93% ] [90m[1msavepack[22m | Storing File: res://shaders/window.gdshader[39m[0m
[  93% ] [90m[1msavepack[22m | Storing File: res://src/actors/actor_lod.gdc[39m[0m
[  93% ] [90m[1msavepack[22m | Storing File: res://src/actors/animal.gdc[39m[0m
[  93% ] [90m[1msavepack[22m | Storing File: res://src/actors/animal_coats.gdc[39m[0m
[  93% ] [90m[1msavepack[22m | Storing File: res://src/actors/character.gdc[39m[0m
[  93% ] [90m[1msavepack[22m | Storing File: res://src/actors/character_factory.gdc[39m[0m
[  93% ] [90m[1msavepack[22m | Storing File: res://src/actors/character_look.gdc[39m[0m
[  93% ] [90m[1msavepack[22m | Storing File: res://src/actors/character_materials.gdc[39m[0m
[  93% ] [90m[1msavepack[22m | Storing File: res://src/actors/horse.gdc[39m[0m
[  93% ] [90m[1msavepack[22m | Storing File: res://src/actors/horse_coats.gdc[39m[0m
[  93% ] [90m[1msavepack[22m | Storing File: res://src/actors/horse_gait_oracle.gdc[39m[0m
[  93% ] [90m[1msavepack[22m | Storing File: res://src/actors/horse_ik.gdc[39m[0m
[  93% ] [90m[1msavepack[22m | Storing File: res://src/actors/horse_visual.gdc[39m[0m
[  93% ] [90m[1msavepack[22m | Storing File: res://src/actors/human.gdc[39m[0m
[  93% ] [90m[1msavepack[22m | Storing File: res://src/actors/human_foot_ik.gdc[39m[0m
[  93% ] [90m[1msavepack[22m | Storing File: res://src/actors/player.gdc[39m[0m
[  93% ] [90m[1msavepack[22m | Storing File: res://src/actors/rider_ik.gdc[39m[0m
[  93% ] [90m[1msavepack[22m | Storing File: res://src/ai/bounties.gdc[39m[0m
[  93% ] [90m[1msavepack[22m | Storing File: res://src/ai/brain.gdc[39m[0m
[  93% ] [90m[1msavepack[22m | Storing File: res://src/ai/camp.gdc[39m[0m
[  94% ] [90m[1msavepack[22m | Storing File: res://src/ai/campfire.gdc[39m[0m
[  94% ] [90m[1msavepack[22m | Storing File: res://src/ai/encounters.gdc[39m[0m
[  94% ] [90m[1msavepack[22m | Storing File: res://src/ai/population.gdc[39m[0m
[  94% ] [90m[1msavepack[22m | Storing File: res://src/ai/routine.gdc[39m[0m
[  94% ] [90m[1msavepack[22m | Storing File: res://src/ai/schedule.gdc[39m[0m
[  94% ] [90m[1msavepack[22m | Storing File: res://src/ai/wildlife.gdc[39m[0m
[  94% ] [90m[1msavepack[22m | Storing File: res://src/audio/ambience_mixer.gdc[39m[0m
[  94% ] [90m[1msavepack[22m | Storing File: res://src/audio/audio_director.gdc[39m[0m
[  94% ] [90m[1msavepack[22m | Storing File: res://src/audio/audio_locomotion.gdc[39m[0m
[  94% ] [90m[1msavepack[22m | Storing File: res://src/audio/audio_selftest.gdc[39m[0m
[  94% ] [90m[1msavepack[22m | Storing File: res://src/audio/audio_surfaces.gdc[39m[0m
[  94% ] [90m[1msavepack[22m | Storing File: res://src/audio/music_director.gdc[39m[0m
[  94% ] [90m[1msavepack[22m | Storing File: res://src/combat/aim_assist.gdc[39m[0m
[  94% ] [90m[1msavepack[22m | Storing File: res://src/combat/damageable.gdc[39m[0m
[  94% ] [90m[1msavepack[22m | Storing File: res://src/combat/effects.gdc[39m[0m
[  94% ] [90m[1msavepack[22m | Storing File: res://src/combat/gun_gear.gdc[39m[0m
[  94% ] [90m[1msavepack[22m | Storing File: res://src/combat/gun_handler.gdc[39m[0m
[  94% ] [90m[1msavepack[22m | Storing File: res://src/combat/gun_hands.gdc[39m[0m
[  94% ] [90m[1msavepack[22m | Storing File: res://src/combat/melee.gdc[39m[0m
[  94% ] [90m[1msavepack[22m | Storing File: res://src/combat/melee_arm.gdc[39m[0m
[  94% ] [90m[1msavepack[22m | Storing File: res://src/combat/nerve.gdc[39m[0m
[  94% ] [90m[1msavepack[22m | Storing File: res://src/combat/player_cover.gdc[39m[0m
[  94% ] [90m[1msavepack[22m | Storing File: res://src/combat/ragdoll.gdc[39m[0m
[  94% ] [90m[1msavepack[22m | Storing File: res://src/combat/weapons.gdc[39m[0m
[  94% ] [90m[1msavepack[22m | Storing File: res://src/combat/weapon_fx.gdc[39m[0m
[  94% ] [90m[1msavepack[22m | Storing File: res://src/combat/weapon_holder.gdc[39m[0m
[  94% ] [90m[1msavepack[22m | Storing File: res://src/combat/weapon_model.gdc[39m[0m
[  94% ] [90m[1msavepack[22m | Storing File: res://src/core/game.gdc[39m[0m
[  94% ] [90m[1msavepack[22m | Storing File: res://src/core/input_setup.gdc[39m[0m
[  94% ] [90m[1msavepack[22m | Storing File: res://src/core/main.gdc[39m[0m
[  94% ] [90m[1msavepack[22m | Storing File: res://src/core/world_state.gdc[39m[0m
[  94% ] [90m[1msavepack[22m | Storing File: res://src/minigames/glass_balls.gdc[39m[0m
[  94% ] [90m[1msavepack[22m | Storing File: res://src/minigames/poker.gdc[39m[0m
[  94% ] [90m[1msavepack[22m | Storing File: res://src/minigames/poker_engine.gdc[39m[0m
[  94% ] [90m[1msavepack[22m | Storing File: res://src/minigames/poker_selftest.gdc[39m[0m
[  95% ] [90m[1msavepack[22m | Storing File: res://src/minigames/steady_hand.gdc[39m[0m
[  95% ] [90m[1msavepack[22m | Storing File: res://src/missions/ch1/fire_at_willow_bend.gdc[39m[0m
[  95% ] [90m[1msavepack[22m | Storing File: res://src/missions/ch1/greers_post.gdc[39m[0m
[  95% ] [90m[1msavepack[22m | Storing File: res://src/missions/ch1/inquiries.gdc[39m[0m
[  95% ] [90m[1msavepack[22m | Storing File: res://src/missions/ch1/rider_from_the_west.gdc[39m[0m
[  95% ] [90m[1msavepack[22m | Storing File: res://src/missions/ch1/the_drover.gdc[39m[0m
[  95% ] [90m[1msavepack[22m | Storing File: res://src/missions/ch2/a_gentlemans_game.gdc[39m[0m
[  95% ] [90m[1msavepack[22m | Storing File: res://src/missions/ch2/ch2.gdc[39m[0m
[  95% ] [90m[1msavepack[22m | Storing File: res://src/missions/ch2/terms.gdc[39m[0m
[  95% ] [90m[1msavepack[22m | Storing File: res://src/missions/ch2/the_exchange.gdc[39m[0m
[  95% ] [90m[1msavepack[22m | Storing File: res://src/missions/ch2/the_lantern.gdc[39m[0m
[  95% ] [90m[1msavepack[22m | Storing File: res://src/missions/ch2/thornwood.gdc[39m[0m
[  95% ] [90m[1msavepack[22m | Storing File: res://src/missions/ch3/a_leg_to_set.gdc[39m[0m
[  95% ] [90m[1msavepack[22m | Storing File: res://src/missions/ch3/ch3.gdc[39m[0m
[  95% ] [90m[1msavepack[22m | Storing File: res://src/missions/ch3/halvorsen_water.gdc[39m[0m
[  95% ] [90m[1msavepack[22m | Storing File: res://src/missions/ch3/herd.gdc[39m[0m
[  95% ] [90m[1msavepack[22m | Storing File: res://src/missions/ch3/herd_selftest.gdc[39m[0m
[  95% ] [90m[1msavepack[22m | Storing File: res://src/missions/ch3/outrider.gdc[39m[0m
[  95% ] [90m[1msavepack[22m | Storing File: res://src/missions/ch3/the_dry_fork.gdc[39m[0m
[  95% ] [90m[1msavepack[22m | Storing File: res://src/missions/ch3/through_the_breaks.gdc[39m[0m
[  95% ] [90m[1msavepack[22m | Storing File: res://src/missions/ch3/water_rights.gdc[39m[0m
[  95% ] [90m[1msavepack[22m | Storing File: res://src/missions/ch4/ch4.gdc[39m[0m
[  95% ] [90m[1msavepack[22m | Storing File: res://src/missions/ch4/coldwater.gdc[39m[0m
[  95% ] [90m[1msavepack[22m | Storing File: res://src/missions/ch4/kestrel_pass.gdc[39m[0m
[  95% ] [90m[1msavepack[22m | Storing File: res://src/missions/ch4/number_two_drift.gdc[39m[0m
[  95% ] [90m[1msavepack[22m | Storing File: res://src/missions/ch4/scrip_and_silver.gdc[39m[0m
[  95% ] [90m[1msavepack[22m | Storing File: res://src/missions/ch4/the_youngest.gdc[39m[0m
[  95% ] [90m[1msavepack[22m | Storing File: res://src/missions/ch5/ch5.gdc[39m[0m
[  95% ] [90m[1msavepack[22m | Storing File: res://src/missions/ch5/the_meridian_express.gdc[39m[0m
[  95% ] [90m[1msavepack[22m | Storing File: res://src/missions/ch5/the_mirror.gdc[39m[0m
[  95% ] [90m[1msavepack[22m | Storing File: res://src/missions/ch5/train.gdc[39m[0m
[  95% ] [90m[1msavepack[22m | Storing File: res://src/missions/ch5/train_selftest.gdc[39m[0m
[  95% ] [90m[1msavepack[22m | Storing File: res://src/missions/ch5/what_we_owe.gdc[39m[0m
[  95% ] [90m[1msavepack[22m | Storing File: res://src/missions/ch6/ch6.gdc[39m[0m
[  95% ] [90m[1msavepack[22m | Storing File: res://src/missions/ch6/ink.gdc[39m[0m
[  95% ] [90m[1msavepack[22m | Storing File: res://src/missions/ch6/long_light.gdc[39m[0m
[  96% ] [90m[1msavepack[22m | Storing File: res://src/missions/ch6/pells_warrants.gdc[39m[0m
[  96% ] [90m[1msavepack[22m | Storing File: res://src/missions/ch6/spring.gdc[39m[0m
[  96% ] [90m[1msavepack[22m | Storing File: res://src/missions/companions/a_horse_of_his_own.gdc[39m[0m
[  96% ] [90m[1msavepack[22m | Storing File: res://src/missions/companions/dels_marker.gdc[39m[0m
[  96% ] [90m[1msavepack[22m | Storing File: res://src/missions/companions/hymns_for_the_crew.gdc[39m[0m
[  96% ] [90m[1msavepack[22m | Storing File: res://src/missions/companions/letter_from_philadelphia.gdc[39m[0m
[  96% ] [90m[1msavepack[22m | Storing File: res://src/missions/companions/two_rivers.gdc[39m[0m
[  96% ] [90m[1msavepack[22m | Storing File: res://src/missions/strangers/cold_water_pledge.gdc[39m[0m
[  96% ] [90m[1msavepack[22m | Storing File: res://src/missions/strangers/doctor_marvel.gdc[39m[0m
[  96% ] [90m[1msavepack[22m | Storing File: res://src/missions/strangers/extra_extra.gdc[39m[0m
[  96% ] [90m[1msavepack[22m | Storing File: res://src/missions/strangers/hold_still.gdc[39m[0m
[  96% ] [90m[1msavepack[22m | Storing File: res://src/missions/strangers/horseless_carriage.gdc[39m[0m
[  96% ] [90m[1msavepack[22m | Storing File: res://src/missions/strangers/science_of_skulls.gdc[39m[0m
[  96% ] [90m[1msavepack[22m | Storing File: res://src/missions/strangers/st.gdc[39m[0m
[  96% ] [90m[1msavepack[22m | Storing File: res://src/missions/strangers/the_comet.gdc[39m[0m
[  96% ] [90m[1msavepack[22m | Storing File: res://src/missions/strangers/the_detective.gdc[39m[0m
[  96% ] [90m[1msavepack[22m | Storing File: res://src/missions/strangers/the_surveyor.gdc[39m[0m
[  96% ] [90m[1msavepack[22m | Storing File: res://src/missions/strangers/widows_herd.gdc[39m[0m
[  96% ] [90m[1msavepack[22m | Storing File: res://src/missions/choice_panel.gdc[39m[0m
[  96% ] [90m[1msavepack[22m | Storing File: res://src/missions/credits.gdc[39m[0m
[  96% ] [90m[1msavepack[22m | Storing File: res://src/missions/journal.gdc[39m[0m
[  96% ] [90m[1msavepack[22m | Storing File: res://src/missions/mission.gdc[39m[0m
[  96% ] [90m[1msavepack[22m | Storing File: res://src/missions/mission_director.gdc[39m[0m
[  96% ] [90m[1msavepack[22m | Storing File: res://src/missions/places.gdc[39m[0m
[  96% ] [90m[1msavepack[22m | Storing File: res://src/missions/presentation.gdc[39m[0m
[  96% ] [90m[1msavepack[22m | Storing File: res://src/systems/climate.gdc[39m[0m
[  96% ] [90m[1msavepack[22m | Storing File: res://src/systems/fishing.gdc[39m[0m
[  96% ] [90m[1msavepack[22m | Storing File: res://src/systems/horse_care.gdc[39m[0m
[  96% ] [90m[1msavepack[22m | Storing File: res://src/systems/legendary.gdc[39m[0m
[  96% ] [90m[1msavepack[22m | Storing File: res://src/systems/newspaper.gdc[39m[0m
[  96% ] [90m[1msavepack[22m | Storing File: res://src/systems/outfits.gdc[39m[0m
[  96% ] [90m[1msavepack[22m | Storing File: res://src/systems/robbery.gdc[39m[0m
[  96% ] [90m[1msavepack[22m | Storing File: res://src/systems/social.gdc[39m[0m
[  96% ] [90m[1msavepack[22m | Storing File: res://src/systems/travel.gdc[39m[0m
[  96% ] [90m[1msavepack[22m | Storing File: res://src/systems/treasure.gdc[39m[0m
[  97% ] [90m[1msavepack[22m | Storing File: res://src/tests/_prof.gdc[39m[0m
[  97% ] [90m[1msavepack[22m | Storing File: res://src/tests/armory_bot.gdc[39m[0m
[  97% ] [90m[1msavepack[22m | Storing File: res://src/tests/bot_runner.gdc[39m[0m
[  97% ] [90m[1msavepack[22m | Storing File: res://src/tests/character_shots.gdc[39m[0m
[  97% ] [90m[1msavepack[22m | Storing File: res://src/tests/char_mem.gdc[39m[0m
[  97% ] [90m[1msavepack[22m | Storing File: res://src/tests/check_scripts.gdc[39m[0m
[  97% ] [90m[1msavepack[22m | Storing File: res://src/tests/combat_bot.gdc[39m[0m
[  97% ] [90m[1msavepack[22m | Storing File: res://src/tests/combat_fx.gdc[39m[0m
[  97% ] [90m[1msavepack[22m | Storing File: res://src/tests/cover_bot.gdc[39m[0m
[  97% ] [90m[1msavepack[22m | Storing File: res://src/tests/error_logger.gdc[39m[0m
[  97% ] [90m[1msavepack[22m | Storing File: res://src/tests/feature_shots.gdc[39m[0m
[  97% ] [90m[1msavepack[22m | Storing File: res://src/tests/foot_ik_bot.gdc[39m[0m
[  97% ] [90m[1msavepack[22m | Storing File: res://src/tests/horse_bot.gdc[39m[0m
[  97% ] [90m[1msavepack[22m | Storing File: res://src/tests/horse_test.gdc[39m[0m
[  97% ] [90m[1msavepack[22m | Storing File: res://src/tests/hunt_bot.gdc[39m[0m
[  97% ] [90m[1msavepack[22m | Storing File: res://src/tests/impostor_test.gdc[39m[0m
[  97% ] [90m[1msavepack[22m | Storing File: res://src/tests/kit_probe.gdc[39m[0m
[  97% ] [90m[1msavepack[22m | Storing File: res://src/tests/melee_bot.gdc[39m[0m
[  97% ] [90m[1msavepack[22m | Storing File: res://src/tests/prop_tris_probe.gdc[39m[0m
[  97% ] [90m[1msavepack[22m | Storing File: res://src/tests/shader_probe.gdc[39m[0m
[  97% ] [90m[1msavepack[22m | Storing File: res://src/tests/shots.gdc[39m[0m
[  97% ] [90m[1msavepack[22m | Storing File: res://src/tests/systems_bot.gdc[39m[0m
[  97% ] [90m[1msavepack[22m | Storing File: res://src/tests/test_actor.gdc[39m[0m
[  97% ] [90m[1msavepack[22m | Storing File: res://src/tests/ui_bot.gdc[39m[0m
[  97% ] [90m[1msavepack[22m | Storing File: res://src/tests/veg_lineup.gdc[39m[0m
[  97% ] [90m[1msavepack[22m | Storing File: res://src/tests/vr_shots.gdc[39m[0m
[  97% ] [90m[1msavepack[22m | Storing File: res://src/tests/vr_studio.gdc[39m[0m
[  97% ] [90m[1msavepack[22m | Storing File: res://src/tests/weapon_lineup.gdc[39m[0m
[  97% ] [90m[1msavepack[22m | Storing File: res://src/tests/wildlife_test.gdc[39m[0m
[  97% ] [90m[1msavepack[22m | Storing File: res://src/ui/accessibility.gdc[39m[0m
[  97% ] [90m[1msavepack[22m | Storing File: res://src/ui/hud.gdc[39m[0m
[  97% ] [90m[1msavepack[22m | Storing File: res://src/ui/input_glyphs.gdc[39m[0m
[  97% ] [90m[1msavepack[22m | Storing File: res://src/ui/map_view.gdc[39m[0m
[  97% ] [90m[1msavepack[22m | Storing File: res://src/ui/menus.gdc[39m[0m
[  97% ] [90m[1msavepack[22m | Storing File: res://src/ui/menus_names.gdc[39m[0m
[  97% ] [90m[1msavepack[22m | Storing File: res://src/ui/satchel.gdc[39m[0m
[  98% ] [90m[1msavepack[22m | Storing File: res://src/ui/shop.gdc[39m[0m
[  98% ] [90m[1msavepack[22m | Storing File: res://src/ui/theme.gdc[39m[0m
[  98% ] [90m[1msavepack[22m | Storing File: res://src/ui/weapon_wheel.gdc[39m[0m
[  98% ] [90m[1msavepack[22m | Storing File: res://src/world/backdrop.gdc[39m[0m
[  98% ] [90m[1msavepack[22m | Storing File: res://src/world/building_gen.gdc[39m[0m
[  98% ] [90m[1msavepack[22m | Storing File: res://src/world/building_styles.gdc[39m[0m
[  98% ] [90m[1msavepack[22m | Storing File: res://src/world/door.gdc[39m[0m
[  98% ] [90m[1msavepack[22m | Storing File: res://src/world/impostor_baker.gdc[39m[0m
[  98% ] [90m[1msavepack[22m | Storing File: res://src/world/interiors.gdc[39m[0m
[  98% ] [90m[1msavepack[22m | Storing File: res://src/world/mesh_kit.gdc[39m[0m
[  98% ] [90m[1msavepack[22m | Storing File: res://src/world/props.gdc[39m[0m
[  98% ] [90m[1msavepack[22m | Storing File: res://src/world/rail_line.gdc[39m[0m
[  98% ] [90m[1msavepack[22m | Storing File: res://src/world/road_graph.gdc[39m[0m
[  98% ] [90m[1msavepack[22m | Storing File: res://src/world/road_mesh.gdc[39m[0m
[  98% ] [90m[1msavepack[22m | Storing File: res://src/world/scatter.gdc[39m[0m
[  98% ] [90m[1msavepack[22m | Storing File: res://src/world/settlements.gdc[39m[0m
[  98% ] [90m[1msavepack[22m | Storing File: res://src/world/sign_text.gdc[39m[0m
[  98% ] [90m[1msavepack[22m | Storing File: res://src/world/sky.gdc[39m[0m
[  98% ] [90m[1msavepack[22m | Storing File: res://src/world/structures.gdc[39m[0m
[  98% ] [90m[1msavepack[22m | Storing File: res://src/world/terrain.gdc[39m[0m
[  98% ] [90m[1msavepack[22m | Storing File: res://src/world/town_layout.gdc[39m[0m
[  98% ] [90m[1msavepack[22m | Storing File: res://src/world/town_mats.gdc[39m[0m
[  98% ] [90m[1msavepack[22m | Storing File: res://src/world/tree_gen.gdc[39m[0m
[  98% ] [90m[1msavepack[22m | Storing File: res://src/world/vegetation.gdc[39m[0m
[  98% ] [90m[1msavepack[22m | Storing File: res://src/world/water.gdc[39m[0m
[  98% ] [90m[1msavepack[22m | Storing File: res://src/world/weather_fx.gdc[39m[0m
[  98% ] [90m[1msavepack[22m | Storing File: res://src/world/world_data.gdc[39m[0m
[  98% ] [90m[1msavepack[22m | Storing File: res://src/xr/vr.gdc[39m[0m
[  98% ] [90m[1msavepack[22m | Storing File: res://src/xr/vr_hand.gdc[39m[0m
[  98% ] [90m[1msavepack[22m | Storing File: res://src/xr/vr_play.gdc[39m[0m
[  98% ] [90m[1msavepack[22m | Storing File: res://src/xr/vr_sim.gdc[39m[0m
[  98% ] [90m[1msavepack[22m | Storing File: res://build/mac/SableRiver.app/Contents/Resources/icon.icns[39m[0m
[  98% ] [90m[1msavepack[22m | Storing File: res://data/world/control.bin[39m[0m
[  98% ] [90m[1msavepack[22m | Storing File: res://data/world/height.r16[39m[0m
[  98% ] [90m[1msavepack[22m | Storing File: res://data/world/minmax.bin[39m[0m
[  98% ] [90m[1msavepack[22m | Storing File: res://scenes/character_shots.tscn.remap[39m[0m
[  98% ] [90m[1msavepack[22m | Storing File: res://scenes/check.tscn.remap[39m[0m
[  98% ] [90m[1msavepack[22m | Storing File: res://scenes/combat_fx.tscn.remap[39m[0m
[  98% ] [90m[1msavepack[22m | Storing File: res://scenes/horse_test.tscn.remap[39m[0m
[  98% ] [90m[1msavepack[22m | Storing File: res://scenes/impostor_test.tscn.remap[39m[0m
[  98% ] [90m[1msavepack[22m | Storing File: res://scenes/main.tscn.remap[39m[0m
[  98% ] [90m[1msavepack[22m | Storing File: res://scenes/shader_probe.tscn.remap[39m[0m
[  98% ] [90m[1msavepack[22m | Storing File: res://scenes/veg_lineup.tscn.remap[39m[0m
[  98% ] [90m[1msavepack[22m | Storing File: res://scenes/vr_studio.tscn.remap[39m[0m
[  98% ] [90m[1msavepack[22m | Storing File: res://scenes/weapon_lineup.tscn.remap[39m[0m
[  98% ] [90m[1msavepack[22m | Storing File: res://scenes/wildlife_test.tscn.remap[39m[0m
[  98% ] [90m[1msavepack[22m | Storing File: res://src/actors/actor_lod.gd.remap[39m[0m
[  98% ] [90m[1msavepack[22m | Storing File: res://src/actors/animal.gd.remap[39m[0m
[  98% ] [90m[1msavepack[22m | Storing File: res://src/actors/animal_coats.gd.remap[39m[0m
[  98% ] [90m[1msavepack[22m | Storing File: res://src/actors/character.gd.remap[39m[0m
[  98% ] [90m[1msavepack[22m | Storing File: res://src/actors/character_factory.gd.remap[39m[0m
[  98% ] [90m[1msavepack[22m | Storing File: res://src/actors/character_look.gd.remap[39m[0m
[  98% ] [90m[1msavepack[22m | Storing File: res://src/actors/character_materials.gd.remap[39m[0m
[  98% ] [90m[1msavepack[22m | Storing File: res://src/actors/horse.gd.remap[39m[0m
[  98% ] [90m[1msavepack[22m | Storing File: res://src/actors/horse_coats.gd.remap[39m[0m
[  98% ] [90m[1msavepack[22m | Storing File: res://src/actors/horse_gait_oracle.gd.remap[39m[0m
[  98% ] [90m[1msavepack[22m | Storing File: res://src/actors/horse_ik.gd.remap[39m[0m
[  98% ] [90m[1msavepack[22m | Storing File: res://src/actors/horse_visual.gd.remap[39m[0m
[  98% ] [90m[1msavepack[22m | Storing File: res://src/actors/human.gd.remap[39m[0m
[  98% ] [90m[1msavepack[22m | Storing File: res://src/actors/human_foot_ik.gd.remap[39m[0m
[  98% ] [90m[1msavepack[22m | Storing File: res://src/actors/player.gd.remap[39m[0m
[  98% ] [90m[1msavepack[22m | Storing File: res://src/actors/rider_ik.gd.remap[39m[0m
[  98% ] [90m[1msavepack[22m | Storing File: res://src/ai/bounties.gd.remap[39m[0m
[  98% ] [90m[1msavepack[22m | Storing File: res://src/ai/brain.gd.remap[39m[0m
[  98% ] [90m[1msavepack[22m | Storing File: res://src/ai/camp.gd.remap[39m[0m
[  98% ] [90m[1msavepack[22m | Storing File: res://src/ai/campfire.gd.remap[39m[0m
[  98% ] [90m[1msavepack[22m | Storing File: res://src/ai/encounters.gd.remap[39m[0m
[  98% ] [90m[1msavepack[22m | Storing File: res://src/ai/population.gd.remap[39m[0m
[  98% ] [90m[1msavepack[22m | Storing File: res://src/ai/routine.gd.remap[39m[0m
[  98% ] [90m[1msavepack[22m | Storing File: res://src/ai/schedule.gd.remap[39m[0m
[  98% ] [90m[1msavepack[22m | Storing File: res://src/ai/wildlife.gd.remap[39m[0m
[  98% ] [90m[1msavepack[22m | Storing File: res://src/audio/ambience_mixer.gd.remap[39m[0m
[  98% ] [90m[1msavepack[22m | Storing File: res://src/audio/audio_director.gd.remap[39m[0m
[  98% ] [90m[1msavepack[22m | Storing File: res://src/audio/audio_locomotion.gd.remap[39m[0m
[  98% ] [90m[1msavepack[22m | Storing File: res://src/audio/audio_selftest.gd.remap[39m[0m
[  98% ] [90m[1msavepack[22m | Storing File: res://src/audio/audio_surfaces.gd.remap[39m[0m
[  98% ] [90m[1msavepack[22m | Storing File: res://src/audio/music_director.gd.remap[39m[0m
[  98% ] [90m[1msavepack[22m | Storing File: res://src/combat/aim_assist.gd.remap[39m[0m
[  98% ] [90m[1msavepack[22m | Storing File: res://src/combat/damageable.gd.remap[39m[0m
[  98% ] [90m[1msavepack[22m | Storing File: res://src/combat/effects.gd.remap[39m[0m
[  98% ] [90m[1msavepack[22m | Storing File: res://src/combat/gun_gear.gd.remap[39m[0m
[  98% ] [90m[1msavepack[22m | Storing File: res://src/combat/gun_handler.gd.remap[39m[0m
[  98% ] [90m[1msavepack[22m | Storing File: res://src/combat/gun_hands.gd.remap[39m[0m
[  98% ] [90m[1msavepack[22m | Storing File: res://src/combat/melee.gd.remap[39m[0m
[  98% ] [90m[1msavepack[22m | Storing File: res://src/combat/melee_arm.gd.remap[39m[0m
[  98% ] [90m[1msavepack[22m | Storing File: res://src/combat/nerve.gd.remap[39m[0m
[  98% ] [90m[1msavepack[22m | Storing File: res://src/combat/player_cover.gd.remap[39m[0m
[  98% ] [90m[1msavepack[22m | Storing File: res://src/combat/ragdoll.gd.remap[39m[0m
[  98% ] [90m[1msavepack[22m | Storing File: res://src/combat/weapons.gd.remap[39m[0m
[  98% ] [90m[1msavepack[22m | Storing File: res://src/combat/weapon_fx.gd.remap[39m[0m
[  98% ] [90m[1msavepack[22m | Storing File: res://src/combat/weapon_holder.gd.remap[39m[0m
[  98% ] [90m[1msavepack[22m | Storing File: res://src/combat/weapon_model.gd.remap[39m[0m
[  98% ] [90m[1msavepack[22m | Storing File: res://src/core/game.gd.remap[39m[0m
[  98% ] [90m[1msavepack[22m | Storing File: res://src/core/input_setup.gd.remap[39m[0m
[  98% ] [90m[1msavepack[22m | Storing File: res://src/core/main.gd.remap[39m[0m
[  98% ] [90m[1msavepack[22m | Storing File: res://src/core/world_state.gd.remap[39m[0m
[  98% ] [90m[1msavepack[22m | Storing File: res://src/minigames/glass_balls.gd.remap[39m[0m
[  98% ] [90m[1msavepack[22m | Storing File: res://src/minigames/poker.gd.remap[39m[0m
[  98% ] [90m[1msavepack[22m | Storing File: res://src/minigames/poker_engine.gd.remap[39m[0m
[  98% ] [90m[1msavepack[22m | Storing File: res://src/minigames/poker_selftest.gd.remap[39m[0m
[  98% ] [90m[1msavepack[22m | Storing File: res://src/minigames/steady_hand.gd.remap[39m[0m
[  98% ] [90m[1msavepack[22m | Storing File: res://src/missions/ch1/fire_at_willow_bend.gd.remap[39m[0m
[  98% ] [90m[1msavepack[22m | Storing File: res://src/missions/ch1/greers_post.gd.remap[39m[0m
[  98% ] [90m[1msavepack[22m | Storing File: res://src/missions/ch1/inquiries.gd.remap[39m[0m
[  98% ] [90m[1msavepack[22m | Storing File: res://src/missions/ch1/rider_from_the_west.gd.remap[39m[0m
[  98% ] [90m[1msavepack[22m | Storing File: res://src/missions/ch1/the_drover.gd.remap[39m[0m
[  98% ] [90m[1msavepack[22m | Storing File: res://src/missions/ch2/a_gentlemans_game.gd.remap[39m[0m
[  98% ] [90m[1msavepack[22m | Storing File: res://src/missions/ch2/ch2.gd.remap[39m[0m
[  98% ] [90m[1msavepack[22m | Storing File: res://src/missions/ch2/terms.gd.remap[39m[0m
[  98% ] [90m[1msavepack[22m | Storing File: res://src/missions/ch2/the_exchange.gd.remap[39m[0m
[  98% ] [90m[1msavepack[22m | Storing File: res://src/missions/ch2/the_lantern.gd.remap[39m[0m
[  98% ] [90m[1msavepack[22m | Storing File: res://src/missions/ch2/thornwood.gd.remap[39m[0m
[  98% ] [90m[1msavepack[22m | Storing File: res://src/missions/ch3/a_leg_to_set.gd.remap[39m[0m
[  98% ] [90m[1msavepack[22m | Storing File: res://src/missions/ch3/ch3.gd.remap[39m[0m
[  98% ] [90m[1msavepack[22m | Storing File: res://src/missions/ch3/halvorsen_water.gd.remap[39m[0m
[  98% ] [90m[1msavepack[22m | Storing File: res://src/missions/ch3/herd.gd.remap[39m[0m
[  98% ] [90m[1msavepack[22m | Storing File: res://src/missions/ch3/herd_selftest.gd.remap[39m[0m
[  98% ] [90m[1msavepack[22m | Storing File: res://src/missions/ch3/outrider.gd.remap[39m[0m
[  98% ] [90m[1msavepack[22m | Storing File: res://src/missions/ch3/the_dry_fork.gd.remap[39m[0m
[  98% ] [90m[1msavepack[22m | Storing File: res://src/missions/ch3/through_the_breaks.gd.remap[39m[0m
[  98% ] [90m[1msavepack[22m | Storing File: res://src/missions/ch3/water_rights.gd.remap[39m[0m
[  98% ] [90m[1msavepack[22m | Storing File: res://src/missions/ch4/ch4.gd.remap[39m[0m
[  98% ] [90m[1msavepack[22m | Storing File: res://src/missions/ch4/coldwater.gd.remap[39m[0m
[  98% ] [90m[1msavepack[22m | Storing File: res://src/missions/ch4/kestrel_pass.gd.remap[39m[0m
[  98% ] [90m[1msavepack[22m | Storing File: res://src/missions/ch4/number_two_drift.gd.remap[39m[0m
[  98% ] [90m[1msavepack[22m | Storing File: res://src/missions/ch4/scrip_and_silver.gd.remap[39m[0m
[  98% ] [90m[1msavepack[22m | Storing File: res://src/missions/ch4/the_youngest.gd.remap[39m[0m
[  98% ] [90m[1msavepack[22m | Storing File: res://src/missions/ch5/ch5.gd.remap[39m[0m
[  98% ] [90m[1msavepack[22m | Storing File: res://src/missions/ch5/the_meridian_express.gd.remap[39m[0m
[  98% ] [90m[1msavepack[22m | Storing File: res://src/missions/ch5/the_mirror.gd.remap[39m[0m
[  98% ] [90m[1msavepack[22m | Storing File: res://src/missions/ch5/train.gd.remap[39m[0m
[  98% ] [90m[1msavepack[22m | Storing File: res://src/missions/ch5/train_selftest.gd.remap[39m[0m
[  98% ] [90m[1msavepack[22m | Storing File: res://src/missions/ch5/what_we_owe.gd.remap[39m[0m
[  98% ] [90m[1msavepack[22m | Storing File: res://src/missions/ch6/ch6.gd.remap[39m[0m
[  98% ] [90m[1msavepack[22m | Storing File: res://src/missions/ch6/ink.gd.remap[39m[0m
[  98% ] [90m[1msavepack[22m | Storing File: res://src/missions/ch6/long_light.gd.remap[39m[0m
[  98% ] [90m[1msavepack[22m | Storing File: res://src/missions/ch6/pells_warrants.gd.remap[39m[0m
[  98% ] [90m[1msavepack[22m | Storing File: res://src/missions/ch6/spring.gd.remap[39m[0m
[  98% ] [90m[1msavepack[22m | Storing File: res://src/missions/companions/a_horse_of_his_own.gd.remap[39m[0m
[  98% ] [90m[1msavepack[22m | Storing File: res://src/missions/companions/dels_marker.gd.remap[39m[0m
[  98% ] [90m[1msavepack[22m | Storing File: res://src/missions/companions/hymns_for_the_crew.gd.remap[39m[0m
[  98% ] [90m[1msavepack[22m | Storing File: res://src/missions/companions/letter_from_philadelphia.gd.remap[39m[0m
[  98% ] [90m[1msavepack[22m | Storing File: res://src/missions/companions/two_rivers.gd.remap[39m[0m
[  98% ] [90m[1msavepack[22m | Storing File: res://src/missions/strangers/cold_water_pledge.gd.remap[39m[0m
[  98% ] [90m[1msavepack[22m | Storing File: res://src/missions/strangers/doctor_marvel.gd.remap[39m[0m
[  98% ] [90m[1msavepack[22m | Storing File: res://src/missions/strangers/extra_extra.gd.remap[39m[0m
[  98% ] [90m[1msavepack[22m | Storing File: res://src/missions/strangers/hold_still.gd.remap[39m[0m
[  98% ] [90m[1msavepack[22m | Storing File: res://src/missions/strangers/horseless_carriage.gd.remap[39m[0m
[  98% ] [90m[1msavepack[22m | Storing File: res://src/missions/strangers/science_of_skulls.gd.remap[39m[0m
[  98% ] [90m[1msavepack[22m | Storing File: res://src/missions/strangers/st.gd.remap[39m[0m
[  98% ] [90m[1msavepack[22m | Storing File: res://src/missions/strangers/the_comet.gd.remap[39m[0m
[  98% ] [90m[1msavepack[22m | Storing File: res://src/missions/strangers/the_detective.gd.remap[39m[0m
[  98% ] [90m[1msavepack[22m | Storing File: res://src/missions/strangers/the_surveyor.gd.remap[39m[0m
[  98% ] [90m[1msavepack[22m | Storing File: res://src/missions/strangers/widows_herd.gd.remap[39m[0m
[  98% ] [90m[1msavepack[22m | Storing File: res://src/missions/choice_panel.gd.remap[39m[0m
[  98% ] [90m[1msavepack[22m | Storing File: res://src/missions/credits.gd.remap[39m[0m
[  98% ] [90m[1msavepack[22m | Storing File: res://src/missions/journal.gd.remap[39m[0m
[  98% ] [90m[1msavepack[22m | Storing File: res://src/missions/mission.gd.remap[39m[0m
[  98% ] [90m[1msavepack[22m | Storing File: res://src/missions/mission_director.gd.remap[39m[0m
[  98% ] [90m[1msavepack[22m | Storing File: res://src/missions/places.gd.remap[39m[0m
[  98% ] [90m[1msavepack[22m | Storing File: res://src/missions/presentation.gd.remap[39m[0m
[  98% ] [90m[1msavepack[22m | Storing File: res://src/systems/climate.gd.remap[39m[0m
[  98% ] [90m[1msavepack[22m | Storing File: res://src/systems/fishing.gd.remap[39m[0m
[  98% ] [90m[1msavepack[22m | Storing File: res://src/systems/horse_care.gd.remap[39m[0m
[  98% ] [90m[1msavepack[22m | Storing File: res://src/systems/legendary.gd.remap[39m[0m
[  98% ] [90m[1msavepack[22m | Storing File: res://src/systems/newspaper.gd.remap[39m[0m
[  98% ] [90m[1msavepack[22m | Storing File: res://src/systems/outfits.gd.remap[39m[0m
[  98% ] [90m[1msavepack[22m | Storing File: res://src/systems/robbery.gd.remap[39m[0m
[  98% ] [90m[1msavepack[22m | Storing File: res://src/systems/social.gd.remap[39m[0m
[  98% ] [90m[1msavepack[22m | Storing File: res://src/systems/travel.gd.remap[39m[0m
[  98% ] [90m[1msavepack[22m | Storing File: res://src/systems/treasure.gd.remap[39m[0m
[  98% ] [90m[1msavepack[22m | Storing File: res://src/tests/_prof.gd.remap[39m[0m
[  98% ] [90m[1msavepack[22m | Storing File: res://src/tests/armory_bot.gd.remap[39m[0m
[  98% ] [90m[1msavepack[22m | Storing File: res://src/tests/bot_runner.gd.remap[39m[0m
[  98% ] [90m[1msavepack[22m | Storing File: res://src/tests/character_shots.gd.remap[39m[0m
[  98% ] [90m[1msavepack[22m | Storing File: res://src/tests/char_mem.gd.remap[39m[0m
[  98% ] [90m[1msavepack[22m | Storing File: res://src/tests/check_scripts.gd.remap[39m[0m
[  98% ] [90m[1msavepack[22m | Storing File: res://src/tests/combat_bot.gd.remap[39m[0m
[  98% ] [90m[1msavepack[22m | Storing File: res://src/tests/combat_fx.gd.remap[39m[0m
[  98% ] [90m[1msavepack[22m | Storing File: res://src/tests/cover_bot.gd.remap[39m[0m
[  98% ] [90m[1msavepack[22m | Storing File: res://src/tests/error_logger.gd.remap[39m[0m
[  98% ] [90m[1msavepack[22m | Storing File: res://src/tests/feature_shots.gd.remap[39m[0m
[  98% ] [90m[1msavepack[22m | Storing File: res://src/tests/foot_ik_bot.gd.remap[39m[0m
[  98% ] [90m[1msavepack[22m | Storing File: res://src/tests/horse_bot.gd.remap[39m[0m
[  98% ] [90m[1msavepack[22m | Storing File: res://src/tests/horse_test.gd.remap[39m[0m
[  98% ] [90m[1msavepack[22m | Storing File: res://src/tests/hunt_bot.gd.remap[39m[0m
[  98% ] [90m[1msavepack[22m | Storing File: res://src/tests/impostor_test.gd.remap[39m[0m
[  98% ] [90m[1msavepack[22m | Storing File: res://src/tests/kit_probe.gd.remap[39m[0m
[  98% ] [90m[1msavepack[22m | Storing File: res://src/tests/melee_bot.gd.remap[39m[0m
[  98% ] [90m[1msavepack[22m | Storing File: res://src/tests/prop_tris_probe.gd.remap[39m[0m
[  98% ] [90m[1msavepack[22m | Storing File: res://src/tests/shader_probe.gd.remap[39m[0m
[  98% ] [90m[1msavepack[22m | Storing File: res://src/tests/shots.gd.remap[39m[0m
[  98% ] [90m[1msavepack[22m | Storing File: res://src/tests/systems_bot.gd.remap[39m[0m
[  98% ] [90m[1msavepack[22m | Storing File: res://src/tests/test_actor.gd.remap[39m[0m
[  98% ] [90m[1msavepack[22m | Storing File: res://src/tests/ui_bot.gd.remap[39m[0m
[  98% ] [90m[1msavepack[22m | Storing File: res://src/tests/veg_lineup.gd.remap[39m[0m
[  98% ] [90m[1msavepack[22m | Storing File: res://src/tests/vr_shots.gd.remap[39m[0m
[  98% ] [90m[1msavepack[22m | Storing File: res://src/tests/vr_studio.gd.remap[39m[0m
[  98% ] [90m[1msavepack[22m | Storing File: res://src/tests/weapon_lineup.gd.remap[39m[0m
[  98% ] [90m[1msavepack[22m | Storing File: res://src/tests/wildlife_test.gd.remap[39m[0m
[  98% ] [90m[1msavepack[22m | Storing File: res://src/ui/accessibility.gd.remap[39m[0m
[  98% ] [90m[1msavepack[22m | Storing File: res://src/ui/hud.gd.remap[39m[0m
[  98% ] [90m[1msavepack[22m | Storing File: res://src/ui/input_glyphs.gd.remap[39m[0m
[  98% ] [90m[1msavepack[22m | Storing File: res://src/ui/map_view.gd.remap[39m[0m
[  98% ] [90m[1msavepack[22m | Storing File: res://src/ui/menus.gd.remap[39m[0m
[  98% ] [90m[1msavepack[22m | Storing File: res://src/ui/menus_names.gd.remap[39m[0m
[  98% ] [90m[1msavepack[22m | Storing File: res://src/ui/satchel.gd.remap[39m[0m
[  98% ] [90m[1msavepack[22m | Storing File: res://src/ui/shop.gd.remap[39m[0m
[  98% ] [90m[1msavepack[22m | Storing File: res://src/ui/theme.gd.remap[39m[0m
[  98% ] [90m[1msavepack[22m | Storing File: res://src/ui/weapon_wheel.gd.remap[39m[0m
[  98% ] [90m[1msavepack[22m | Storing File: res://src/world/backdrop.gd.remap[39m[0m
[  98% ] [90m[1msavepack[22m | Storing File: res://src/world/building_gen.gd.remap[39m[0m
[  98% ] [90m[1msavepack[22m | Storing File: res://src/world/building_styles.gd.remap[39m[0m
[  98% ] [90m[1msavepack[22m | Storing File: res://src/world/door.gd.remap[39m[0m
[  98% ] [90m[1msavepack[22m | Storing File: res://src/world/impostor_baker.gd.remap[39m[0m
[  98% ] [90m[1msavepack[22m | Storing File: res://src/world/interiors.gd.remap[39m[0m
[  98% ] [90m[1msavepack[22m | Storing File: res://src/world/mesh_kit.gd.remap[39m[0m
[  98% ] [90m[1msavepack[22m | Storing File: res://src/world/props.gd.remap[39m[0m
[  98% ] [90m[1msavepack[22m | Storing File: res://src/world/rail_line.gd.remap[39m[0m
[  98% ] [90m[1msavepack[22m | Storing File: res://src/world/road_graph.gd.remap[39m[0m
[  98% ] [90m[1msavepack[22m | Storing File: res://src/world/road_mesh.gd.remap[39m[0m
[  98% ] [90m[1msavepack[22m | Storing File: res://src/world/scatter.gd.remap[39m[0m
[  98% ] [90m[1msavepack[22m | Storing File: res://src/world/settlements.gd.remap[39m[0m
[  98% ] [90m[1msavepack[22m | Storing File: res://src/world/sign_text.gd.remap[39m[0m
[  98% ] [90m[1msavepack[22m | Storing File: res://src/world/sky.gd.remap[39m[0m
[  98% ] [90m[1msavepack[22m | Storing File: res://src/world/structures.gd.remap[39m[0m
[  98% ] [90m[1msavepack[22m | Storing File: res://src/world/terrain.gd.remap[39m[0m
[  98% ] [90m[1msavepack[22m | Storing File: res://src/world/town_layout.gd.remap[39m[0m
[  98% ] [90m[1msavepack[22m | Storing File: res://src/world/town_mats.gd.remap[39m[0m
[  98% ] [90m[1msavepack[22m | Storing File: res://src/world/tree_gen.gd.remap[39m[0m
[  98% ] [90m[1msavepack[22m | Storing File: res://src/world/vegetation.gd.remap[39m[0m
[  98% ] [90m[1msavepack[22m | Storing File: res://src/world/water.gd.remap[39m[0m
[  98% ] [90m[1msavepack[22m | Storing File: res://src/world/weather_fx.gd.remap[39m[0m
[  98% ] [90m[1msavepack[22m | Storing File: res://src/world/world_data.gd.remap[39m[0m
[  98% ] [90m[1msavepack[22m | Storing File: res://src/xr/vr.gd.remap[39m[0m
[  98% ] [90m[1msavepack[22m | Storing File: res://src/xr/vr_hand.gd.remap[39m[0m
[  98% ] [90m[1msavepack[22m | Storing File: res://src/xr/vr_play.gd.remap[39m[0m
[  98% ] [90m[1msavepack[22m | Storing File: res://src/xr/vr_sim.gd.remap[39m[0m
[  98% ] [90m[1msavepack[22m | Storing File: res://.godot/global_script_class_cache.cfg[39m[0m
[  98% ] [90m[1msavepack[22m | Storing File: res://.godot/uid_cache.bin[39m[0m
[  98% ] [90m[1msavepack[22m | Storing File: res://project.binary[39m[0m
[92m[ DONE ][39m [1msavepack[22m
[0m
[92m[ DONE ][39m [1mexport[22m
[0m
