camera in solid at -136 82 -40: moved to -131 82 -35
textures without a painter: missing
textures: 1680 layers at 128 px, BC3, 35.0 MB with mips (build 664 ms, upload 229 ms)
light probe: eye sky 15 block 0 in air; floor+1 (y 82) sky 15 block 0 in air, daylight 1.0
imagecheck texsrc_procedural_forest.png magenta=0.00000 black=0.0010 white=0.0008 std=30.8 hash=9fa3018a81583028
imagecheck texsrc_procedural_forest.png magenta=0.00000 black=0.0010 white=0.0008 std=30.8 hash=9fa3018a81583028
seed 12345  pos -130.5 146.0 -34.5  rd 8  chunks 297  (drawn 77)
gen 293 ms  mesh(all, parallel) 324 ms  mesh(1 section) 0.80 ms  quads 1136052 opaque / 9408 water
frame (encode+GPU, offscreen, median of 30) 6.36 ms  biome forest
mesh slabs 40 MB, chunks 297 (block+light arrays 29 MB), Metal allocated 178 MB
memory: resident 251 MB  (section meshes 35 MB)
wrote snaps/texsrc_procedural_forest.png
biome stony_shore not found
camera in solid at 8 87 8: moved to 6 89 9
textures without a painter: missing
textures: 1680 layers at 128 px, BC3, 35.0 MB with mips (build 759 ms, upload 258 ms)
light probe: eye sky 15 block 0 in air; floor+1 (y 86) sky 15 block 0 in air, daylight 1.0
imagecheck texsrc_procedural_cliff.png magenta=0.00000 black=0.0002 white=0.0008 std=29.9 hash=0508e65bd7268e3f
imagecheck texsrc_procedural_cliff.png magenta=0.00000 black=0.0002 white=0.0008 std=29.9 hash=0508e65bd7268e3f
seed 12345  pos 6.5 153.0 9.5  rd 8  chunks 297  (drawn 71)
gen 254 ms  mesh(all, parallel) 250 ms  mesh(1 section) 0.78 ms  quads 976459 opaque / 20248 water
frame (encode+GPU, offscreen, median of 30) 4.19 ms  biome forest
mesh slabs 36 MB, chunks 297 (block+light arrays 28 MB), Metal allocated 174 MB
memory: resident 227 MB  (section meshes 30 MB)
wrote snaps/texsrc_procedural_cliff.png
structure village at 14 129 -322 (38 pieces, framed)
textures without a painter: missing
textures: 1680 layers at 128 px, BC3, 35.0 MB with mips (build 816 ms, upload 279 ms)
light probe: eye sky 15 block 0 in air; floor+1 (y 135) sky 15 block 0 in air, daylight 1.0
imagecheck texsrc_procedural_village.png magenta=0.00000 black=0.0000 white=0.0008 std=59.1 hash=9e06c495bcd22afb
imagecheck texsrc_procedural_village.png magenta=0.00000 black=0.0000 white=0.0008 std=59.1 hash=9e06c495bcd22afb
seed 12345  pos -16.8 212.1 -347.8  rd 8  chunks 297  (drawn 74)
gen 254 ms  mesh(all, parallel) 398 ms  mesh(1 section) 0.58 ms  quads 1628606 opaque / 12018 water
frame (encode+GPU, offscreen, median of 30) 5.35 ms  biome taiga
mesh slabs 56 MB, chunks 297 (block+light arrays 37 MB), Metal allocated 206 MB
memory: resident 286 MB  (section meshes 50 MB)
wrote snaps/texsrc_procedural_village.png
camera in solid at -136 82 -40: moved to -131 82 -35
textures without a painter: missing
textures: 1680 layers at 128 px, BC3, 35.0 MB with mips (build 822 ms, upload 288 ms)
light probe: eye sky 15 block 0 in air; floor+1 (y 82) sky 15 block 0 in air, daylight 1.0
imagecheck texsrc_cc0_forest.png magenta=0.00000 black=0.0009 white=0.0008 std=31.0 hash=d29bed07b082fa88
imagecheck texsrc_cc0_forest.png magenta=0.00000 black=0.0009 white=0.0008 std=31.0 hash=d29bed07b082fa88
seed 12345  pos -130.5 146.0 -34.5  rd 8  chunks 297  (drawn 77)
gen 252 ms  mesh(all, parallel) 278 ms  mesh(1 section) 0.91 ms  quads 1136052 opaque / 9408 water
frame (encode+GPU, offscreen, median of 30) 6.23 ms  biome forest
mesh slabs 40 MB, chunks 297 (block+light arrays 29 MB), Metal allocated 178 MB
memory: resident 252 MB  (section meshes 35 MB)
wrote snaps/texsrc_cc0_forest.png
biome stony_shore not found
camera in solid at 8 87 8: moved to 6 89 9
textures without a painter: missing
textures: 1680 layers at 128 px, BC3, 35.0 MB with mips (build 862 ms, upload 275 ms)
light probe: eye sky 15 block 0 in air; floor+1 (y 86) sky 15 block 0 in air, daylight 1.0
imagecheck texsrc_cc0_cliff.png magenta=0.00000 black=0.0000 white=0.0008 std=30.6 hash=928f9a4c3a4dc33f
imagecheck texsrc_cc0_cliff.png magenta=0.00000 black=0.0000 white=0.0008 std=30.6 hash=928f9a4c3a4dc33f
seed 12345  pos 6.5 153.0 9.5  rd 8  chunks 297  (drawn 71)
gen 259 ms  mesh(all, parallel) 264 ms  mesh(1 section) 0.66 ms  quads 976459 opaque / 20248 water
frame (encode+GPU, offscreen, median of 30) 5.00 ms  biome forest
mesh slabs 36 MB, chunks 297 (block+light arrays 28 MB), Metal allocated 174 MB
memory: resident 243 MB  (section meshes 30 MB)
wrote snaps/texsrc_cc0_cliff.png
structure village at 14 129 -322 (38 pieces, framed)
textures without a painter: missing
textures: 1680 layers at 128 px, BC3, 35.0 MB with mips (build 827 ms, upload 282 ms)
light probe: eye sky 15 block 0 in air; floor+1 (y 135) sky 15 block 0 in air, daylight 1.0
imagecheck texsrc_cc0_village.png magenta=0.00000 black=0.0000 white=0.0008 std=59.5 hash=fa4029e8a8c56e0a
imagecheck texsrc_cc0_village.png magenta=0.00000 black=0.0000 white=0.0008 std=59.5 hash=fa4029e8a8c56e0a
seed 12345  pos -16.8 212.1 -347.8  rd 8  chunks 297  (drawn 74)
gen 290 ms  mesh(all, parallel) 440 ms  mesh(1 section) 0.58 ms  quads 1628606 opaque / 12018 water
frame (encode+GPU, offscreen, median of 30) 5.23 ms  biome taiga
mesh slabs 56 MB, chunks 297 (block+light arrays 37 MB), Metal allocated 206 MB
memory: resident 287 MB  (section meshes 50 MB)
wrote snaps/texsrc_cc0_village.png
camera in solid at -136 82 -40: moved to -131 82 -35
textures without a painter: missing
textures: 1680 layers at 128 px, BC3, 35.0 MB with mips (build 925 ms, upload 320 ms)
light probe: eye sky 15 block 0 in air; floor+1 (y 82) sky 15 block 0 in air, daylight 1.0
imagecheck texsrc_gemini_forest.png magenta=0.00000 black=0.0051 white=0.0008 std=36.5 hash=2918f7068c5b26a9
imagecheck texsrc_gemini_forest.png magenta=0.00000 black=0.0051 white=0.0008 std=36.5 hash=2918f7068c5b26a9
seed 12345  pos -130.5 146.0 -34.5  rd 8  chunks 297  (drawn 77)
gen 262 ms  mesh(all, parallel) 284 ms  mesh(1 section) 0.82 ms  quads 1136052 opaque / 9408 water
frame (encode+GPU, offscreen, median of 30) 5.45 ms  biome forest
mesh slabs 40 MB, chunks 297 (block+light arrays 29 MB), Metal allocated 178 MB
memory: resident 234 MB  (section meshes 35 MB)
wrote snaps/texsrc_gemini_forest.png
biome stony_shore not found
camera in solid at 8 87 8: moved to 6 89 9
textures without a painter: missing
textures: 1680 layers at 128 px, BC3, 35.0 MB with mips (build 850 ms, upload 279 ms)
light probe: eye sky 15 block 0 in air; floor+1 (y 86) sky 15 block 0 in air, daylight 1.0
imagecheck texsrc_gemini_cliff.png magenta=0.00000 black=0.0022 white=0.0008 std=30.6 hash=f6d8bfbbcfe9f9b3
imagecheck texsrc_gemini_cliff.png magenta=0.00000 black=0.0022 white=0.0008 std=30.6 hash=f6d8bfbbcfe9f9b3
seed 12345  pos 6.5 153.0 9.5  rd 8  chunks 297  (drawn 71)
gen 253 ms  mesh(all, parallel) 267 ms  mesh(1 section) 0.60 ms  quads 976459 opaque / 20248 water
frame (encode+GPU, offscreen, median of 30) 5.85 ms  biome forest
mesh slabs 36 MB, chunks 297 (block+light arrays 28 MB), Metal allocated 174 MB
memory: resident 239 MB  (section meshes 30 MB)
wrote snaps/texsrc_gemini_cliff.png
structure village at 14 129 -322 (38 pieces, framed)
textures without a painter: missing
textures: 1680 layers at 128 px, BC3, 35.0 MB with mips (build 672 ms, upload 230 ms)
light probe: eye sky 15 block 0 in air; floor+1 (y 135) sky 15 block 0 in air, daylight 1.0
imagecheck texsrc_gemini_village.png magenta=0.00000 black=0.0000 white=0.0008 std=61.0 hash=9e2cb7d2131aa0f0
imagecheck texsrc_gemini_village.png magenta=0.00000 black=0.0000 white=0.0008 std=61.0 hash=9e2cb7d2131aa0f0
seed 12345  pos -16.8 212.1 -347.8  rd 8  chunks 297  (drawn 74)
gen 236 ms  mesh(all, parallel) 374 ms  mesh(1 section) 0.55 ms  quads 1628606 opaque / 12018 water
frame (encode+GPU, offscreen, median of 30) 4.98 ms  biome taiga
mesh slabs 56 MB, chunks 297 (block+light arrays 37 MB), Metal allocated 206 MB
memory: resident 288 MB  (section meshes 50 MB)
wrote snaps/texsrc_gemini_village.png
textures without a painter: missing
textures: 1680 layers at 128 px, BC3, 35.0 MB with mips (build 639 ms, upload 235 ms)
light probe: eye sky 15 block 0 in air; floor+1 (y 72) sky 15 block 0 in air, daylight 1.0
imagecheck mobs.png magenta=0.00000 black=0.0048 white=0.0008 std=28.1 hash=bac849e1c84b9ac6
imagecheck mobs.png magenta=0.00000 black=0.0048 white=0.0008 std=28.1 hash=bac849e1c84b9ac6
seed 12345  pos 31.5 137.0 29.5  rd 8  chunks 297  (drawn 78)
gen 199 ms  mesh(all, parallel) 208 ms  mesh(1 section) 0.67 ms  quads 976459 opaque / 20248 water
frame (encode+GPU, offscreen, median of 30) 4.75 ms  biome forest
mesh slabs 36 MB, chunks 297 (block+light arrays 28 MB), Metal allocated 186 MB
memory: resident 245 MB  (section meshes 30 MB)
wrote snaps/mobs.png
textures without a painter: missing
textures: 1680 layers at 128 px, BC3, 35.0 MB with mips (build 748 ms, upload 263 ms)
light probe: eye sky 15 block 0 in air; floor+1 (y 72) sky 15 block 0 in air, daylight 1.0
imagecheck mob_shadows.png magenta=0.00000 black=0.0031 white=0.0008 std=29.6 hash=b6d08235372a8dde
imagecheck mob_shadows.png magenta=0.00000 black=0.0031 white=0.0008 std=29.6 hash=b6d08235372a8dde
seed 12345  pos 31.5 137.0 29.5  rd 8  chunks 297  (drawn 78)
gen 214 ms  mesh(all, parallel) 230 ms  mesh(1 section) 1.22 ms  quads 976459 opaque / 20248 water
frame (encode+GPU, offscreen, median of 30) 4.13 ms  biome forest
mesh slabs 36 MB, chunks 297 (block+light arrays 28 MB), Metal allocated 186 MB
memory: resident 258 MB  (section meshes 30 MB)
wrote snaps/mob_shadows.png
textures without a painter: missing
textures: 1680 layers at 128 px, BC3, 35.0 MB with mips (build 653 ms, upload 252 ms)
light probe: eye sky 15 block 0 in air; floor+1 (y 72) sky 15 block 0 in air, daylight 1.0
imagecheck hostile.png magenta=0.00000 black=0.0047 white=0.0008 std=27.1 hash=0397d3b3a1cfbd56
imagecheck hostile.png magenta=0.00000 black=0.0047 white=0.0008 std=27.1 hash=0397d3b3a1cfbd56
seed 12345  pos 31.5 137.0 29.5  rd 8  chunks 297  (drawn 78)
gen 221 ms  mesh(all, parallel) 221 ms  mesh(1 section) 0.92 ms  quads 976459 opaque / 20248 water
frame (encode+GPU, offscreen, median of 30) 6.00 ms  biome forest
mesh slabs 36 MB, chunks 297 (block+light arrays 28 MB), Metal allocated 186 MB
memory: resident 254 MB  (section meshes 30 MB)
wrote snaps/hostile.png
textures without a painter: missing
textures: 1680 layers at 128 px, BC3, 35.0 MB with mips (build 949 ms, upload 296 ms)
light probe: eye sky 0 block 0 in air; floor+1 (y 74) sky 0 block 0 in air, daylight 1.0
imagecheck nether.png magenta=0.00000 black=0.0005 white=0.0009 std=28.2 hash=5f9c9ecb24c09c11
imagecheck nether.png magenta=0.00000 black=0.0005 white=0.0009 std=28.2 hash=5f9c9ecb24c09c11
seed 12345  pos 0.5 140.0 0.5  rd 8  chunks 297  (drawn 61)
gen 155 ms  mesh(all, parallel) 278 ms  mesh(1 section) 0.37 ms  quads 377365 opaque / 0 water
frame (encode+GPU, offscreen, median of 30) 4.08 ms  biome netherWastes
mesh slabs 16 MB, chunks 297 (block+light arrays 32 MB), Metal allocated 154 MB
memory: resident 199 MB  (section meshes 12 MB)
wrote snaps/nether.png
textures without a painter: missing
textures: 1680 layers at 128 px, BC3, 35.0 MB with mips (build 821 ms, upload 321 ms)
light probe: eye sky 0 block 7 in air; floor+1 (y 40) sky 0 block 4 in air, daylight 1.0
imagecheck ember_crimson.png magenta=0.00000 black=0.0248 white=0.0008 std=25.1 hash=40328aaab6c1129c
imagecheck ember_crimson.png magenta=0.00000 black=0.0248 white=0.0008 std=25.1 hash=40328aaab6c1129c
seed 12345  pos -135.5 106.0 248.5  rd 8  chunks 297  (drawn 51)
gen 133 ms  mesh(all, parallel) 256 ms  mesh(1 section) 0.24 ms  quads 365710 opaque / 0 water
frame (encode+GPU, offscreen, median of 30) 4.75 ms  biome crimsonForest
mesh slabs 16 MB, chunks 297 (block+light arrays 32 MB), Metal allocated 154 MB
memory: resident 209 MB  (section meshes 11 MB)
wrote snaps/ember_crimson.png
camera in solid at -88 69 104: moved to -90 70 105
textures without a painter: missing
textures: 1680 layers at 128 px, BC3, 35.0 MB with mips (build 821 ms, upload 288 ms)
light probe: eye sky 0 block 0 in warped_wart_block; floor+1 (y 70) sky 0 block 9 in air, daylight 1.0
imagecheck ember_warped.png magenta=0.00000 black=0.0030 white=0.0128 std=55.5 hash=0e890f2011c75a79
imagecheck ember_warped.png magenta=0.00000 black=0.0030 white=0.0128 std=55.5 hash=0e890f2011c75a79
seed 12345  pos -89.5 140.0 105.5  rd 8  chunks 297  (drawn 75)
gen 134 ms  mesh(all, parallel) 268 ms  mesh(1 section) 0.22 ms  quads 378359 opaque / 0 water
frame (encode+GPU, offscreen, median of 30) 4.55 ms  biome warpedForest
mesh slabs 16 MB, chunks 297 (block+light arrays 33 MB), Metal allocated 154 MB
memory: resident 215 MB  (section meshes 12 MB)
wrote snaps/ember_warped.png
textures without a painter: missing
textures: 1680 layers at 128 px, BC3, 35.0 MB with mips (build 894 ms, upload 290 ms)
light probe: eye sky 0 block 0 in air; floor+1 (y 62) sky 0 block 0 in air, daylight 1.0
imagecheck ember_soul.png magenta=0.00000 black=0.0009 white=0.0008 std=18.1 hash=b431263f4d4e97f4
imagecheck ember_soul.png magenta=0.00000 black=0.0009 white=0.0008 std=18.1 hash=b431263f4d4e97f4
seed 12345  pos -135.5 128.0 -183.5  rd 8  chunks 297  (drawn 59)
gen 131 ms  mesh(all, parallel) 208 ms  mesh(1 section) 0.35 ms  quads 393586 opaque / 0 water
frame (encode+GPU, offscreen, median of 30) 3.82 ms  biome soulSandValley
mesh slabs 16 MB, chunks 297 (block+light arrays 32 MB), Metal allocated 154 MB
memory: resident 212 MB  (section meshes 12 MB)
wrote snaps/ember_soul.png
textures without a painter: missing
textures: 1680 layers at 128 px, BC3, 35.0 MB with mips (build 899 ms, upload 296 ms)
light probe: eye sky 0 block 10 in air; floor+1 (y 31) sky 0 block 15 in lava, daylight 1.0
imagecheck ember_basalt.png magenta=0.00000 black=0.0003 white=0.0008 std=64.4 hash=43e0d3bd0af9c32d
imagecheck ember_basalt.png magenta=0.00000 black=0.0003 white=0.0008 std=64.4 hash=43e0d3bd0af9c32d
seed 12345  pos -327.5 99.0 104.5  rd 8  chunks 297  (drawn 72)
gen 142 ms  mesh(all, parallel) 221 ms  mesh(1 section) 0.21 ms  quads 357742 opaque / 0 water
frame (encode+GPU, offscreen, median of 30) 3.81 ms  biome basaltDeltas
mesh slabs 16 MB, chunks 297 (block+light arrays 33 MB), Metal allocated 154 MB
memory: resident 202 MB  (section meshes 11 MB)
wrote snaps/ember_basalt.png
textures without a painter: missing
textures: 1680 layers at 128 px, BC3, 35.0 MB with mips (build 895 ms, upload 299 ms)
light probe: eye sky 0 block 0 in air; floor+1 (y 42) sky 0 block 0 in air, daylight 1.0
imagecheck nether_wide.png magenta=0.00000 black=0.0005 white=0.0008 std=35.7 hash=cfc540877829d45f
imagecheck nether_wide.png magenta=0.00000 black=0.0005 white=0.0008 std=35.7 hash=cfc540877829d45f
seed 12345  pos 300.0 112.0 -200.0  rd 8  chunks 297  (drawn 47)
gen 136 ms  mesh(all, parallel) 197 ms  mesh(1 section) 0.55 ms  quads 326333 opaque / 0 water
frame (encode+GPU, offscreen, median of 30) 3.52 ms  biome netherWastes
mesh slabs 12 MB, chunks 297 (block+light arrays 32 MB), Metal allocated 150 MB
memory: resident 193 MB  (section meshes 10 MB)
wrote snaps/nether_wide.png
structure fortress at 136 62 24 (25 pieces)
textures without a painter: missing
textures: 1680 layers at 128 px, BC3, 35.0 MB with mips (build 869 ms, upload 341 ms)
light probe: eye sky 0 block 0 in air; floor+1 (y 62) sky 0 block 0 in air, daylight 1.0
imagecheck fortress.png magenta=0.00000 black=0.2179 white=0.0008 std=13.5 hash=25186f017d2c1202
imagecheck fortress.png magenta=0.00000 black=0.2179 white=0.0008 std=13.5 hash=25186f017d2c1202
seed 12345  pos 136.5 127.0 24.5  rd 6  chunks 193  (drawn 45)
gen 100 ms  mesh(all, parallel) 148 ms  mesh(1 section) 0.23 ms  quads 226342 opaque / 0 water
frame (encode+GPU, offscreen, median of 30) 3.17 ms  biome crimsonForest
mesh slabs 8 MB, chunks 193 (block+light arrays 21 MB), Metal allocated 146 MB
memory: resident 184 MB  (section meshes 7 MB)
wrote snaps/fortress.png
structure fortress at 136 62 24 (25 pieces)
camera in solid at 136 71 24: moved to 134 69 22
textures without a painter: missing
textures: 1680 layers at 128 px, BC3, 35.0 MB with mips (build 735 ms, upload 278 ms)
light probe: eye sky 0 block 0 in netherrack; floor+1 (y 64) sky 0 block 0 in air, daylight 1.0
imagecheck fortress_far.png magenta=0.00000 black=0.1741 white=0.0008 std=16.2 hash=dcbdb3393bceadfc
imagecheck fortress_far.png magenta=0.00000 black=0.1741 white=0.0008 std=16.2 hash=dcbdb3393bceadfc
seed 12345  pos 134.5 137.0 22.5  rd 8  chunks 297  (drawn 81)
gen 151 ms  mesh(all, parallel) 251 ms  mesh(1 section) 0.23 ms  quads 335425 opaque / 0 water
frame (encode+GPU, offscreen, median of 30) 3.54 ms  biome crimsonForest
mesh slabs 12 MB, chunks 297 (block+light arrays 32 MB), Metal allocated 150 MB
memory: resident 202 MB  (section meshes 10 MB)
wrote snaps/fortress_far.png
structure fortress at 136 62 24 (25 pieces)
textures without a painter: missing
textures: 1680 layers at 128 px, BC3, 35.0 MB with mips (build 726 ms, upload 258 ms)
light probe: eye sky 0 block 0 in air; floor+1 (y 62) sky 0 block 0 in air, daylight 1.0
imagecheck nether_mobs.png magenta=0.00000 black=0.1871 white=0.0008 std=16.2 hash=63daed878edaa972
imagecheck nether_mobs.png magenta=0.00000 black=0.1871 white=0.0008 std=16.2 hash=63daed878edaa972
seed 12345  pos 136.5 127.0 24.5  rd 6  chunks 193  (drawn 41)
gen 82 ms  mesh(all, parallel) 125 ms  mesh(1 section) 0.24 ms  quads 226344 opaque / 0 water
frame (encode+GPU, offscreen, median of 30) 3.98 ms  biome crimsonForest
mesh slabs 8 MB, chunks 193 (block+light arrays 21 MB), Metal allocated 158 MB
memory: resident 198 MB  (section meshes 7 MB)
wrote snaps/nether_mobs.png
structure bastion at 200 34 -334 (1 pieces)
textures without a painter: missing
textures: 1680 layers at 128 px, BC3, 35.0 MB with mips (build 832 ms, upload 305 ms)
light probe: eye sky 0 block 0 in air; floor+1 (y 34) sky 0 block 0 in air, daylight 1.0
imagecheck bastion.png magenta=0.00000 black=0.0279 white=0.0008 std=14.8 hash=f43b5d31a6ce1abe
imagecheck bastion.png magenta=0.00000 black=0.0279 white=0.0008 std=14.8 hash=f43b5d31a6ce1abe
seed 12345  pos 200.5 99.0 -333.5  rd 6  chunks 193  (drawn 5)
gen 81 ms  mesh(all, parallel) 132 ms  mesh(1 section) 0.15 ms  quads 225992 opaque / 0 water
frame (encode+GPU, offscreen, median of 30) 3.10 ms  biome soulSandValley
mesh slabs 8 MB, chunks 193 (block+light arrays 21 MB), Metal allocated 158 MB
memory: resident 191 MB  (section meshes 7 MB)
wrote snaps/bastion.png
structure bastion at 200 34 -334 (1 pieces)
camera in solid at 200 48 -334: moved to 195 43 -339
textures without a painter: missing
textures: 1680 layers at 128 px, BC3, 35.0 MB with mips (build 818 ms, upload 280 ms)
light probe: eye sky 0 block 0 in netherrack; floor+1 (y 49) sky 0 block 0 in netherrack, daylight 1.0
imagecheck bastion_far.png magenta=0.00000 black=0.0005 white=0.0008 std=19.0 hash=4f92d8a895d890e4
imagecheck bastion_far.png magenta=0.00000 black=0.0005 white=0.0008 std=19.0 hash=4f92d8a895d890e4
seed 12345  pos 195.5 112.0 -338.5  rd 8  chunks 297  (drawn 39)
gen 140 ms  mesh(all, parallel) 218 ms  mesh(1 section) 0.20 ms  quads 362640 opaque / 0 water
frame (encode+GPU, offscreen, median of 30) 4.02 ms  biome soulSandValley
mesh slabs 16 MB, chunks 297 (block+light arrays 32 MB), Metal allocated 166 MB
memory: resident 211 MB  (section meshes 11 MB)
wrote snaps/bastion_far.png
feature canyon at 863 -1106
textures without a painter: missing
textures: 1680 layers at 128 px, BC3, 35.0 MB with mips (build 870 ms, upload 311 ms)
light probe: eye sky 15 block 0 in air; floor+1 (y 116) sky 15 block 0 in air, daylight 1.0
imagecheck canyon.png magenta=0.00000 black=0.0000 white=0.0008 std=56.2 hash=b5211ca6a7defb67
imagecheck canyon.png magenta=0.00000 black=0.0000 white=0.0008 std=56.2 hash=b5211ca6a7defb67
seed 12345  pos 888.5 219.0 -1059.5  rd 12  chunks 593  (drawn 176)
gen 518 ms  mesh(all, parallel) 606 ms  mesh(1 section) 0.33 ms  quads 1992557 opaque / 36698 water
frame (encode+GPU, offscreen, median of 30) 8.74 ms  biome taiga
mesh slabs 72 MB, chunks 593 (block+light arrays 69 MB), Metal allocated 222 MB
memory: resident 334 MB  (section meshes 62 MB)
wrote snaps/canyon.png
feature canyon at 863 -1106
textures without a painter: missing
textures: 1680 layers at 128 px, BC3, 35.0 MB with mips (build 805 ms, upload 268 ms)
light probe: eye sky 15 block 0 in air; floor+1 (y 108) sky 15 block 0 in air, daylight 1.0
imagecheck canyon_floor.png magenta=0.00000 black=0.0011 white=0.0008 std=32.6 hash=393cce7139a2f174
imagecheck canyon_floor.png magenta=0.00000 black=0.0011 white=0.0008 std=32.6 hash=393cce7139a2f174
seed 12345  pos 859.5 174.0 -1103.5  rd 10  chunks 437  (drawn 109)
gen 392 ms  mesh(all, parallel) 479 ms  mesh(1 section) 0.46 ms  quads 1830815 opaque / 28180 water
frame (encode+GPU, offscreen, median of 30) 6.98 ms  biome taiga
mesh slabs 64 MB, chunks 437 (block+light arrays 50 MB), Metal allocated 214 MB
memory: resident 282 MB  (section meshes 57 MB)
wrote snaps/canyon_floor.png
structure great_ruin at -1816 73 249 (1 pieces, framed)
textures without a painter: missing
textures: 1680 layers at 128 px, BC3, 35.0 MB with mips (build 821 ms, upload 303 ms)
light probe: eye sky 15 block 0 in air; floor+1 (y 79) sky 15 block 0 in air, daylight 1.0
imagecheck spire.png magenta=0.00000 black=0.0000 white=0.0008 std=45.4 hash=84c26bca7ce4259f
imagecheck spire.png magenta=0.00000 black=0.0000 white=0.0008 std=45.4 hash=84c26bca7ce4259f
seed 12345  pos -1856.9 169.2 191.1  rd 12  chunks 593  (drawn 150)
gen 669 ms  mesh(all, parallel) 827 ms  mesh(1 section) 0.44 ms  quads 1561236 opaque / 24144 water
frame (encode+GPU, offscreen, median of 30) 7.93 ms  biome birchForest
mesh slabs 56 MB, chunks 593 (block+light arrays 54 MB), Metal allocated 194 MB
memory: resident 295 MB  (section meshes 48 MB)
wrote snaps/spire.png
structure great_ruin at -1816 73 249 (1 pieces)
textures without a painter: missing
textures: 1680 layers at 128 px, BC3, 35.0 MB with mips (build 876 ms, upload 280 ms)
light probe: eye sky 10 block 0 in air; floor+1 (y 73) sky 10 block 1 in air, daylight 1.0
imagecheck spire_inside.png magenta=0.00000 black=0.0188 white=0.0008 std=18.0 hash=cc21987fb7ba6794
imagecheck spire_inside.png magenta=0.00000 black=0.0188 white=0.0008 std=18.0 hash=cc21987fb7ba6794
seed 12345  pos -1815.5 138.0 241.5  rd 8  chunks 297  (drawn 68)
gen 225 ms  mesh(all, parallel) 299 ms  mesh(1 section) 0.43 ms  quads 1080567 opaque / 9099 water
frame (encode+GPU, offscreen, median of 30) 4.19 ms  biome forest
mesh slabs 40 MB, chunks 297 (block+light arrays 27 MB), Metal allocated 178 MB
memory: resident 242 MB  (section meshes 33 MB)
wrote snaps/spire_inside.png
structure great_ruin at -1816 73 249 (1 pieces)
textures without a painter: missing
textures: 1680 layers at 128 px, BC3, 35.0 MB with mips (build 775 ms, upload 263 ms)
light probe: eye sky 15 block 0 in air; floor+1 (y 64) sky 15 block 0 in air, daylight 1.0
imagecheck spire_horizon.png magenta=0.00000 black=0.0000 white=0.0056 std=34.0 hash=5826d94e2b24e00e
imagecheck spire_horizon.png magenta=0.00000 black=0.0000 white=0.0056 std=34.0 hash=5826d94e2b24e00e
seed 12345  pos -1815.5 167.0 949.5  rd 8  chunks 297  (drawn 51)
gen 265 ms  mesh(all, parallel) 246 ms  mesh(1 section) 1.59 ms  quads 736517 opaque / 65957 water
frame (encode+GPU, offscreen, median of 30) 5.45 ms  biome warmOcean
mesh slabs 28 MB, chunks 297 (block+light arrays 22 MB), Metal allocated 178 MB
memory: resident 215 MB  (section meshes 24 MB)
wrote snaps/spire_horizon.png
camera in solid at -136 82 -40: moved to -131 82 -35
PASS cinematic: the path passes through every keyframe
PASS cinematic: the path is smooth (largest step 0.38 blocks per 1/100 key)
PASS cinematic: yaw from 3.0 to -3.0 goes the short way round (mid 3.11)
cinetest: PASS
textures without a painter: missing
textures: 1680 layers at 128 px, BC3, 35.0 MB with mips (build 713 ms, upload 262 ms)
light probe: eye sky 15 block 0 in air; floor+1 (y 82) sky 15 block 0 in air, daylight 1.0
imagecheck photo_dof.png magenta=0.00000 black=0.0000 white=0.0000 std=32.7 hash=a048fa987851a78e
imagecheck photo_dof.png magenta=0.00000 black=0.0000 white=0.0000 std=32.7 hash=a048fa987851a78e
seed 12345  pos -130.5 146.0 -34.5  rd 8  chunks 297  (drawn 73)
gen 243 ms  mesh(all, parallel) 265 ms  mesh(1 section) 0.83 ms  quads 1136052 opaque / 9408 water
frame (encode+GPU, offscreen, median of 30) 8.12 ms  biome forest
mesh slabs 40 MB, chunks 297 (block+light arrays 29 MB), Metal allocated 178 MB
memory: resident 248 MB  (section meshes 35 MB)
wrote snaps/photo_dof.png
textures without a painter: missing
textures: 1680 layers at 128 px, BC3, 35.0 MB with mips (build 650 ms, upload 222 ms)
light probe: eye sky 15 block 0 in air; floor+1 (y 70) sky 15 block 0 in air, daylight 1.0
imagecheck photo_dof_far.png magenta=0.00000 black=0.0000 white=0.0000 std=33.4 hash=0d9c447bd24aca0b
imagecheck photo_dof_far.png magenta=0.00000 black=0.0000 white=0.0000 std=33.4 hash=0d9c447bd24aca0b
seed 12345  pos -87.5 137.0 104.5  rd 10  chunks 437  (drawn 110)
gen 434 ms  mesh(all, parallel) 330 ms  mesh(1 section) 0.21 ms  quads 1046189 opaque / 34061 water
frame (encode+GPU, offscreen, median of 30) 5.33 ms  biome plains
mesh slabs 40 MB, chunks 437 (block+light arrays 38 MB), Metal allocated 178 MB
memory: resident 260 MB  (section meshes 33 MB)
wrote snaps/photo_dof_far.png
feature volcano at -1015 2835
textures without a painter: missing
textures: 1680 layers at 128 px, BC3, 35.0 MB with mips (build 700 ms, upload 269 ms)
light probe: eye sky 15 block 0 in air; floor+1 (y 142) sky 15 block 0 in air, daylight 1.0
imagecheck volcano_far.png magenta=0.00000 black=0.0000 white=0.0029 std=54.3 hash=36f7db5f9ea61ddd
imagecheck volcano_far.png magenta=0.00000 black=0.0000 white=0.0029 std=54.3 hash=36f7db5f9ea61ddd
pick 650,456: basalt at -1017 99 2931 (163 blocks)
pick 650,462: stone at -1017 92 2922 (175 blocks)
pick 700,458: stone at -1002 94 2923 (174 blocks)
pick 700,464: basalt at -1003 99 2936 (160 blocks)
pick 760,460: stone at -983 90 2918 (183 blocks)
pick 760,466: basalt at -986 96 2932 (167 blocks)
seed 12345  pos -1019.5 245.0 3072.5  rd 16  chunks 997  (drawn 269)
gen 691 ms  mesh(all, parallel) 957 ms  mesh(1 section) 0.58 ms  quads 2625021 opaque / 50599 water
frame (encode+GPU, offscreen, median of 30) 10.28 ms  biome jungle
mesh slabs 92 MB, chunks 997 (block+light arrays 104 MB), Metal allocated 230 MB
memory: resident 373 MB  (section meshes 82 MB)
wrote snaps/volcano_far.png
feature volcano at -1015 2835
textures without a painter: missing
textures: 1680 layers at 128 px, BC3, 35.0 MB with mips (build 815 ms, upload 284 ms)
light probe: eye sky 15 block 0 in air; floor+1 (y 188) sky 15 block 0 in air, daylight 1.0
imagecheck volcano_crater.png magenta=0.00000 black=0.0000 white=0.0008 std=57.9 hash=33e9e960ad6aa64a
imagecheck volcano_crater.png magenta=0.00000 black=0.0000 white=0.0008 std=57.9 hash=33e9e960ad6aa64a
seed 12345  pos -1001.5 291.0 2877.5  rd 10  chunks 437  (drawn 153)
gen 385 ms  mesh(all, parallel) 411 ms  mesh(1 section) 0.34 ms  quads 1373038 opaque / 25196 water
frame (encode+GPU, offscreen, median of 30) 4.97 ms  biome stonyPeaks
mesh slabs 48 MB, chunks 437 (block+light arrays 47 MB), Metal allocated 186 MB
memory: resident 274 MB  (section meshes 43 MB)
wrote snaps/volcano_crater.png
feature volcano at -1015 2835
textures without a painter: missing
textures: 1680 layers at 128 px, BC3, 35.0 MB with mips (build 682 ms, upload 240 ms)
light probe: eye sky 15 block 0 in air; floor+1 (y 182) sky 15 block 0 in short_grass, daylight 1.0
imagecheck volcano_horizon.png magenta=0.00000 black=0.0000 white=0.0008 std=41.6 hash=e2bef19c3555b329
imagecheck volcano_horizon.png magenta=0.00000 black=0.0000 white=0.0008 std=41.6 hash=e2bef19c3555b329
seed 12345  pos -1015.5 271.0 3734.5  rd 8  chunks 297  (drawn 71)
gen 257 ms  mesh(all, parallel) 205 ms  mesh(1 section) 0.23 ms  quads 951984 opaque / 8026 water
frame (encode+GPU, offscreen, median of 30) 4.93 ms  biome meadow
mesh slabs 36 MB, chunks 297 (block+light arrays 39 MB), Metal allocated 174 MB
memory: resident 247 MB  (section meshes 29 MB)
wrote snaps/volcano_horizon.png
textures without a painter: missing
textures: 1680 layers at 128 px, BC3, 35.0 MB with mips (build 707 ms, upload 257 ms)
light probe: eye sky 15 block 0 in air; floor+1 (y 155) sky 15 block 0 in air, daylight 1.0
imagecheck horizon_ring.png magenta=0.00000 black=0.0000 white=0.0559 std=68.2 hash=5d51a64b0696966a
imagecheck horizon_ring.png magenta=0.00000 black=0.0000 white=0.0559 std=68.2 hash=5d51a64b0696966a
seed 12345  pos 296.5 240.0 -423.5  rd 8  chunks 297  (drawn 71)
gen 302 ms  mesh(all, parallel) 405 ms  mesh(1 section) 0.52 ms  quads 1244951 opaque / 7132 water
frame (encode+GPU, offscreen, median of 30) 4.22 ms  biome windsweptHills
mesh slabs 44 MB, chunks 297 (block+light arrays 41 MB), Metal allocated 182 MB
memory: resident 255 MB  (section meshes 38 MB)
wrote snaps/horizon_ring.png
textures without a painter: missing
textures: 1680 layers at 128 px, BC3, 35.0 MB with mips (build 619 ms, upload 234 ms)
light probe: eye sky 15 block 0 in air; floor+1 (y 76) sky 15 block 0 in short_grass, daylight 0.85465163
imagecheck horizon_ring_evening.png magenta=0.00000 black=0.0000 white=0.0008 std=38.5 hash=821e8c3d290ed34b
imagecheck horizon_ring_evening.png magenta=0.00000 black=0.0000 white=0.0008 std=38.5 hash=821e8c3d290ed34b
seed 777  pos 824.5 170.0 104.5  rd 8  chunks 297  (drawn 69)
gen 204 ms  mesh(all, parallel) 196 ms  mesh(1 section) 0.34 ms  quads 818386 opaque / 10497 water
frame (encode+GPU, offscreen, median of 30) 3.33 ms  biome plains
mesh slabs 28 MB, chunks 297 (block+light arrays 27 MB), Metal allocated 178 MB
memory: resident 249 MB  (section meshes 25 MB)
wrote snaps/horizon_ring_evening.png
feature volcano at -1015 2835
textures without a painter: missing
textures: 1680 layers at 128 px, BC3, 35.0 MB with mips (build 671 ms, upload 253 ms)
light probe: eye sky 15 block 0 in air; floor+1 (y 128) sky 15 block 0 in short_grass, daylight 0.12
imagecheck volcano_horizon_night.png magenta=0.00000 black=0.1936 white=0.0008 std=16.5 hash=5a8f87798f425c7c
imagecheck volcano_horizon_night.png magenta=0.00000 black=0.1936 white=0.0008 std=16.5 hash=5a8f87798f425c7c
seed 12345  pos -1010.5 217.0 4231.5  rd 8  chunks 297  (drawn 69)
gen 221 ms  mesh(all, parallel) 187 ms  mesh(1 section) 0.27 ms  quads 892993 opaque / 8075 water
frame (encode+GPU, offscreen, median of 30) 4.01 ms  biome sunflowerPlains
mesh slabs 32 MB, chunks 297 (block+light arrays 35 MB), Metal allocated 170 MB
memory: resident 243 MB  (section meshes 27 MB)
wrote snaps/volcano_horizon_night.png
feature volcano at -1015 2835
textures without a painter: missing
textures: 1680 layers at 128 px, BC3, 35.0 MB with mips (build 633 ms, upload 235 ms)
light probe: eye sky 15 block 0 in air; floor+1 (y 131) sky 15 block 0 in air, daylight 0.6848348
imagecheck volcano_dusk.png magenta=0.00000 black=0.0002 white=0.0008 std=52.0 hash=3eeb8fa57d0af225
imagecheck volcano_dusk.png magenta=0.00000 black=0.0002 white=0.0008 std=52.0 hash=3eeb8fa57d0af225
seed 12345  pos -1090.7 234.0 2626.2  rd 16  chunks 997  (drawn 280)
gen 654 ms  mesh(all, parallel) 849 ms  mesh(1 section) 0.43 ms  quads 2335453 opaque / 41029 water
frame (encode+GPU, offscreen, median of 30) 8.57 ms  biome jungle
mesh slabs 80 MB, chunks 997 (block+light arrays 106 MB), Metal allocated 230 MB
memory: resident 389 MB  (section meshes 73 MB)
wrote snaps/volcano_dusk.png
structure military_base at -392 71 140 (1 pieces, framed)
textures without a painter: missing
textures: 1680 layers at 128 px, BC3, 35.0 MB with mips (build 768 ms, upload 248 ms)
light probe: eye sky 15 block 0 in air; floor+1 (y 90) sky 15 block 0 in air, daylight 1.0
imagecheck citadel_far.png magenta=0.00000 black=0.0000 white=0.0017 std=50.9 hash=e9fe3b5bdaf71c09
imagecheck citadel_far.png magenta=0.00000 black=0.0000 white=0.0017 std=50.9 hash=e9fe3b5bdaf71c09
seed 12345  pos -465.9 193.1 14.1  rd 12  chunks 593  (drawn 155)
gen 405 ms  mesh(all, parallel) 433 ms  mesh(1 section) 0.62 ms  quads 1522299 opaque / 25951 water
frame (encode+GPU, offscreen, median of 30) 6.70 ms  biome forest
mesh slabs 52 MB, chunks 593 (block+light arrays 54 MB), Metal allocated 202 MB
memory: resident 294 MB  (section meshes 47 MB)
wrote snaps/citadel_far.png
structure military_base at -392 71 140 (1 pieces)
textures without a painter: missing
textures: 1680 layers at 128 px, BC3, 35.0 MB with mips (build 681 ms, upload 243 ms)
light probe: eye sky 15 block 6 in air; floor+1 (y 71) sky 15 block 4 in air, daylight 1.0
imagecheck citadel_gate.png magenta=0.00000 black=0.0002 white=0.0023 std=51.8 hash=9c9b52f6728a3b15
imagecheck citadel_gate.png magenta=0.00000 black=0.0002 white=0.0023 std=51.8 hash=9c9b52f6728a3b15
seed 12345  pos -391.5 136.0 140.5  rd 10  chunks 437  (drawn 115)
gen 346 ms  mesh(all, parallel) 309 ms  mesh(1 section) 1.13 ms  quads 1159797 opaque / 16332 water
frame (encode+GPU, offscreen, median of 30) 6.39 ms  biome forest
mesh slabs 40 MB, chunks 437 (block+light arrays 38 MB), Metal allocated 190 MB
memory: resident 273 MB  (section meshes 36 MB)
wrote snaps/citadel_gate.png
structure military_base at -392 71 140 (1 pieces)
textures without a painter: missing
textures: 1680 layers at 128 px, BC3, 35.0 MB with mips (build 907 ms, upload 303 ms)
light probe: eye sky 15 block 0 in air; floor+1 (y 102) sky 15 block 0 in air, daylight 1.0
imagecheck citadel_top.png magenta=0.00000 black=0.0000 white=0.0012 std=48.0 hash=b54369ffc6d2d269
imagecheck citadel_top.png magenta=0.00000 black=0.0000 white=0.0012 std=48.0 hash=b54369ffc6d2d269
seed 12345  pos -391.5 205.0 140.5  rd 10  chunks 437  (drawn 151)
gen 314 ms  mesh(all, parallel) 323 ms  mesh(1 section) 0.61 ms  quads 1159797 opaque / 16332 water
frame (encode+GPU, offscreen, median of 30) 6.83 ms  biome forest
mesh slabs 40 MB, chunks 437 (block+light arrays 38 MB), Metal allocated 190 MB
memory: resident 273 MB  (section meshes 36 MB)
wrote snaps/citadel_top.png
structure military_base at -392 71 140 (1 pieces)
textures without a painter: missing
textures: 1680 layers at 128 px, BC3, 35.0 MB with mips (build 651 ms, upload 239 ms)
light probe: eye sky 15 block 0 in air; floor+1 (y 71) sky 15 block 0 in air, daylight 1.0
imagecheck citadel_turret.png magenta=0.00000 black=0.0000 white=0.0016 std=51.1 hash=bfcaafa1f8684a29
imagecheck citadel_turret.png magenta=0.00000 black=0.0000 white=0.0016 std=51.1 hash=bfcaafa1f8684a29
seed 12345  pos -439.5 151.0 142.5  rd 10  chunks 437  (drawn 115)
gen 307 ms  mesh(all, parallel) 295 ms  mesh(1 section) 0.26 ms  quads 1174693 opaque / 16401 water
frame (encode+GPU, offscreen, median of 30) 7.34 ms  biome forest
mesh slabs 40 MB, chunks 437 (block+light arrays 38 MB), Metal allocated 190 MB
memory: resident 260 MB  (section meshes 36 MB)
wrote snaps/citadel_turret.png
structure military_base at -392 71 140 (1 pieces)
textures without a painter: missing
textures: 1680 layers at 128 px, BC3, 35.0 MB with mips (build 799 ms, upload 299 ms)
light probe: eye sky 15 block 0 in air; floor+1 (y 74) sky 14 block 0 in water, daylight 1.0
imagecheck citadel_plaza.png magenta=0.00000 black=0.0003 white=0.0049 std=50.8 hash=bd305b61cdb4527e
imagecheck citadel_plaza.png magenta=0.00000 black=0.0003 white=0.0049 std=50.8 hash=bd305b61cdb4527e
seed 12345  pos -388.5 141.0 128.5  rd 10  chunks 437  (drawn 101)
gen 295 ms  mesh(all, parallel) 269 ms  mesh(1 section) 0.56 ms  quads 1159797 opaque / 16332 water
frame (encode+GPU, offscreen, median of 30) 6.70 ms  biome forest
mesh slabs 40 MB, chunks 437 (block+light arrays 38 MB), Metal allocated 190 MB
memory: resident 265 MB  (section meshes 36 MB)
wrote snaps/citadel_plaza.png
structure village at 14 129 -322 (38 pieces)
textures without a painter: missing
textures: 1680 layers at 128 px, BC3, 35.0 MB with mips (build 867 ms, upload 326 ms)
light probe: eye sky 15 block 0 in air; floor+1 (y 132) sky 15 block 7 in air, daylight 1.0
imagecheck village.png magenta=0.00000 black=0.0000 white=0.0008 std=40.2 hash=ab543bd4de4ba24e
imagecheck village.png magenta=0.00000 black=0.0000 white=0.0008 std=40.2 hash=ab543bd4de4ba24e
seed 12345  pos 14.5 207.0 -321.5  rd 8  chunks 297  (drawn 84)
gen 287 ms  mesh(all, parallel) 436 ms  mesh(1 section) 0.81 ms  quads 1607526 opaque / 12580 water
frame (encode+GPU, offscreen, median of 30) 15.17 ms  biome taiga
mesh slabs 56 MB, chunks 297 (block+light arrays 38 MB), Metal allocated 206 MB
memory: resident 278 MB  (section meshes 49 MB)
wrote snaps/village.png
structure village at 14 129 -322 (38 pieces)
textures without a painter: missing
textures: 1680 layers at 128 px, BC3, 35.0 MB with mips (build 963 ms, upload 301 ms)
light probe: eye sky 15 block 0 in air; floor+1 (y 160) sky 15 block 0 in air, daylight 1.0
imagecheck village_top.png magenta=0.00000 black=0.0000 white=0.0011 std=28.3 hash=d45b1ee6854dc2f2
imagecheck village_top.png magenta=0.00000 black=0.0000 white=0.0011 std=28.3 hash=d45b1ee6854dc2f2
seed 12345  pos 14.5 263.0 -321.5  rd 8  chunks 297  (drawn 115)
gen 221 ms  mesh(all, parallel) 444 ms  mesh(1 section) 1.94 ms  quads 1607526 opaque / 12580 water
frame (encode+GPU, offscreen, median of 30) 5.10 ms  biome taiga
mesh slabs 56 MB, chunks 297 (block+light arrays 38 MB), Metal allocated 206 MB
memory: resident 287 MB  (section meshes 49 MB)
wrote snaps/village_top.png
structure village at 1214 74 -1506 (44 pieces)
textures without a painter: missing
textures: 1680 layers at 128 px, BC3, 35.0 MB with mips (build 780 ms, upload 288 ms)
light probe: eye sky 15 block 0 in air; floor+1 (y 81) sky 15 block 7 in air, daylight 1.0
imagecheck village2.png magenta=0.00000 black=0.0000 white=0.0009 std=55.8 hash=5906d0a2f420696a
imagecheck village2.png magenta=0.00000 black=0.0000 white=0.0009 std=55.8 hash=5906d0a2f420696a
seed 12345  pos 1214.5 154.0 -1505.5  rd 8  chunks 297  (drawn 83)
gen 329 ms  mesh(all, parallel) 216 ms  mesh(1 section) 0.66 ms  quads 1003552 opaque / 8997 water
frame (encode+GPU, offscreen, median of 30) 7.35 ms  biome taiga
mesh slabs 36 MB, chunks 297 (block+light arrays 28 MB), Metal allocated 186 MB
memory: resident 249 MB  (section meshes 31 MB)
wrote snaps/village2.png
structure village at -466 79 -226 (23 pieces)
textures without a painter: missing
textures: 1680 layers at 128 px, BC3, 35.0 MB with mips (build 883 ms, upload 305 ms)
light probe: eye sky 15 block 0 in air; floor+1 (y 79) sky 15 block 0 in air, daylight 1.0
imagecheck village3.png magenta=0.00000 black=0.0000 white=0.0008 std=41.4 hash=87beb72a7f293fbe
imagecheck village3.png magenta=0.00000 black=0.0000 white=0.0008 std=41.4 hash=87beb72a7f293fbe
seed 12345  pos -465.5 159.0 -225.5  rd 8  chunks 297  (drawn 83)
gen 238 ms  mesh(all, parallel) 399 ms  mesh(1 section) 1.14 ms  quads 1327445 opaque / 11671 water
frame (encode+GPU, offscreen, median of 30) 6.83 ms  biome taiga
mesh slabs 48 MB, chunks 297 (block+light arrays 29 MB), Metal allocated 198 MB
memory: resident 259 MB  (section meshes 41 MB)
wrote snaps/village3.png
structure village at 14 129 -322 (38 pieces)
camera in solid at 14 130 -322: moved to 12 131 -320
textures without a painter: missing
textures: 1680 layers at 128 px, BC3, 35.0 MB with mips (build 820 ms, upload 299 ms)
light probe: eye sky 15 block 7 in air; floor+1 (y 127) sky 15 block 6 in air, daylight 1.0
imagecheck village_street.png magenta=0.00000 black=0.0019 white=0.0017 std=33.3 hash=56b710958814ba91
imagecheck village_street.png magenta=0.00000 black=0.0019 white=0.0017 std=33.3 hash=56b710958814ba91
seed 12345  pos 12.5 195.0 -319.5  rd 6  chunks 193  (drawn 46)
gen 163 ms  mesh(all, parallel) 226 ms  mesh(1 section) 0.64 ms  quads 945541 opaque / 7250 water
frame (encode+GPU, offscreen, median of 30) 5.20 ms  biome taiga
mesh slabs 36 MB, chunks 193 (block+light arrays 25 MB), Metal allocated 186 MB
memory: resident 242 MB  (section meshes 29 MB)
wrote snaps/village_street.png
structure temple at -888 97 -703 (1 pieces, framed)
camera in solid at -898 104 -707: moved to -899 105 -708
textures without a painter: missing
textures: 1680 layers at 128 px, BC3, 35.0 MB with mips (build 762 ms, upload 265 ms)
light probe: eye sky 15 block 0 in air; floor+1 (y 102) sky 15 block 0 in snow, daylight 1.0
imagecheck temple.png magenta=0.00000 black=0.0011 white=0.0008 std=65.9 hash=9cf73fdd0943d07f
imagecheck temple.png magenta=0.00000 black=0.0011 white=0.0008 std=65.9 hash=9cf73fdd0943d07f
seed 12345  pos -898.5 169.0 -707.5  rd 8  chunks 297  (drawn 72)
gen 253 ms  mesh(all, parallel) 396 ms  mesh(1 section) 0.74 ms  quads 1604766 opaque / 13195 water
frame (encode+GPU, offscreen, median of 30) 5.74 ms  biome snowyTaiga
mesh slabs 56 MB, chunks 297 (block+light arrays 33 MB), Metal allocated 194 MB
memory: resident 264 MB  (section meshes 49 MB)
wrote snaps/temple.png
structure temple at 3112 68 2800 (1 pieces, framed)
textures without a painter: missing
textures: 1680 layers at 128 px, BC3, 35.0 MB with mips (build 882 ms, upload 267 ms)
light probe: eye sky 15 block 0 in air; floor+1 (y 74) sky 15 block 0 in air, daylight 1.0
imagecheck temple2.png magenta=0.00000 black=0.0000 white=0.0008 std=42.8 hash=3db552f12b929e9b
imagecheck temple2.png magenta=0.00000 black=0.0000 white=0.0008 std=42.8 hash=3db552f12b929e9b
seed 12345  pos 3102.2 139.7 2798.2  rd 8  chunks 297  (drawn 66)
gen 241 ms  mesh(all, parallel) 216 ms  mesh(1 section) 0.92 ms  quads 894042 opaque / 28125 water
frame (encode+GPU, offscreen, median of 30) 6.07 ms  biome mangroveSwamp
mesh slabs 32 MB, chunks 297 (block+light arrays 25 MB), Metal allocated 182 MB
memory: resident 250 MB  (section meshes 28 MB)
wrote snaps/temple2.png
structure temple at 2840 71 615 (1 pieces, framed)
textures without a painter: missing
textures: 1680 layers at 128 px, BC3, 35.0 MB with mips (build 716 ms, upload 246 ms)
light probe: eye sky 15 block 0 in air; floor+1 (y 69) sky 15 block 0 in air, daylight 1.0
imagecheck desert_temple.png magenta=0.00000 black=0.0000 white=0.0008 std=41.7 hash=083227a34454c6a3
imagecheck desert_temple.png magenta=0.00000 black=0.0000 white=0.0008 std=41.7 hash=083227a34454c6a3
seed 12345  pos 2816.8 153.2 606.8  rd 8  chunks 297  (drawn 73)
gen 229 ms  mesh(all, parallel) 303 ms  mesh(1 section) 0.20 ms  quads 814837 opaque / 8741 water
frame (encode+GPU, offscreen, median of 30) 3.84 ms  biome desert
mesh slabs 28 MB, chunks 297 (block+light arrays 28 MB), Metal allocated 166 MB
memory: resident 233 MB  (section meshes 25 MB)
wrote snaps/desert_temple.png
structure temple at 2840 71 615 (1 pieces)
textures without a painter: missing
textures: 1680 layers at 128 px, BC3, 35.0 MB with mips (build 739 ms, upload 248 ms)
light probe: eye sky 12 block 0 in air; floor+1 (y 71) sky 12 block 0 in air, daylight 1.0
imagecheck desert_temple_inside.png magenta=0.00000 black=0.0011 white=0.0008 std=28.2 hash=b6d0595d9fa006d4
imagecheck desert_temple_inside.png magenta=0.00000 black=0.0011 white=0.0008 std=28.2 hash=b6d0595d9fa006d4
seed 12345  pos 2840.5 135.0 624.5  rd 8  chunks 297  (drawn 79)
gen 218 ms  mesh(all, parallel) 247 ms  mesh(1 section) 0.35 ms  quads 832983 opaque / 8851 water
frame (encode+GPU, offscreen, median of 30) 3.96 ms  biome desert
mesh slabs 32 MB, chunks 297 (block+light arrays 27 MB), Metal allocated 170 MB
memory: resident 238 MB  (section meshes 26 MB)
wrote snaps/desert_temple_inside.png
structure temple at -344 71 1755 (1 pieces, framed)
textures without a painter: missing
textures: 1680 layers at 128 px, BC3, 35.0 MB with mips (build 1214 ms, upload 358 ms)
light probe: eye sky 15 block 0 in air; floor+1 (y 70) sky 15 block 0 in air, daylight 1.0
imagecheck jungle_temple.png magenta=0.00000 black=0.0000 white=0.0008 std=32.9 hash=d735db904f355046
imagecheck jungle_temple.png magenta=0.00000 black=0.0000 white=0.0008 std=32.9 hash=d735db904f355046
seed 12345  pos -355.0 143.7 1755.5  rd 8  chunks 297  (drawn 67)
gen 250 ms  mesh(all, parallel) 336 ms  mesh(1 section) 0.78 ms  quads 1190697 opaque / 18342 water
frame (encode+GPU, offscreen, median of 30) 5.45 ms  biome bambooJungle
mesh slabs 44 MB, chunks 297 (block+light arrays 27 MB), Metal allocated 182 MB
memory: resident 251 MB  (section meshes 37 MB)
wrote snaps/jungle_temple.png
structure pillager_outpost at -504 72 840 (5 pieces, framed)
textures without a painter: missing
textures: 1680 layers at 128 px, BC3, 35.0 MB with mips (build 749 ms, upload 256 ms)
light probe: eye sky 15 block 0 in air; floor+1 (y 70) sky 15 block 0 in short_grass, daylight 1.0
imagecheck outpost.png magenta=0.00000 black=0.0000 white=0.0008 std=51.1 hash=c60f86d489e0691c
imagecheck outpost.png magenta=0.00000 black=0.0000 white=0.0008 std=51.1 hash=c60f86d489e0691c
seed 12345  pos -521.6 149.9 838.9  rd 8  chunks 297  (drawn 81)
gen 233 ms  mesh(all, parallel) 198 ms  mesh(1 section) 0.42 ms  quads 605328 opaque / 22499 water
frame (encode+GPU, offscreen, median of 30) 4.63 ms  biome savanna
mesh slabs 24 MB, chunks 297 (block+light arrays 24 MB), Metal allocated 174 MB
memory: resident 245 MB  (section meshes 19 MB)
wrote snaps/outpost.png
structure pillager_outpost at -504 72 840 (5 pieces, framed)
textures without a painter: missing
textures: 1680 layers at 128 px, BC3, 35.0 MB with mips (build 812 ms, upload 279 ms)
light probe: eye sky 15 block 0 in air; floor+1 (y 70) sky 15 block 0 in air, daylight 1.0
imagecheck outpost_close.png magenta=0.00000 black=0.0007 white=0.0008 std=51.5 hash=efd031294f13c4bc
imagecheck outpost_close.png magenta=0.00000 black=0.0007 white=0.0008 std=51.5 hash=efd031294f13c4bc
seed 12345  pos -511.4 141.8 849.2  rd 8  chunks 297  (drawn 86)
gen 208 ms  mesh(all, parallel) 142 ms  mesh(1 section) 0.38 ms  quads 603565 opaque / 21886 water
frame (encode+GPU, offscreen, median of 30) 4.04 ms  biome savanna
mesh slabs 24 MB, chunks 297 (block+light arrays 24 MB), Metal allocated 174 MB
memory: resident 247 MB  (section meshes 19 MB)
wrote snaps/outpost_close.png
textures without a painter: missing
textures: 1680 layers at 128 px, BC3, 35.0 MB with mips (build 619 ms, upload 229 ms)
light probe: eye sky 15 block 0 in air; floor+1 (y 201) sky 15 block 0 in air, daylight 1.0
imagecheck snowslope.png magenta=0.00000 black=0.0000 white=0.0032 std=45.5 hash=96a82c6abfa318b2
imagecheck snowslope.png magenta=0.00000 black=0.0000 white=0.0032 std=45.5 hash=96a82c6abfa318b2
seed 12345  pos 632.5 277.0 200.5  rd 8  chunks 297  (drawn 81)
gen 253 ms  mesh(all, parallel) 217 ms  mesh(1 section) 0.24 ms  quads 876519 opaque / 7737 water
frame (encode+GPU, offscreen, median of 30) 3.54 ms  biome snowySlopes
mesh slabs 32 MB, chunks 297 (block+light arrays 44 MB), Metal allocated 170 MB
memory: resident 255 MB  (section meshes 27 MB)
wrote snaps/snowslope.png
structure ruined_portal at -424 89 -448 (1 pieces, framed)
textures without a painter: missing
textures: 1680 layers at 128 px, BC3, 35.0 MB with mips (build 646 ms, upload 245 ms)
light probe: eye sky 15 block 0 in air; floor+1 (y 95) sky 15 block 0 in air, daylight 1.0
imagecheck ruined_portal.png magenta=0.00000 black=0.0014 white=0.0008 std=29.8 hash=a20213165b3d5eef
imagecheck ruined_portal.png magenta=0.00000 black=0.0014 white=0.0008 std=29.8 hash=a20213165b3d5eef
seed 12345  pos -433.8 160.7 -449.8  rd 8  chunks 297  (drawn 65)
gen 209 ms  mesh(all, parallel) 291 ms  mesh(1 section) 0.80 ms  quads 1545069 opaque / 10825 water
frame (encode+GPU, offscreen, median of 30) 5.65 ms  biome oldGrowthSpruceTaiga
mesh slabs 56 MB, chunks 297 (block+light arrays 31 MB), Metal allocated 194 MB
memory: resident 267 MB  (section meshes 47 MB)
wrote snaps/ruined_portal.png
structure shipwreck at 8 64 233 (1 pieces, framed)
textures without a painter: missing
textures: 1680 layers at 128 px, BC3, 35.0 MB with mips (build 676 ms, upload 243 ms)
light probe: eye sky 15 block 0 in air; floor+1 (y 59) sky 11 block 0 in water, daylight 1.0
slice y 61 x -7...23 z 240...256:
  ~~~~~~~~~~~~~~~~~~~~~~~~~~~~~~~
  ~~~~~~~~~~~~~~~~~~~~~~~~~~~~~~~
  ~~~~~~~~~~~~~~~~~~~~~~~~~~~~~~~
  ~~~~~~~~~~~~~~~~~~~~~~~~~~~~~~~
  ~~~~~~~~~~~~~~~~~~~~~~~~~~~~~~~
  ~~~~~~~~~~fffffffffffff#~~~~~~~
  ~~~~~~~#ff~~~~~~~~~~~~~#####~~~
  ~~~~~###~~~~~~~~~~~~~~~#~~~~~~~
  |||#####~~~~~~|~~~~~|~~~~+~~~~~
  ~~~~~###~~~~~~~~~~~~~~~#~~~~~~~
  ~~~~~~~#ff~~~~~~~~~~~~~#####~~~
  ~~~~~~~~~~fffffffffffff#~~~~~~~
  ~~~~~~~~~~~~~~~~~~~~~~~~~~~~~~~
  ~~~~~~~~~~~~~~~~~~~~~~~~~~~~~~~
  ~~~~~~~~~~~~~~~~~~~~~~~~~~~~~~~
  ~~~~~~~~~~~~~~~~~~~~~~~~~~~~~~~
  ~~~~~~~~~~~~~~~~~~~~~~~~~~~~~~~
slice y 62 x -7...23 z 240...256:
  ~~~~~~~~~~~~~~~~~~~~~~~~~~~~~~~
  ~~~~~~~~~~~~~~~~~~~~~~~~~~~~~~~
  ~~~~~~~~~~~~~~~~~~~~~~~~~~~~~~~
  ~~~~~~~~~~~~~~~~~~~~~~~~~~~~~~~
  ~~~~~~~~~~~~~~~~~~~~~~~~~~~~~~~
  ~~~~~~~~~~~~~~~~~~~~~~~#~~~~~~~
  ~~~~~~~~~~~~~~~~~~~~~~~#####~~~
  ~~~~~#~~~~~~~~~~~~~~~~~#~~~~~~~
  ~~~##~~~~~~~~~|~~~~~|~~~~~~~~~~
  ~~~~~#~~~~~~~~~~~~~~~~~#~~~~~~~
  ~~~~~~~~~~~~~~~~~~~~~~~#####~~~
  ~~~~~~~~~~~~~~~~~~~~~~~#~~~~~~~
  ~~~~~~~~~~~~~~~~~~~~~~~~~~~~~~~
  ~~~~~~~~~~~~~~~~~~~~~~~~~~~~~~~
  ~~~~~~~~~~~~~~~~~~~~~~~~~~~~~~~
  ~~~~~~~~~~~~~~~~~~~~~~~~~~~~~~~
  ~~~~~~~~~~~~~~~~~~~~~~~~~~~~~~~
slice y 63 x -7...23 z 240...256:
  ...............................
  ...............................
  ...............................
  ...............................
  ...............................
  .......................#.......
  .......................#####...
  .......................#####...
  ..............|.....|..#####...
  .......................#####...
  .......................#####...
  .......................#.......
  ...............................
  ...............................
  ...............................
  ...............................
  ...............................
imagecheck shipwreck.png magenta=0.00000 black=0.0000 white=0.0009 std=53.9 hash=b0463799652e4e7b
imagecheck shipwreck.png magenta=0.00000 black=0.0000 white=0.0009 std=53.9 hash=b0463799652e4e7b
seed 12345  pos -7.8 140.4 232.2  rd 8  chunks 297  (drawn 81)
gen 197 ms  mesh(all, parallel) 165 ms  mesh(1 section) 0.35 ms  quads 591859 opaque / 57670 water
frame (encode+GPU, offscreen, median of 30) 6.93 ms  biome ocean
mesh slabs 24 MB, chunks 297 (block+light arrays 24 MB), Metal allocated 162 MB
memory: resident 227 MB  (section meshes 20 MB)
wrote snaps/shipwreck.png
structure desert_well at 2348 81 508 (1 pieces, framed)
textures without a painter: missing
textures: 1680 layers at 128 px, BC3, 35.0 MB with mips (build 666 ms, upload 230 ms)
light probe: eye sky 15 block 0 in air; floor+1 (y 83) sky 15 block 0 in air, daylight 1.0
imagecheck desert_well.png magenta=0.00000 black=0.0000 white=0.0008 std=41.4 hash=8000f918bf452281
imagecheck desert_well.png magenta=0.00000 black=0.0000 white=0.0008 std=41.4 hash=8000f918bf452281
seed 12345  pos 2337.1 150.4 497.1  rd 8  chunks 297  (drawn 83)
gen 239 ms  mesh(all, parallel) 147 ms  mesh(1 section) 0.17 ms  quads 648508 opaque / 9137 water
frame (encode+GPU, offscreen, median of 30) 3.53 ms  biome desert
mesh slabs 24 MB, chunks 297 (block+light arrays 28 MB), Metal allocated 162 MB
memory: resident 221 MB  (section meshes 20 MB)
wrote snaps/desert_well.png
structure ocean_ruin at 168 57 158 (1 pieces, framed)
textures without a painter: missing
textures: 1680 layers at 128 px, BC3, 35.0 MB with mips (build 620 ms, upload 231 ms)
light probe: eye sky 15 block 0 in air; floor+1 (y 57) sky 9 block 0 in water, daylight 1.0
imagecheck ocean_ruin.png magenta=0.00000 black=0.0000 white=0.0010 std=51.1 hash=0892097fba14c5ff
imagecheck ocean_ruin.png magenta=0.00000 black=0.0000 white=0.0010 std=51.1 hash=0892097fba14c5ff
seed 12345  pos 158.2 128.7 158.2  rd 8  chunks 297  (drawn 64)
gen 204 ms  mesh(all, parallel) 169 ms  mesh(1 section) 0.34 ms  quads 633256 opaque / 50121 water
frame (encode+GPU, offscreen, median of 30) 4.63 ms  biome lukewarmOcean
mesh slabs 24 MB, chunks 297 (block+light arrays 25 MB), Metal allocated 174 MB
memory: resident 242 MB  (section meshes 21 MB)
wrote snaps/ocean_ruin.png
structure trail_ruins at -194 130 -478 (1 pieces, framed)
textures without a painter: missing
textures: 1680 layers at 128 px, BC3, 35.0 MB with mips (build 616 ms, upload 235 ms)
light probe: eye sky 15 block 0 in air; floor+1 (y 125) sky 15 block 0 in air, daylight 1.0
imagecheck trail_ruins.png magenta=0.00000 black=0.0003 white=0.0008 std=48.1 hash=f9f1b8ebbee152a4
imagecheck trail_ruins.png magenta=0.00000 black=0.0003 white=0.0008 std=48.1 hash=f9f1b8ebbee152a4
seed 12345  pos -210.5 202.2 -482.5  rd 8  chunks 297  (drawn 72)
gen 211 ms  mesh(all, parallel) 293 ms  mesh(1 section) 0.76 ms  quads 1625176 opaque / 8921 water
frame (encode+GPU, offscreen, median of 30) 6.48 ms  biome oldGrowthSpruceTaiga
mesh slabs 56 MB, chunks 297 (block+light arrays 34 MB), Metal allocated 194 MB
memory: resident 263 MB  (section meshes 50 MB)
wrote snaps/trail_ruins.png
structure mineshaft at 88 23 136 (53 pieces, framed)
structure buried: camera at its start 88 23 136, facing 90 deg down a 40-block corridor
textures without a painter: missing
textures: 1680 layers at 128 px, BC3, 35.0 MB with mips (build 626 ms, upload 232 ms)
light probe: eye sky 0 block 8 in air; floor+1 (y 23) sky 0 block 7 in air, daylight 1.0
imagecheck mineshaft.png magenta=0.00000 black=0.0000 white=0.0010 std=27.2 hash=097e00033203cf93
imagecheck mineshaft.png magenta=0.00000 black=0.0000 white=0.0010 std=27.2 hash=097e00033203cf93
seed 12345  pos 88.5 87.0 136.5  rd 8  chunks 297  (drawn 43)
gen 203 ms  mesh(all, parallel) 159 ms  mesh(1 section) 0.40 ms  quads 668502 opaque / 45825 water
frame (encode+GPU, offscreen, median of 30) 3.31 ms  biome ocean
mesh slabs 24 MB, chunks 297 (block+light arrays 24 MB), Metal allocated 174 MB
memory: resident 218 MB  (section meshes 22 MB)
wrote snaps/mineshaft.png
structure stronghold at 604 2 1619 (19 pieces)
textures without a painter: missing
textures: 1680 layers at 128 px, BC3, 35.0 MB with mips (build 661 ms, upload 249 ms)
light probe: eye sky 0 block 10 in air; floor+1 (y 2) sky 0 block 8 in air, daylight 1.0
imagecheck stronghold.png magenta=0.00000 black=0.0000 white=0.0008 std=27.7 hash=53071c6c7c3442d3
imagecheck stronghold.png magenta=0.00000 black=0.0000 white=0.0008 std=27.7 hash=53071c6c7c3442d3
seed 12345  pos 604.5 66.5 1619.5  rd 4  chunks 109  (drawn 28)
gen 81 ms  mesh(all, parallel) 64 ms  mesh(1 section) 0.57 ms  quads 172176 opaque / 21995 water
frame (encode+GPU, offscreen, median of 30) 3.20 ms  biome ocean
mesh slabs 8 MB, chunks 109 (block+light arrays 8 MB), Metal allocated 146 MB
memory: resident 183 MB  (section meshes 6 MB)
wrote snaps/stronghold.png
textures without a painter: missing
textures: 1680 layers at 128 px, BC3, 35.0 MB with mips (build 964 ms, upload 320 ms)
light probe: eye sky 15 block 0 in air; floor+1 (y 58) sky 15 block 0 in air, daylight 0.75
imagecheck end.png magenta=0.00000 black=0.1567 white=0.0013 std=28.4 hash=8b047581e2b818bd
imagecheck end.png magenta=0.00000 black=0.1567 white=0.0013 std=28.4 hash=8b047581e2b818bd
seed 12345  pos 70.0 150.0 35.0  rd 8  chunks 297  (drawn 60)
gen 80 ms  mesh(all, parallel) 20 ms  mesh(1 section) 0.80 ms  quads 50777 opaque / 0 water
frame (encode+GPU, offscreen, median of 30) 2.42 ms  biome theEnd
mesh slabs 4 MB, chunks 297 (block+light arrays 9 MB), Metal allocated 154 MB
memory: resident 170 MB  (section meshes 2 MB)
wrote snaps/end.png
textures without a painter: missing
textures: 1680 layers at 128 px, BC3, 35.0 MB with mips (build 610 ms, upload 222 ms)
light probe: eye sky 15 block 0 in air; floor+1 (y 81) sky 15 block 0 in air, daylight 0.75
imagecheck end_top.png magenta=0.00000 black=0.1237 white=0.0008 std=33.9 hash=944d50b12df26a69
imagecheck end_top.png magenta=0.00000 black=0.1237 white=0.0008 std=33.9 hash=944d50b12df26a69
seed 12345  pos 0.0 184.0 60.0  rd 8  chunks 297  (drawn 96)
gen 80 ms  mesh(all, parallel) 22 ms  mesh(1 section) 0.20 ms  quads 58155 opaque / 0 water
frame (encode+GPU, offscreen, median of 30) 2.77 ms  biome theEnd
mesh slabs 4 MB, chunks 297 (block+light arrays 10 MB), Metal allocated 154 MB
memory: resident 175 MB  (section meshes 2 MB)
wrote snaps/end_top.png
textures without a painter: missing
textures: 1680 layers at 128 px, BC3, 35.0 MB with mips (build 647 ms, upload 252 ms)
light probe: eye sky 15 block 0 in air; floor+1 (y 41) sky 15 block 0 in air, daylight 0.75
imagecheck end_outer.png magenta=0.00000 black=0.0031 white=0.0008 std=17.1 hash=82288a386db151de
imagecheck end_outer.png magenta=0.00000 black=0.0031 white=0.0008 std=17.1 hash=82288a386db151de
seed 12345  pos 1250.0 144.0 40.0  rd 8  chunks 297  (drawn 18)
gen 76 ms  mesh(all, parallel) 37 ms  mesh(1 section) 0.00 ms  quads 63403 opaque / 0 water
frame (encode+GPU, offscreen, median of 30) 2.24 ms  biome theEnd
mesh slabs 4 MB, chunks 297 (block+light arrays 11 MB), Metal allocated 142 MB
memory: resident 166 MB  (section meshes 2 MB)
wrote snaps/end_outer.png
structure end_city at 400 67 -1216 (2 pieces)
textures without a painter: missing
textures: 1680 layers at 128 px, BC3, 35.0 MB with mips (build 645 ms, upload 238 ms)
light probe: eye sky 15 block 0 in air; floor+1 (y 65) sky 15 block 0 in air, daylight 0.75
imagecheck end_city.png magenta=0.00000 black=0.0003 white=0.0061 std=41.5 hash=f198f4367f442b2f
imagecheck end_city.png magenta=0.00000 black=0.0003 white=0.0061 std=41.5 hash=f198f4367f442b2f
seed 12345  pos 400.5 159.0 -1215.5  rd 8  chunks 297  (drawn 11)
gen 91 ms  mesh(all, parallel) 30 ms  mesh(1 section) 0.57 ms  quads 38603 opaque / 0 water
frame (encode+GPU, offscreen, median of 30) 2.56 ms  biome theEnd
mesh slabs 4 MB, chunks 297 (block+light arrays 7 MB), Metal allocated 154 MB
memory: resident 165 MB  (section meshes 1 MB)
wrote snaps/end_city.png
textures without a painter: missing
textures: 1680 layers at 128 px, BC3, 35.0 MB with mips (build 772 ms, upload 254 ms)
light probe: eye sky 15 block 8 in air; floor+1 (y 72) sky 15 block 8 in air, daylight 1.0
imagecheck portal.png magenta=0.00000 black=0.0073 white=0.0008 std=28.5 hash=d2b747c1232b10a4
imagecheck portal.png magenta=0.00000 black=0.0073 white=0.0008 std=28.5 hash=d2b747c1232b10a4
seed 12345  pos 31.5 137.0 29.5  rd 8  chunks 326  (drawn 77)
gen 221 ms  mesh(all, parallel) 241 ms  mesh(1 section) 0.75 ms  quads 1056648 opaque / 25606 water
frame (encode+GPU, offscreen, median of 30) 4.68 ms  biome forest
mesh slabs 40 MB, chunks 326 (block+light arrays 30 MB), Metal allocated 178 MB
memory: resident 243 MB  (section meshes 33 MB)
wrote snaps/portal.png
piston debug: power 15 block west redstone_block front piston_head[11] kind stickyPiston
redstone bench: lamp A redstone_lamp[lit], piston sticky_piston[11], lamp C redstone_lamp / redstone_lamp[lit], wire E redstone_wire
textures without a painter: missing
textures: 1680 layers at 128 px, BC3, 35.0 MB with mips (build 731 ms, upload 247 ms)
light probe: eye sky 15 block 0 in air; floor+1 (y 72) sky 15 block 0 in air, daylight 1.0
imagecheck redstone.png magenta=0.00000 black=0.0000 white=0.0016 std=39.6 hash=1883d2bc6f3cc367
imagecheck redstone.png magenta=0.00000 black=0.0000 white=0.0016 std=39.6 hash=1883d2bc6f3cc367
seed 12345  pos 29.0 145.0 39.0  rd 8  chunks 340  (drawn 73)
gen 198 ms  mesh(all, parallel) 256 ms  mesh(1 section) 0.87 ms  quads 1083598 opaque / 28073 water
frame (encode+GPU, offscreen, median of 30) 4.78 ms  biome forest
mesh slabs 40 MB, chunks 340 (block+light arrays 31 MB), Metal allocated 190 MB
memory: resident 250 MB  (section meshes 34 MB)
wrote snaps/redstone.png
textures without a painter: missing
textures: 1680 layers at 128 px, BC3, 35.0 MB with mips (build 628 ms, upload 229 ms)
light probe: eye sky 15 block 0 in air; floor+1 (y 72) sky 15 block 0 in air, daylight 1.0
imagecheck brewing.png magenta=0.00000 black=0.0133 white=0.0103 std=50.4 hash=3773b11f63f7c88c
imagecheck brewing.png magenta=0.00000 black=0.0133 white=0.0103 std=50.4 hash=3773b11f63f7c88c
seed 12345  pos 31.5 136.0 29.5  rd 8  chunks 297  (drawn 78)
gen 228 ms  mesh(all, parallel) 219 ms  mesh(1 section) 0.67 ms  quads 976459 opaque / 20248 water
frame (encode+GPU, offscreen, median of 30) 4.71 ms  biome forest
mesh slabs 36 MB, chunks 297 (block+light arrays 28 MB), Metal allocated 174 MB
memory: resident 246 MB  (section meshes 30 MB)
wrote snaps/brewing.png
textures without a painter: missing
textures: 1680 layers at 128 px, BC3, 35.0 MB with mips (build 762 ms, upload 274 ms)
light probe: eye sky 15 block 0 in air; floor+1 (y 72) sky 15 block 0 in air, daylight 1.0
imagecheck enchant.png magenta=0.00000 black=0.0132 white=0.0084 std=45.9 hash=aa4928313340a285
imagecheck enchant.png magenta=0.00000 black=0.0132 white=0.0084 std=45.9 hash=aa4928313340a285
seed 12345  pos 31.5 136.0 29.5  rd 8  chunks 297  (drawn 78)
gen 219 ms  mesh(all, parallel) 223 ms  mesh(1 section) 0.75 ms  quads 976459 opaque / 20248 water
frame (encode+GPU, offscreen, median of 30) 5.58 ms  biome forest
mesh slabs 36 MB, chunks 297 (block+light arrays 28 MB), Metal allocated 174 MB
memory: resident 233 MB  (section meshes 30 MB)
wrote snaps/enchant.png
textures without a painter: missing
textures: 1680 layers at 128 px, BC3, 35.0 MB with mips (build 792 ms, upload 276 ms)
light probe: eye sky 15 block 0 in air; floor+1 (y 72) sky 15 block 0 in air, daylight 1.0
imagecheck anvil.png magenta=0.00000 black=0.0145 white=0.0095 std=48.4 hash=908631e6dcbff96a
imagecheck anvil.png magenta=0.00000 black=0.0145 white=0.0095 std=48.4 hash=908631e6dcbff96a
seed 12345  pos 31.5 136.0 29.5  rd 8  chunks 297  (drawn 78)
gen 257 ms  mesh(all, parallel) 256 ms  mesh(1 section) 1.03 ms  quads 976459 opaque / 20248 water
frame (encode+GPU, offscreen, median of 30) 4.85 ms  biome forest
mesh slabs 36 MB, chunks 297 (block+light arrays 28 MB), Metal allocated 174 MB
memory: resident 245 MB  (section meshes 30 MB)
wrote snaps/anvil.png
textures without a painter: missing
textures: 1680 layers at 128 px, BC3, 35.0 MB with mips (build 775 ms, upload 256 ms)
light probe: eye sky 15 block 0 in air; floor+1 (y 72) sky 15 block 0 in air, daylight 0.12
imagecheck effects.png magenta=0.00000 black=0.0003 white=0.0027 std=33.9 hash=df6f7a3c25ee49f3
imagecheck effects.png magenta=0.00000 black=0.0003 white=0.0027 std=33.9 hash=df6f7a3c25ee49f3
seed 12345  pos 31.5 136.0 29.5  rd 8  chunks 297  (drawn 78)
gen 247 ms  mesh(all, parallel) 315 ms  mesh(1 section) 1.44 ms  quads 976459 opaque / 20248 water
frame (encode+GPU, offscreen, median of 30) 5.12 ms  biome forest
mesh slabs 36 MB, chunks 297 (block+light arrays 28 MB), Metal allocated 174 MB
memory: resident 228 MB  (section meshes 30 MB)
wrote snaps/effects.png
textures without a painter: missing
textures: 1680 layers at 128 px, BC3, 35.0 MB with mips (build 769 ms, upload 262 ms)
light probe: eye sky 15 block 8 in air; floor+1 (y 70) sky 15 block 9 in air, daylight 1.0
imagecheck magic_blocks.png magenta=0.00000 black=0.0000 white=0.0156 std=39.8 hash=fd07776067194748
imagecheck magic_blocks.png magenta=0.00000 black=0.0000 white=0.0156 std=39.8 hash=fd07776067194748
seed 12345  pos -87.5 135.0 104.5  rd 8  chunks 297  (drawn 76)
gen 243 ms  mesh(all, parallel) 178 ms  mesh(1 section) 0.29 ms  quads 794628 opaque / 16674 water
frame (encode+GPU, offscreen, median of 30) 5.22 ms  biome plains
mesh slabs 28 MB, chunks 297 (block+light arrays 26 MB), Metal allocated 166 MB
memory: resident 229 MB  (section meshes 25 MB)
wrote snaps/magic_blocks.png
textures without a painter: missing
textures: 1680 layers at 128 px, BC3, 35.0 MB with mips (build 824 ms, upload 289 ms)
light probe: eye sky 15 block 0 in air; floor+1 (y 72) sky 15 block 0 in air, daylight 1.0
imagecheck trade.png magenta=0.00000 black=0.0140 white=0.0111 std=57.4 hash=1e88391ad8d9b2f8
imagecheck trade.png magenta=0.00000 black=0.0140 white=0.0111 std=57.4 hash=1e88391ad8d9b2f8
seed 12345  pos 31.5 136.0 29.5  rd 8  chunks 297  (drawn 78)
gen 260 ms  mesh(all, parallel) 284 ms  mesh(1 section) 0.80 ms  quads 976459 opaque / 20248 water
frame (encode+GPU, offscreen, median of 30) 5.56 ms  biome forest
mesh slabs 36 MB, chunks 297 (block+light arrays 28 MB), Metal allocated 186 MB
memory: resident 251 MB  (section meshes 30 MB)
wrote snaps/trade.png
structure village at 14 129 -322 (38 pieces, framed)
after 12.0 s: 135 mobs, villagers butcher 1, farmer 1, fletcher 2, leatherworker 1, librarian 1, nitwit 5, none 12, toolsmith 1
textures without a painter: missing
textures: 1680 layers at 128 px, BC3, 35.0 MB with mips (build 822 ms, upload 272 ms)
light probe: eye sky 15 block 0 in air; floor+1 (y 136) sky 15 block 0 in air, daylight 1.0
imagecheck villagers.png magenta=0.00000 black=0.0000 white=0.0008 std=58.7 hash=6b5ceb8cd332c0bf
imagecheck villagers.png magenta=0.00000 black=0.0000 white=0.0008 std=58.7 hash=6b5ceb8cd332c0bf
seed 12345  pos -20.8 215.2 -351.8  rd 8  chunks 297  (drawn 90)
gen 286 ms  mesh(all, parallel) 449 ms  mesh(1 section) 0.54 ms  quads 1628606 opaque / 12018 water
frame (encode+GPU, offscreen, median of 30) 7.40 ms  biome taiga
mesh slabs 60 MB, chunks 297 (block+light arrays 37 MB), Metal allocated 210 MB
memory: resident 299 MB  (section meshes 50 MB)
wrote snaps/villagers.png
textures without a painter: missing
textures: 1680 layers at 128 px, BC3, 35.0 MB with mips (build 864 ms, upload 307 ms)
light probe: eye sky 15 block 0 in air; floor+1 (y 70) sky 15 block 0 in air, daylight 1.0
imagecheck mobs_g.png magenta=0.00000 black=0.0000 white=0.0011 std=42.3 hash=a358bdce3f174eee
imagecheck mobs_g.png magenta=0.00000 black=0.0000 white=0.0011 std=42.3 hash=a358bdce3f174eee
seed 12345  pos -87.5 135.0 104.5  rd 8  chunks 297  (drawn 74)
gen 247 ms  mesh(all, parallel) 216 ms  mesh(1 section) 0.19 ms  quads 794012 opaque / 16674 water
frame (encode+GPU, offscreen, median of 30) 4.85 ms  biome plains
mesh slabs 28 MB, chunks 297 (block+light arrays 26 MB), Metal allocated 178 MB
memory: resident 236 MB  (section meshes 25 MB)
wrote snaps/mobs_g.png
textures without a painter: missing
textures: 1680 layers at 128 px, BC3, 35.0 MB with mips (build 847 ms, upload 270 ms)
light probe: eye sky 15 block 0 in air; floor+1 (y 70) sky 15 block 0 in air, daylight 1.0
imagecheck villager_jobs.png magenta=0.00000 black=0.0000 white=0.0008 std=41.3 hash=4ace13157f236a94
imagecheck villager_jobs.png magenta=0.00000 black=0.0000 white=0.0008 std=41.3 hash=4ace13157f236a94
seed 12345  pos -87.5 135.0 104.5  rd 8  chunks 297  (drawn 74)
gen 249 ms  mesh(all, parallel) 200 ms  mesh(1 section) 0.20 ms  quads 794012 opaque / 16674 water
frame (encode+GPU, offscreen, median of 30) 4.90 ms  biome plains
mesh slabs 28 MB, chunks 297 (block+light arrays 26 MB), Metal allocated 178 MB
memory: resident 250 MB  (section meshes 25 MB)
wrote snaps/villager_jobs.png
textures without a painter: missing
textures: 1680 layers at 128 px, BC3, 35.0 MB with mips (build 813 ms, upload 281 ms)
light probe: eye sky 15 block 0 in air; floor+1 (y 70) sky 15 block 0 in air, daylight 1.0
imagecheck hisser.png magenta=0.00000 black=0.0000 white=0.0008 std=39.6 hash=8643cb5b511e27f9
imagecheck hisser.png magenta=0.00000 black=0.0000 white=0.0008 std=39.6 hash=8643cb5b511e27f9
seed 12345  pos -87.5 135.0 104.5  rd 8  chunks 297  (drawn 73)
gen 256 ms  mesh(all, parallel) 213 ms  mesh(1 section) 0.20 ms  quads 794012 opaque / 16674 water
frame (encode+GPU, offscreen, median of 30) 4.86 ms  biome plains
mesh slabs 28 MB, chunks 297 (block+light arrays 26 MB), Metal allocated 178 MB
memory: resident 245 MB  (section meshes 25 MB)
wrote snaps/hisser.png
textures without a painter: missing
textures: 1680 layers at 128 px, BC3, 35.0 MB with mips (build 832 ms, upload 276 ms)
light probe: eye sky 15 block 5 in air; floor+1 (y 70) sky 15 block 5 in air, daylight 1.0
imagecheck heads.png magenta=0.00000 black=0.0003 white=0.0008 std=33.5 hash=db06029f2fe308ab
imagecheck heads.png magenta=0.00000 black=0.0003 white=0.0008 std=33.5 hash=db06029f2fe308ab
seed 12345  pos -87.5 135.0 104.5  rd 8  chunks 297  (drawn 76)
gen 240 ms  mesh(all, parallel) 210 ms  mesh(1 section) 0.36 ms  quads 794373 opaque / 16674 water
frame (encode+GPU, offscreen, median of 30) 5.69 ms  biome plains
mesh slabs 28 MB, chunks 297 (block+light arrays 26 MB), Metal allocated 166 MB
memory: resident 233 MB  (section meshes 25 MB)
wrote snaps/heads.png
beacon level 4, player speed 2
textures without a painter: missing
textures: 1680 layers at 128 px, BC3, 35.0 MB with mips (build 847 ms, upload 283 ms)
light probe: eye sky 15 block 0 in air; floor+1 (y 70) sky 15 block 0 in air, daylight 0.12
imagecheck beacon.png magenta=0.00000 black=0.3101 white=0.0073 std=41.0 hash=a807edcd604e9a4f
imagecheck beacon.png magenta=0.00000 black=0.3101 white=0.0073 std=41.0 hash=a807edcd604e9a4f
seed 12345  pos -87.5 137.0 104.5  rd 8  chunks 297  (drawn 74)
gen 255 ms  mesh(all, parallel) 203 ms  mesh(1 section) 0.27 ms  quads 794342 opaque / 16674 water
frame (encode+GPU, offscreen, median of 30) 4.71 ms  biome plains
mesh slabs 28 MB, chunks 297 (block+light arrays 26 MB), Metal allocated 166 MB
memory: resident 230 MB  (section meshes 25 MB)
wrote snaps/beacon.png
textures without a painter: missing
textures: 1680 layers at 128 px, BC3, 35.0 MB with mips (build 807 ms, upload 270 ms)
light probe: eye sky 15 block 0 in air; floor+1 (y 70) sky 15 block 0 in air, daylight 0.7
imagecheck rain.png magenta=0.00000 black=0.0000 white=0.0008 std=23.1 hash=eb7b56cebda74867
imagecheck rain.png magenta=0.00000 black=0.0000 white=0.0008 std=23.1 hash=eb7b56cebda74867
seed 12345  pos -87.5 135.0 104.5  rd 8  chunks 297  (drawn 73)
gen 245 ms  mesh(all, parallel) 207 ms  mesh(1 section) 0.42 ms  quads 794205 opaque / 16674 water
frame (encode+GPU, offscreen, median of 30) 5.54 ms  biome plains
mesh slabs 28 MB, chunks 297 (block+light arrays 26 MB), Metal allocated 166 MB
memory: resident 225 MB  (section meshes 25 MB)
wrote snaps/rain.png
textures without a painter: missing
textures: 1680 layers at 128 px, BC3, 35.0 MB with mips (build 1098 ms, upload 384 ms)
light probe: eye sky 15 block 0 in air; floor+1 (y 70) sky 15 block 0 in air, daylight 0.63
imagecheck thunder.png magenta=0.00000 black=0.0000 white=0.0185 std=55.5 hash=43f08e40e3516765
imagecheck thunder.png magenta=0.00000 black=0.0000 white=0.0185 std=55.5 hash=43f08e40e3516765
seed 12345  pos -87.5 135.0 104.5  rd 8  chunks 297  (drawn 74)
gen 265 ms  mesh(all, parallel) 211 ms  mesh(1 section) 0.65 ms  quads 794412 opaque / 16674 water
frame (encode+GPU, offscreen, median of 30) 5.24 ms  biome plains
mesh slabs 28 MB, chunks 297 (block+light arrays 26 MB), Metal allocated 166 MB
memory: resident 230 MB  (section meshes 25 MB)
wrote snaps/thunder.png
textures without a painter: missing
textures: 1680 layers at 128 px, BC3, 35.0 MB with mips (build 851 ms, upload 294 ms)
light probe: eye sky 15 block 0 in air; floor+1 (y 121) sky 15 block 0 in snow, daylight 0.7
imagecheck snowfall.png magenta=0.00000 black=0.0008 white=0.0008 std=42.5 hash=5c61486b0051435c
imagecheck snowfall.png magenta=0.00000 black=0.0008 white=0.0008 std=42.5 hash=5c61486b0051435c
seed 12345  pos 152.5 186.0 -1575.5  rd 8  chunks 297  (drawn 74)
gen 263 ms  mesh(all, parallel) 244 ms  mesh(1 section) 0.63 ms  quads 996537 opaque / 11284 water
frame (encode+GPU, offscreen, median of 30) 5.95 ms  biome snowyPlains
mesh slabs 36 MB, chunks 297 (block+light arrays 30 MB), Metal allocated 186 MB
memory: resident 252 MB  (section meshes 31 MB)
wrote snaps/snowfall.png
textures without a painter: missing
textures: 1680 layers at 128 px, BC3, 35.0 MB with mips (build 832 ms, upload 272 ms)
light probe: eye sky 15 block 0 in air; floor+1 (y 70) sky 15 block 0 in air, daylight 1.0
imagecheck animals1.png magenta=0.00000 black=0.0000 white=0.0008 std=40.4 hash=c292913dd7aa327a
imagecheck animals1.png magenta=0.00000 black=0.0000 white=0.0008 std=40.4 hash=c292913dd7aa327a
seed 12345  pos -87.5 135.0 104.5  rd 8  chunks 297  (drawn 74)
gen 257 ms  mesh(all, parallel) 235 ms  mesh(1 section) 0.50 ms  quads 794012 opaque / 16674 water
frame (encode+GPU, offscreen, median of 30) 5.23 ms  biome plains
mesh slabs 28 MB, chunks 297 (block+light arrays 26 MB), Metal allocated 178 MB
memory: resident 233 MB  (section meshes 25 MB)
wrote snaps/animals1.png
textures without a painter: missing
textures: 1680 layers at 128 px, BC3, 35.0 MB with mips (build 819 ms, upload 279 ms)
light probe: eye sky 15 block 0 in air; floor+1 (y 70) sky 15 block 0 in air, daylight 1.0
imagecheck animals2.png magenta=0.00000 black=0.0000 white=0.0008 std=39.8 hash=13a7f7308d9baed2
imagecheck animals2.png magenta=0.00000 black=0.0000 white=0.0008 std=39.8 hash=13a7f7308d9baed2
seed 12345  pos -87.5 135.0 104.5  rd 8  chunks 297  (drawn 74)
gen 247 ms  mesh(all, parallel) 198 ms  mesh(1 section) 0.19 ms  quads 794012 opaque / 16674 water
frame (encode+GPU, offscreen, median of 30) 5.09 ms  biome plains
mesh slabs 28 MB, chunks 297 (block+light arrays 26 MB), Metal allocated 178 MB
memory: resident 246 MB  (section meshes 25 MB)
wrote snaps/animals2.png
textures without a painter: missing
textures: 1680 layers at 128 px, BC3, 35.0 MB with mips (build 832 ms, upload 278 ms)
light probe: eye sky 15 block 0 in air; floor+1 (y 70) sky 15 block 0 in air, daylight 1.0
imagecheck animals3.png magenta=0.00000 black=0.0000 white=0.0008 std=40.5 hash=10085e55161a19f2
imagecheck animals3.png magenta=0.00000 black=0.0000 white=0.0008 std=40.5 hash=10085e55161a19f2
seed 12345  pos -87.5 135.0 104.5  rd 8  chunks 297  (drawn 73)
gen 246 ms  mesh(all, parallel) 204 ms  mesh(1 section) 0.27 ms  quads 794012 opaque / 16674 water
frame (encode+GPU, offscreen, median of 30) 5.34 ms  biome plains
mesh slabs 28 MB, chunks 297 (block+light arrays 26 MB), Metal allocated 178 MB
memory: resident 247 MB  (section meshes 25 MB)
wrote snaps/animals3.png
textures without a painter: missing
textures: 1680 layers at 128 px, BC3, 35.0 MB with mips (build 836 ms, upload 281 ms)
light probe: eye sky 15 block 0 in air; floor+1 (y 56) sky 8 block 0 in water, daylight 1.0
imagecheck aquatic.png magenta=0.00000 black=0.0000 white=0.0008 std=51.9 hash=8ba890b6afa5d4d1
imagecheck aquatic.png magenta=0.00000 black=0.0000 white=0.0008 std=51.9 hash=8ba890b6afa5d4d1
seed 12345  pos -951.5 128.0 728.5  rd 8  chunks 297  (drawn 74)
gen 233 ms  mesh(all, parallel) 360 ms  mesh(1 section) 1.06 ms  quads 1011095 opaque / 65236 water
frame (encode+GPU, offscreen, median of 30) 7.21 ms  biome warmOcean
mesh slabs 36 MB, chunks 297 (block+light arrays 25 MB), Metal allocated 186 MB
memory: resident 255 MB  (section meshes 33 MB)
wrote snaps/aquatic.png
after 3.0 s: 30 mobs, villagers 
textures without a painter: missing
textures: 1680 layers at 128 px, BC3, 35.0 MB with mips (build 831 ms, upload 285 ms)
light probe: eye sky 15 block 0 in air; floor+1 (y 49) sky 1 block 0 in water, daylight 1.0
imagecheck boats.png magenta=0.00000 black=0.0000 white=0.0008 std=56.7 hash=a5224e7e98879d15
imagecheck boats.png magenta=0.00000 black=0.0000 white=0.0008 std=56.7 hash=a5224e7e98879d15
seed 12345  pos 104.5 128.0 200.5  rd 8  chunks 297  (drawn 80)
gen 291 ms  mesh(all, parallel) 268 ms  mesh(1 section) 0.58 ms  quads 555717 opaque / 59937 water
frame (encode+GPU, offscreen, median of 30) 6.88 ms  biome ocean
mesh slabs 24 MB, chunks 297 (block+light arrays 23 MB), Metal allocated 174 MB
memory: resident 229 MB  (section meshes 19 MB)
wrote snaps/boats.png
textures without a painter: missing
textures: 1680 layers at 128 px, BC3, 35.0 MB with mips (build 852 ms, upload 281 ms)
light probe: eye sky 15 block 0 in air; floor+1 (y 70) sky 15 block 0 in air, daylight 1.0
imagecheck armor.png magenta=0.00000 black=0.0000 white=0.0008 std=40.6 hash=6faf94032a278772
imagecheck armor.png magenta=0.00000 black=0.0000 white=0.0008 std=40.6 hash=6faf94032a278772
seed 12345  pos -87.5 135.0 104.5  rd 8  chunks 297  (drawn 74)
gen 293 ms  mesh(all, parallel) 217 ms  mesh(1 section) 0.20 ms  quads 794012 opaque / 16674 water
frame (encode+GPU, offscreen, median of 30) 5.29 ms  biome plains
mesh slabs 28 MB, chunks 297 (block+light arrays 26 MB), Metal allocated 178 MB
memory: resident 240 MB  (section meshes 25 MB)
wrote snaps/armor.png
textures without a painter: missing
textures: 1680 layers at 128 px, BC3, 35.0 MB with mips (build 894 ms, upload 303 ms)
light probe: eye sky 15 block 0 in air; floor+1 (y 70) sky 15 block 0 in air, daylight 1.0
imagecheck banners.png magenta=0.00000 black=0.0000 white=0.0008 std=37.2 hash=6588cf05fbb7149d
imagecheck banners.png magenta=0.00000 black=0.0000 white=0.0008 std=37.2 hash=6588cf05fbb7149d
seed 12345  pos -87.5 137.0 104.5  rd 8  chunks 297  (drawn 75)
gen 273 ms  mesh(all, parallel) 243 ms  mesh(1 section) 0.48 ms  quads 794227 opaque / 16674 water
frame (encode+GPU, offscreen, median of 30) 6.80 ms  biome plains
mesh slabs 28 MB, chunks 297 (block+light arrays 26 MB), Metal allocated 166 MB
memory: resident 223 MB  (section meshes 25 MB)
wrote snaps/banners.png
textures without a painter: missing
textures: 1680 layers at 128 px, BC3, 35.0 MB with mips (build 862 ms, upload 295 ms)
light probe: eye sky 15 block 0 in air; floor+1 (y 72) sky 15 block 0 in air, daylight 1.0
imagecheck loom.png magenta=0.00000 black=0.0126 white=0.0090 std=47.5 hash=adb5e6de494be3e6
imagecheck loom.png magenta=0.00000 black=0.0126 white=0.0090 std=47.5 hash=adb5e6de494be3e6
seed 12345  pos 31.5 136.0 29.5  rd 8  chunks 297  (drawn 73)
gen 302 ms  mesh(all, parallel) 309 ms  mesh(1 section) 0.61 ms  quads 976459 opaque / 20248 water
frame (encode+GPU, offscreen, median of 30) 6.77 ms  biome forest
mesh slabs 36 MB, chunks 297 (block+light arrays 28 MB), Metal allocated 174 MB
memory: resident 220 MB  (section meshes 30 MB)
wrote snaps/loom.png
textures without a painter: missing
textures: 1680 layers at 128 px, BC3, 35.0 MB with mips (build 895 ms, upload 296 ms)
light probe: eye sky 15 block 0 in air; floor+1 (y 72) sky 15 block 0 in air, daylight 1.0
imagecheck book.png magenta=0.00000 black=0.0129 white=0.0040 std=65.1 hash=5a21d41e154383ff
imagecheck book.png magenta=0.00000 black=0.0129 white=0.0040 std=65.1 hash=5a21d41e154383ff
seed 12345  pos 31.5 136.0 29.5  rd 8  chunks 297  (drawn 73)
gen 368 ms  mesh(all, parallel) 325 ms  mesh(1 section) 1.41 ms  quads 976459 opaque / 20248 water
frame (encode+GPU, offscreen, median of 30) 6.07 ms  biome forest
mesh slabs 36 MB, chunks 297 (block+light arrays 28 MB), Metal allocated 174 MB
memory: resident 244 MB  (section meshes 30 MB)
wrote snaps/book.png
textures without a painter: missing
textures: 1680 layers at 128 px, BC3, 35.0 MB with mips (build 911 ms, upload 325 ms)
light probe: eye sky 15 block 0 in air; floor+1 (y 72) sky 15 block 0 in air, daylight 1.0
imagecheck advancements.png magenta=0.00000 black=0.0135 white=0.0083 std=50.7 hash=c472cbedd4714b69
imagecheck advancements.png magenta=0.00000 black=0.0135 white=0.0083 std=50.7 hash=c472cbedd4714b69
seed 12345  pos 31.5 136.0 29.5  rd 8  chunks 297  (drawn 73)
gen 293 ms  mesh(all, parallel) 302 ms  mesh(1 section) 0.61 ms  quads 976459 opaque / 20248 water
frame (encode+GPU, offscreen, median of 30) 5.97 ms  biome forest
mesh slabs 36 MB, chunks 297 (block+light arrays 28 MB), Metal allocated 174 MB
memory: resident 222 MB  (section meshes 30 MB)
wrote snaps/advancements.png
textures without a painter: missing
textures: 1680 layers at 128 px, BC3, 35.0 MB with mips (build 868 ms, upload 283 ms)
light probe: eye sky 15 block 0 in air; floor+1 (y 72) sky 15 block 0 in air, daylight 1.0
imagecheck credits.png magenta=0.00000 black=0.9814 white=0.0000 std=23.3 hash=685a14e5bf8a47f5
imagecheck credits.png magenta=0.00000 black=0.9814 white=0.0000 std=23.3 hash=685a14e5bf8a47f5
seed 12345  pos 31.5 136.0 29.5  rd 8  chunks 297  (drawn 73)
gen 284 ms  mesh(all, parallel) 300 ms  mesh(1 section) 0.60 ms  quads 976459 opaque / 20248 water
frame (encode+GPU, offscreen, median of 30) 4.80 ms  biome forest
mesh slabs 36 MB, chunks 297 (block+light arrays 28 MB), Metal allocated 174 MB
memory: resident 228 MB  (section meshes 30 MB)
wrote snaps/credits.png
textures without a painter: missing
textures: 1680 layers at 128 px, BC3, 35.0 MB with mips (build 928 ms, upload 294 ms)
light probe: eye sky 15 block 0 in air; floor+1 (y 72) sky 15 block 0 in air, daylight 1.0
imagecheck pause.png magenta=0.00000 black=0.0137 white=0.0115 std=54.3 hash=8ef3434127da225f
imagecheck pause.png magenta=0.00000 black=0.0137 white=0.0115 std=54.3 hash=8ef3434127da225f
seed 12345  pos 31.5 136.0 29.5  rd 8  chunks 297  (drawn 73)
gen 289 ms  mesh(all, parallel) 264 ms  mesh(1 section) 0.65 ms  quads 976459 opaque / 20248 water
frame (encode+GPU, offscreen, median of 30) 5.19 ms  biome forest
mesh slabs 36 MB, chunks 297 (block+light arrays 28 MB), Metal allocated 174 MB
memory: resident 234 MB  (section meshes 30 MB)
wrote snaps/pause.png
textures without a painter: missing
textures: 1680 layers at 128 px, BC3, 35.0 MB with mips (build 944 ms, upload 305 ms)
light probe: eye sky 15 block 0 in air; floor+1 (y 72) sky 15 block 0 in air, daylight 1.0
imagecheck options.png magenta=0.00000 black=0.0137 white=0.0143 std=56.6 hash=effdf132159454ad
imagecheck options.png magenta=0.00000 black=0.0137 white=0.0143 std=56.6 hash=effdf132159454ad
seed 12345  pos 31.5 136.0 29.5  rd 8  chunks 297  (drawn 73)
gen 329 ms  mesh(all, parallel) 255 ms  mesh(1 section) 0.94 ms  quads 976459 opaque / 20248 water
frame (encode+GPU, offscreen, median of 30) 5.17 ms  biome forest
mesh slabs 36 MB, chunks 297 (block+light arrays 28 MB), Metal allocated 174 MB
memory: resident 238 MB  (section meshes 30 MB)
wrote snaps/options.png
textures without a painter: missing
textures: 1680 layers at 128 px, BC3, 35.0 MB with mips (build 875 ms, upload 315 ms)
light probe: eye sky 15 block 0 in air; floor+1 (y 72) sky 15 block 0 in air, daylight 1.0
imagecheck death.png magenta=0.00000 black=0.0025 white=0.0037 std=41.8 hash=f404f27e7b55ab52
imagecheck death.png magenta=0.00000 black=0.0025 white=0.0037 std=41.8 hash=f404f27e7b55ab52
seed 12345  pos 31.5 136.0 29.5  rd 8  chunks 297  (drawn 73)
gen 283 ms  mesh(all, parallel) 269 ms  mesh(1 section) 1.45 ms  quads 976459 opaque / 20248 water
frame (encode+GPU, offscreen, median of 30) 5.47 ms  biome forest
mesh slabs 36 MB, chunks 297 (block+light arrays 28 MB), Metal allocated 174 MB
memory: resident 236 MB  (section meshes 30 MB)
wrote snaps/death.png
textures without a painter: missing
textures: 1680 layers at 128 px, BC3, 35.0 MB with mips (build 879 ms, upload 309 ms)
light probe: eye sky 15 block 0 in air; floor+1 (y 72) sky 15 block 0 in air, daylight 1.0
imagecheck title.png magenta=0.00000 black=0.0128 white=0.0065 std=48.8 hash=935c825f721755b7
imagecheck title.png magenta=0.00000 black=0.0128 white=0.0065 std=48.8 hash=935c825f721755b7
seed 12345  pos 31.5 136.0 29.5  rd 8  chunks 297  (drawn 73)
gen 278 ms  mesh(all, parallel) 260 ms  mesh(1 section) 0.69 ms  quads 976459 opaque / 20248 water
frame (encode+GPU, offscreen, median of 30) 4.86 ms  biome forest
mesh slabs 36 MB, chunks 297 (block+light arrays 28 MB), Metal allocated 174 MB
memory: resident 238 MB  (section meshes 30 MB)
wrote snaps/title.png
textures without a painter: missing
textures: 1680 layers at 128 px, BC3, 35.0 MB with mips (build 901 ms, upload 287 ms)
light probe: eye sky 15 block 0 in air; floor+1 (y 72) sky 15 block 0 in air, daylight 1.0
imagecheck create.png magenta=0.00000 black=0.0131 white=0.0091 std=49.5 hash=68286a6fa7b9d5e8
imagecheck create.png magenta=0.00000 black=0.0131 white=0.0091 std=49.5 hash=68286a6fa7b9d5e8
seed 12345  pos 31.5 136.0 29.5  rd 8  chunks 297  (drawn 73)
gen 274 ms  mesh(all, parallel) 282 ms  mesh(1 section) 0.97 ms  quads 976459 opaque / 20248 water
frame (encode+GPU, offscreen, median of 30) 5.90 ms  biome forest
mesh slabs 36 MB, chunks 297 (block+light arrays 28 MB), Metal allocated 174 MB
memory: resident 226 MB  (section meshes 30 MB)
wrote snaps/create.png
textures without a painter: missing
textures: 1680 layers at 128 px, BC3, 35.0 MB with mips (build 1010 ms, upload 318 ms)
light probe: eye sky 15 block 0 in air; floor+1 (y 72) sky 15 block 0 in air, daylight 1.0
imagecheck recipes.png magenta=0.00000 black=0.0138 white=0.0151 std=73.2 hash=dde7883ec05c5601
imagecheck recipes.png magenta=0.00000 black=0.0138 white=0.0151 std=73.2 hash=dde7883ec05c5601
seed 12345  pos 31.5 136.0 29.5  rd 8  chunks 297  (drawn 73)
gen 281 ms  mesh(all, parallel) 261 ms  mesh(1 section) 1.10 ms  quads 976459 opaque / 20248 water
frame (encode+GPU, offscreen, median of 30) 6.12 ms  biome forest
mesh slabs 36 MB, chunks 297 (block+light arrays 28 MB), Metal allocated 174 MB
memory: resident 235 MB  (section meshes 30 MB)
wrote snaps/recipes.png
console: /help
console:   Commands: help time weather gamemode difficulty tp give summon kill clear effect xp locate seed spawnpoint setblock vessel
console:   Tab completes names; arrow keys recall earlier commands.
console: /time set noon
console:   Set the time to 6000
console: /give diamond 5
console:   Gave 5 [Diamond] to Player
console: /give hisser_head
console:   Gave 1 [Hisser Head] to Player
console: /locate sea_temple
console:   The nearest Sea Temple is at [296, ~, 736] (782 blocks away)
console: /summon hisser
console:   Summoned new Hisser
console: <Player> hello
console: /tp ~ ~2 ~
console:   Teleported Player to 8.5, 88.0, 8.5
console: /xp 5L
console:   Gave 5 experience levels to Player
console: /bogus
console:   Unknown command: bogus. Type /help for a list
textures without a painter: missing
textures: 1680 layers at 128 px, BC3, 35.0 MB with mips (build 941 ms, upload 330 ms)
light probe: eye sky 15 block 0 in air; floor+1 (y 72) sky 15 block 0 in air, daylight 1.0
imagecheck commands.png magenta=0.00000 black=0.0152 white=0.0068 std=42.9 hash=62f34a8b47c3cd94
imagecheck commands.png magenta=0.00000 black=0.0152 white=0.0068 std=42.9 hash=62f34a8b47c3cd94
seed 12345  pos 31.5 136.0 29.5  rd 8  chunks 297  (drawn 73)
gen 249 ms  mesh(all, parallel) 263 ms  mesh(1 section) 0.82 ms  quads 976459 opaque / 20248 water
frame (encode+GPU, offscreen, median of 30) 5.22 ms  biome forest
mesh slabs 36 MB, chunks 297 (block+light arrays 28 MB), Metal allocated 186 MB
memory: resident 248 MB  (section meshes 30 MB)
wrote snaps/commands.png
textures without a painter: missing
textures: 1680 layers at 128 px, BC3, 35.0 MB with mips (build 863 ms, upload 294 ms)
light probe: eye sky 15 block 0 in air; floor+1 (y 70) sky 15 block 0 in air, daylight 0.12
imagecheck boom_night.png magenta=0.00000 black=0.1585 white=0.0332 std=83.3 hash=91891b29d64f8cd8
imagecheck boom_night.png magenta=0.00000 black=0.1585 white=0.0332 std=83.3 hash=91891b29d64f8cd8
seed 12345  pos -87.5 136.0 104.5  rd 8  chunks 297  (drawn 74)
gen 253 ms  mesh(all, parallel) 215 ms  mesh(1 section) 0.22 ms  quads 794205 opaque / 16674 water
frame (encode+GPU, offscreen, median of 30) 5.68 ms  biome plains
mesh slabs 28 MB, chunks 297 (block+light arrays 26 MB), Metal allocated 166 MB
memory: resident 240 MB  (section meshes 25 MB)
wrote snaps/boom_night.png
textures without a painter: missing
textures: 1680 layers at 128 px, BC3, 35.0 MB with mips (build 944 ms, upload 366 ms)
light probe: eye sky 15 block 0 in air; floor+1 (y 70) sky 15 block 0 in air, daylight 0.12
imagecheck fireworks.png magenta=0.00000 black=0.4700 white=0.0047 std=32.7 hash=6c62c505f70bbd5c
imagecheck fireworks.png magenta=0.00000 black=0.4700 white=0.0047 std=32.7 hash=6c62c505f70bbd5c
seed 12345  pos -87.5 135.0 104.5  rd 8  chunks 297  (drawn 75)
gen 253 ms  mesh(all, parallel) 224 ms  mesh(1 section) 0.23 ms  quads 794205 opaque / 16674 water
frame (encode+GPU, offscreen, median of 30) 7.09 ms  biome plains
mesh slabs 28 MB, chunks 297 (block+light arrays 26 MB), Metal allocated 166 MB
memory: resident 227 MB  (section meshes 25 MB)
wrote snaps/fireworks.png
structure monument at 296 48 736 (1 pieces, framed)
textures without a painter: missing
textures: 1680 layers at 128 px, BC3, 35.0 MB with mips (build 901 ms, upload 291 ms)
light probe: eye sky 15 block 0 in air; floor+1 (y 33) sky 0 block 0 in water, daylight 1.0
imagecheck monument.png magenta=0.00000 black=0.0000 white=0.0008 std=51.7 hash=39d22092205db3ff
imagecheck monument.png magenta=0.00000 black=0.0000 white=0.0008 std=51.7 hash=39d22092205db3ff
seed 12345  pos 265.5 135.9 713.5  rd 8  chunks 297  (drawn 84)
gen 249 ms  mesh(all, parallel) 237 ms  mesh(1 section) 0.63 ms  quads 496395 opaque / 65352 water
frame (encode+GPU, offscreen, median of 30) 8.26 ms  biome deepOcean
mesh slabs 20 MB, chunks 297 (block+light arrays 22 MB), Metal allocated 170 MB
memory: resident 236 MB  (section meshes 17 MB)
wrote snaps/monument.png
structure mansion at 6872 71 1422 (1 pieces, framed)
textures without a painter: missing
textures: 1680 layers at 128 px, BC3, 35.0 MB with mips (build 810 ms, upload 289 ms)
light probe: eye sky 15 block 0 in air; floor+1 (y 67) sky 14 block 0 in water, daylight 1.0
imagecheck mansion.png magenta=0.00000 black=0.0000 white=0.0008 std=57.4 hash=72fd8677057775a9
imagecheck mansion.png magenta=0.00000 black=0.0000 white=0.0008 std=57.4 hash=72fd8677057775a9
seed 12345  pos 6830.9 167.3 1406.9  rd 8  chunks 297  (drawn 74)
gen 232 ms  mesh(all, parallel) 323 ms  mesh(1 section) 0.93 ms  quads 1096426 opaque / 14043 water
frame (encode+GPU, offscreen, median of 30) 6.92 ms  biome swamp
mesh slabs 40 MB, chunks 297 (block+light arrays 26 MB), Metal allocated 190 MB
memory: resident 242 MB  (section meshes 34 MB)
wrote snaps/mansion.png
structure mansion at 6872 71 1422 (1 pieces)
textures without a painter: missing
textures: 1680 layers at 128 px, BC3, 35.0 MB with mips (build 864 ms, upload 290 ms)
light probe: eye sky 8 block 12 in air; floor+1 (y 71) sky 8 block 11 in air, daylight 1.0
imagecheck mansion_inside.png magenta=0.00000 black=0.0015 white=0.0008 std=45.5 hash=f0d7223a1490224d
imagecheck mansion_inside.png magenta=0.00000 black=0.0015 white=0.0008 std=45.5 hash=f0d7223a1490224d
seed 12345  pos 6872.5 135.0 1431.5  rd 8  chunks 297  (drawn 76)
gen 247 ms  mesh(all, parallel) 285 ms  mesh(1 section) 1.05 ms  quads 1105489 opaque / 14542 water
frame (encode+GPU, offscreen, median of 30) 5.43 ms  biome swamp
mesh slabs 40 MB, chunks 297 (block+light arrays 26 MB), Metal allocated 190 MB
memory: resident 255 MB  (section meshes 34 MB)
wrote snaps/mansion_inside.png
structure ancient_city at -136 -50 836 (1 pieces)
textures without a painter: missing
textures: 1680 layers at 128 px, BC3, 35.0 MB with mips (build 1115 ms, upload 440 ms)
light probe: eye sky 0 block 0 in air; floor+1 (y -51) sky 0 block 4 in air, daylight 1.0
imagecheck ancient_city.png magenta=0.00000 black=0.0000 white=0.0012 std=33.2 hash=62f1c464e633008f
imagecheck ancient_city.png magenta=0.00000 black=0.0000 white=0.0012 std=33.2 hash=62f1c464e633008f
seed 12345  pos -135.5 27.0 818.5  rd 5  chunks 145  (drawn 42)
gen 120 ms  mesh(all, parallel) 106 ms  mesh(1 section) 0.73 ms  quads 246206 opaque / 30424 water
frame (encode+GPU, offscreen, median of 30) 5.41 ms  biome lukewarmOcean
mesh slabs 12 MB, chunks 145 (block+light arrays 11 MB), Metal allocated 150 MB
memory: resident 190 MB  (section meshes 8 MB)
wrote snaps/ancient_city.png
structure trial_chambers at 184 -29 184 (1 pieces)
textures without a painter: missing
textures: 1680 layers at 128 px, BC3, 35.0 MB with mips (build 838 ms, upload 279 ms)
light probe: eye sky 0 block 12 in air; floor+1 (y -29) sky 0 block 5 in air, daylight 1.0
imagecheck trial_chambers.png magenta=0.00000 black=0.0001 white=0.0017 std=28.1 hash=0bf19fc528579c88
imagecheck trial_chambers.png magenta=0.00000 black=0.0001 white=0.0017 std=28.1 hash=0bf19fc528579c88
seed 12345  pos 184.5 41.0 184.5  rd 5  chunks 145  (drawn 6)
gen 130 ms  mesh(all, parallel) 86 ms  mesh(1 section) 0.39 ms  quads 231627 opaque / 21319 water
frame (encode+GPU, offscreen, median of 30) 4.21 ms  biome lukewarmOcean
mesh slabs 12 MB, chunks 145 (block+light arrays 11 MB), Metal allocated 162 MB
memory: resident 207 MB  (section meshes 8 MB)
wrote snaps/trial_chambers.png
textures without a painter: missing
textures: 1680 layers at 128 px, BC3, 35.0 MB with mips (build 822 ms, upload 273 ms)
light probe: eye sky 15 block 9 in air; floor+1 (y 70) sky 15 block 9 in air, daylight 1.0
imagecheck copper.png magenta=0.00000 black=0.0000 white=0.0025 std=33.3 hash=7e6ba22871823938
imagecheck copper.png magenta=0.00000 black=0.0000 white=0.0025 std=33.3 hash=7e6ba22871823938
seed 12345  pos -87.5 135.0 104.5  rd 8  chunks 297  (drawn 76)
gen 255 ms  mesh(all, parallel) 210 ms  mesh(1 section) 0.46 ms  quads 794444 opaque / 16674 water
frame (encode+GPU, offscreen, median of 30) 5.78 ms  biome plains
mesh slabs 28 MB, chunks 297 (block+light arrays 26 MB), Metal allocated 166 MB
memory: resident 235 MB  (section meshes 25 MB)
wrote snaps/copper.png
textures without a painter: missing
textures: 1680 layers at 128 px, BC3, 35.0 MB with mips (build 822 ms, upload 298 ms)
light probe: eye sky 15 block 0 in air; floor+1 (y 70) sky 15 block 0 in air, daylight 1.0
frame at -91 73 101: item_frame[1], item diamond_sword layer 1435
  frame delay 0.0, light (sky: 15, block: 0); in front: air, behind: stone_bricks
frame at -90 73 101: item_frame[1], item apple layer 1356
  frame delay 0.0, light (sky: 15, block: 0); in front: air, behind: stone_bricks
frame at -92 73 101: item_frame[1], item gun_rifle layer 1498
  frame delay 0.0, light (sky: 15, block: 0); in front: air, behind: stone_bricks
control frame at -90 74 101 holding an apple
mips apple (layer 1356, item_apple): L0 128px centre 255 pass 51% L1 64px centre 255 pass 51% L2 32px centre 255 pass 51% L3 16px centre 255 pass 51% L4 8px centre 255 pass 54% L5 4px centre 255 pass 56%
mips gun_rifle (layer 1498, item_gun_rifle): L0 128px centre 255 pass 32% L1 64px centre 255 pass 32% L2 32px centre 255 pass 32% L3 16px centre 255 pass 32% L4 8px centre 255 pass 32% L5 4px centre 255 pass 37%
mips #cactus_side (layer 23, cactus_side): L0 128px centre 255 pass 87% L1 64px centre 255 pass 87% L2 32px centre 255 pass 87% L3 16px centre 255 pass 87% L4 8px centre 255 pass 100% L5 4px centre 255 pass 100%
mips #oak_leaves (layer 13, oak_leaves): L0 128px centre 255 pass 86% L1 64px centre 255 pass 88% L2 32px centre 191 pass 87% L3 16px centre 99 pass 92% L4 8px centre 114 pass 96% L5 4px centre 199 pass 100%
frames listed: 3 (block entities 20)
probe item -91,101: pixel 520,178 rgb 95 234 221 (depth 0.988)
probe rim -91,101: pixel 489,183 rgb 93 59 35 (depth 0.989)
probe item -90,101: pixel 636,163 rgb 226 20 12 (depth 0.987)
probe rim -90,101: pixel 596,169 rgb 93 58 34 (depth 0.987)
probe item -92,101: pixel 428,191 rgb 98 105 116 (depth 0.990)
probe rim -92,101: pixel 403,195 rgb 92 58 35 (depth 0.990)
probe control apple: off screen
probe dropped apple: pixel 792,400 rgb 59 1 4 (depth 0.984)
imagecheck decor.png magenta=0.00000 black=0.0000 white=0.0008 std=41.9 hash=e050bc0eee6e9499
probe item -91,101: pixel 520,178 rgb 95 234 221 (depth 0.988)
probe rim -91,101: pixel 489,183 rgb 93 59 35 (depth 0.989)
probe item -90,101: pixel 636,163 rgb 226 20 12 (depth 0.987)
probe rim -90,101: pixel 596,169 rgb 93 58 34 (depth 0.987)
probe item -92,101: pixel 428,191 rgb 98 105 116 (depth 0.990)
probe rim -92,101: pixel 403,195 rgb 92 58 35 (depth 0.990)
probe control apple: off screen
probe dropped apple: pixel 792,400 rgb 59 1 4 (depth 0.984)
imagecheck decor.png magenta=0.00000 black=0.0000 white=0.0008 std=41.9 hash=e050bc0eee6e9499
seed 12345  pos -87.5 135.0 104.5  rd 8  chunks 297  (drawn 74)
gen 260 ms  mesh(all, parallel) 213 ms  mesh(1 section) 0.18 ms  quads 794262 opaque / 16674 water
frame (encode+GPU, offscreen, median of 30) 5.13 ms  biome plains
mesh slabs 28 MB, chunks 297 (block+light arrays 26 MB), Metal allocated 166 MB
memory: resident 216 MB  (section meshes 25 MB)
entity pass: room 63562 vertices, 6 before the decor, 198 after
wrote snaps/decor.png
chips: 21 chipped blocks
textures without a painter: missing
textures: 1680 layers at 128 px, BC3, 35.0 MB with mips (build 876 ms, upload 282 ms)
light probe: eye sky 15 block 0 in air; floor+1 (y 70) sky 15 block 0 in air, daylight 1.0
imagecheck chips.png magenta=0.00000 black=0.0000 white=0.0008 std=34.9 hash=a6cab62a137a21b5
imagecheck chips.png magenta=0.00000 black=0.0000 white=0.0008 std=34.9 hash=a6cab62a137a21b5
seed 12345  pos -87.5 135.0 104.5  rd 8  chunks 297  (drawn 74)
gen 256 ms  mesh(all, parallel) 208 ms  mesh(1 section) 0.21 ms  quads 795680 opaque / 16674 water
frame (encode+GPU, offscreen, median of 30) 5.25 ms  biome plains
mesh slabs 28 MB, chunks 297 (block+light arrays 26 MB), Metal allocated 166 MB
memory: resident 229 MB  (section meshes 25 MB)
wrote snaps/chips.png
textures without a painter: missing
textures: 1680 layers at 128 px, BC3, 35.0 MB with mips (build 955 ms, upload 299 ms)
light probe: eye sky 15 block 0 in air; floor+1 (y 72) sky 15 block 0 in air, daylight 1.0
imagecheck map.png magenta=0.00000 black=0.0000 white=0.0008 std=49.7 hash=c67daf7f1a9d3f3b
imagecheck map.png magenta=0.00000 black=0.0000 white=0.0008 std=49.7 hash=c67daf7f1a9d3f3b
seed 12345  pos 31.5 156.0 29.5  rd 8  chunks 297  (drawn 78)
gen 280 ms  mesh(all, parallel) 274 ms  mesh(1 section) 0.65 ms  quads 976459 opaque / 20248 water
frame (encode+GPU, offscreen, median of 30) 6.11 ms  biome forest
mesh slabs 36 MB, chunks 297 (block+light arrays 28 MB), Metal allocated 174 MB
memory: resident 225 MB  (section meshes 30 MB)
wrote snaps/map.png
textures without a painter: missing
textures: 1680 layers at 128 px, BC3, 35.0 MB with mips (build 825 ms, upload 293 ms)
light probe: eye sky 15 block 0 in air; floor+1 (y 70) sky 15 block 0 in air, daylight 1.0
imagecheck third_back.png magenta=0.00000 black=0.0000 white=0.0007 std=38.1 hash=feae9353d8b07311
imagecheck third_back.png magenta=0.00000 black=0.0000 white=0.0007 std=38.1 hash=feae9353d8b07311
seed 12345  pos -87.5 135.0 104.5  rd 8  chunks 297  (drawn 78)
gen 260 ms  mesh(all, parallel) 215 ms  mesh(1 section) 0.21 ms  quads 794205 opaque / 16674 water
frame (encode+GPU, offscreen, median of 30) 5.50 ms  biome plains
mesh slabs 28 MB, chunks 297 (block+light arrays 26 MB), Metal allocated 178 MB
memory: resident 236 MB  (section meshes 25 MB)
wrote snaps/third_back.png
textures without a painter: missing
textures: 1680 layers at 128 px, BC3, 35.0 MB with mips (build 817 ms, upload 280 ms)
light probe: eye sky 14 block 0 in water; floor+1 (y 49) sky 1 block 0 in water, daylight 1.0
swim pose: prone true eye 0.40000153
imagecheck third_swim.png magenta=0.00000 black=0.0000 white=0.0007 std=10.4 hash=ec7be373ff73496d
imagecheck third_swim.png magenta=0.00000 black=0.0000 white=0.0007 std=10.4 hash=ec7be373ff73496d
seed 12345  pos 104.5 127.0 200.5  rd 8  chunks 297  (drawn 80)
gen 240 ms  mesh(all, parallel) 212 ms  mesh(1 section) 0.59 ms  quads 555717 opaque / 59937 water
frame (encode+GPU, offscreen, median of 30) 4.25 ms  biome ocean
mesh slabs 24 MB, chunks 297 (block+light arrays 23 MB), Metal allocated 174 MB
memory: resident 224 MB  (section meshes 19 MB)
wrote snaps/third_swim.png
textures without a painter: missing
textures: 1680 layers at 128 px, BC3, 35.0 MB with mips (build 868 ms, upload 284 ms)
light probe: eye sky 15 block 0 in air; floor+1 (y 70) sky 15 block 0 in air, daylight 1.0
imagecheck third_front.png magenta=0.00000 black=0.0000 white=0.0007 std=40.2 hash=17b4703ffc3a0419
imagecheck third_front.png magenta=0.00000 black=0.0000 white=0.0007 std=40.2 hash=17b4703ffc3a0419
seed 12345  pos -87.5 135.0 104.5  rd 8  chunks 297  (drawn 74)
gen 251 ms  mesh(all, parallel) 207 ms  mesh(1 section) 0.21 ms  quads 794205 opaque / 16674 water
frame (encode+GPU, offscreen, median of 30) 5.11 ms  biome plains
mesh slabs 28 MB, chunks 297 (block+light arrays 26 MB), Metal allocated 178 MB
memory: resident 240 MB  (section meshes 25 MB)
wrote snaps/third_front.png
textures without a painter: missing
textures: 1680 layers at 128 px, BC3, 35.0 MB with mips (build 942 ms, upload 312 ms)
light probe: eye sky 15 block 0 in air; floor+1 (y 70) sky 15 block 0 in air, daylight 1.0
imagecheck mobs_new.png magenta=0.00000 black=0.0000 white=0.0008 std=36.8 hash=daecdc1e9469fa83
imagecheck mobs_new.png magenta=0.00000 black=0.0000 white=0.0008 std=36.8 hash=daecdc1e9469fa83
seed 12345  pos -87.5 135.0 104.5  rd 8  chunks 297  (drawn 74)
gen 244 ms  mesh(all, parallel) 200 ms  mesh(1 section) 0.49 ms  quads 794012 opaque / 16674 water
frame (encode+GPU, offscreen, median of 30) 5.10 ms  biome plains
mesh slabs 28 MB, chunks 297 (block+light arrays 26 MB), Metal allocated 178 MB
memory: resident 243 MB  (section meshes 25 MB)
wrote snaps/mobs_new.png
textures without a painter: missing
textures: 1680 layers at 128 px, BC3, 35.0 MB with mips (build 847 ms, upload 287 ms)
light probe: eye sky 15 block 0 in air; floor+1 (y 70) sky 15 block 0 in air, daylight 1.0
imagecheck soldiers.png magenta=0.00000 black=0.0007 white=0.0008 std=38.9 hash=990ed820ea38b5a3
imagecheck soldiers.png magenta=0.00000 black=0.0007 white=0.0008 std=38.9 hash=990ed820ea38b5a3
seed 12345  pos -87.5 135.0 104.5  rd 8  chunks 297  (drawn 74)
gen 250 ms  mesh(all, parallel) 206 ms  mesh(1 section) 0.37 ms  quads 794012 opaque / 16674 water
frame (encode+GPU, offscreen, median of 30) 6.06 ms  biome plains
mesh slabs 28 MB, chunks 297 (block+light arrays 26 MB), Metal allocated 178 MB
memory: resident 235 MB  (section meshes 25 MB)
wrote snaps/soldiers.png
structure military_base at -392 71 140 (1 pieces)
textures without a painter: missing
textures: 1680 layers at 128 px, BC3, 35.0 MB with mips (build 836 ms, upload 275 ms)
light probe: eye sky 15 block 6 in air; floor+1 (y 71) sky 15 block 4 in air, daylight 1.0
imagecheck soldier_ranks_front.png magenta=0.00000 black=0.0044 white=0.0012 std=48.8 hash=2a719c9babc07360
imagecheck soldier_ranks_front.png magenta=0.00000 black=0.0044 white=0.0012 std=48.8 hash=2a719c9babc07360
seed 12345  pos -391.5 136.0 140.5  rd 6  chunks 193  (drawn 49)
gen 171 ms  mesh(all, parallel) 138 ms  mesh(1 section) 0.57 ms  quads 513930 opaque / 5946 water
frame (encode+GPU, offscreen, median of 30) 5.28 ms  biome forest
mesh slabs 20 MB, chunks 193 (block+light arrays 17 MB), Metal allocated 186 MB
memory: resident 231 MB  (section meshes 16 MB)
wrote snaps/soldier_ranks_front.png
structure military_base at -392 71 140 (1 pieces)
textures without a painter: missing
textures: 1680 layers at 128 px, BC3, 35.0 MB with mips (build 952 ms, upload 290 ms)
light probe: eye sky 15 block 6 in air; floor+1 (y 71) sky 15 block 4 in air, daylight 1.0
imagecheck soldier_ranks_side.png magenta=0.00000 black=0.0034 white=0.0012 std=48.9 hash=f90ef34684c8a49b
imagecheck soldier_ranks_side.png magenta=0.00000 black=0.0034 white=0.0012 std=48.9 hash=f90ef34684c8a49b
seed 12345  pos -391.5 136.0 140.5  rd 6  chunks 193  (drawn 49)
gen 166 ms  mesh(all, parallel) 140 ms  mesh(1 section) 0.59 ms  quads 513930 opaque / 5946 water
frame (encode+GPU, offscreen, median of 30) 8.13 ms  biome forest
mesh slabs 20 MB, chunks 193 (block+light arrays 17 MB), Metal allocated 186 MB
memory: resident 240 MB  (section meshes 16 MB)
wrote snaps/soldier_ranks_side.png
structure military_base at -392 71 140 (1 pieces)
textures without a painter: missing
textures: 1680 layers at 128 px, BC3, 35.0 MB with mips (build 1028 ms, upload 340 ms)
light probe: eye sky 15 block 6 in air; floor+1 (y 71) sky 15 block 4 in air, daylight 1.0
imagecheck soldier_ranks_back.png magenta=0.00000 black=0.0037 white=0.0012 std=49.3 hash=514424f0f07deb51
imagecheck soldier_ranks_back.png magenta=0.00000 black=0.0037 white=0.0012 std=49.3 hash=514424f0f07deb51
seed 12345  pos -391.5 136.0 140.5  rd 6  chunks 193  (drawn 49)
gen 194 ms  mesh(all, parallel) 166 ms  mesh(1 section) 1.17 ms  quads 513930 opaque / 5946 water
frame (encode+GPU, offscreen, median of 30) 9.89 ms  biome forest
mesh slabs 20 MB, chunks 193 (block+light arrays 17 MB), Metal allocated 186 MB
memory: resident 232 MB  (section meshes 16 MB)
wrote snaps/soldier_ranks_back.png
structure military_base at -392 71 140 (1 pieces)
torches: 8 placed round -392 73 136
textures without a painter: missing
textures: 1680 layers at 128 px, BC3, 35.0 MB with mips (build 927 ms, upload 307 ms)
light probe: eye sky 15 block 9 in air; floor+1 (y 71) sky 15 block 11 in air, daylight 0.12
imagecheck soldier_ranks_night_front.png magenta=0.00000 black=0.0195 white=0.0359 std=73.1 hash=6cdeddb95de9f982
imagecheck soldier_ranks_night_front.png magenta=0.00000 black=0.0195 white=0.0359 std=73.1 hash=6cdeddb95de9f982
seed 12345  pos -391.5 136.0 140.5  rd 6  chunks 193  (drawn 49)
gen 179 ms  mesh(all, parallel) 157 ms  mesh(1 section) 0.76 ms  quads 514155 opaque / 5946 water
frame (encode+GPU, offscreen, median of 30) 5.40 ms  biome forest
mesh slabs 20 MB, chunks 193 (block+light arrays 17 MB), Metal allocated 186 MB
memory: resident 234 MB  (section meshes 16 MB)
wrote snaps/soldier_ranks_night_front.png
structure military_base at -392 71 140 (1 pieces)
torches: 8 placed round -392 73 136
textures without a painter: missing
textures: 1680 layers at 128 px, BC3, 35.0 MB with mips (build 917 ms, upload 300 ms)
light probe: eye sky 15 block 9 in air; floor+1 (y 71) sky 15 block 11 in air, daylight 0.12
imagecheck soldier_ranks_night_side.png magenta=0.00000 black=0.0190 white=0.0361 std=72.6 hash=0a3026ed7df959c9
imagecheck soldier_ranks_night_side.png magenta=0.00000 black=0.0190 white=0.0361 std=72.6 hash=0a3026ed7df959c9
seed 12345  pos -391.5 136.0 140.5  rd 6  chunks 193  (drawn 49)
gen 176 ms  mesh(all, parallel) 145 ms  mesh(1 section) 0.58 ms  quads 514155 opaque / 5946 water
frame (encode+GPU, offscreen, median of 30) 6.71 ms  biome forest
mesh slabs 20 MB, chunks 193 (block+light arrays 17 MB), Metal allocated 186 MB
memory: resident 237 MB  (section meshes 16 MB)
wrote snaps/soldier_ranks_night_side.png
structure military_base at -392 71 140 (1 pieces)
torches: 8 placed round -392 73 136
textures without a painter: missing
textures: 1680 layers at 128 px, BC3, 35.0 MB with mips (build 819 ms, upload 275 ms)
light probe: eye sky 15 block 9 in air; floor+1 (y 71) sky 15 block 11 in air, daylight 0.12
imagecheck soldier_ranks_night_back.png magenta=0.00000 black=0.0233 white=0.0359 std=73.3 hash=800112d2dec6a01b
imagecheck soldier_ranks_night_back.png magenta=0.00000 black=0.0233 white=0.0359 std=73.3 hash=800112d2dec6a01b
seed 12345  pos -391.5 136.0 140.5  rd 6  chunks 193  (drawn 49)
gen 174 ms  mesh(all, parallel) 145 ms  mesh(1 section) 0.87 ms  quads 514155 opaque / 5946 water
frame (encode+GPU, offscreen, median of 30) 6.02 ms  biome forest
mesh slabs 20 MB, chunks 193 (block+light arrays 17 MB), Metal allocated 186 MB
memory: resident 243 MB  (section meshes 16 MB)
wrote snaps/soldier_ranks_night_back.png
structure military_base at -392 71 140 (1 pieces)
textures without a painter: missing
textures: 1680 layers at 128 px, BC3, 35.0 MB with mips (build 853 ms, upload 288 ms)
light probe: eye sky 15 block 6 in air; floor+1 (y 71) sky 15 block 4 in air, daylight 1.0
imagecheck soldier_ranks_aim.png magenta=0.00000 black=0.0046 white=0.0012 std=48.8 hash=99fa679a26fcac7b
imagecheck soldier_ranks_aim.png magenta=0.00000 black=0.0046 white=0.0012 std=48.8 hash=99fa679a26fcac7b
seed 12345  pos -391.5 136.0 140.5  rd 6  chunks 193  (drawn 49)
gen 164 ms  mesh(all, parallel) 135 ms  mesh(1 section) 0.60 ms  quads 513930 opaque / 5946 water
frame (encode+GPU, offscreen, median of 30) 7.38 ms  biome forest
mesh slabs 20 MB, chunks 193 (block+light arrays 17 MB), Metal allocated 186 MB
memory: resident 236 MB  (section meshes 16 MB)
wrote snaps/soldier_ranks_aim.png
structure military_base at -392 71 140 (1 pieces)
textures without a painter: missing
textures: 1680 layers at 128 px, BC3, 35.0 MB with mips (build 836 ms, upload 298 ms)
light probe: eye sky 15 block 6 in air; floor+1 (y 71) sky 15 block 4 in air, daylight 1.0
imagecheck soldier_actions.png magenta=0.00000 black=0.0002 white=0.0017 std=48.8 hash=326346ee1b2400ee
imagecheck soldier_actions.png magenta=0.00000 black=0.0002 white=0.0017 std=48.9 hash=326346ee1b2400ee
seed 12345  pos -391.5 136.0 140.5  rd 6  chunks 193  (drawn 49)
gen 171 ms  mesh(all, parallel) 148 ms  mesh(1 section) 0.70 ms  quads 513930 opaque / 5946 water
frame (encode+GPU, offscreen, median of 30) 7.26 ms  biome forest
mesh slabs 20 MB, chunks 193 (block+light arrays 17 MB), Metal allocated 186 MB
memory: resident 237 MB  (section meshes 16 MB)
wrote snaps/soldier_actions.png
structure military_base at -392 71 140 (1 pieces)
textures without a painter: missing
textures: 1680 layers at 128 px, BC3, 35.0 MB with mips (build 826 ms, upload 301 ms)
light probe: eye sky 15 block 6 in air; floor+1 (y 71) sky 15 block 4 in air, daylight 1.0
imagecheck soldier_actions_heavy.png magenta=0.00000 black=0.0045 white=0.0014 std=49.0 hash=878015f3b2b08fe7
imagecheck soldier_actions_heavy.png magenta=0.00000 black=0.0045 white=0.0014 std=49.1 hash=878015f3b2b08fe7
seed 12345  pos -391.5 136.0 140.5  rd 6  chunks 193  (drawn 49)
gen 168 ms  mesh(all, parallel) 141 ms  mesh(1 section) 1.27 ms  quads 513930 opaque / 5946 water
frame (encode+GPU, offscreen, median of 30) 6.24 ms  biome forest
mesh slabs 20 MB, chunks 193 (block+light arrays 17 MB), Metal allocated 186 MB
memory: resident 237 MB  (section meshes 16 MB)
wrote snaps/soldier_actions_heavy.png
structure military_base at -392 71 140 (1 pieces)
textures without a painter: missing
textures: 1680 layers at 128 px, BC3, 35.0 MB with mips (build 820 ms, upload 298 ms)
light probe: eye sky 15 block 6 in air; floor+1 (y 71) sky 15 block 4 in air, daylight 1.0
imagecheck soldier_stations.png magenta=0.00000 black=0.0003 white=0.0013 std=49.2 hash=6880d4e1838a9252
imagecheck soldier_stations.png magenta=0.00000 black=0.0003 white=0.0013 std=49.2 hash=6880d4e1838a9252
seed 12345  pos -391.5 136.0 140.5  rd 6  chunks 193  (drawn 49)
gen 165 ms  mesh(all, parallel) 136 ms  mesh(1 section) 0.64 ms  quads 513942 opaque / 5946 water
frame (encode+GPU, offscreen, median of 30) 4.85 ms  biome forest
mesh slabs 20 MB, chunks 193 (block+light arrays 17 MB), Metal allocated 170 MB
memory: resident 222 MB  (section meshes 16 MB)
wrote snaps/soldier_stations.png
textures without a painter: missing
textures: 1680 layers at 128 px, BC3, 35.0 MB with mips (build 1022 ms, upload 338 ms)
light probe: eye sky 15 block 0 in air; floor+1 (y 70) sky 15 block 0 in air, daylight 1.0
imagecheck soldier_closeup.png magenta=0.00000 black=0.0000 white=0.0008 std=42.9 hash=047d8ed19d9b301a
imagecheck soldier_closeup.png magenta=0.00000 black=0.0000 white=0.0008 std=42.9 hash=047d8ed19d9b301a
seed 12345  pos -87.5 135.0 104.5  rd 4  chunks 109  (drawn 26)
gen 150 ms  mesh(all, parallel) 87 ms  mesh(1 section) 0.52 ms  quads 234004 opaque / 3736 water
frame (encode+GPU, offscreen, median of 30) 3.92 ms  biome plains
mesh slabs 12 MB, chunks 109 (block+light arrays 9 MB), Metal allocated 162 MB
memory: resident 198 MB  (section meshes 7 MB)
wrote snaps/soldier_closeup.png
structure military_base at -392 71 140 (1 pieces)
textures without a painter: missing
textures: 1680 layers at 128 px, BC3, 35.0 MB with mips (build 811 ms, upload 288 ms)
light probe: eye sky 15 block 6 in air; floor+1 (y 71) sky 15 block 4 in air, daylight 1.0
imagecheck soldier_squad.png magenta=0.00000 black=0.0004 white=0.0011 std=50.5 hash=160ffd3b583c6609
imagecheck soldier_squad.png magenta=0.00000 black=0.0004 white=0.0011 std=50.7 hash=ec7da8b84ce83eff
seed 12345  pos -391.5 136.0 140.5  rd 6  chunks 193  (drawn 49)
gen 166 ms  mesh(all, parallel) 119 ms  mesh(1 section) 1.02 ms  quads 513930 opaque / 5946 water
frame (encode+GPU, offscreen, median of 30) 5.99 ms  biome forest
mesh slabs 20 MB, chunks 193 (block+light arrays 17 MB), Metal allocated 186 MB
memory: resident 230 MB  (section meshes 16 MB)
wrote snaps/soldier_squad.png
structure military_base at -392 71 140 (1 pieces)
torches: 6 placed round -392 74 134
textures without a painter: missing
textures: 1680 layers at 128 px, BC3, 35.0 MB with mips (build 811 ms, upload 273 ms)
light probe: eye sky 15 block 9 in air; floor+1 (y 71) sky 15 block 11 in air, daylight 0.12
imagecheck soldier_squad_night.png magenta=0.00000 black=0.0180 white=0.0018 std=76.0 hash=987fb7bf1b06c10b
imagecheck soldier_squad_night.png magenta=0.00000 black=0.0182 white=0.0018 std=76.0 hash=987fb7bf1b06c10b
seed 12345  pos -391.5 136.0 140.5  rd 6  chunks 193  (drawn 49)
gen 170 ms  mesh(all, parallel) 143 ms  mesh(1 section) 1.15 ms  quads 514143 opaque / 5946 water
frame (encode+GPU, offscreen, median of 30) 5.18 ms  biome forest
mesh slabs 20 MB, chunks 193 (block+light arrays 17 MB), Metal allocated 186 MB
memory: resident 237 MB  (section meshes 16 MB)
wrote snaps/soldier_squad_night.png
textures without a painter: missing
textures: 1680 layers at 128 px, BC3, 35.0 MB with mips (build 779 ms, upload 281 ms)
light probe: eye sky 15 block 0 in air; floor+1 (y 70) sky 15 block 0 in air, daylight 1.0
imagecheck captains.png magenta=0.00000 black=0.0001 white=0.0008 std=39.7 hash=7c6b71e52292761f
imagecheck captains.png magenta=0.00000 black=0.0001 white=0.0008 std=39.7 hash=7c6b71e52292761f
seed 12345  pos -87.5 135.0 104.5  rd 8  chunks 297  (drawn 74)
gen 240 ms  mesh(all, parallel) 207 ms  mesh(1 section) 0.21 ms  quads 794012 opaque / 16674 water
frame (encode+GPU, offscreen, median of 30) 5.13 ms  biome plains
mesh slabs 28 MB, chunks 297 (block+light arrays 26 MB), Metal allocated 178 MB
memory: resident 230 MB  (section meshes 25 MB)
wrote snaps/captains.png
fired 14 shots, 7 hits, 0 rounds in flight
textures without a painter: missing
textures: 1680 layers at 128 px, BC3, 35.0 MB with mips (build 894 ms, upload 299 ms)
light probe: eye sky 15 block 0 in air; floor+1 (y 70) sky 15 block 0 in air, daylight 1.0
imagecheck firefight.png magenta=0.00000 black=0.0001 white=0.0049 std=42.5 hash=ae78c10ec6b247c7
imagecheck firefight.png magenta=0.00000 black=0.0001 white=0.0049 std=42.5 hash=ae78c10ec6b247c7
seed 12345  pos -87.5 135.0 104.5  rd 8  chunks 297  (drawn 78)
gen 267 ms  mesh(all, parallel) 216 ms  mesh(1 section) 0.20 ms  quads 794012 opaque / 16674 water
frame (encode+GPU, offscreen, median of 30) 5.96 ms  biome plains
mesh slabs 28 MB, chunks 297 (block+light arrays 26 MB), Metal allocated 178 MB
memory: resident 231 MB  (section meshes 25 MB)
wrote snaps/firefight.png
textures without a painter: missing
textures: 1680 layers at 128 px, BC3, 35.0 MB with mips (build 795 ms, upload 278 ms)
light probe: eye sky 15 block 0 in air; floor+1 (y 70) sky 15 block 0 in air, daylight 1.0
imagecheck deck_gun.png magenta=0.00000 black=0.0000 white=0.0008 std=23.8 hash=03249eb1ede5031c
imagecheck deck_gun.png magenta=0.00000 black=0.0000 white=0.0008 std=23.8 hash=03249eb1ede5031c
seed 12345  pos -87.5 139.0 104.5  rd 8  chunks 297  (drawn 79)
gen 257 ms  mesh(all, parallel) 207 ms  mesh(1 section) 0.38 ms  quads 794012 opaque / 16674 water
frame (encode+GPU, offscreen, median of 30) 5.37 ms  biome plains
mesh slabs 28 MB, chunks 297 (block+light arrays 26 MB), Metal allocated 178 MB
memory: resident 240 MB  (section meshes 25 MB)
wrote snaps/deck_gun.png
textures without a painter: missing
textures: 1680 layers at 128 px, BC3, 35.0 MB with mips (build 960 ms, upload 350 ms)
light probe: eye sky 15 block 0 in air; floor+1 (y 70) sky 15 block 0 in air, daylight 1.0
imagecheck spear_hold.png magenta=0.00000 black=0.0037 white=0.0007 std=39.8 hash=6e97abad6bc56fa1
imagecheck spear_hold.png magenta=0.00000 black=0.0037 white=0.0007 std=39.8 hash=6e97abad6bc56fa1
seed 12345  pos -87.5 135.0 104.5  rd 8  chunks 297  (drawn 73)
gen 257 ms  mesh(all, parallel) 199 ms  mesh(1 section) 0.23 ms  quads 794205 opaque / 16674 water
frame (encode+GPU, offscreen, median of 30) 5.70 ms  biome plains
mesh slabs 28 MB, chunks 297 (block+light arrays 26 MB), Metal allocated 166 MB
memory: resident 220 MB  (section meshes 25 MB)
wrote snaps/spear_hold.png
textures without a painter: missing
textures: 1680 layers at 128 px, BC3, 35.0 MB with mips (build 799 ms, upload 268 ms)
light probe: eye sky 15 block 0 in air; floor+1 (y 70) sky 15 block 0 in air, daylight 1.0
imagecheck gun_hip.png magenta=0.00000 black=0.0000 white=0.0013 std=39.7 hash=a3aa9e66e12f22aa
imagecheck gun_hip.png magenta=0.00000 black=0.0000 white=0.0013 std=39.7 hash=a3aa9e66e12f22aa
seed 12345  pos -87.5 135.0 104.5  rd 8  chunks 297  (drawn 73)
gen 257 ms  mesh(all, parallel) 217 ms  mesh(1 section) 0.21 ms  quads 794205 opaque / 16674 water
frame (encode+GPU, offscreen, median of 30) 4.92 ms  biome plains
mesh slabs 28 MB, chunks 297 (block+light arrays 26 MB), Metal allocated 166 MB
memory: resident 226 MB  (section meshes 25 MB)
wrote snaps/gun_hip.png
textures without a painter: missing
textures: 1680 layers at 128 px, BC3, 35.0 MB with mips (build 859 ms, upload 291 ms)
light probe: eye sky 15 block 0 in air; floor+1 (y 70) sky 15 block 0 in air, daylight 1.0
imagecheck gun_aim.png magenta=0.00000 black=0.0000 white=0.0011 std=39.3 hash=3f4f5ad8af82de55
imagecheck gun_aim.png magenta=0.00000 black=0.0000 white=0.0011 std=39.3 hash=3f4f5ad8af82de55
seed 12345  pos -87.5 135.0 104.5  rd 8  chunks 297  (drawn 73)
gen 254 ms  mesh(all, parallel) 216 ms  mesh(1 section) 0.23 ms  quads 794205 opaque / 16674 water
frame (encode+GPU, offscreen, median of 30) 5.21 ms  biome plains
mesh slabs 28 MB, chunks 297 (block+light arrays 26 MB), Metal allocated 166 MB
memory: resident 235 MB  (section meshes 25 MB)
wrote snaps/gun_aim.png
textures without a painter: missing
textures: 1680 layers at 128 px, BC3, 35.0 MB with mips (build 847 ms, upload 287 ms)
light probe: eye sky 15 block 0 in air; floor+1 (y 70) sky 15 block 0 in air, daylight 1.0
imagecheck gun_scope.png magenta=0.00000 black=0.2804 white=0.0004 std=56.9 hash=4e0c8aa6e2b48dd5
imagecheck gun_scope.png magenta=0.00000 black=0.2804 white=0.0004 std=56.9 hash=4e0c8aa6e2b48dd5
seed 12345  pos -87.5 135.0 104.5  rd 8  chunks 297  (drawn 73)
gen 252 ms  mesh(all, parallel) 180 ms  mesh(1 section) 0.21 ms  quads 794205 opaque / 16674 water
frame (encode+GPU, offscreen, median of 30) 5.48 ms  biome plains
mesh slabs 28 MB, chunks 297 (block+light arrays 26 MB), Metal allocated 166 MB
memory: resident 237 MB  (section meshes 25 MB)
wrote snaps/gun_scope.png
structure military_base at -392 71 140 (1 pieces, framed)
textures without a painter: missing
textures: 1680 layers at 128 px, BC3, 35.0 MB with mips (build 831 ms, upload 310 ms)
light probe: eye sky 15 block 0 in air; floor+1 (y 85) sky 15 block 0 in air, daylight 1.0
imagecheck steelhold.png magenta=0.00000 black=0.0000 white=0.0019 std=46.0 hash=3578d5257a8b0706
imagecheck steelhold.png magenta=0.00000 black=0.0000 white=0.0019 std=46.0 hash=3578d5257a8b0706
seed 12345  pos -459.2 187.8 20.8  rd 8  chunks 297  (drawn 90)
gen 269 ms  mesh(all, parallel) 238 ms  mesh(1 section) 0.47 ms  quads 954715 opaque / 10950 water
frame (encode+GPU, offscreen, median of 30) 5.82 ms  biome forest
mesh slabs 36 MB, chunks 297 (block+light arrays 26 MB), Metal allocated 186 MB
memory: resident 242 MB  (section meshes 29 MB)
wrote snaps/steelhold.png
structure military_base at -392 71 140 (1 pieces)
textures without a painter: missing
textures: 1680 layers at 128 px, BC3, 35.0 MB with mips (build 834 ms, upload 285 ms)
light probe: eye sky 15 block 6 in air; floor+1 (y 71) sky 15 block 4 in air, daylight 1.0
imagecheck steelhold_gate.png magenta=0.00000 black=0.0000 white=0.0020 std=49.7 hash=813ef1600b89190c
imagecheck steelhold_gate.png magenta=0.00000 black=0.0000 white=0.0020 std=49.7 hash=813ef1600b89190c
seed 12345  pos -391.5 136.0 140.5  rd 8  chunks 297  (drawn 76)
gen 243 ms  mesh(all, parallel) 215 ms  mesh(1 section) 0.70 ms  quads 865831 opaque / 10054 water
frame (encode+GPU, offscreen, median of 30) 5.24 ms  biome forest
mesh slabs 32 MB, chunks 297 (block+light arrays 25 MB), Metal allocated 182 MB
memory: resident 249 MB  (section meshes 27 MB)
wrote snaps/steelhold_gate.png
structure military_base at -392 71 140 (1 pieces)
camera in solid at -378 71 80: moved to -382 75 76
textures without a painter: missing
textures: 1680 layers at 128 px, BC3, 35.0 MB with mips (build 919 ms, upload 328 ms)
light probe: eye sky 0 block 9 in air; floor+1 (y 75) sky 0 block 8 in air, daylight 1.0
mips apple (layer 1356, item_apple): L0 128px centre 255 pass 51% L1 64px centre 255 pass 51% L2 32px centre 255 pass 51% L3 16px centre 255 pass 51% L4 8px centre 255 pass 54% L5 4px centre 255 pass 56%
mips gun_rifle (layer 1498, item_gun_rifle): L0 128px centre 255 pass 32% L1 64px centre 255 pass 32% L2 32px centre 255 pass 32% L3 16px centre 255 pass 32% L4 8px centre 255 pass 32% L5 4px centre 255 pass 37%
mips #cactus_side (layer 23, cactus_side): L0 128px centre 255 pass 87% L1 64px centre 255 pass 87% L2 32px centre 255 pass 87% L3 16px centre 255 pass 87% L4 8px centre 255 pass 100% L5 4px centre 255 pass 100%
mips #oak_leaves (layer 13, oak_leaves): L0 128px centre 255 pass 86% L1 64px centre 255 pass 88% L2 32px centre 191 pass 87% L3 16px centre 99 pass 92% L4 8px centre 114 pass 96% L5 4px centre 199 pass 100%
frames listed: 0 (block entities 46)
probe dropped apple: pixel 792,400 rgb 137 7 5 (depth 0.984)
imagecheck steelhold_armory.png magenta=0.00000 black=0.0001 white=0.0183 std=65.3 hash=24bf88dc2824c1e8
probe dropped apple: pixel 792,400 rgb 137 7 5 (depth 0.984)
imagecheck steelhold_armory.png magenta=0.00000 black=0.0001 white=0.0183 std=65.3 hash=24bf88dc2824c1e8
seed 12345  pos -381.5 139.0 76.5  rd 8  chunks 297  (drawn 64)
gen 242 ms  mesh(all, parallel) 220 ms  mesh(1 section) 1.90 ms  quads 904699 opaque / 13783 water
frame (encode+GPU, offscreen, median of 30) 6.32 ms  biome forest
mesh slabs 32 MB, chunks 297 (block+light arrays 26 MB), Metal allocated 182 MB
memory: resident 240 MB  (section meshes 28 MB)
entity pass: room 63578 vertices, 6 before the decor, 42 after
wrote snaps/steelhold_armory.png
structure military_base at -392 71 140 (1 pieces)
camera in solid at -378 71 80: moved to -382 75 76
textures without a painter: missing
textures: 1680 layers at 128 px, BC3, 35.0 MB with mips (build 854 ms, upload 291 ms)
light probe: eye sky 0 block 9 in air; floor+1 (y 75) sky 0 block 8 in air, daylight 1.0
mips apple (layer 1356, item_apple): L0 128px centre 255 pass 51% L1 64px centre 255 pass 51% L2 32px centre 255 pass 51% L3 16px centre 255 pass 51% L4 8px centre 255 pass 54% L5 4px centre 255 pass 56%
mips gun_rifle (layer 1498, item_gun_rifle): L0 128px centre 255 pass 32% L1 64px centre 255 pass 32% L2 32px centre 255 pass 32% L3 16px centre 255 pass 32% L4 8px centre 255 pass 32% L5 4px centre 255 pass 37%
mips #cactus_side (layer 23, cactus_side): L0 128px centre 255 pass 87% L1 64px centre 255 pass 87% L2 32px centre 255 pass 87% L3 16px centre 255 pass 87% L4 8px centre 255 pass 100% L5 4px centre 255 pass 100%
mips #oak_leaves (layer 13, oak_leaves): L0 128px centre 255 pass 86% L1 64px centre 255 pass 88% L2 32px centre 191 pass 87% L3 16px centre 99 pass 92% L4 8px centre 114 pass 96% L5 4px centre 199 pass 100%
frames listed: 0 (block entities 46)
probe dropped apple: pixel 792,400 rgb 51 0 1 (depth 0.984)
imagecheck steelhold_armory_swords.png magenta=0.00000 black=0.0003 white=0.0183 std=65.6 hash=6ea131e1c360908e
probe dropped apple: pixel 792,400 rgb 51 0 1 (depth 0.984)
imagecheck steelhold_armory_swords.png magenta=0.00000 black=0.0003 white=0.0183 std=65.6 hash=6ea131e1c360908e
seed 12345  pos -381.5 139.0 76.5  rd 8  chunks 297  (drawn 64)
gen 247 ms  mesh(all, parallel) 240 ms  mesh(1 section) 1.72 ms  quads 904699 opaque / 13783 water
frame (encode+GPU, offscreen, median of 30) 6.89 ms  biome forest
mesh slabs 32 MB, chunks 297 (block+light arrays 26 MB), Metal allocated 182 MB
memory: resident 247 MB  (section meshes 28 MB)
entity pass: room 63578 vertices, 6 before the decor, 42 after
wrote snaps/steelhold_armory_swords.png
structure military_base at -392 71 140 (1 pieces)
camera in solid at -378 71 80: moved to -382 75 76
textures without a painter: missing
textures: 1680 layers at 128 px, BC3, 35.0 MB with mips (build 916 ms, upload 291 ms)
light probe: eye sky 0 block 9 in air; floor+1 (y 75) sky 0 block 8 in air, daylight 1.0
mips apple (layer 1356, item_apple): L0 128px centre 255 pass 51% L1 64px centre 255 pass 51% L2 32px centre 255 pass 51% L3 16px centre 255 pass 51% L4 8px centre 255 pass 54% L5 4px centre 255 pass 56%
mips gun_rifle (layer 1498, item_gun_rifle): L0 128px centre 255 pass 32% L1 64px centre 255 pass 32% L2 32px centre 255 pass 32% L3 16px centre 255 pass 32% L4 8px centre 255 pass 32% L5 4px centre 255 pass 37%
mips #cactus_side (layer 23, cactus_side): L0 128px centre 255 pass 87% L1 64px centre 255 pass 87% L2 32px centre 255 pass 87% L3 16px centre 255 pass 87% L4 8px centre 255 pass 100% L5 4px centre 255 pass 100%
mips #oak_leaves (layer 13, oak_leaves): L0 128px centre 255 pass 86% L1 64px centre 255 pass 88% L2 32px centre 191 pass 87% L3 16px centre 99 pass 92% L4 8px centre 114 pass 96% L5 4px centre 199 pass 100%
frames listed: 0 (block entities 46)
probe dropped apple: pixel 792,400 rgb 96 14 11 (depth 0.984)
imagecheck steelhold_armory_fast.png magenta=0.00000 black=0.0004 white=0.0008 std=26.7 hash=6bf3175d09efade1
probe dropped apple: pixel 792,400 rgb 96 14 11 (depth 0.984)
imagecheck steelhold_armory_fast.png magenta=0.00000 black=0.0004 white=0.0008 std=26.7 hash=6bf3175d09efade1
seed 12345  pos -381.5 139.0 76.5  rd 8  chunks 297  (drawn 64)
gen 243 ms  mesh(all, parallel) 235 ms  mesh(1 section) 1.86 ms  quads 904699 opaque / 13783 water
frame (encode+GPU, offscreen, median of 30) 2.88 ms  biome forest
mesh slabs 32 MB, chunks 297 (block+light arrays 26 MB), Metal allocated 154 MB
memory: resident 167 MB  (section meshes 28 MB)
entity pass: room 63573 vertices, 6 before the decor, 42 after
wrote snaps/steelhold_armory_fast.png
structure military_base at -392 71 140 (1 pieces)
camera in solid at -378 71 77: moved to -377 75 73
textures without a painter: missing
textures: 1680 layers at 128 px, BC3, 35.0 MB with mips (build 775 ms, upload 266 ms)
light probe: eye sky 1 block 5 in air; floor+1 (y 75) sky 0 block 4 in air, daylight 1.0
frame at -365 77 84: item_frame[2], item gun_rifle layer 1498
  frame delay 0.0, light (sky: 13, block: 7); in front: air, behind: capital_window
frame at -365 77 80: item_frame[2], item gun_shotgun layer 1500
  frame delay 0.0, light (sky: 12, block: 7); in front: air, behind: capital_stone
control frame at -364 78 84 holding an apple
mips apple (layer 1356, item_apple): L0 128px centre 255 pass 51% L1 64px centre 255 pass 51% L2 32px centre 255 pass 51% L3 16px centre 255 pass 51% L4 8px centre 255 pass 54% L5 4px centre 255 pass 56%
mips gun_rifle (layer 1498, item_gun_rifle): L0 128px centre 255 pass 32% L1 64px centre 255 pass 32% L2 32px centre 255 pass 32% L3 16px centre 255 pass 32% L4 8px centre 255 pass 32% L5 4px centre 255 pass 37%
mips #cactus_side (layer 23, cactus_side): L0 128px centre 255 pass 87% L1 64px centre 255 pass 87% L2 32px centre 255 pass 87% L3 16px centre 255 pass 87% L4 8px centre 255 pass 100% L5 4px centre 255 pass 100%
mips #oak_leaves (layer 13, oak_leaves): L0 128px centre 255 pass 86% L1 64px centre 255 pass 88% L2 32px centre 191 pass 87% L3 16px centre 99 pass 92% L4 8px centre 114 pass 96% L5 4px centre 199 pass 100%
frames listed: 2 (block entities 44)
probe item -365,84: behind the camera
probe rim -365,84: behind the camera
probe item -365,80: behind the camera
probe rim -365,80: behind the camera
probe control apple: behind the camera
probe dropped apple: pixel 792,400 rgb 72 1 2 (depth 0.984)
imagecheck steelhold_armory_close.png magenta=0.00000 black=0.0000 white=0.0161 std=60.3 hash=e7e680378c44806f
probe item -365,84: behind the camera
probe rim -365,84: behind the camera
probe item -365,80: behind the camera
probe rim -365,80: behind the camera
probe control apple: behind the camera
probe dropped apple: pixel 792,400 rgb 72 1 2 (depth 0.984)
imagecheck steelhold_armory_close.png magenta=0.00000 black=0.0000 white=0.0161 std=60.3 hash=e7e680378c44806f
seed 12345  pos -376.5 139.0 73.5  rd 8  chunks 297  (drawn 75)
gen 258 ms  mesh(all, parallel) 236 ms  mesh(1 section) 1.26 ms  quads 913333 opaque / 14597 water
frame (encode+GPU, offscreen, median of 30) 5.71 ms  biome forest
mesh slabs 32 MB, chunks 297 (block+light arrays 26 MB), Metal allocated 182 MB
memory: resident 236 MB  (section meshes 28 MB)
entity pass: room 63584 vertices, 6 before the decor, 48 after
wrote snaps/steelhold_armory_close.png
structure military_base at -392 71 140 (1 pieces)
fortresstest: 26 soldiers within 48, 26 aggro, 24 moved, 0 stuck in blocks, player took 316 damage, cover yes (20 s)
fortresstest: PASS
textures without a painter: missing
textures: 1680 layers at 128 px, BC3, 35.0 MB with mips (build 853 ms, upload 311 ms)
light probe: eye sky 14 block 7 in air; floor+1 (y 75) sky 14 block 6 in air, daylight 1.0
imagecheck steelhold_fight.png magenta=0.00000 black=0.0000 white=0.0029 std=26.7 hash=282c41b554c41c30
imagecheck steelhold_fight.png magenta=0.00000 black=0.0000 white=0.0029 std=26.7 hash=282c41b554c41c30
seed 12345  pos -377.5 139.0 80.5  rd 8  chunks 297  (drawn 66)
gen 242 ms  mesh(all, parallel) 341 ms  mesh(1 section) 1.40 ms  quads 904699 opaque / 13783 water
frame (encode+GPU, offscreen, median of 30) 5.71 ms  biome forest
mesh slabs 36 MB, chunks 297 (block+light arrays 26 MB), Metal allocated 202 MB
memory: resident 307 MB  (section meshes 29 MB)
wrote snaps/steelhold_fight.png
flighttrace kestrel-settle t=1 y=139.5 v=0.0 vy=0.0 nose=0.00 up=1.00 yaw=0.00 rpm=0.00 col=0.00 cyc=0.00,0.00 ped=0.00 T=0 L=0 a=0.00
flighttrace kestrel-settle t=2 y=139.5 v=0.0 vy=0.0 nose=0.00 up=1.00 yaw=0.00 rpm=0.00 col=0.00 cyc=0.00,0.00 ped=0.00 T=0 L=0 a=0.00
flighttest ok   the Kestrel stands on its skids: upright 1.00
flighttest ok   the tail rotor is recognised
flighttest: Kestrel mass 156.0 t, rotor radius 8.0
flighttrace kestrel-liftoff t=1 y=139.5 v=0.0 vy=0.0 nose=0.00 up=1.00 yaw=0.00 rpm=0.37 col=1.00 cyc=-0.00,0.00 ped=0.00 T=607 L=0 a=0.00
flighttrace kestrel-liftoff t=2 y=139.5 v=0.0 vy=0.0 nose=0.00 up=1.00 yaw=0.00 rpm=0.60 col=1.00 cyc=0.00,-0.00 ped=-0.00 T=1599 L=0 a=0.00
flighttrace kestrel-liftoff t=3 y=139.9 v=1.4 vy=1.4 nose=-0.00 up=1.00 yaw=0.00 rpm=0.74 col=1.00 cyc=-0.00,0.00 ped=-0.00 T=2466 L=0 a=0.00
flighttrace kestrel-liftoff t=4 y=142.6 v=3.4 vy=3.4 nose=-0.00 up=1.00 yaw=0.00 rpm=0.84 col=0.67 cyc=-0.00,0.00 ped=-0.00 T=2029 L=0 a=0.00
flighttrace kestrel-liftoff t=5 y=146.1 v=3.7 vy=3.7 nose=-0.00 up=1.00 yaw=0.00 rpm=0.90 col=0.59 cyc=-0.00,-0.00 ped=-0.00 T=1941 L=0 a=0.00
flighttest ok   it spins up and lifts off: after 5.9 s, rpm 0.93
flighttrace kestrel-liftoff t=1 y=153.4 v=3.8 vy=3.8 nose=0.00 up=1.00 yaw=0.00 rpm=0.96 col=0.54 cyc=-0.00,-0.00 ped=-0.00 T=1924 L=0 a=0.00
flighttrace kestrel-liftoff t=2 y=157.2 v=3.8 vy=3.8 nose=0.00 up=1.00 yaw=0.00 rpm=0.97 col=0.52 cyc=-0.00,-0.00 ped=-0.00 T=1923 L=0 a=0.00
flighttrace kestrel-liftoff t=3 y=161.0 v=3.8 vy=3.8 nose=0.00 up=1.00 yaw=0.00 rpm=0.98 col=0.51 cyc=-0.00,0.00 ped=-0.00 T=1923 L=0 a=0.00
flighttrace kestrel-liftoff t=4 y=164.8 v=3.8 vy=3.8 nose=0.00 up=1.00 yaw=0.00 rpm=0.99 col=0.50 cyc=0.00,0.00 ped=-0.00 T=1923 L=0 a=0.00
flighttrace kestrel-liftoff t=5 y=168.5 v=3.8 vy=3.8 nose=0.00 up=1.00 yaw=0.00 rpm=0.99 col=0.50 cyc=0.00,0.00 ped=-0.00 T=1923 L=0 a=0.00
flighttrace kestrel-liftoff t=6 y=172.3 v=3.8 vy=3.8 nose=0.00 up=1.00 yaw=0.00 rpm=1.00 col=0.48 cyc=0.00,0.00 ped=-0.00 T=1881 L=0 a=0.00
flighttrace kestrel-liftoff t=7 y=175.4 v=2.3 vy=2.3 nose=0.00 up=1.00 yaw=0.00 rpm=1.00 col=0.41 cyc=0.00,0.00 ped=-0.00 T=1605 L=0 a=0.00
flighttrace kestrel-liftoff t=8 y=176.9 v=0.8 vy=0.8 nose=0.00 up=1.00 yaw=0.00 rpm=1.00 col=0.43 cyc=0.00,0.00 ped=-0.00 T=1700 L=0 a=0.00
flighttest ok   it settles into the hover: after 8.5 s, 0.2 off
flighttrace kestrel-liftoff t=1 y=177.2 v=0.1 vy=-0.1 nose=-0.00 up=1.00 yaw=0.00 rpm=1.00 col=0.47 cyc=0.00,0.00 ped=0.00 T=1850 L=0 a=0.00
flighttrace kestrel-liftoff t=2 y=177.1 v=0.1 vy=-0.1 nose=-0.00 up=1.00 yaw=0.00 rpm=1.00 col=0.48 cyc=0.00,0.00 ped=0.00 T=1878 L=0 a=0.00
flighttrace kestrel-liftoff t=3 y=177.0 v=0.0 vy=-0.0 nose=-0.00 up=1.00 yaw=0.00 rpm=1.00 col=0.48 cyc=0.00,-0.00 ped=0.00 T=1879 L=0 a=0.00
flighttrace kestrel-liftoff t=4 y=177.0 v=0.0 vy=-0.0 nose=-0.00 up=1.00 yaw=0.00 rpm=1.00 col=0.48 cyc=-0.00,-0.00 ped=0.00 T=1875 L=0 a=0.00
flighttrace kestrel-liftoff t=5 y=177.0 v=0.0 vy=0.0 nose=-0.00 up=1.00 yaw=0.00 rpm=1.00 col=0.48 cyc=-0.00,-0.00 ped=0.00 T=1872 L=0 a=0.00
flighttest ok   it hovers steadily: height span 0.24, drift 0.00, upright 1.00
flighttrace kestrel-forward t=1 y=177.0 v=2.2 vy=-0.1 nose=-0.16 up=0.99 yaw=0.00 rpm=1.00 col=0.48 cyc=-0.00,0.80 ped=0.00 T=1931 L=0 a=0.00
flighttrace kestrel-forward t=2 y=176.9 v=6.5 vy=-0.1 nose=-0.30 up=0.95 yaw=0.00 rpm=1.00 col=0.49 cyc=-0.00,0.79 ped=0.00 T=2057 L=0 a=0.00
flighttrace kestrel-forward t=3 y=176.8 v=11.3 vy=-0.0 nose=-0.32 up=0.95 yaw=0.00 rpm=1.00 col=0.49 cyc=-0.00,0.29 ped=0.00 T=2137 L=0 a=0.00
flighttrace kestrel-forward t=4 y=176.9 v=14.4 vy=0.3 nose=-0.22 up=0.98 yaw=0.00 rpm=1.00 col=0.46 cyc=0.00,-0.04 ped=-0.00 T=2038 L=0 a=0.00
flighttrace kestrel-forward t=5 y=177.3 v=15.1 vy=0.4 nose=-0.09 up=1.00 yaw=0.00 rpm=1.00 col=0.44 cyc=0.00,-0.38 ped=-0.00 T=1930 L=0 a=0.00
flighttrace kestrel-forward t=6 y=177.6 v=13.5 vy=0.3 nose=0.07 up=1.00 yaw=0.00 rpm=1.00 col=0.42 cyc=0.00,-0.67 ped=-0.00 T=1859 L=0 a=0.00
flighttrace kestrel-forward t=7 y=177.8 v=10.0 vy=0.1 nose=0.21 up=0.98 yaw=-0.00 rpm=1.00 col=0.43 cyc=0.00,-0.68 ped=0.00 T=1856 L=0 a=0.00
flighttest ok   it flies 80 blocks forward: in 7.4 s
flighttest ok   nose down to accelerate: lowest nose -0.33
flighttrace kestrel-turn t=1 y=177.8 v=3.2 vy=-0.1 nose=0.28 up=0.94 yaw=0.44 rpm=1.00 col=0.49 cyc=-0.17,-0.49 ped=1.00 T=1979 L=0 a=0.00
flighttrace kestrel-turn t=2 y=177.5 v=2.0 vy=-0.2 nose=0.10 up=0.95 yaw=1.03 rpm=1.00 col=0.51 cyc=0.04,-0.15 ped=0.78 T=2028 L=0 a=0.00
flighttest ok   it turns 90 degrees in a hover: in 3.0 s
flighttrace kestrel-return t=1 y=177.7 v=7.0 vy=-0.0 nose=-0.05 up=0.95 yaw=1.92 rpm=1.00 col=0.47 cyc=-0.55,0.05 ped=1.00 T=1975 L=0 a=0.00
flighttrace kestrel-return t=2 y=177.6 v=11.2 vy=-0.1 nose=-0.23 up=0.92 yaw=2.52 rpm=1.00 col=0.48 cyc=-0.08,0.05 ped=0.97 T=2112 L=0 a=0.00
flighttrace kestrel-return t=3 y=177.6 v=14.0 vy=0.2 nose=-0.20 up=0.97 yaw=3.01 rpm=1.00 col=0.46 cyc=0.08,-0.20 ped=0.26 T=2034 L=0 a=0.00
flighttrace kestrel-return t=4 y=177.9 v=14.3 vy=0.4 nose=-0.05 up=1.00 yaw=-3.11 rpm=1.00 col=0.43 cyc=0.06,-0.42 ped=0.01 T=1910 L=0 a=0.00
flighttrace kestrel-return t=5 y=178.3 v=12.4 vy=0.3 nose=0.10 up=0.99 yaw=-3.09 rpm=1.00 col=0.42 cyc=0.02,-0.64 ped=-0.03 T=1856 L=0 a=0.00
flighttrace kestrel-return t=6 y=178.4 v=8.9 vy=-0.0 nose=0.21 up=0.98 yaw=-3.11 rpm=1.00 col=0.43 cyc=-0.01,-0.62 ped=0.00 T=1861 L=0 a=0.00
flighttrace kestrel-return t=7 y=178.2 v=4.8 vy=-0.4 nose=0.26 up=0.97 yaw=-3.11 rpm=1.00 col=0.47 cyc=-0.03,-0.41 ped=0.00 T=1919 L=0 a=0.00
flighttrace kestrel-return t=8 y=177.8 v=1.3 vy=-0.4 nose=0.22 up=0.97 yaw=-3.11 rpm=1.00 col=0.49 cyc=-0.03,-0.12 ped=0.00 T=1942 L=0 a=0.00
flighttest ok   it flies back over its pad: in 8.1 s, 0.4 blocks off
flighttrace kestrel-land t=1 y=176.0 v=2.6 vy=-2.5 nose=0.14 up=0.99 yaw=-3.11 rpm=1.00 col=0.44 cyc=-0.01,0.09 ped=0.00 T=1753 L=0 a=0.00
flighttrace kestrel-land t=2 y=173.3 v=3.2 vy=-2.7 nose=0.04 up=1.00 yaw=-3.11 rpm=1.00 col=0.46 cyc=0.01,0.22 ped=0.00 T=1831 L=0 a=0.00
flighttrace kestrel-land t=3 y=170.6 v=3.0 vy=-2.8 nose=-0.04 up=1.00 yaw=-3.11 rpm=1.00 col=0.46 cyc=0.02,0.22 ped=0.00 T=1833 L=0 a=0.00
flighttrace kestrel-land t=4 y=167.8 v=2.8 vy=-2.8 nose=-0.07 up=1.00 yaw=-3.11 rpm=1.00 col=0.47 cyc=0.01,0.14 ped=0.00 T=1833 L=0 a=0.00
flighttrace kestrel-land t=5 y=165.0 v=3.0 vy=-2.8 nose=-0.07 up=1.00 yaw=-3.11 rpm=1.00 col=0.47 cyc=0.00,0.02 ped=0.00 T=1849 L=0 a=0.00
flighttrace kestrel-land t=6 y=162.2 v=3.1 vy=-2.8 nose=-0.03 up=1.00 yaw=-3.11 rpm=1.00 col=0.46 cyc=-0.01,-0.07 ped=0.00 T=1846 L=0 a=0.00
flighttrace kestrel-land t=7 y=159.4 v=3.1 vy=-2.8 nose=0.00 up=1.00 yaw=-3.11 rpm=1.00 col=0.46 cyc=-0.01,-0.11 ped=0.00 T=1838 L=0 a=0.00
flighttrace kestrel-land t=8 y=156.6 v=2.9 vy=-2.8 nose=0.03 up=1.00 yaw=-3.11 rpm=1.00 col=0.46 cyc=-0.01,-0.10 ped=0.00 T=1834 L=0 a=0.00
flighttrace kestrel-land t=9 y=153.8 v=2.8 vy=-2.8 nose=0.04 up=1.00 yaw=-3.11 rpm=1.00 col=0.47 cyc=0.00,-0.06 ped=0.00 T=1834 L=0 a=0.00
flighttrace kestrel-land t=10 y=151.0 v=2.9 vy=-2.9 nose=0.03 up=1.00 yaw=-3.11 rpm=1.00 col=0.47 cyc=0.01,-0.01 ped=0.00 T=1839 L=0 a=0.00
flighttrace kestrel-land t=11 y=148.1 v=2.9 vy=-2.8 nose=0.02 up=1.00 yaw=-3.11 rpm=1.00 col=0.46 cyc=0.01,0.04 ped=0.00 T=1841 L=0 a=0.00
flighttrace kestrel-land t=12 y=145.2 v=2.9 vy=-2.8 nose=-0.00 up=1.00 yaw=-3.11 rpm=1.00 col=0.44 cyc=0.00,0.05 ped=0.00 T=1838 L=0 a=0.00
flighttrace kestrel-land t=13 y=142.4 v=2.8 vy=-2.8 nose=-0.01 up=1.00 yaw=-3.11 rpm=1.00 col=0.44 cyc=-0.00,0.04 ped=0.00 T=1897 L=0 a=0.00
flighttrace kestrel-land t=14 y=140.1 v=1.7 vy=-1.7 nose=-0.02 up=1.00 yaw=-3.11 rpm=1.00 col=0.47 cyc=-0.00,0.02 ped=0.00 T=2071 L=0 a=0.00
flighttest ok   it lands softly: touchdown 1.50 b/s
flighttest ok   it lands on the pad: 0.6 blocks from the centre
flighttrace kestrel-land t=1 y=139.5 v=0.0 vy=0.0 nose=-0.00 up=1.00 yaw=-3.11 rpm=0.86 col=0.00 cyc=0.00,0.00 ped=0.00 T=0 L=0 a=0.00
flighttrace kestrel-land t=2 y=139.5 v=0.0 vy=0.0 nose=-0.00 up=1.00 yaw=-3.11 rpm=0.74 col=0.00 cyc=0.00,0.00 ped=0.00 T=0 L=0 a=0.00
flighttrace kestrel-land t=3 y=139.5 v=0.0 vy=0.0 nose=0.00 up=1.00 yaw=-3.11 rpm=0.64 col=0.00 cyc=0.00,0.00 ped=0.00 T=0 L=0 a=0.00
flighttrace kestrel-land t=4 y=139.5 v=0.0 vy=0.0 nose=0.00 up=1.00 yaw=-3.11 rpm=0.55 col=0.00 cyc=0.00,0.00 ped=0.00 T=0 L=0 a=0.00
flighttest ok   upright on the ground after landing: 1.00
flighttest ok   the pilot stays in the seat
flighttrace player-settle t=1 y=142.5 v=0.0 vy=0.0 nose=0.00 up=1.00 yaw=0.00 rpm=0.00 col=0.00 cyc=0.00,0.00 ped=0.00 T=0 L=0 a=0.00
flighttrace player-settle t=2 y=142.5 v=0.0 vy=0.0 nose=0.00 up=1.00 yaw=0.00 rpm=0.00 col=0.00 cyc=0.00,0.00 ped=0.00 T=0 L=0 a=0.00
flighttest ok   the helm flies it as a helicopter
flighttrace player-climb t=1 y=142.5 v=0.0 vy=0.0 nose=0.00 up=1.00 yaw=0.00 rpm=0.37 col=0.46 cyc=0.00,0.00 ped=0.00 T=277 L=0 a=0.00
flighttrace player-climb t=2 y=142.5 v=0.0 vy=0.0 nose=0.00 up=1.00 yaw=0.00 rpm=0.60 col=0.91 cyc=0.00,0.00 ped=0.00 T=1451 L=0 a=0.00
flighttrace player-climb t=3 y=142.9 v=1.4 vy=1.4 nose=0.00 up=1.00 yaw=0.00 rpm=0.74 col=1.00 cyc=0.00,0.00 ped=0.00 T=2466 L=0 a=0.00
flighttrace player-climb t=4 y=146.6 v=5.7 vy=5.7 nose=0.00 up=1.00 yaw=0.00 rpm=0.84 col=0.75 cyc=0.00,0.00 ped=0.00 T=2250 L=0 a=0.00
flighttrace player-climb t=5 y=152.4 v=5.8 vy=5.8 nose=0.00 up=1.00 yaw=0.00 rpm=0.90 col=0.61 cyc=0.00,0.00 ped=0.00 T=1922 L=0 a=0.00
flighttrace player-climb t=6 y=158.2 v=5.7 vy=5.7 nose=0.00 up=1.00 yaw=0.00 rpm=0.93 col=0.57 cyc=0.00,0.00 ped=0.00 T=1968 L=0 a=0.00
flighttrace player-climb t=7 y=163.9 v=5.7 vy=5.7 nose=0.00 up=1.00 yaw=0.00 rpm=0.96 col=0.54 cyc=0.00,0.00 ped=0.00 T=1964 L=0 a=0.00
flighttest ok   Space spins it up and lifts it: after 7.6 s, +25.0
flighttrace player-hold t=1 y=170.8 v=0.9 vy=0.9 nose=0.00 up=1.00 yaw=0.00 rpm=0.98 col=0.38 cyc=0.00,0.00 ped=0.00 T=1429 L=0 a=0.00
flighttrace player-hold t=2 y=171.0 v=0.1 vy=-0.1 nose=0.00 up=1.00 yaw=0.00 rpm=0.99 col=0.49 cyc=0.00,0.00 ped=0.00 T=1872 L=0 a=0.00
flighttrace player-hold t=3 y=170.9 v=0.0 vy=0.0 nose=0.00 up=1.00 yaw=0.00 rpm=0.99 col=0.49 cyc=0.00,0.00 ped=0.00 T=1877 L=0 a=0.00
flighttrace player-hold t=1 y=171.0 v=0.0 vy=0.0 nose=0.00 up=1.00 yaw=0.00 rpm=0.99 col=0.48 cyc=0.00,0.00 ped=0.00 T=1871 L=0 a=0.00
flighttrace player-hold t=2 y=171.0 v=0.0 vy=0.0 nose=0.00 up=1.00 yaw=0.00 rpm=1.00 col=0.48 cyc=0.00,0.00 ped=0.00 T=1871 L=0 a=0.00
flighttrace player-hold t=3 y=171.0 v=0.0 vy=0.0 nose=0.00 up=1.00 yaw=0.00 rpm=1.00 col=0.48 cyc=0.00,0.00 ped=0.00 T=1871 L=0 a=0.00
flighttrace player-hold t=4 y=171.0 v=0.0 vy=0.0 nose=0.00 up=1.00 yaw=0.00 rpm=1.00 col=0.48 cyc=0.00,0.00 ped=0.00 T=1871 L=0 a=0.00
flighttest ok   let go, it holds its height: +0.0 in 4 s, 0.0 b/s
flighttrace player-forward t=1 y=170.9 v=2.8 vy=-0.1 nose=-0.20 up=0.98 yaw=0.00 rpm=1.00 col=0.48 cyc=0.00,1.00 ped=0.00 T=1947 L=0 a=0.00
flighttrace player-forward t=2 y=170.6 v=8.1 vy=-0.5 nose=-0.37 up=0.93 yaw=0.00 rpm=1.00 col=0.50 cyc=0.00,1.00 ped=0.00 T=2126 L=0 a=0.00
flighttrace player-forward t=3 y=169.9 v=15.1 vy=-0.9 nose=-0.46 up=0.89 yaw=0.00 rpm=1.00 col=0.53 cyc=0.00,1.00 ped=0.00 T=2319 L=0 a=0.00
flighttest ok   W tilts it forward and it flies: 18 blocks, nose -0.46
flighttrace player-forward t=1 y=169.2 v=19.4 vy=-0.4 nose=-0.29 up=0.96 yaw=0.00 rpm=1.00 col=0.51 cyc=0.00,0.00 ped=0.00 T=2249 L=0 a=0.00
flighttrace player-forward t=2 y=169.2 v=20.6 vy=0.2 nose=-0.14 up=0.99 yaw=0.00 rpm=1.00 col=0.47 cyc=0.00,0.00 ped=0.00 T=2067 L=0 a=0.00
flighttrace player-forward t=3 y=169.6 v=20.3 vy=0.5 nose=-0.07 up=1.00 yaw=0.00 rpm=1.00 col=0.45 cyc=0.00,0.00 ped=0.00 T=1972 L=0 a=0.00
flighttrace player-forward t=4 y=170.1 v=19.4 vy=0.6 nose=-0.04 up=1.00 yaw=0.00 rpm=1.00 col=0.44 cyc=0.00,0.00 ped=0.00 T=1934 L=0 a=0.00
flighttest ok   stick centred, it levels out: upright 1.00
flighttrace player-turn t=1 y=170.8 v=18.2 vy=0.6 nose=-0.03 up=1.00 yaw=0.42 rpm=1.00 col=0.44 cyc=0.00,0.00 ped=1.00 T=1918 L=0 a=0.00
flighttrace player-turn t=2 y=171.4 v=16.0 vy=0.6 nose=-0.05 up=1.00 yaw=1.03 rpm=1.00 col=0.44 cyc=0.00,0.00 ped=1.00 T=1916 L=0 a=0.00
flighttest ok   it turns to the view: in 2.6 s
flighttrace player-brake t=1 y=172.3 v=8.2 vy=0.1 nose=-0.06 up=0.93 yaw=2.06 rpm=1.00 col=0.45 cyc=-1.00,0.43 ped=1.00 T=1934 L=0 a=0.00
flighttrace player-brake t=2 y=171.5 v=1.7 vy=-1.4 nose=-0.37 up=0.81 yaw=2.61 rpm=1.00 col=0.55 cyc=0.16,0.00 ped=1.00 T=2175 L=0 a=0.00
flighttrace player-brake t=3 y=170.6 v=4.5 vy=-0.2 nose=-0.18 up=0.98 yaw=-3.00 rpm=1.00 col=0.51 cyc=0.35,-1.00 ped=1.00 T=2100 L=0 a=0.00
flighttrace player-brake t=4 y=170.7 v=2.6 vy=0.1 nose=0.22 up=0.98 yaw=-2.40 rpm=1.00 col=0.47 cyc=-0.45,-0.47 ped=1.00 T=1890 L=0 a=0.00
flighttrace player-brake t=5 y=170.6 v=1.2 vy=-0.2 nose=0.09 up=0.96 yaw=-1.80 rpm=1.00 col=0.49 cyc=0.14,0.26 ped=1.00 T=1937 L=0 a=0.00
flighttrace player-brake t=6 y=170.5 v=2.3 vy=0.1 nose=-0.08 up=1.00 yaw=-1.22 rpm=1.00 col=0.48 cyc=0.56,-0.12 ped=1.00 T=1914 L=0 a=0.00
flighttrace player-brake t=7 y=170.6 v=1.1 vy=0.0 nose=0.06 up=0.99 yaw=-0.61 rpm=1.00 col=0.47 cyc=-0.02,-0.28 ped=1.00 T=1876 L=0 a=0.00
flighttrace player-brake t=8 y=170.6 v=0.8 vy=0.0 nose=0.09 up=0.99 yaw=0.02 rpm=1.00 col=0.48 cyc=-0.14,0.15 ped=1.00 T=1886 L=0 a=0.00
flighttrace player-brake t=9 y=170.6 v=1.1 vy=0.0 nose=-0.05 up=0.99 yaw=0.63 rpm=1.00 col=0.47 cyc=0.25,0.11 ped=1.00 T=1886 L=0 a=0.00
flighttrace player-brake t=10 y=170.7 v=1.0 vy=0.1 nose=-0.04 up=1.00 yaw=1.25 rpm=1.00 col=0.47 cyc=0.15,-0.20 ped=1.00 T=1875 L=0 a=0.00
flighttest ok   the stick brakes it to a hover: after 10.8 s, 0.6 b/s
flighttrace player-land t=1 y=170.2 v=1.2 vy=-1.2 nose=0.03 up=1.00 yaw=2.39 rpm=1.00 col=0.41 cyc=0.00,0.00 ped=1.00 T=1734 L=0 a=0.00
flighttrace player-land t=2 y=168.8 v=1.6 vy=-1.4 nose=-0.02 up=1.00 yaw=3.01 rpm=1.00 col=0.43 cyc=0.00,0.00 ped=1.00 T=1870 L=0 a=0.00
flighttrace player-land t=3 y=167.4 v=2.1 vy=-1.3 nose=-0.05 up=1.00 yaw=-2.65 rpm=1.00 col=0.42 cyc=0.00,0.00 ped=1.00 T=1875 L=0 a=0.00
flighttrace player-land t=4 y=166.1 v=2.7 vy=-1.3 nose=-0.06 up=1.00 yaw=-2.02 rpm=1.00 col=0.41 cyc=0.00,0.00 ped=1.00 T=1872 L=0 a=0.00
flighttest ok   Ctrl sets it down: touchdown 0.2 b/s
flighttrace player-land t=1 y=165.6 v=0.6 vy=0.4 nose=0.01 up=1.00 yaw=-1.32 rpm=1.00 col=0.31 cyc=0.00,0.00 ped=1.00 T=1417 L=0 a=0.00
flighttrace player-land t=2 y=165.5 v=0.5 vy=-0.1 nose=0.00 up=1.00 yaw=-0.99 rpm=1.00 col=0.31 cyc=0.00,0.00 ped=1.00 T=1411 L=0 a=0.00
flighttrace player-land t=3 y=165.5 v=0.0 vy=-0.0 nose=-0.00 up=1.00 yaw=-0.88 rpm=1.00 col=0.31 cyc=0.00,0.00 ped=1.00 T=1404 L=0 a=0.00
flighttest ok   upright after the player's landing: 1.00
flighttest: Heron mass 82.3 t, 66 airfoil cells, weight 988
flighttrace heron-level t=1 y=320.0 v=24.7 vy=-1.1 nose=0.01 up=1.00 yaw=0.00 rpm=0.00 col=0.00 cyc=0.00,0.00 ped=0.00 T=0 L=866 a=0.09
flighttrace heron-level t=2 y=319.1 v=25.1 vy=-0.5 nose=0.03 up=1.00 yaw=0.00 rpm=0.00 col=0.00 cyc=0.00,0.00 ped=0.00 T=0 L=890 a=0.08
flighttrace heron-level t=3 y=318.9 v=25.2 vy=0.1 nose=0.05 up=1.00 yaw=0.00 rpm=0.00 col=0.00 cyc=0.00,0.00 ped=0.00 T=0 L=880 a=0.08
flighttrace heron-level t=4 y=319.1 v=25.1 vy=0.3 nose=0.06 up=1.00 yaw=0.00 rpm=0.00 col=0.00 cyc=0.00,0.00 ped=0.00 T=0 L=856 a=0.08
flighttrace heron-level t=5 y=319.4 v=24.9 vy=0.3 nose=0.06 up=1.00 yaw=0.00 rpm=0.00 col=0.00 cyc=0.00,0.00 ped=0.00 T=0 L=841 a=0.08
flighttrace heron-level t=6 y=319.6 v=24.9 vy=0.1 nose=0.05 up=1.00 yaw=0.00 rpm=0.00 col=0.00 cyc=0.00,0.00 ped=0.00 T=0 L=838 a=0.08
flighttrace heron-level t=7 y=319.7 v=24.9 vy=-0.0 nose=0.05 up=1.00 yaw=0.00 rpm=0.00 col=0.00 cyc=0.00,0.00 ped=0.00 T=0 L=843 a=0.08
flighttrace heron-level t=8 y=319.6 v=25.0 vy=-0.1 nose=0.05 up=1.00 yaw=0.00 rpm=0.00 col=0.00 cyc=0.00,0.00 ped=0.00 T=0 L=849 a=0.08
flighttrace heron-level t=9 y=319.6 v=25.1 vy=-0.1 nose=0.05 up=1.00 yaw=0.00 rpm=0.00 col=0.00 cyc=0.00,0.00 ped=0.00 T=0 L=853 a=0.08
flighttrace heron-level t=10 y=319.5 v=25.1 vy=-0.0 nose=0.05 up=1.00 yaw=0.00 rpm=0.00 col=0.00 cyc=0.00,0.00 ped=0.00 T=0 L=853 a=0.08
flighttrace heron-level t=11 y=319.5 v=25.1 vy=0.0 nose=0.05 up=1.00 yaw=0.00 rpm=0.00 col=0.00 cyc=0.00,0.00 ped=0.00 T=0 L=851 a=0.08
flighttrace heron-level t=12 y=319.6 v=25.1 vy=0.0 nose=0.05 up=1.00 yaw=0.00 rpm=0.00 col=0.00 cyc=0.00,0.00 ped=0.00 T=0 L=850 a=0.08
flighttest ok   level flight under power: height -1.9..-1.3, 25.1 b/s, upright 1.00, lift 850
flighttrace heron-climb t=1 y=321.3 v=23.6 vy=4.9 nose=0.32 up=0.95 yaw=0.00 rpm=0.00 col=0.00 cyc=0.00,0.00 ped=0.00 T=0 L=1251 a=0.13
flighttrace heron-climb t=2 y=328.6 v=19.5 vy=8.7 nose=0.55 up=0.83 yaw=-0.00 rpm=0.00 col=0.00 cyc=0.00,0.00 ped=0.00 T=0 L=929 a=0.14
flighttrace heron-climb t=3 y=336.8 v=14.7 vy=7.0 nose=0.60 up=0.80 yaw=0.00 rpm=0.00 col=0.00 cyc=0.00,0.00 ped=0.00 T=0 L=606 a=0.17
flighttrace heron-climb t=4 y=342.1 v=11.1 vy=3.7 nose=0.55 up=0.83 yaw=0.00 rpm=0.00 col=0.00 cyc=0.00,0.00 ped=0.00 T=0 L=532 a=0.26
flighttrace heron-climb t=5 y=343.9 v=10.2 vy=-0.4 nose=0.45 up=0.89 yaw=0.00 rpm=0.00 col=0.00 cyc=0.00,0.00 ped=0.00 T=0 L=281 a=0.50 STALL
flighttrace heron-climb t=6 y=341.2 v=12.3 vy=-4.7 nose=0.25 up=0.97 yaw=-0.00 rpm=0.00 col=0.00 cyc=0.00,0.00 ped=0.00 T=0 L=234 a=0.62 STALL
flighttrace heron-climb t=7 y=335.3 v=15.8 vy=-6.2 nose=-0.01 up=1.00 yaw=-0.00 rpm=0.00 col=0.00 cyc=0.00,0.00 ped=0.00 T=0 L=701 a=0.38 STALL
flighttrace heron-climb t=8 y=330.6 v=19.1 vy=-3.6 nose=-0.04 up=1.00 yaw=-0.01 rpm=0.00 col=0.00 cyc=0.00,0.00 ped=0.00 T=0 L=937 a=0.15
flighttrace heron-climb t=9 y=328.6 v=20.3 vy=0.0 nose=0.14 up=0.99 yaw=0.00 rpm=0.00 col=0.00 cyc=0.00,0.00 ped=0.00 T=0 L=1058 a=0.15
flighttrace heron-climb t=10 y=330.7 v=19.2 vy=3.9 nose=0.34 up=0.94 yaw=0.01 rpm=0.00 col=0.00 cyc=0.00,0.00 ped=0.00 T=0 L=1001 a=0.16
flighttrace heron-climb t=11 y=335.5 v=16.6 vy=5.1 nose=0.44 up=0.90 yaw=0.02 rpm=0.00 col=0.00 cyc=0.00,0.00 ped=0.00 T=0 L=769 a=0.16
flighttrace heron-climb t=12 y=340.1 v=14.2 vy=3.8 nose=0.43 up=0.90 yaw=0.03 rpm=0.00 col=0.00 cyc=0.00,0.00 ped=0.00 T=0 L=652 a=0.20
flighttest ok   it climbs when asked: +20.5 in 12 s
flighttrace heron-turn t=1 y=342.8 v=13.0 vy=1.3 nose=0.30 up=0.94 yaw=-0.03 rpm=0.00 col=0.00 cyc=0.00,0.00 ped=0.00 T=0 L=560 a=0.21
flighttrace heron-turn t=2 y=342.8 v=14.0 vy=-1.3 nose=0.15 up=0.95 yaw=-0.13 rpm=0.00 col=0.00 cyc=0.00,0.00 ped=0.00 T=0 L=588 a=0.20
flighttrace heron-turn t=3 y=340.3 v=16.3 vy=-3.5 nose=0.04 up=0.93 yaw=-0.18 rpm=0.00 col=0.00 cyc=0.00,0.00 ped=0.00 T=0 L=616 a=0.16
flighttrace heron-turn t=4 y=336.0 v=18.9 vy=-4.8 nose=-0.01 up=0.89 yaw=-0.15 rpm=0.00 col=0.00 cyc=0.00,0.00 ped=0.00 T=0 L=707 a=0.13
flighttrace heron-turn t=5 y=331.3 v=21.0 vy=-4.3 nose=0.04 up=0.86 yaw=-0.01 rpm=0.00 col=0.00 cyc=0.00,0.00 ped=0.00 T=0 L=864 a=0.13
flighttrace heron-turn t=6 y=328.1 v=21.9 vy=-2.1 nose=0.14 up=0.82 yaw=0.21 rpm=0.00 col=0.00 cyc=0.00,0.00 ped=0.00 T=0 L=961 a=0.13
flighttrace heron-turn t=7 y=327.1 v=21.6 vy=-0.1 nose=0.23 up=0.78 yaw=0.47 rpm=0.00 col=0.00 cyc=0.00,0.00 ped=0.00 T=0 L=918 a=0.12
flighttrace heron-turn t=8 y=327.4 v=20.8 vy=0.6 nose=0.27 up=0.74 yaw=0.72 rpm=0.00 col=0.00 cyc=0.00,0.00 ped=0.00 T=0 L=828 a=0.12
flighttrace heron-turn t=9 y=327.8 v=20.1 vy=0.2 nose=0.28 up=0.71 yaw=0.96 rpm=0.00 col=0.00 cyc=0.00,0.00 ped=0.00 T=0 L=769 a=0.12
flighttrace heron-turn t=10 y=327.6 v=19.7 vy=-0.5 nose=0.26 up=0.73 yaw=1.21 rpm=0.00 col=0.00 cyc=0.00,0.00 ped=0.00 T=0 L=782 a=0.13
flighttest ok   it banks into a 90 degree turn: in 10.4 s, bank 0.65, upright at least 0.71
flighttrace heron-level-off t=1 y=326.8 v=20.0 vy=-1.4 nose=0.10 up=0.89 yaw=1.51 rpm=0.00 col=0.00 cyc=0.00,0.00 ped=0.00 T=0 L=698 a=0.11
flighttrace heron-level-off t=2 y=324.9 v=21.4 vy=-2.2 nose=-0.01 up=0.98 yaw=1.73 rpm=0.00 col=0.00 cyc=0.00,0.00 ped=0.00 T=0 L=812 a=0.11
flighttrace heron-level-off t=3 y=322.9 v=22.6 vy=-1.6 nose=0.02 up=0.99 yaw=1.92 rpm=0.00 col=0.00 cyc=0.00,0.00 ped=0.00 T=0 L=862 a=0.10
flighttrace heron-level-off t=4 y=321.8 v=22.8 vy=-0.6 nose=0.12 up=0.93 yaw=2.00 rpm=0.00 col=0.00 cyc=0.00,0.00 ped=0.00 T=0 L=844 a=0.10
flighttrace heron-level-off t=5 y=321.6 v=22.4 vy=0.1 nose=0.18 up=0.87 yaw=1.95 rpm=0.00 col=0.00 cyc=0.00,0.00 ped=0.00 T=0 L=793 a=0.10
flighttrace heron-stall t=1 y=321.9 v=18.7 vy=0.7 nose=0.31 up=0.82 yaw=1.76 rpm=0.00 col=0.00 cyc=0.00,0.00 ped=0.00 T=0 L=870 a=0.16
flighttrace heron-stall t=2 y=322.3 v=15.3 vy=-0.2 nose=0.37 up=0.76 yaw=1.55 rpm=0.00 col=0.00 cyc=0.00,0.00 ped=0.00 T=0 L=677 a=0.20
flighttrace heron-stall t=3 y=320.7 v=13.4 vy=-3.3 nose=0.36 up=0.70 yaw=1.38 rpm=0.00 col=0.00 cyc=0.00,0.00 ped=0.00 T=0 L=418 a=0.29 STALL
flighttrace heron-stall t=4 y=315.0 v=14.1 vy=-8.2 nose=0.27 up=0.55 yaw=1.28 rpm=0.00 col=0.00 cyc=0.00,0.00 ped=0.00 T=0 L=211 a=0.35 STALL
flighttrace heron-stall t=5 y=304.8 v=16.0 vy=-12.2 nose=0.11 up=0.42 yaw=1.20 rpm=0.00 col=0.00 cyc=0.00,0.00 ped=0.00 T=0 L=221 a=0.26 STALL
flighttrace heron-stall t=6 y=291.2 v=18.2 vy=-14.7 nose=-0.12 up=0.40 yaw=1.07 rpm=0.00 col=0.00 cyc=0.00,0.00 ped=0.00 T=0 L=332 a=0.15
flighttrace heron-stall t=7 y=275.7 v=21.0 vy=-16.4 nose=-0.35 up=0.42 yaw=0.81 rpm=0.00 col=0.00 cyc=0.00,0.00 ped=0.00 T=0 L=511 a=0.10
flighttrace heron-stall t=8 y=258.7 v=24.6 vy=-17.3 nose=-0.47 up=0.51 yaw=0.39 rpm=0.00 col=0.00 cyc=0.00,0.00 ped=0.00 T=0 L=887 a=0.10
flighttest ok   slowed nose-high it stalls: alpha 0.10, 24.6 b/s
flighttest ok   it recovers from the stall by itself: 24.8 b/s
flighttest: 0 failed (1.2 s)
textures without a painter: missing
textures: 1680 layers at 128 px, BC3, 35.0 MB with mips (build 832 ms, upload 284 ms)
light probe: eye sky 15 block 0 in air; floor+1 (y 160) sky 15 block 0 in air, daylight 1.0
imagecheck flighttest.png magenta=0.00000 black=0.0000 white=0.0037 std=40.1 hash=de0797b259317194
imagecheck flighttest.png magenta=0.00000 black=0.0000 white=0.0037 std=40.1 hash=de0797b259317194
seed 12345  pos -437.8 262.4 -589.2  rd 6  chunks 135  (drawn 7)
gen 168 ms  mesh(all, parallel) 179 ms  mesh(1 section) 0.96 ms  quads 478357 opaque / 9129 water
frame (encode+GPU, offscreen, median of 30) 4.70 ms  biome oldGrowthSpruceTaiga
mesh slabs 28 MB, chunks 135 (block+light arrays 14 MB), Metal allocated 178 MB
memory: resident 257 MB  (section meshes 19 MB)
wrote snaps/flighttest.png
flighttrace kestrel-settle t=1 y=139.5 v=0.0 vy=0.0 nose=0.00 up=1.00 yaw=0.00 rpm=0.00 col=0.00 cyc=0.00,0.00 ped=0.00 T=0 L=0 a=0.00
flighttrace kestrel-settle t=2 y=139.5 v=0.0 vy=0.0 nose=0.00 up=1.00 yaw=0.00 rpm=0.00 col=0.00 cyc=0.00,0.00 ped=0.00 T=0 L=0 a=0.00
flighttest ok   the Kestrel stands on its skids: upright 1.00
flighttest ok   the tail rotor is recognised
flighttest: Kestrel mass 156.0 t, rotor radius 8.0
flighttrace kestrel-liftoff t=1 y=139.5 v=0.0 vy=0.0 nose=0.00 up=1.00 yaw=0.00 rpm=0.37 col=1.00 cyc=-0.00,0.00 ped=0.00 T=607 L=0 a=0.00
flighttrace kestrel-liftoff t=2 y=139.5 v=0.0 vy=0.0 nose=0.00 up=1.00 yaw=0.00 rpm=0.60 col=1.00 cyc=0.00,-0.00 ped=-0.00 T=1599 L=0 a=0.00
flighttrace kestrel-liftoff t=3 y=139.9 v=1.4 vy=1.4 nose=-0.00 up=1.00 yaw=0.00 rpm=0.74 col=1.00 cyc=-0.00,0.00 ped=-0.00 T=2466 L=0 a=0.00
flighttrace kestrel-liftoff t=4 y=142.6 v=3.4 vy=3.4 nose=-0.00 up=1.00 yaw=0.00 rpm=0.84 col=0.67 cyc=-0.00,0.00 ped=-0.00 T=2029 L=0 a=0.00
flighttrace kestrel-liftoff t=5 y=146.1 v=3.7 vy=3.7 nose=-0.00 up=1.00 yaw=0.00 rpm=0.90 col=0.59 cyc=-0.00,-0.00 ped=-0.00 T=1941 L=0 a=0.00
flighttest ok   it spins up and lifts off: after 5.9 s, rpm 0.93
flighttrace kestrel-liftoff t=1 y=153.4 v=3.8 vy=3.8 nose=0.00 up=1.00 yaw=0.00 rpm=0.96 col=0.54 cyc=-0.00,-0.00 ped=-0.00 T=1924 L=0 a=0.00
flighttrace kestrel-liftoff t=2 y=157.2 v=3.8 vy=3.8 nose=0.00 up=1.00 yaw=0.00 rpm=0.97 col=0.52 cyc=-0.00,-0.00 ped=-0.00 T=1923 L=0 a=0.00
flighttrace kestrel-liftoff t=3 y=161.0 v=3.8 vy=3.8 nose=0.00 up=1.00 yaw=0.00 rpm=0.98 col=0.51 cyc=-0.00,0.00 ped=-0.00 T=1923 L=0 a=0.00
flighttrace kestrel-liftoff t=4 y=164.8 v=3.8 vy=3.8 nose=0.00 up=1.00 yaw=0.00 rpm=0.99 col=0.50 cyc=0.00,0.00 ped=-0.00 T=1923 L=0 a=0.00
flighttrace kestrel-liftoff t=5 y=168.5 v=3.8 vy=3.8 nose=0.00 up=1.00 yaw=0.00 rpm=0.99 col=0.50 cyc=0.00,0.00 ped=-0.00 T=1923 L=0 a=0.00
flighttrace kestrel-liftoff t=6 y=172.3 v=3.8 vy=3.8 nose=0.00 up=1.00 yaw=0.00 rpm=1.00 col=0.48 cyc=0.00,0.00 ped=-0.00 T=1881 L=0 a=0.00
flighttrace kestrel-liftoff t=7 y=175.4 v=2.3 vy=2.3 nose=0.00 up=1.00 yaw=0.00 rpm=1.00 col=0.41 cyc=0.00,0.00 ped=-0.00 T=1605 L=0 a=0.00
flighttrace kestrel-liftoff t=8 y=176.9 v=0.8 vy=0.8 nose=0.00 up=1.00 yaw=0.00 rpm=1.00 col=0.43 cyc=0.00,0.00 ped=-0.00 T=1700 L=0 a=0.00
flighttest ok   it settles into the hover: after 8.5 s, 0.2 off
flighttrace kestrel-liftoff t=1 y=177.2 v=0.1 vy=-0.1 nose=-0.00 up=1.00 yaw=0.00 rpm=1.00 col=0.47 cyc=0.00,0.00 ped=0.00 T=1850 L=0 a=0.00
flighttrace kestrel-liftoff t=2 y=177.1 v=0.1 vy=-0.1 nose=-0.00 up=1.00 yaw=0.00 rpm=1.00 col=0.48 cyc=0.00,0.00 ped=0.00 T=1878 L=0 a=0.00
flighttrace kestrel-liftoff t=3 y=177.0 v=0.0 vy=-0.0 nose=-0.00 up=1.00 yaw=0.00 rpm=1.00 col=0.48 cyc=0.00,-0.00 ped=0.00 T=1879 L=0 a=0.00
flighttrace kestrel-liftoff t=4 y=177.0 v=0.0 vy=-0.0 nose=-0.00 up=1.00 yaw=0.00 rpm=1.00 col=0.48 cyc=-0.00,-0.00 ped=0.00 T=1875 L=0 a=0.00
flighttrace kestrel-liftoff t=5 y=177.0 v=0.0 vy=0.0 nose=-0.00 up=1.00 yaw=0.00 rpm=1.00 col=0.48 cyc=-0.00,-0.00 ped=0.00 T=1872 L=0 a=0.00
flighttest ok   it hovers steadily: height span 0.24, drift 0.00, upright 1.00
flighttest: 0 failed (0.0 s)
textures without a painter: missing
textures: 1680 layers at 128 px, BC3, 35.0 MB with mips (build 796 ms, upload 279 ms)
light probe: eye sky 15 block 0 in air; floor+1 (y 77) sky 15 block 0 in air, daylight 1.0
imagecheck flight_heli.png magenta=0.00000 black=0.0000 white=0.0008 std=37.2 hash=2a63163a03e2fd22
imagecheck flight_heli.png magenta=0.00000 black=0.0000 white=0.0008 std=37.2 hash=2a63163a03e2fd22
seed 12345  pos -91.5 180.0 104.5  rd 6  chunks 201  (drawn 45)
gen 175 ms  mesh(all, parallel) 125 ms  mesh(1 section) 0.42 ms  quads 478357 opaque / 9129 water
frame (encode+GPU, offscreen, median of 30) 4.60 ms  biome plains
mesh slabs 20 MB, chunks 201 (block+light arrays 17 MB), Metal allocated 170 MB
memory: resident 225 MB  (section meshes 15 MB)
wrote snaps/flight_heli.png
flighttest: Heron mass 82.3 t, 66 airfoil cells, weight 988
flighttrace heron-level t=1 y=320.0 v=24.7 vy=-1.1 nose=0.01 up=1.00 yaw=0.00 rpm=0.00 col=0.00 cyc=0.00,0.00 ped=0.00 T=0 L=866 a=0.09
flighttrace heron-level t=2 y=319.1 v=25.1 vy=-0.5 nose=0.03 up=1.00 yaw=0.00 rpm=0.00 col=0.00 cyc=0.00,0.00 ped=0.00 T=0 L=890 a=0.08
flighttrace heron-level t=3 y=318.9 v=25.2 vy=0.1 nose=0.05 up=1.00 yaw=0.00 rpm=0.00 col=0.00 cyc=0.00,0.00 ped=0.00 T=0 L=880 a=0.08
flighttrace heron-level t=4 y=319.1 v=25.1 vy=0.3 nose=0.06 up=1.00 yaw=0.00 rpm=0.00 col=0.00 cyc=0.00,0.00 ped=0.00 T=0 L=856 a=0.08
flighttrace heron-level t=5 y=319.4 v=24.9 vy=0.3 nose=0.06 up=1.00 yaw=0.00 rpm=0.00 col=0.00 cyc=0.00,0.00 ped=0.00 T=0 L=841 a=0.08
flighttrace heron-level t=6 y=319.6 v=24.9 vy=0.1 nose=0.05 up=1.00 yaw=0.00 rpm=0.00 col=0.00 cyc=0.00,0.00 ped=0.00 T=0 L=838 a=0.08
flighttrace heron-level t=7 y=319.7 v=24.9 vy=-0.0 nose=0.05 up=1.00 yaw=0.00 rpm=0.00 col=0.00 cyc=0.00,0.00 ped=0.00 T=0 L=843 a=0.08
flighttrace heron-level t=8 y=319.6 v=25.0 vy=-0.1 nose=0.05 up=1.00 yaw=0.00 rpm=0.00 col=0.00 cyc=0.00,0.00 ped=0.00 T=0 L=849 a=0.08
flighttrace heron-level t=9 y=319.6 v=25.1 vy=-0.1 nose=0.05 up=1.00 yaw=0.00 rpm=0.00 col=0.00 cyc=0.00,0.00 ped=0.00 T=0 L=853 a=0.08
flighttrace heron-level t=10 y=319.5 v=25.1 vy=-0.0 nose=0.05 up=1.00 yaw=0.00 rpm=0.00 col=0.00 cyc=0.00,0.00 ped=0.00 T=0 L=853 a=0.08
flighttrace heron-level t=11 y=319.5 v=25.1 vy=0.0 nose=0.05 up=1.00 yaw=0.00 rpm=0.00 col=0.00 cyc=0.00,0.00 ped=0.00 T=0 L=851 a=0.08
flighttrace heron-level t=12 y=319.6 v=25.1 vy=0.0 nose=0.05 up=1.00 yaw=0.00 rpm=0.00 col=0.00 cyc=0.00,0.00 ped=0.00 T=0 L=850 a=0.08
flighttest ok   level flight under power: height -1.9..-1.3, 25.1 b/s, upright 1.00, lift 850
flighttest: 0 failed (0.4 s)
textures without a painter: missing
textures: 1680 layers at 128 px, BC3, 35.0 MB with mips (build 865 ms, upload 309 ms)
light probe: eye sky 15 block 0 in air; floor+1 (y 221) sky 15 block 0 in air, daylight 1.0
imagecheck flight_plane.png magenta=0.00000 black=0.0000 white=0.0012 std=33.4 hash=8437716caa3bf213
imagecheck flight_plane.png magenta=0.00000 black=0.0000 white=0.0012 std=33.4 hash=8437716caa3bf213
seed 12345  pos -163.5 323.6 -211.5  rd 6  chunks 121  (drawn 0)
gen 169 ms  mesh(all, parallel) 114 ms  mesh(1 section) 1.22 ms  quads 478357 opaque / 9129 water
frame (encode+GPU, offscreen, median of 30) 4.46 ms  biome darkForest
mesh slabs 24 MB, chunks 121 (block+light arrays 12 MB), Metal allocated 174 MB
memory: resident 202 MB  (section meshes 16 MB)
wrote snaps/flight_plane.png
structure military_base at -392 71 140 (1 pieces)
basetest ok   the citadel is watched: ["citadel:-392,88"]
basetest ok   a gunshot 40 blocks out sends a patrol: alert suspicious
basetest ok   the patrol is an officer and soldiers: soldier_officer soldier_recruit soldier_recruit soldier_trooper soldier_recruit
basetest ok   the patrol reaches the spot: within 29 s
basetest ok   the patrol returns: after 79 s
basetest ok   patrol members back at their posts: 0 of 5 away
basetest phase patrol: 109 s of game in 2.4 s (1.10 ms a tick)
basetest ok   the citadel's state is saved: 1 records
basetest log: citadel:-392,88 patrol out to -385,180 (gunshot, 92 blocks)
basetest log: citadel:-392,88 patrol formed: soldier_officer soldier_recruit soldier_recruit soldier_trooper soldier_recruit
basetest log: citadel:-392,88 patrol marching
basetest log: citadel:-392,88 patrol reached the noise
basetest log: citadel:-392,88 patrol returning
basetest log: citadel:-392,88 patrol: a soldier_recruit found no way back (20 blocks out), holds there
basetest log: citadel:-392,88 patrol back (48 s)
basetest: citadel update 0.027 ms avg, 0.131 ms worst over 110 updates
basetest ok   citadel update stays cheap: 0.027 ms avg
basetest ok   the citadel is watched: ["citadel:-392,88"]
basetest ok   a gunshot 40 blocks out sends a patrol: alert suspicious
basetest ok   the patrol is an officer and soldiers: soldier_officer soldier_recruit soldier_recruit soldier_trooper soldier_recruit
basetest ok   the patrol reaches the spot: within 29 s
basetest ok   the patrol returns: after 79 s
basetest ok   patrol members back at their posts: 0 of 5 away
basetest ok   the citadel's state is saved: 1 records
basetest ok   citadel update stays cheap: 0.027 ms avg
basetest: 0 failed (2.5 s)
textures without a painter: missing
textures: 1680 layers at 128 px, BC3, 35.0 MB with mips (build 843 ms, upload 299 ms)
light probe: eye sky 0 block 0 in capital_stone_trim; floor+1 (y 136) sky 0 block 0 in capital_stone_trim, daylight 1.0
imagecheck basetest_patrol.png magenta=0.00000 black=0.0001 white=0.0009 std=40.3 hash=2c9b82dd2ee01c51
imagecheck basetest_patrol.png magenta=0.00000 black=0.0001 white=0.0009 std=40.3 hash=2c9b82dd2ee01c51
seed 12345  pos -391.5 136.0 140.5  rd 8  chunks 328  (drawn 60)
gen 278 ms  mesh(all, parallel) 241 ms  mesh(1 section) 0.76 ms  quads 865831 opaque / 10054 water
frame (encode+GPU, offscreen, median of 30) 6.41 ms  biome forest
mesh slabs 40 MB, chunks 328 (block+light arrays 29 MB), Metal allocated 190 MB
memory: resident 317 MB  (section meshes 34 MB)
wrote snaps/basetest_patrol.png
structure military_base at -392 71 140 (1 pieces)
basetest ok   the citadel is watched: ["citadel:-392,88"]
basetest ok   a distant blast sends the crawler: phase 1
basetest ok   the crawler reaches the blast: phase 2, 10 blocks off
basetest ok   the crawler comes back in: after 41 s; gone
basetest phase crawler: 43 s of game in 1.6 s (1.82 ms a tick)
basetest ok   the citadel's state is saved: 1 records
basetest log: citadel:-392,88 crawler out to -383,188
basetest log: citadel:-392,88 patrol out to -383,188 (explosion, 100 blocks)
basetest log: citadel:-392,88 patrol formed: soldier_officer soldier_recruit soldier_recruit soldier_trooper soldier_recruit soldier_recruit soldier_trooper
basetest log: citadel:-392,88 kestrel lifts off the pad (built in 1.1 ms: blueprint 0.2 ms, ship 0.8 ms, crew 0.1 ms)
basetest log: citadel:-392,88 crawler reached the noise
basetest log: citadel:-392,88 kestrel out to -383,188
basetest log: citadel:-392,88 patrol marching
basetest log: citadel:-392,88 kestrel over the noise
basetest log: citadel:-392,88 crawler returning
basetest log: citadel:-392,88 patrol reached the noise
basetest log: citadel:-392,88 crawler back in the motor pool (1 s)
basetest: citadel update 0.065 ms avg, 1.248 ms worst over 44 updates
basetest ok   citadel update stays cheap: 0.065 ms avg
basetest ok   the citadel is watched: ["citadel:-392,88"]
basetest ok   a distant blast sends the crawler: phase 1
basetest ok   the crawler reaches the blast: phase 2, 10 blocks off
basetest ok   the crawler comes back in: after 41 s; gone
basetest ok   the citadel's state is saved: 1 records
basetest ok   citadel update stays cheap: 0.065 ms avg
basetest: 0 failed (1.7 s)
textures without a painter: missing
textures: 1680 layers at 128 px, BC3, 35.0 MB with mips (build 790 ms, upload 291 ms)
light probe: eye sky 0 block 0 in capital_stone_trim; floor+1 (y 136) sky 0 block 0 in capital_stone_trim, daylight 1.0
imagecheck basetest_crawler.png magenta=0.00000 black=0.0002 white=0.0017 std=38.3 hash=e14e08f6a6afc4bd
imagecheck basetest_crawler.png magenta=0.00000 black=0.0002 white=0.0017 std=38.3 hash=e14e08f6a6afc4bd
seed 12345  pos -391.5 136.0 140.5  rd 8  chunks 328  (drawn 60)
gen 251 ms  mesh(all, parallel) 227 ms  mesh(1 section) 0.57 ms  quads 865831 opaque / 10054 water
frame (encode+GPU, offscreen, median of 30) 5.39 ms  biome forest
mesh slabs 40 MB, chunks 328 (block+light arrays 29 MB), Metal allocated 190 MB
memory: resident 343 MB  (section meshes 33 MB)
wrote snaps/basetest_crawler.png
structure military_base at -392 71 140 (1 pieces)
basetest ok   the citadel is watched: ["citadel:-392,88"]
basetest ok   a blast inside locks the citadel down
basetest ok   crews man the turrets: after 17 s
basetest ok   a Capital dropship is called
basetest log: dropship last seen t 23: phase 3 (0 s), 0 from the drop point, keel +3 over the plaza, 1 left, 3 deployed; deployed 3: soldier_recruit hp 20 at -371 139 121, soldier_recruit hp 20 at -371 139 120, soldier_trooper hp 30 at -371 139 120
basetest ok   dropship reinforcements land: after 3 s, 3 troops down; dropships: phase 3 (0 s), 0 blocks from the drop point, 3 up, 1 troops left, 3 deployed
basetest phase lockdown: 22 s of game in 1.0 s (2.25 ms a tick)
basetest ok   the citadel's state is saved: 1 records
basetest log: citadel:-392,88 lockdown (explosion inside, power 2.5 at -382,139,112)
basetest log: citadel:-392,88 turret crews: 4
basetest log: citadel:-392,88 kestrel lifts off the pad (built in 0.9 ms: blueprint 0.1 ms, ship 0.8 ms, crew 0.0 ms)
basetest log: citadel:-392,88 dropship 1 called
basetest log: citadel:-392,88 kestrel out to -391,88
basetest log: citadel:-392,88 kestrel over the noise
basetest: citadel update 0.079 ms avg, 1.066 ms worst over 22 updates
basetest ok   citadel update stays cheap: 0.079 ms avg
basetest ok   the citadel is watched: ["citadel:-392,88"]
basetest ok   a blast inside locks the citadel down
basetest ok   crews man the turrets: after 17 s
basetest ok   a Capital dropship is called
basetest ok   dropship reinforcements land: after 3 s, 3 troops down; dropships: phase 3 (0 s), 0 blocks from the drop point, 3 up, 1 troops left, 3 deployed
basetest ok   the citadel's state is saved: 1 records
basetest ok   citadel update stays cheap: 0.079 ms avg
basetest: 0 failed (1.1 s)
textures without a painter: missing
textures: 1680 layers at 128 px, BC3, 35.0 MB with mips (build 824 ms, upload 258 ms)
light probe: eye sky 0 block 0 in capital_stone_trim; floor+1 (y 136) sky 0 block 0 in capital_stone_trim, daylight 1.0
imagecheck basetest_lockdown.png magenta=0.00000 black=0.0002 white=0.0732 std=74.0 hash=59318375577904b2
imagecheck basetest_lockdown.png magenta=0.00000 black=0.0002 white=0.0732 std=74.0 hash=59318375577904b2
seed 12345  pos -391.5 136.0 140.5  rd 8  chunks 319  (drawn 55)
gen 251 ms  mesh(all, parallel) 221 ms  mesh(1 section) 0.79 ms  quads 865831 opaque / 10054 water
frame (encode+GPU, offscreen, median of 30) 5.69 ms  biome forest
mesh slabs 40 MB, chunks 319 (block+light arrays 28 MB), Metal allocated 206 MB
memory: resident 315 MB  (section meshes 33 MB)
wrote snaps/basetest_lockdown.png
structure military_base at -392 71 140 (1 pieces)
basetest ok   the citadel is watched: ["citadel:-392,88"]
basetest ok   the blast opened the wall: 58 blocks gone
basetest ok   the wall is rebuilt within a day: 57 of 57 after 81 s
basetest ok   the wreck block in the crater is left alone
basetest ok   no damage left on the record
basetest phase rebuild: 81 s of game in 2.4 s (1.47 ms a tick)
basetest ok   the citadel's state is saved: 1 records
basetest log: citadel:-392,88 lockdown (explosion inside, power 5.0 at -385,141,111)
basetest log: citadel:-392,88 turret crews: 4
basetest log: citadel:-392,88 kestrel lifts off the pad (built in 0.9 ms: blueprint 0.1 ms, ship 0.8 ms, crew 0.0 ms)
basetest log: citadel:-392,88 dropship 1 called
basetest log: citadel:-392,88 lockdown -> alert
basetest log: citadel:-392,88 kestrel out to -391,88
basetest log: citadel:-392,88 kestrel over the noise
basetest log: citadel:-392,88 alert -> suspicious
basetest log: citadel:-392,88 turret crews stand down
basetest log: citadel:-392,88 rebuild: 74 blocks to restore
basetest log: citadel:-392,88 kestrel heading back
basetest log: citadel:-392,88 suspicious -> calm
basetest log: citadel:-392,88 kestrel over the pad
basetest log: citadel:-392,88 rebuilt (74 blocks so far)
basetest: citadel update 0.213 ms avg, 10.878 ms worst over 82 updates
basetest ok   citadel update stays cheap: 0.213 ms avg
basetest ok   the citadel is watched: ["citadel:-392,88"]
basetest ok   the blast opened the wall: 58 blocks gone
basetest ok   the wall is rebuilt within a day: 57 of 57 after 81 s
basetest ok   the wreck block in the crater is left alone
basetest ok   no damage left on the record
basetest ok   the citadel's state is saved: 1 records
basetest ok   citadel update stays cheap: 0.213 ms avg
basetest: 0 failed (2.5 s)
textures without a painter: missing
textures: 1680 layers at 128 px, BC3, 35.0 MB with mips (build 847 ms, upload 274 ms)
light probe: eye sky 15 block 0 in air; floor+1 (y 75) sky 15 block 0 in air, daylight 1.0
imagecheck basetest_rebuild.png magenta=0.00000 black=0.0002 white=0.0086 std=55.8 hash=9315b0401658777d
imagecheck basetest_rebuild.png magenta=0.00000 black=0.0002 white=0.0086 std=55.8 hash=9315b0401658777d
seed 12345  pos -391.5 136.0 140.5  rd 8  chunks 328  (drawn 76)
gen 252 ms  mesh(all, parallel) 216 ms  mesh(1 section) 0.99 ms  quads 865831 opaque / 10054 water
frame (encode+GPU, offscreen, median of 30) 6.12 ms  biome forest
mesh slabs 40 MB, chunks 328 (block+light arrays 29 MB), Metal allocated 206 MB
memory: resident 338 MB  (section meshes 34 MB)
wrote snaps/basetest_rebuild.png
structure military_base at -392 71 140 (1 pieces)
basetest ok   the citadel is watched: ["citadel:-392,88"]
basetest ok   a gunshot near the walls sends the Kestrel up: alert alert, air true
basetest ok   it starts on the tower's landing pad: 0.0 blocks from the pad centre
basetest ok   it flies out over the noise: after 17 s, phase 3
basetest ok   it circles and flies back over the pad: after 56 s, phase 5
basetest ok   it lands on the pad: 0.3 off the centre, upright 1.00, skids -0.1
basetest ok   it is stowed with its crew aboard: citadel:-392,88 kestrel lifts off the pad (built in 0.9 ms: blueprint 0.1 ms, ship 0.7 ms, crew 0.0 ms); citadel:-392,88 kestrel out to -330,88; citadel:-392,88 kestrel over the noise; citadel:-392,88 kestrel heading back; citadel:-392,88 kestrel over the pad; citadel:-392,88 kestrel down on the pad; citadel:-392,88 kestrel stowed
basetest phase air: 95 s of game in 2.5 s (1.30 ms a tick)
basetest ok   the citadel's state is saved: 1 records
basetest log: citadel:-392,88 patrol out to -330,88 (gunshot, 61 blocks)
basetest log: citadel:-392,88 patrol formed: soldier_officer soldier_recruit soldier_recruit soldier_trooper soldier_recruit
basetest log: citadel:-392,88 kestrel lifts off the pad (built in 0.9 ms: blueprint 0.1 ms, ship 0.7 ms, crew 0.0 ms)
basetest log: citadel:-392,88 kestrel out to -330,88
basetest log: citadel:-392,88 patrol marching
basetest log: citadel:-392,88 kestrel over the noise
basetest log: citadel:-392,88 patrol reached the noise
basetest log: citadel:-392,88 kestrel heading back
basetest log: citadel:-392,88 kestrel over the pad
basetest log: citadel:-392,88 patrol returning
basetest log: citadel:-392,88 kestrel down on the pad
basetest log: citadel:-392,88 alert -> suspicious
basetest log: citadel:-392,88 kestrel stowed
basetest: citadel update 0.041 ms avg, 1.017 ms worst over 96 updates
basetest ok   citadel update stays cheap: 0.041 ms avg
basetest ok   the citadel is watched: ["citadel:-392,88"]
basetest ok   a gunshot near the walls sends the Kestrel up: alert alert, air true
basetest ok   it starts on the tower's landing pad: 0.0 blocks from the pad centre
basetest ok   it flies out over the noise: after 17 s, phase 3
basetest ok   it circles and flies back over the pad: after 56 s, phase 5
basetest ok   it lands on the pad: 0.3 off the centre, upright 1.00, skids -0.1
basetest ok   it is stowed with its crew aboard: citadel:-392,88 kestrel lifts off the pad (built in 0.9 ms: blueprint 0.1 ms, ship 0.7 ms, crew 0.0 ms); citadel:-392,88 kestrel out to -330,88; citadel:-392,88 kestrel over the noise; citadel:-392,88 kestrel heading back; citadel:-392,88 kestrel over the pad; citadel:-392,88 kestrel down on the pad; citadel:-392,88 kestrel stowed
basetest ok   the citadel's state is saved: 1 records
basetest ok   citadel update stays cheap: 0.041 ms avg
basetest: 0 failed (2.6 s)
textures without a painter: missing
textures: 1680 layers at 128 px, BC3, 35.0 MB with mips (build 1063 ms, upload 342 ms)
light probe: eye sky 0 block 0 in capital_stone_trim; floor+1 (y 136) sky 0 block 0 in capital_stone_trim, daylight 1.0
imagecheck basetest_air.png magenta=0.00000 black=0.0001 white=0.0016 std=35.0 hash=6782197507330aee
imagecheck basetest_air.png magenta=0.00000 black=0.0001 white=0.0016 std=35.0 hash=6782197507330aee
seed 12345  pos -391.5 136.0 140.5  rd 8  chunks 328  (drawn 60)
gen 212 ms  mesh(all, parallel) 191 ms  mesh(1 section) 1.02 ms  quads 865831 opaque / 10054 water
frame (encode+GPU, offscreen, median of 30) 5.75 ms  biome forest
mesh slabs 40 MB, chunks 328 (block+light arrays 29 MB), Metal allocated 190 MB
memory: resident 334 MB  (section meshes 34 MB)
wrote snaps/basetest_air.png
structure military_base at -392 71 140 (1 pieces)
basetest ok   the citadel is watched: ["citadel:-392,88"]
basetest ok   a gunshot 40 blocks out sends a patrol: alert suspicious
basetest ok   the patrol is an officer and soldiers: soldier_officer soldier_recruit soldier_recruit soldier_trooper soldier_recruit
basetest log: citadel:-392,88 patrol out to -385,180 (gunshot, 92 blocks)
basetest log: citadel:-392,88 patrol formed: soldier_officer soldier_recruit soldier_recruit soldier_trooper soldier_recruit
basetest log: citadel:-392,88 patrol marching
basetest: citadel update 0.036 ms avg, 0.087 ms worst over 23 updates
basetest ok   citadel update stays cheap: 0.036 ms avg
basetest ok   the citadel is watched: ["citadel:-392,88"]
basetest ok   a gunshot 40 blocks out sends a patrol: alert suspicious
basetest ok   the patrol is an officer and soldiers: soldier_officer soldier_recruit soldier_recruit soldier_trooper soldier_recruit
basetest ok   citadel update stays cheap: 0.036 ms avg
basetest: 0 failed (0.8 s)
textures without a painter: missing
textures: 1680 layers at 128 px, BC3, 35.0 MB with mips (build 1043 ms, upload 329 ms)
light probe: eye sky 15 block 0 in air; floor+1 (y 69) sky 15 block 0 in air, daylight 1.0
imagecheck base_patrol.png magenta=0.00000 black=0.0001 white=0.0078 std=51.5 hash=0d4f763499b906c9
imagecheck base_patrol.png magenta=0.00000 black=0.0001 white=0.0078 std=51.5 hash=0d4f763499b906c9
seed 12345  pos -391.5 136.0 140.5  rd 8  chunks 317  (drawn 79)
gen 234 ms  mesh(all, parallel) 228 ms  mesh(1 section) 0.82 ms  quads 865831 opaque / 10054 water
frame (encode+GPU, offscreen, median of 30) 6.61 ms  biome forest
mesh slabs 36 MB, chunks 317 (block+light arrays 28 MB), Metal allocated 186 MB
memory: resident 305 MB  (section meshes 31 MB)
wrote snaps/base_patrol.png
structure military_base at -392 71 140 (1 pieces)
basetest ok   the citadel is watched: ["citadel:-392,88"]
basetest ok   a distant blast sends the crawler: phase 1
basetest ok   the crawler reaches the blast: phase 2, 10 blocks off
basetest log: citadel:-392,88 crawler out to -383,188
basetest log: citadel:-392,88 patrol out to -383,188 (explosion, 100 blocks)
basetest log: citadel:-392,88 patrol formed: soldier_officer soldier_recruit soldier_recruit soldier_trooper soldier_recruit soldier_recruit soldier_trooper
basetest log: citadel:-392,88 kestrel lifts off the pad (built in 1.3 ms: blueprint 0.1 ms, ship 1.1 ms, crew 0.0 ms)
basetest log: citadel:-392,88 crawler reached the noise
basetest: citadel update 0.551 ms avg, 1.475 ms worst over 3 updates
basetest ok   citadel update stays cheap: 0.551 ms avg
basetest ok   the citadel is watched: ["citadel:-392,88"]
basetest ok   a distant blast sends the crawler: phase 1
basetest ok   the crawler reaches the blast: phase 2, 10 blocks off
basetest ok   citadel update stays cheap: 0.551 ms avg
basetest: 0 failed (0.3 s)
textures without a painter: missing
textures: 1680 layers at 128 px, BC3, 35.0 MB with mips (build 944 ms, upload 312 ms)
light probe: eye sky 15 block 0 in air; floor+1 (y 73) sky 15 block 0 in air, daylight 1.0
imagecheck base_crawler.png magenta=0.00000 black=0.0000 white=0.0075 std=56.0 hash=249eac20ca897908
imagecheck base_crawler.png magenta=0.00000 black=0.0000 white=0.0075 std=56.0 hash=249eac20ca897908
seed 12345  pos -391.5 136.0 140.5  rd 8  chunks 318  (drawn 78)
gen 254 ms  mesh(all, parallel) 254 ms  mesh(1 section) 0.63 ms  quads 865831 opaque / 10054 water
frame (encode+GPU, offscreen, median of 30) 8.73 ms  biome forest
mesh slabs 40 MB, chunks 318 (block+light arrays 28 MB), Metal allocated 206 MB
memory: resident 278 MB  (section meshes 30 MB)
wrote snaps/base_crawler.png
structure military_base at -392 71 140 (1 pieces)
basetest ok   the citadel is watched: ["citadel:-392,88"]
basetest ok   a blast inside locks the citadel down
basetest ok   crews man the turrets: after 12 s
basetest ok   a Capital dropship is called
basetest log: dropship last seen t 23: phase 3 (0 s), 0 from the drop point, keel +3 over the plaza, 1 left, 3 deployed; deployed 3: soldier_recruit hp 20 at -371 139 120, soldier_recruit hp 20 at -371 139 120, soldier_trooper hp 30 at -371 139 120
basetest ok   dropship reinforcements land: after 8 s, 3 troops down; dropships: phase 3 (0 s), 0 blocks from the drop point, 3 up, 1 troops left, 3 deployed
basetest log: citadel:-392,88 lockdown (explosion inside, power 2.5 at -382,139,112)
basetest log: citadel:-392,88 turret crews: 4
basetest log: citadel:-392,88 kestrel lifts off the pad (built in 0.9 ms: blueprint 0.1 ms, ship 0.8 ms, crew 0.0 ms)
basetest log: citadel:-392,88 dropship 1 called
basetest log: citadel:-392,88 kestrel out to -391,88
basetest log: citadel:-392,88 kestrel over the noise
basetest: citadel update 0.129 ms avg, 1.050 ms worst over 22 updates
basetest ok   citadel update stays cheap: 0.129 ms avg
basetest ok   the citadel is watched: ["citadel:-392,88"]
basetest ok   a blast inside locks the citadel down
basetest ok   crews man the turrets: after 12 s
basetest ok   a Capital dropship is called
basetest ok   dropship reinforcements land: after 8 s, 3 troops down; dropships: phase 3 (0 s), 0 blocks from the drop point, 3 up, 1 troops left, 3 deployed
basetest ok   citadel update stays cheap: 0.129 ms avg
basetest: 0 failed (1.0 s)
textures without a painter: missing
textures: 1680 layers at 128 px, BC3, 35.0 MB with mips (build 908 ms, upload 313 ms)
light probe: eye sky 15 block 1 in air; floor+1 (y 73) sky 15 block 0 in air, daylight 1.0
imagecheck base_lockdown.png magenta=0.00000 black=0.0000 white=0.0220 std=54.2 hash=4c4a9c23e088e31e
imagecheck base_lockdown.png magenta=0.00000 black=0.0000 white=0.0220 std=54.2 hash=4c4a9c23e088e31e
seed 12345  pos -391.5 136.0 140.5  rd 8  chunks 319  (drawn 73)
gen 304 ms  mesh(all, parallel) 285 ms  mesh(1 section) 1.53 ms  quads 865831 opaque / 10054 water
frame (encode+GPU, offscreen, median of 30) 7.54 ms  biome forest
mesh slabs 40 MB, chunks 319 (block+light arrays 28 MB), Metal allocated 206 MB
memory: resident 326 MB  (section meshes 33 MB)
wrote snaps/base_lockdown.png
structure military_base at -392 71 140 (1 pieces)
basetest ok   the citadel is watched: ["citadel:-392,88"]
basetest ok   the blast opened the wall: 64 blocks gone
basetest log: citadel:-392,88 lockdown (explosion inside, power 5.0 at -385,141,111)
basetest log: citadel:-392,88 turret crews: 4
basetest log: citadel:-392,88 kestrel lifts off the pad (built in 0.2 ms: blueprint 0.1 ms, ship 0.0 ms, crew 0.0 ms)
basetest log: citadel:-392,88 dropship 1 called
basetest log: citadel:-392,88 lockdown -> alert
basetest log: citadel:-392,88 kestrel out to -391,88
basetest log: citadel:-392,88 kestrel over the noise
basetest log: citadel:-392,88 alert -> suspicious
basetest log: citadel:-392,88 turret crews stand down
basetest log: citadel:-392,88 rebuild: 82 blocks to restore
basetest: citadel update 0.179 ms avg, 7.449 ms worst over 56 updates
basetest ok   citadel update stays cheap: 0.179 ms avg
basetest ok   the citadel is watched: ["citadel:-392,88"]
basetest ok   the blast opened the wall: 64 blocks gone
basetest ok   citadel update stays cheap: 0.179 ms avg
basetest: 0 failed (1.8 s)
textures without a painter: missing
textures: 1680 layers at 128 px, BC3, 35.0 MB with mips (build 773 ms, upload 285 ms)
light probe: eye sky 15 block 0 in air; floor+1 (y 75) sky 15 block 0 in air, daylight 1.0
imagecheck base_rebuild.png magenta=0.00000 black=0.0012 white=0.0089 std=57.8 hash=d091ceebc376c346
imagecheck base_rebuild.png magenta=0.00000 black=0.0012 white=0.0089 std=57.8 hash=d091ceebc376c346
seed 12345  pos -391.5 136.0 140.5  rd 8  chunks 328  (drawn 76)
gen 245 ms  mesh(all, parallel) 211 ms  mesh(1 section) 0.73 ms  quads 865831 opaque / 10054 water
frame (encode+GPU, offscreen, median of 30) 8.81 ms  biome forest
mesh slabs 40 MB, chunks 328 (block+light arrays 29 MB), Metal allocated 206 MB
memory: resident 337 MB  (section meshes 35 MB)
wrote snaps/base_rebuild.png
structure military_base at -392 71 140 (1 pieces)
basetest ok   the citadel is watched: ["citadel:-392,88"]
basetest ok   a gunshot near the walls sends the Kestrel up: alert alert, air true
basetest ok   it starts on the tower's landing pad: 0.0 blocks from the pad centre
basetest ok   it flies out over the noise: after 17 s, phase 3
basetest log: citadel:-392,88 patrol out to -330,88 (gunshot, 61 blocks)
basetest log: citadel:-392,88 patrol formed: soldier_officer soldier_recruit soldier_recruit soldier_trooper soldier_recruit
basetest log: citadel:-392,88 kestrel lifts off the pad (built in 0.9 ms: blueprint 0.1 ms, ship 0.7 ms, crew 0.0 ms)
basetest log: citadel:-392,88 kestrel out to -330,88
basetest log: citadel:-392,88 patrol marching
basetest log: citadel:-392,88 kestrel over the noise
basetest: citadel update 0.071 ms avg, 0.996 ms worst over 25 updates
basetest ok   citadel update stays cheap: 0.071 ms avg
basetest ok   the citadel is watched: ["citadel:-392,88"]
basetest ok   a gunshot near the walls sends the Kestrel up: alert alert, air true
basetest ok   it starts on the tower's landing pad: 0.0 blocks from the pad centre
basetest ok   it flies out over the noise: after 17 s, phase 3
basetest ok   citadel update stays cheap: 0.071 ms avg
basetest: 0 failed (0.6 s)
textures without a painter: missing
textures: 1680 layers at 128 px, BC3, 35.0 MB with mips (build 910 ms, upload 310 ms)
light probe: eye sky 15 block 0 in air; floor+1 (y 108) sky 15 block 0 in air, daylight 1.0
imagecheck base_air.png magenta=0.00000 black=0.0000 white=0.0265 std=35.6 hash=5b98b0985f8b307c
imagecheck base_air.png magenta=0.00000 black=0.0000 white=0.0265 std=35.6 hash=5b98b0985f8b307c
seed 12345  pos -391.5 136.0 140.5  rd 8  chunks 317  (drawn 63)
gen 285 ms  mesh(all, parallel) 190 ms  mesh(1 section) 1.03 ms  quads 865831 opaque / 10054 water
frame (encode+GPU, offscreen, median of 30) 5.28 ms  biome forest
mesh slabs 36 MB, chunks 317 (block+light arrays 28 MB), Metal allocated 186 MB
memory: resident 292 MB  (section meshes 31 MB)
wrote snaps/base_air.png
structure military_base at -392 71 140 (1 pieces)
textures without a painter: missing
textures: 1680 layers at 128 px, BC3, 35.0 MB with mips (build 1007 ms, upload 324 ms)
light probe: eye sky 5 block 12 in air; floor+1 (y 75) sky 5 block 9 in air, daylight 1.0
imagecheck steelhold_command.png magenta=0.00000 black=0.0001 white=0.0103 std=57.1 hash=a771e0d16793c26e
imagecheck steelhold_command.png magenta=0.00000 black=0.0001 white=0.0103 std=57.1 hash=a771e0d16793c26e
seed 12345  pos -391.5 141.0 107.5  rd 8  chunks 297  (drawn 75)
gen 313 ms  mesh(all, parallel) 274 ms  mesh(1 section) 1.43 ms  quads 888653 opaque / 11141 water
frame (encode+GPU, offscreen, median of 30) 6.54 ms  biome forest
mesh slabs 32 MB, chunks 297 (block+light arrays 26 MB), Metal allocated 182 MB
memory: resident 235 MB  (section meshes 27 MB)
wrote snaps/steelhold_command.png
mobtest ok   raid wave counts 3/5/7
mobtest ok   raid normal wave sizes: [4, 5, 4, 8, 11]
mobtest ok   raid wave 1 captain: 4 pillager
mobtest ok   raid wave 2 captain: 3 pillager, 2 vindicator
mobtest ok   raid wave 3 captain: 3 pillager, 1 ravager
mobtest ok   raid wave 4 captain: 4 pillager, 1 vindicator, 3 witch
mobtest ok   raid wave 5 captain: 1 evoker, 4 pillager, 1 pillager rider, 1 ravager, 4 vindicator
mobtest ok   raid normal wave 5 siegebeast rider: 1 evoker, 4 pillager, 1 pillager rider, 1 ravager, 4 vindicator
mobtest ok   raid wave 3 siegebeast unridden: 3 pillager, 1 ravager
mobtest ok   raid hard wave 7 riders: 2 evoker, 1 evoker rider, 4 pillager, 2 ravager, 7 vindicator, 1 vindicator rider, 2 witch
mobtest ok   raid hard wave 7 extras: 2 evoker, 1 evoker rider, 4 pillager, 2 ravager, 7 vindicator, 1 vindicator rider, 2 witch
mobtest ok   raid easy has no witches
mobtest ok   raid normal bonus wave: 1 evoker, 5 pillager, 2 ravager, 5 vindicator, 1 witch
mobtest ok   raid enchant odds
mobtest ok   raid ill omen -> siege omen
mobtest ok   raid omen II has a bonus wave: total 6
mobtest ok   raid waves spawned: 6: 4 pillager 1 vindicator* | 4 pillager 1 vindicator 1 vindicator* | 2 pillager 1 pillager* 1 ravager 1 witch | 5 pillager 1 vindicator 1 vindicator* 3 witch | 1 evoker 6 pillager 1 ravager 4 vindicator 1 vindicator* | 1 evoker 4 pillager 1 ravager 3 vindicator 1 vindicator*
mobtest ok   raid every wave has a captain: 4 pillager 1 vindicator* | 4 pillager 1 vindicator 1 vindicator* | 2 pillager 1 pillager* 1 ravager 1 witch | 5 pillager 1 vindicator 1 vindicator* 3 witch | 1 evoker 6 pillager 1 ravager 4 vindicator 1 vindicator* | 1 evoker 4 pillager 1 ravager 3 vindicator 1 vindicator*
mobtest ok   raid victory: state 2 after 131 s
mobtest ok   raid village hero II: level 2
mobtest ok   path wall detour: 14 nodes 1,0,-4 2,0,-4 3,0,-3 4,0,-2 5,0,-1 6,0,-1 6,0,0 6,0,1 5,0,2 4,0,3 3,0,4 2,0,4 1,0,5 0,0,5
mobtest ok   path diagonal: 10 nodes -4,0,-4 -3,0,-3 -2,0,-2 -1,0,-1 0,0,0 1,0,1 2,0,2 3,0,3 4,0,4 5,0,5
mobtest ok   path lava bridge: 14 nodes 1,0,-4 2,0,-4 3,0,-3 4,0,-2 5,0,-2 6,0,-1 7,0,0 6,0,1 5,0,2 4,0,3 3,0,4 2,0,4 1,0,5 0,0,5
mobtest ok   path cliff uses stairs: max drop 3: 19 nodes 1,0,-4 2,0,-3 3,0,-2 4,0,-1 5,0,0 6,0,0 7,0,0 8,0,0 8,-1,1 8,-2,2 8,-3,3 7,-6,3 6,-6,3 5,-6,3 4,-6,3 3,-6,4 2,-6,4 1,-6,5 0,-6,5
mobtest ok   path cliff drop when allowed: 10 nodes 0,0,-4 0,0,-3 0,0,-2 0,0,-1 0,0,0 0,-6,1 0,-6,2 0,-6,3 0,-6,4 0,-6,5
mobtest ok   path ladder climb: 3 rungs: 13 nodes 0,0,-4 0,0,-3 0,0,-2 0,0,-1 0,0,0 0,1,0 0,2,0 0,3,0 0,4,1 0,4,2 0,4,3 0,4,4 0,4,5
mobtest ok   path wooden door: opener 10 nodes 0,0,-4 0,0,-3 0,0,-2 0,0,-1 0,0,0 0,0,1 0,0,2 0,0,3 0,0,4 0,0,5 | other 6 nodes 0,0,-4 0,0,-3 0,0,-2 0,0,-1 0,0,0 0,0,1
mobtest ok   path iron door blocks
mobtest ok   path land mob avoids water: 16 nodes 1,0,-4 2,0,-4 3,0,-3 4,0,-2 5,0,-2 6,0,-2 6,0,-1 6,0,0 6,0,1 6,0,2 5,0,3 4,0,3 3,0,4 2,0,4 1,0,5 0,0,5
mobtest ok   path swimmer crosses water: 10 nodes 0,0,-4 0,0,-3 0,0,-2 0,-1,-1 0,-1,0 0,-1,1 0,0,2 0,0,3 0,0,4 0,0,5
mobtest ok   path wide mob uses wide gap: 15 nodes 1,0,-4 2,0,-4 3,0,-3 4,0,-2 5,0,-2 6,0,-2 6,0,-1 6,0,0 6,0,1 5,0,2 4,0,3 3,0,4 2,0,4 1,0,5 0,0,5
mobtest ok   path narrow mob uses narrow gap: 10 nodes 0,0,-4 0,0,-3 0,0,-2 0,0,-1 0,0,0 0,0,1 0,0,2 0,0,3 0,0,4 0,0,5
mobtest ok   path one-block step: 10 nodes 0,0,-4 0,0,-3 0,0,-2 0,0,-1 0,0,0 0,1,1 0,1,2 0,1,3 0,1,4 0,1,5
mobtest ok   path two-block step blocked: 5 nodes 0,0,-4 0,0,-3 0,0,-2 0,0,-1 0,0,0
mobtest ok   live zombie climbs ladder: after 6.1 s
mobtest ok   live brigand opens door: after 3.4 s
mobtest ok   spawn no monsters in mushroom fields / deep dark
mobtest ok   spawn desert husks 80
mobtest ok   spawn snowy strays 80
mobtest ok   spawn river drowned 100
mobtest ok   spawn categories
mobtest ok   spawn caps 70/10/15/20
mobtest ok   spawn night monsters placed legally: 71: 20 creeper 16 skeleton 9 spider 1 witch 25 zombie
mobtest ok   spawn monster cap: 71
mobtest ok   spawn monsters come in packs: biggest 4
mobtest ok   spawn none in daylight: 0 of 70 in sky light > 7
mobtest ok   spawn chunk animal packs: 84 animals in 265 chunks
mobtest ok   spawn animals on natural ground
mobtest ok   spawn chunk population runs once
mobtest ok   despawn beyond 128
mobtest ok   despawn spares animals and named mobs
mobtest ok   despawn after 30 s far away: gone after 32.1 s
mobtest ok   villager schedule idle/work/meet/idle
mobtest ok   villager nitwits don't work
mobtest ok   villager children play
mobtest ok   gossip trading cap: 25
mobtest ok   gossip four hits = -100: -100
mobtest ok   gossip cured = +125: 125
mobtest ok   gossip cured discount: cost 4
mobtest ok   gossip decays 20/day (minor negative): -60
mobtest ok   gossip transfer minus 20: [0, 40, 0, 0, 0]
mobtest ok   golems calm above -100
mobtest ok   golems hostile at reputation -100
mobtest ok   golem not summoned by four
mobtest ok   golem summoned by five sleepers
mobtest ok   golem summon waits after one appears
mobtest ok   golem needs villagers that slept
mobtest ok   convert zombie -> sunken after 45 s under water: drowned
mobtest ok   convert dust zombie -> zombie under water
mobtest ok   convert no change out of water
mobtest ok   convert boarling out of the Emberdeep
mobtest ok   convert tusker -> rot tusker
mobtest ok   convert tadpole grows into a frog
mobtest ok   skeleton trap: four horsemen: 4 riders
mobtest ok   bee enters hive with nectar (+1 honey): inside 1, honey 1
mobtest ok   bee leaves the hive by day
mobtest ok   breed horse + donkey = mule
mobtest ok   breed turtles carry an egg
mobtest ok   breed tame wolves have tame pups
mobtest ok   wandering trader arrives with llamas: 1 trader, 2 llamas
mobtest ok   sheep graze regrows wool
mobtest ok   voidwalker picks up a block: after 3 ticks
mobtest ok   panda recessive brown gene
mobtest ok   pets leave hissers alone
mobtest ok   pets attack what hurts the owner
mobtest ok   zombie picks up a helmet
mobtest ok   fox sleeps by day
mobtest ok   wolf variants by biome
mobtest ok   every mob forgets the player at death
mobtest ok   every mob forgets the player at respawn
mobtest ok   a voidwalker near the respawned player stays calm
mobtest ok   guns and ammo registered: 7 guns, 5 ammo
mobtest ok   gun lookup by item
mobtest ok   rifle reloads from inventory: tag 30, left 34
mobtest ok   rifle kills a zombie at 12 blocks: 4 shots, hp 0, 26 left
mobtest ok   recoil kicks the view up: 0.0095 rad
mobtest ok   recoil settles back: debt 0.005 -> 0.000
mobtest ok   shotgun fires 9 pellets: 9
mobtest ok   rocket explodes on a wall: 9 blocks blown out
mobtest ok   arc lance beam burns: hp -4
mobtest ok   soldier rank armour: 4 / 14
mobtest ok   ironclad armour and knockback resistance: 60 of 120, push 0.83
mobtest ok   troopers carry shotguns or rifles: [2, 0]
mobtest ok   soldiers alert each other
mobtest ok   recruit shoots the player after a reaction delay: first hit at 1.60 s
mobtest ok   firefight audio: gunfire, hits or whizzes, alert barks: 32 shots, 31 near, 1 barks
mobtest ok   combat music while soldiers hunt the player: level 2
mobtest ok   trooper takes cover to reload: 1.7 s, cover 2.5,-12.5
mobtest ok   marksman aims a laser, then fires: laser true, shot true
mobtest ok   deck gun turns and fires a salvo: 2 shells after 16.8 s, facing 1.000
mobtest ok   shells land: 4.0 s
mobtest ok   soldier drops ammo and sometimes its gun: 40 ammo, 8 guns of 40
mobtest ok   fortresses are rare: 38 in 144 regions of 40x40 chunks
mobtest ok   citadel built of white stone, glass and gardens: 132 capital_stone_slab, 1593 birch_leaves, 182 light_panel, 25 command_console, 2918 capital_glass, 44 capital_stone_stairs, 5510 capital_stone_trim, 738 capital_window, 984 oak_leaves, 98972 capital_stone
mobtest ok   citadel garrison, twin 42 cm turrets and loot: [12, 10, 9, 4] soldiers, 2 turrets, 12 chests
mobtest ok   zombies trample turtle eggs: 1.6 s
mobtest ok   soldiers path up steel stairs: 12 nodes, ends at y 6
mobtest ok   steelhold explorer map marks the nearest fortress: marker [-392, 88, 14725152]
mobtest ok   raid state round-trips through the save: wave 4, level 3, 8 waves
mobtest ok   saved raiders rejoin the raid: 1 raiders, state 1
mobtest ok   a spear for every tool tier
mobtest ok   spear jabs further, weaker and slower than a sword
mobtest ok   spears are crafted
mobtest ok   spears take melee enchantments and Lunge
mobtest ok   a spear charge at 8 blocks/s strikes: 20 -> 14
mobtest ok   a slow charge does no harm: 20 -> 20
mobtest ok   a tired charge only shoves: 20 -> 20
mobtest ok   faster charges hit harder
mobtest ok   the copper set is craftable
mobtest ok   wooden shelves are crafted from stripped logs and stems
mobtest ok   copper blocks have every oxidation stage and a waxed form
mobtest ok   carved pumpkin on exposed copper builds an exposed copper golem
mobtest ok   a copper golem carries a copper chest's items to the chest that holds them: 21 moved, 0 left, 12.7 s
mobtest ok   an oxidized golem becomes a statue
mobtest ok   an axe scrapes a statue back into a weathered golem
mobtest ok   dye, glow ink and ink sac on a sign
mobtest ok   warm and cold chickens lay brown and blue eggs
mobtest ok   thrown eggs hatch their own kind
mobtest ok   savanna is warm, snowy plains cold
mobtest ok   calves take their parents' climate look
mobtests: 0 failed (2.9 s)
posecheck: 510 raised limbs checked, 0 failed
textures without a painter: missing
textures: 1680 layers at 128 px, BC3, 35.0 MB with mips (build 907 ms, upload 318 ms)
light probe: eye sky 15 block 0 in air; floor+1 (y 70) sky 15 block 0 in air, daylight 1.6
imagecheck mobtests.png magenta=0.00000 black=0.0000 white=0.0001 std=37.1 hash=2d054f58ae10c11b
imagecheck mobtests.png magenta=0.00000 black=0.0000 white=0.0001 std=37.1 hash=2d054f58ae10c11b
seed 12345  pos -87.5 137.0 104.5  rd 8  chunks 280  (drawn 76)
gen 223 ms  mesh(all, parallel) 165 ms  mesh(1 section) 0.49 ms  quads 794205 opaque / 16674 water
frame (encode+GPU, offscreen, median of 30) 7.27 ms  biome plains
mesh slabs 36 MB, chunks 280 (block+light arrays 25 MB), Metal allocated 174 MB
memory: resident 246 MB  (section meshes 26 MB)
wrote snaps/mobtests.png
path: 16 nodes, ends 0,0,5
pathtest: zombie start 10.0 from player, end 0.0, reached after 7.7 s
textures without a painter: missing
textures: 1680 layers at 128 px, BC3, 35.0 MB with mips (build 975 ms, upload 354 ms)
light probe: eye sky 15 block 0 in air; floor+1 (y 81) sky 15 block 0 in air, daylight 0.12
imagecheck pathtest.png magenta=0.00000 black=0.0000 white=0.0029 std=21.9 hash=e0c40318047f3a04
imagecheck pathtest.png magenta=0.00000 black=0.0000 white=0.0029 std=21.9 hash=e0c40318047f3a04
seed 12345  pos -87.5 148.0 104.5  rd 8  chunks 297  (drawn 74)
gen 234 ms  mesh(all, parallel) 210 ms  mesh(1 section) 0.26 ms  quads 794205 opaque / 16674 water
frame (encode+GPU, offscreen, median of 30) 11.12 ms  biome plains
mesh slabs 32 MB, chunks 297 (block+light arrays 26 MB), Metal allocated 182 MB
memory: resident 259 MB  (section meshes 25 MB)
wrote snaps/pathtest.png
textures without a painter: missing
textures: 1680 layers at 128 px, BC3, 35.0 MB with mips (build 919 ms, upload 316 ms)
light probe: eye sky 15 block 0 in air; floor+1 (y 79) sky 15 block 0 in air, daylight 1.0
treecheck: 200 trunks, 31 in the wrong biome: dark_oak_log@2211,-412=forest dark_oak_log@2085,-438=swamp dark_oak_log@2240,-535=oldGrowthSpruceTaiga pale_oak_log@2169,-398=birchForest dark_oak_log@2116,-457=swamp dark_oak_log@2196,-385=birchForest dark_oak_log@2130,-413=birchForest dark_oak_log@2250,-515=oldGrowthSpruceTaiga dark_oak_log@2184,-392=birchForest dark_oak_log@2260,-554=oldGrowthSpruceTaiga dark_oak_log@2263,-544=oldGrowthSpruceTaiga dark_oak_log@2242,-550=oldGrowthSpruceTaiga
imagecheck ashen_grove.png magenta=0.00000 black=0.0005 white=0.0008 std=51.4 hash=2edbf5147d25419c
imagecheck ashen_grove.png magenta=0.00000 black=0.0005 white=0.0008 std=51.4 hash=2edbf5147d25419c
seed 12345  pos 2168.5 147.0 -471.5  rd 8  chunks 297  (drawn 72)
gen 275 ms  mesh(all, parallel) 275 ms  mesh(1 section) 1.27 ms  quads 1001228 opaque / 26963 water
frame (encode+GPU, offscreen, median of 30) 9.60 ms  biome paleGarden
mesh slabs 36 MB, chunks 297 (block+light arrays 26 MB), Metal allocated 186 MB
memory: resident 235 MB  (section meshes 31 MB)
wrote snaps/ashen_grove.png
textures without a painter: missing
textures: 1680 layers at 128 px, BC3, 35.0 MB with mips (build 870 ms, upload 289 ms)
light probe: eye sky 14 block 0 in air; floor+1 (y 70) sky 14 block 0 in air, daylight 1.0
imagecheck ashen_inside.png magenta=0.00000 black=0.0120 white=0.0008 std=44.0 hash=b40f32cb0320a591
imagecheck ashen_inside.png magenta=0.00000 black=0.0120 white=0.0008 std=44.0 hash=b40f32cb0320a591
seed 12345  pos 2168.5 134.0 -471.5  rd 8  chunks 297  (drawn 71)
gen 237 ms  mesh(all, parallel) 275 ms  mesh(1 section) 1.42 ms  quads 1001228 opaque / 26963 water
frame (encode+GPU, offscreen, median of 30) 5.61 ms  biome paleGarden
mesh slabs 36 MB, chunks 297 (block+light arrays 26 MB), Metal allocated 186 MB
memory: resident 243 MB  (section meshes 31 MB)
wrote snaps/ashen_inside.png
after 4.0 s: 47 mobs, villagers 
textures without a painter: missing
textures: 1680 layers at 128 px, BC3, 35.0 MB with mips (build 846 ms, upload 277 ms)
light probe: eye sky 15 block 0 in air; floor+1 (y 79) sky 15 block 0 in air, daylight 0.12
imagecheck ashen_night.png magenta=0.00000 black=0.3318 white=0.0008 std=24.1 hash=d0d29e2b85fc340b
imagecheck ashen_night.png magenta=0.00000 black=0.3318 white=0.0008 std=24.1 hash=d0d29e2b85fc340b
seed 12345  pos 2168.5 145.0 -471.5  rd 8  chunks 297  (drawn 79)
gen 233 ms  mesh(all, parallel) 247 ms  mesh(1 section) 0.92 ms  quads 1001253 opaque / 26963 water
frame (encode+GPU, offscreen, median of 30) 5.50 ms  biome paleGarden
mesh slabs 36 MB, chunks 297 (block+light arrays 26 MB), Metal allocated 186 MB
memory: resident 259 MB  (section meshes 31 MB)
wrote snaps/ashen_night.png
cave pocket at 104 -39 -88
textures without a painter: missing
textures: 1680 layers at 128 px, BC3, 35.0 MB with mips (build 803 ms, upload 270 ms)
light probe: eye sky 0 block 5 in air; floor+1 (y -39) sky 0 block 4 in air, daylight 1.0
imagecheck lush_caves.png magenta=0.00000 black=0.0010 white=0.0008 std=38.1 hash=3828b388ef4a83d6
imagecheck lush_caves.png magenta=0.00000 black=0.0010 white=0.0008 std=38.1 hash=3828b388ef4a83d6
seed 12345  pos 104.5 25.0 -87.5  rd 8  chunks 297  (drawn 38)
gen 301 ms  mesh(all, parallel) 338 ms  mesh(1 section) 0.41 ms  quads 1256892 opaque / 16500 water
frame (encode+GPU, offscreen, median of 30) 4.20 ms  biome flowerForest
cave biome around the eye: lush_caves (moss 207, dripstone 0, sculk 0)
mesh slabs 44 MB, chunks 297 (block+light arrays 32 MB), Metal allocated 182 MB
memory: resident 258 MB  (section meshes 39 MB)
wrote snaps/lush_caves.png
cave pocket at 8 37 248
torches: 5 placed round 7 38 246
textures without a painter: missing
textures: 1680 layers at 128 px, BC3, 35.0 MB with mips (build 757 ms, upload 257 ms)
light probe: eye sky 0 block 13 in air; floor+1 (y 37) sky 0 block 14 in torch, daylight 1.0
imagecheck dripstone_caves.png magenta=0.00000 black=0.0000 white=0.0008 std=25.9 hash=9110d309e28f4806
imagecheck dripstone_caves.png magenta=0.00000 black=0.0000 white=0.0008 std=25.9 hash=9110d309e28f4806
seed 12345  pos 8.5 101.0 248.5  rd 8  chunks 297  (drawn 5)
gen 244 ms  mesh(all, parallel) 201 ms  mesh(1 section) 0.54 ms  quads 580793 opaque / 62067 water
frame (encode+GPU, offscreen, median of 30) 3.75 ms  biome ocean
cave biome around the eye: dripstone_caves (moss 0, dripstone 43, sculk 0)
mesh slabs 24 MB, chunks 297 (block+light arrays 24 MB), Metal allocated 174 MB
memory: resident 229 MB  (section meshes 20 MB)
wrote snaps/dripstone_caves.png
structure mineshaft at 88 23 136 (53 pieces, framed)
structure buried: camera at its start 88 23 136, facing 90 deg down a 40-block corridor
torches: 6 placed round 85 24 136
textures without a painter: missing
textures: 1680 layers at 128 px, BC3, 35.0 MB with mips (build 769 ms, upload 268 ms)
light probe: eye sky 0 block 14 in air; floor+1 (y 24) sky 0 block 14 in air, daylight 1.0
imagecheck mineshaft_torches.png magenta=0.00000 black=0.0004 white=0.0024 std=26.3 hash=c96d5120c5c8ed74
imagecheck mineshaft_torches.png magenta=0.00000 black=0.0004 white=0.0024 std=26.3 hash=c96d5120c5c8ed74
seed 12345  pos 88.5 87.0 136.5  rd 8  chunks 326  (drawn 44)
gen 225 ms  mesh(all, parallel) 239 ms  mesh(1 section) 0.45 ms  quads 734911 opaque / 51468 water
frame (encode+GPU, offscreen, median of 30) 3.89 ms  biome ocean
mesh slabs 28 MB, chunks 326 (block+light arrays 27 MB), Metal allocated 178 MB
memory: resident 235 MB  (section meshes 24 MB)
wrote snaps/mineshaft_torches.png
cave pocket at 337 -53 -527
textures without a painter: missing
textures: 1680 layers at 128 px, BC3, 35.0 MB with mips (build 815 ms, upload 258 ms)
light probe: eye sky 0 block 7 in air; floor+1 (y -53) sky 0 block 8 in air, daylight 1.0
imagecheck deep_dark.png magenta=0.00000 black=0.0102 white=0.0010 std=31.5 hash=c257cc18d45ce6e1
imagecheck deep_dark.png magenta=0.00000 black=0.0102 white=0.0010 std=31.5 hash=c257cc18d45ce6e1
seed 12345  pos 337.5 11.0 -526.5  rd 8  chunks 297  (drawn 27)
gen 311 ms  mesh(all, parallel) 298 ms  mesh(1 section) 0.33 ms  quads 1057643 opaque / 8964 water
frame (encode+GPU, offscreen, median of 30) 3.30 ms  biome snowySlopes
cave biome around the eye: deep_dark (moss 0, dripstone 0, sculk 93)
mesh slabs 36 MB, chunks 297 (block+light arrays 46 MB), Metal allocated 174 MB
memory: resident 264 MB  (section meshes 33 MB)
wrote snaps/deep_dark.png
unblock: moved 5.0 blocks for a 22.0-block view
textures without a painter: missing
textures: 1680 layers at 128 px, BC3, 35.0 MB with mips (build 888 ms, upload 290 ms)
light probe: eye sky 15 block 0 in air; floor+1 (y 81) sky 15 block 0 in short_grass, daylight 1.0
treecheck: 200 trunks, 35 in the wrong biome: dark_oak_log@-319,-103=forest dark_oak_log@-151,-113=forest dark_oak_log@-193,-92=forest dark_oak_log@-166,-251=oldGrowthSpruceTaiga dark_oak_log@-140,-100=forest dark_oak_log@-252,-167=forest dark_oak_log@-158,-110=forest dark_oak_log@-192,-99=forest dark_oak_log@-297,-95=forest dark_oak_log@-232,-116=forest dark_oak_log@-136,-139=forest dark_oak_log@-263,-120=forest
imagecheck dark_forest.png magenta=0.00000 black=0.0020 white=0.0008 std=38.6 hash=199b503d4f2675fc
imagecheck dark_forest.png magenta=0.00000 black=0.0020 white=0.0008 std=38.6 hash=199b503d4f2675fc
seed 12345  pos -229.0 148.0 -179.2  rd 8  chunks 297  (drawn 78)
gen 297 ms  mesh(all, parallel) 327 ms  mesh(1 section) 0.79 ms  quads 1303899 opaque / 13794 water
frame (encode+GPU, offscreen, median of 30) 4.78 ms  biome darkForest
mesh slabs 48 MB, chunks 297 (block+light arrays 29 MB), Metal allocated 186 MB
memory: resident 243 MB  (section meshes 40 MB)
wrote snaps/dark_forest.png
seabed at y 55, camera 5.0 above
textures without a painter: missing
textures: 1680 layers at 128 px, BC3, 35.0 MB with mips (build 771 ms, upload 308 ms)
light probe: eye sky 14 block 0 in water; floor+1 (y 56) sky 8 block 0 in water, daylight 1.0
imagecheck seabed_warm.png magenta=0.00000 black=0.0000 white=0.0008 std=24.2 hash=af046d43c33f1b2c
imagecheck seabed_warm.png magenta=0.00000 black=0.0000 white=0.0008 std=24.2 hash=af046d43c33f1b2c
seed 12345  pos -951.5 125.0 728.5  rd 8  chunks 297  (drawn 74)
gen 245 ms  mesh(all, parallel) 356 ms  mesh(1 section) 0.67 ms  quads 1011095 opaque / 65236 water
frame (encode+GPU, offscreen, median of 30) 4.13 ms  biome warmOcean
mesh slabs 36 MB, chunks 297 (block+light arrays 25 MB), Metal allocated 186 MB
memory: resident 241 MB  (section meshes 33 MB)
wrote snaps/seabed_warm.png
seabed at y 32, camera 5.0 above
textures without a painter: missing
textures: 1680 layers at 128 px, BC3, 35.0 MB with mips (build 803 ms, upload 266 ms)
light probe: eye sky 0 block 0 in water; floor+1 (y 33) sky 0 block 0 in water, daylight 1.0
imagecheck seabed_deep.png magenta=0.00000 black=0.0000 white=0.0008 std=12.3 hash=da9b0bf024b57745
imagecheck seabed_deep.png magenta=0.00000 black=0.0000 white=0.0008 std=12.3 hash=da9b0bf024b57745
seed 12345  pos 296.5 102.0 584.5  rd 8  chunks 297  (drawn 72)
gen 206 ms  mesh(all, parallel) 212 ms  mesh(1 section) 0.59 ms  quads 504921 opaque / 65049 water
frame (encode+GPU, offscreen, median of 30) 4.00 ms  biome deepOcean
mesh slabs 20 MB, chunks 297 (block+light arrays 21 MB), Metal allocated 170 MB
memory: resident 221 MB  (section meshes 17 MB)
wrote snaps/seabed_deep.png
seabed at y 32, camera 14.0 above
textures without a painter: missing
textures: 1680 layers at 128 px, BC3, 35.0 MB with mips (build 858 ms, upload 280 ms)
light probe: eye sky 0 block 0 in water; floor+1 (y 33) sky 0 block 0 in water, daylight 1.0
imagecheck seabed_deep_far.png magenta=0.00000 black=0.0000 white=0.0008 std=10.6 hash=5a203d851f2cce18
imagecheck seabed_deep_far.png magenta=0.00000 black=0.0000 white=0.0008 std=10.6 hash=5a203d851f2cce18
seed 12345  pos 296.5 111.0 584.5  rd 8  chunks 297  (drawn 73)
gen 221 ms  mesh(all, parallel) 197 ms  mesh(1 section) 0.64 ms  quads 504921 opaque / 65049 water
frame (encode+GPU, offscreen, median of 30) 3.86 ms  biome deepOcean
mesh slabs 20 MB, chunks 297 (block+light arrays 21 MB), Metal allocated 170 MB
memory: resident 224 MB  (section meshes 17 MB)
wrote snaps/seabed_deep_far.png
cave pocket at 8 37 248
openview: yaw 45, 13.1 blocks clear
textures without a painter: missing
textures: 1680 layers at 128 px, BC3, 35.0 MB with mips (build 907 ms, upload 302 ms)
light probe: eye sky 0 block 0 in air; floor+1 (y 37) sky 0 block 0 in air, daylight 1.0
imagecheck cave_dark.png magenta=0.00000 black=0.0001 white=0.0008 std=10.8 hash=04a9a491761bc112
imagecheck cave_dark.png magenta=0.00000 black=0.0001 white=0.0008 std=10.8 hash=04a9a491761bc112
seed 12345  pos 8.5 101.0 248.5  rd 8  chunks 297  (drawn 5)
gen 231 ms  mesh(all, parallel) 200 ms  mesh(1 section) 0.60 ms  quads 580769 opaque / 62067 water
frame (encode+GPU, offscreen, median of 30) 4.24 ms  biome ocean
cave biome around the eye: dripstone_caves (moss 0, dripstone 43, sculk 0)
mesh slabs 24 MB, chunks 297 (block+light arrays 24 MB), Metal allocated 174 MB
memory: resident 227 MB  (section meshes 20 MB)
wrote snaps/cave_dark.png
cave pocket at 8 37 248
openview: yaw 45, 13.1 blocks clear
textures without a painter: missing
textures: 1680 layers at 128 px, BC3, 35.0 MB with mips (build 818 ms, upload 276 ms)
light probe: eye sky 0 block 0 in air; floor+1 (y 37) sky 0 block 0 in air, daylight 1.0
imagecheck cave_dark_moody.png magenta=0.00000 black=0.8770 white=0.0008 std=11.9 hash=3c73da6b9e51a42d
imagecheck cave_dark_moody.png magenta=0.00000 black=0.8770 white=0.0008 std=11.9 hash=3c73da6b9e51a42d
seed 12345  pos 8.5 101.0 248.5  rd 8  chunks 297  (drawn 5)
gen 239 ms  mesh(all, parallel) 213 ms  mesh(1 section) 0.43 ms  quads 580769 opaque / 62067 water
frame (encode+GPU, offscreen, median of 30) 4.68 ms  biome ocean
cave biome around the eye: dripstone_caves (moss 0, dripstone 43, sculk 0)
mesh slabs 24 MB, chunks 297 (block+light arrays 24 MB), Metal allocated 174 MB
memory: resident 229 MB  (section meshes 20 MB)
wrote snaps/cave_dark_moody.png
cave pocket at 8 37 248
openview: yaw 45, 13.1 blocks clear
textures without a painter: missing
textures: 1680 layers at 128 px, BC3, 35.0 MB with mips (build 811 ms, upload 271 ms)
light probe: eye sky 0 block 0 in air; floor+1 (y 37) sky 0 block 0 in air, daylight 1.0
imagecheck cave_dark_bright.png magenta=0.00000 black=0.0000 white=0.0008 std=11.7 hash=5bcbaf2a362ad7b3
imagecheck cave_dark_bright.png magenta=0.00000 black=0.0000 white=0.0008 std=11.7 hash=5bcbaf2a362ad7b3
seed 12345  pos 8.5 101.0 248.5  rd 8  chunks 297  (drawn 5)
gen 243 ms  mesh(all, parallel) 207 ms  mesh(1 section) 0.45 ms  quads 580769 opaque / 62067 water
frame (encode+GPU, offscreen, median of 30) 4.70 ms  biome ocean
cave biome around the eye: dripstone_caves (moss 0, dripstone 43, sculk 0)
mesh slabs 24 MB, chunks 297 (block+light arrays 24 MB), Metal allocated 174 MB
memory: resident 233 MB  (section meshes 20 MB)
wrote snaps/cave_dark_bright.png
cave pocket at 8 37 248
openview: yaw 45, 13.1 blocks clear
textures without a painter: missing
textures: 1680 layers at 128 px, BC3, 35.0 MB with mips (build 794 ms, upload 269 ms)
light probe: eye sky 0 block 0 in air; floor+1 (y 37) sky 0 block 0 in air, daylight 1.0
imagecheck cave_dark_fast.png magenta=0.00000 black=0.0000 white=0.0008 std=12.8 hash=8448da9101ea1fc5
imagecheck cave_dark_fast.png magenta=0.00000 black=0.0000 white=0.0008 std=12.8 hash=8448da9101ea1fc5
seed 12345  pos 8.5 101.0 248.5  rd 8  chunks 297  (drawn 5)
gen 246 ms  mesh(all, parallel) 215 ms  mesh(1 section) 0.47 ms  quads 580769 opaque / 62067 water
frame (encode+GPU, offscreen, median of 30) 0.86 ms  biome ocean
cave biome around the eye: dripstone_caves (moss 0, dripstone 43, sculk 0)
mesh slabs 24 MB, chunks 297 (block+light arrays 24 MB), Metal allocated 146 MB
memory: resident 143 MB  (section meshes 20 MB)
wrote snaps/cave_dark_fast.png
cave pocket at 104 -39 -88
textures without a painter: missing
textures: 1680 layers at 128 px, BC3, 35.0 MB with mips (build 829 ms, upload 299 ms)
light probe: eye sky 0 block 5 in air; floor+1 (y -39) sky 0 block 4 in air, daylight 1.0
imagecheck cave_dark_mobs.png magenta=0.00000 black=0.0010 white=0.0008 std=38.1 hash=3828b388ef4a83d6
imagecheck cave_dark_mobs.png magenta=0.00000 black=0.0010 white=0.0008 std=38.1 hash=3828b388ef4a83d6
seed 12345  pos 104.5 25.0 -87.5  rd 8  chunks 297  (drawn 38)
gen 227 ms  mesh(all, parallel) 308 ms  mesh(1 section) 0.49 ms  quads 1256892 opaque / 16500 water
frame (encode+GPU, offscreen, median of 30) 5.41 ms  biome flowerForest
cave biome around the eye: lush_caves (moss 207, dripstone 0, sculk 0)
mesh slabs 44 MB, chunks 297 (block+light arrays 32 MB), Metal allocated 194 MB
memory: resident 262 MB  (section meshes 39 MB)
wrote snaps/cave_dark_mobs.png
cave pocket at 8 37 248
openview: yaw 45, 13.1 blocks clear
torches: 4 placed round 6 37 246
textures without a painter: missing
textures: 1680 layers at 128 px, BC3, 35.0 MB with mips (build 829 ms, upload 288 ms)
light probe: eye sky 0 block 11 in air; floor+1 (y 37) sky 0 block 12 in air, daylight 1.0
imagecheck cave_torches.png magenta=0.00000 black=0.0000 white=0.0049 std=28.3 hash=183c73b0f42ac8c8
imagecheck cave_torches.png magenta=0.00000 black=0.0000 white=0.0049 std=28.3 hash=183c73b0f42ac8c8
seed 12345  pos 8.5 101.0 248.5  rd 8  chunks 297  (drawn 5)
gen 272 ms  mesh(all, parallel) 260 ms  mesh(1 section) 0.91 ms  quads 580792 opaque / 62067 water
frame (encode+GPU, offscreen, median of 30) 5.63 ms  biome ocean
cave biome around the eye: dripstone_caves (moss 0, dripstone 43, sculk 0)
mesh slabs 24 MB, chunks 297 (block+light arrays 24 MB), Metal allocated 174 MB
memory: resident 216 MB  (section meshes 20 MB)
wrote snaps/cave_torches.png
textures without a painter: missing
textures: 1680 layers at 128 px, BC3, 35.0 MB with mips (build 905 ms, upload 265 ms)
light probe: eye sky 15 block 0 in air; floor+1 (y 70) sky 15 block 0 in air, daylight 1.0
imagecheck in_lava.png magenta=0.00000 black=0.0000 white=0.0008 std=20.7 hash=2f6c8bae8c0a26be
imagecheck in_lava.png magenta=0.00000 black=0.0000 white=0.0008 std=20.7 hash=2f6c8bae8c0a26be
seed 12345  pos -87.5 135.0 104.5  rd 8  chunks 297  (drawn 74)
gen 349 ms  mesh(all, parallel) 285 ms  mesh(1 section) 0.29 ms  quads 794205 opaque / 16674 water
frame (encode+GPU, offscreen, median of 30) 5.32 ms  biome plains
mesh slabs 28 MB, chunks 297 (block+light arrays 26 MB), Metal allocated 166 MB
memory: resident 236 MB  (section meshes 25 MB)
wrote snaps/in_lava.png
textures without a painter: missing
textures: 1680 layers at 128 px, BC3, 35.0 MB with mips (build 891 ms, upload 328 ms)
light probe: eye sky 15 block 0 in air; floor+1 (y 72) sky 15 block 0 in air, daylight 1.0
imagecheck spawn_portal_check.png magenta=0.00000 black=0.0000 white=0.0156 std=43.5 hash=8845e65a3335b288
imagecheck spawn_portal_check.png magenta=0.00000 black=0.0000 white=0.0156 std=43.5 hash=8845e65a3335b288
seed 12345  pos 31.5 138.0 29.5  rd 16  chunks 997  (drawn 262)
gen 823 ms  mesh(all, parallel) 1029 ms  mesh(1 section) 0.60 ms  quads 2070233 opaque / 85318 water
frame (encode+GPU, offscreen, median of 30) 10.02 ms  biome forest
mesh slabs 76 MB, chunks 997 (block+light arrays 98 MB), Metal allocated 226 MB
memory: resident 378 MB  (section meshes 66 MB)
wrote snaps/spawn_portal_check.png
textures without a painter: missing
textures: 1680 layers at 128 px, BC3, 35.0 MB with mips (build 1107 ms, upload 355 ms)
light probe: eye sky 15 block 0 in air; floor+1 (y 70) sky 15 block 0 in air, daylight 1.0
imagecheck gallery_stone.png magenta=0.00000 black=0.0000 white=0.0008 std=40.6 hash=7a6b2088f8e496d7
imagecheck gallery_stone.png magenta=0.00000 black=0.0000 white=0.0008 std=40.6 hash=7a6b2088f8e496d7
seed 12345  pos -87.5 140.0 104.5  rd 8  chunks 297  (drawn 75)
gen 261 ms  mesh(all, parallel) 301 ms  mesh(1 section) 0.22 ms  quads 794269 opaque / 16674 water
frame (encode+GPU, offscreen, median of 30) 5.80 ms  biome plains
mesh slabs 28 MB, chunks 297 (block+light arrays 26 MB), Metal allocated 166 MB
memory: resident 226 MB  (section meshes 25 MB)
wrote snaps/gallery_stone.png
textures without a painter: missing
textures: 1680 layers at 128 px, BC3, 35.0 MB with mips (build 944 ms, upload 299 ms)
light probe: eye sky 15 block 0 in air; floor+1 (y 70) sky 15 block 0 in air, daylight 1.0
imagecheck gallery_wood.png magenta=0.00000 black=0.0000 white=0.0008 std=41.9 hash=6a50efa298caa8d5
imagecheck gallery_wood.png magenta=0.00000 black=0.0000 white=0.0008 std=41.9 hash=6a50efa298caa8d5
seed 12345  pos -87.5 140.0 104.5  rd 8  chunks 297  (drawn 75)
gen 242 ms  mesh(all, parallel) 188 ms  mesh(1 section) 0.31 ms  quads 794275 opaque / 16674 water
frame (encode+GPU, offscreen, median of 30) 8.84 ms  biome plains
mesh slabs 28 MB, chunks 297 (block+light arrays 26 MB), Metal allocated 166 MB
memory: resident 237 MB  (section meshes 25 MB)
wrote snaps/gallery_wood.png
textures without a painter: missing
textures: 1680 layers at 128 px, BC3, 35.0 MB with mips (build 999 ms, upload 316 ms)
light probe: eye sky 15 block 0 in air; floor+1 (y 70) sky 15 block 0 in air, daylight 1.0
imagecheck gallery_ores.png magenta=0.00000 black=0.0000 white=0.0008 std=39.1 hash=e94c1d762c5b4251
imagecheck gallery_ores.png magenta=0.00000 black=0.0000 white=0.0008 std=39.1 hash=e94c1d762c5b4251
seed 12345  pos -87.5 140.0 104.5  rd 8  chunks 297  (drawn 75)
gen 274 ms  mesh(all, parallel) 223 ms  mesh(1 section) 0.21 ms  quads 794273 opaque / 16674 water
frame (encode+GPU, offscreen, median of 30) 6.94 ms  biome plains
mesh slabs 28 MB, chunks 297 (block+light arrays 26 MB), Metal allocated 166 MB
memory: resident 233 MB  (section meshes 25 MB)
wrote snaps/gallery_ores.png
textures without a painter: missing
textures: 1680 layers at 128 px, BC3, 35.0 MB with mips (build 1123 ms, upload 349 ms)
light probe: eye sky 15 block 4 in air; floor+1 (y 70) sky 15 block 0 in air, daylight 1.0
imagecheck gallery_earth.png magenta=0.00000 black=0.0000 white=0.0012 std=41.4 hash=7fce0fd32d8a6c12
imagecheck gallery_earth.png magenta=0.00000 black=0.0000 white=0.0012 std=41.4 hash=7fce0fd32d8a6c12
seed 12345  pos -87.5 140.0 104.5  rd 8  chunks 297  (drawn 75)
gen 256 ms  mesh(all, parallel) 216 ms  mesh(1 section) 0.48 ms  quads 794351 opaque / 16676 water
frame (encode+GPU, offscreen, median of 30) 7.56 ms  biome plains
mesh slabs 28 MB, chunks 297 (block+light arrays 26 MB), Metal allocated 166 MB
memory: resident 229 MB  (section meshes 25 MB)
wrote snaps/gallery_earth.png
textures without a painter: missing
textures: 1680 layers at 128 px, BC3, 35.0 MB with mips (build 928 ms, upload 293 ms)
light probe: eye sky 15 block 0 in air; floor+1 (y 70) sky 15 block 0 in air, daylight 1.0
imagecheck gallery_color.png magenta=0.00000 black=0.0000 white=0.0008 std=39.4 hash=b8f1b815cc181570
imagecheck gallery_color.png magenta=0.00000 black=0.0000 white=0.0008 std=39.4 hash=b8f1b815cc181570
seed 12345  pos -87.5 140.0 104.5  rd 8  chunks 297  (drawn 75)
gen 256 ms  mesh(all, parallel) 194 ms  mesh(1 section) 0.20 ms  quads 794271 opaque / 16689 water
frame (encode+GPU, offscreen, median of 30) 7.43 ms  biome plains
mesh slabs 28 MB, chunks 297 (block+light arrays 26 MB), Metal allocated 166 MB
memory: resident 223 MB  (section meshes 25 MB)
wrote snaps/gallery_color.png
textures without a painter: missing
textures: 1680 layers at 128 px, BC3, 35.0 MB with mips (build 1031 ms, upload 335 ms)
light probe: eye sky 15 block 4 in air; floor+1 (y 70) sky 15 block 0 in air, daylight 1.0
imagecheck gallery_build.png magenta=0.00000 black=0.0000 white=0.0014 std=40.1 hash=ccdf277b19533c7e
imagecheck gallery_build.png magenta=0.00000 black=0.0000 white=0.0014 std=40.1 hash=ccdf277b19533c7e
seed 12345  pos -87.5 140.0 104.5  rd 8  chunks 297  (drawn 75)
gen 261 ms  mesh(all, parallel) 214 ms  mesh(1 section) 0.61 ms  quads 794432 opaque / 16674 water
frame (encode+GPU, offscreen, median of 30) 5.45 ms  biome plains
mesh slabs 28 MB, chunks 297 (block+light arrays 26 MB), Metal allocated 166 MB
memory: resident 231 MB  (section meshes 25 MB)
wrote snaps/gallery_build.png
textures without a painter: missing
textures: 1680 layers at 128 px, BC3, 35.0 MB with mips (build 859 ms, upload 305 ms)
light probe: eye sky 15 block 4 in air; floor+1 (y 70) sky 15 block 0 in air, daylight 0.12
imagecheck gallery_build_night.png magenta=0.00000 black=0.3453 white=0.0034 std=46.6 hash=4fa654281cc22d0b
imagecheck gallery_build_night.png magenta=0.00000 black=0.3453 white=0.0034 std=46.6 hash=4fa654281cc22d0b
seed 12345  pos -87.5 140.0 104.5  rd 8  chunks 297  (drawn 75)
gen 272 ms  mesh(all, parallel) 203 ms  mesh(1 section) 0.34 ms  quads 794432 opaque / 16674 water
frame (encode+GPU, offscreen, median of 30) 6.84 ms  biome plains
mesh slabs 28 MB, chunks 297 (block+light arrays 26 MB), Metal allocated 166 MB
memory: resident 225 MB  (section meshes 25 MB)
wrote snaps/gallery_build_night.png
textures without a painter: missing
textures: 1680 layers at 128 px, BC3, 35.0 MB with mips (build 883 ms, upload 288 ms)
light probe: eye sky 15 block 7 in air; floor+1 (y 70) sky 15 block 0 in air, daylight 1.0
imagecheck gallery_ember.png magenta=0.00000 black=0.0000 white=0.0014 std=43.7 hash=2416cf9a2cbc5293
imagecheck gallery_ember.png magenta=0.00000 black=0.0000 white=0.0014 std=43.7 hash=2416cf9a2cbc5293
seed 12345  pos -87.5 140.0 104.5  rd 8  chunks 297  (drawn 75)
gen 241 ms  mesh(all, parallel) 188 ms  mesh(1 section) 0.43 ms  quads 794344 opaque / 16674 water
frame (encode+GPU, offscreen, median of 30) 6.83 ms  biome plains
mesh slabs 28 MB, chunks 297 (block+light arrays 26 MB), Metal allocated 166 MB
memory: resident 224 MB  (section meshes 25 MB)
wrote snaps/gallery_ember.png
textures without a painter: missing
textures: 1680 layers at 128 px, BC3, 35.0 MB with mips (build 814 ms, upload 266 ms)
light probe: eye sky 15 block 0 in air; floor+1 (y 70) sky 15 block 0 in air, daylight 1.0
imagecheck gallery_plants.png magenta=0.00000 black=0.0000 white=0.0008 std=39.0 hash=e14b6840c40d3b23
imagecheck gallery_plants.png magenta=0.00000 black=0.0000 white=0.0008 std=39.0 hash=e14b6840c40d3b23
seed 12345  pos -87.5 140.0 104.5  rd 8  chunks 297  (drawn 75)
gen 245 ms  mesh(all, parallel) 194 ms  mesh(1 section) 0.35 ms  quads 794309 opaque / 16674 water
frame (encode+GPU, offscreen, median of 30) 5.33 ms  biome plains
mesh slabs 28 MB, chunks 297 (block+light arrays 26 MB), Metal allocated 166 MB
memory: resident 225 MB  (section meshes 25 MB)
wrote snaps/gallery_plants.png
textures without a painter: missing
textures: 1680 layers at 128 px, BC3, 35.0 MB with mips (build 810 ms, upload 282 ms)
light probe: eye sky 15 block 5 in air; floor+1 (y 70) sky 15 block 0 in air, daylight 1.0
imagecheck gallery_copper.png magenta=0.00000 black=0.0000 white=0.0017 std=39.6 hash=9e013eadcf500d60
imagecheck gallery_copper.png magenta=0.00000 black=0.0000 white=0.0017 std=39.6 hash=9e013eadcf500d60
seed 12345  pos -87.5 140.0 104.5  rd 8  chunks 297  (drawn 75)
gen 231 ms  mesh(all, parallel) 199 ms  mesh(1 section) 0.29 ms  quads 794610 opaque / 16674 water
frame (encode+GPU, offscreen, median of 30) 4.89 ms  biome plains
mesh slabs 28 MB, chunks 297 (block+light arrays 26 MB), Metal allocated 166 MB
memory: resident 235 MB  (section meshes 25 MB)
wrote snaps/gallery_copper.png
textures without a painter: missing
textures: 1680 layers at 128 px, BC3, 35.0 MB with mips (build 751 ms, upload 273 ms)
light probe: eye sky 15 block 5 in air; floor+1 (y 70) sky 15 block 0 in air, daylight 0.12
imagecheck gallery_copper_night.png magenta=0.00000 black=0.3457 white=0.0059 std=47.9 hash=f638562083a7cf24
imagecheck gallery_copper_night.png magenta=0.00000 black=0.3457 white=0.0059 std=47.9 hash=f638562083a7cf24
seed 12345  pos -87.5 140.0 104.5  rd 8  chunks 297  (drawn 75)
gen 240 ms  mesh(all, parallel) 180 ms  mesh(1 section) 0.35 ms  quads 794610 opaque / 16674 water
frame (encode+GPU, offscreen, median of 30) 6.20 ms  biome plains
mesh slabs 28 MB, chunks 297 (block+light arrays 26 MB), Metal allocated 166 MB
memory: resident 229 MB  (section meshes 25 MB)
wrote snaps/gallery_copper_night.png
textures without a painter: missing
textures: 1680 layers at 128 px, BC3, 35.0 MB with mips (build 845 ms, upload 300 ms)
light probe: eye sky 15 block 0 in air; floor+1 (y 70) sky 15 block 0 in air, daylight 1.0
imagecheck farm_variants.png magenta=0.00000 black=0.0001 white=0.0008 std=41.3 hash=f5566165c3b88348
imagecheck farm_variants.png magenta=0.00000 black=0.0001 white=0.0008 std=41.3 hash=f5566165c3b88348
seed 12345  pos -87.5 135.0 104.5  rd 8  chunks 297  (drawn 74)
gen 246 ms  mesh(all, parallel) 198 ms  mesh(1 section) 0.19 ms  quads 794012 opaque / 16674 water
frame (encode+GPU, offscreen, median of 30) 6.10 ms  biome plains
mesh slabs 28 MB, chunks 297 (block+light arrays 26 MB), Metal allocated 178 MB
memory: resident 244 MB  (section meshes 25 MB)
wrote snaps/farm_variants.png
textures without a painter: missing
textures: 1680 layers at 128 px, BC3, 35.0 MB with mips (build 847 ms, upload 275 ms)
light probe: eye sky 15 block 0 in air; floor+1 (y 70) sky 15 block 0 in air, daylight 1.0
imagecheck copper_golems.png magenta=0.00000 black=0.0000 white=0.0008 std=39.7 hash=d0a69cdf1558bd3e
imagecheck copper_golems.png magenta=0.00000 black=0.0000 white=0.0008 std=39.7 hash=d0a69cdf1558bd3e
seed 12345  pos -87.5 135.0 104.5  rd 8  chunks 297  (drawn 74)
gen 243 ms  mesh(all, parallel) 195 ms  mesh(1 section) 0.19 ms  quads 794012 opaque / 16674 water
frame (encode+GPU, offscreen, median of 30) 5.60 ms  biome plains
mesh slabs 28 MB, chunks 297 (block+light arrays 26 MB), Metal allocated 178 MB
memory: resident 249 MB  (section meshes 25 MB)
wrote snaps/copper_golems.png
textures without a painter: missing
textures: 1680 layers at 128 px, BC3, 35.0 MB with mips (build 837 ms, upload 280 ms)
light probe: eye sky 15 block 8 in air; floor+1 (y 70) sky 15 block 1 in air, daylight 1.0
imagecheck gallery_hollow.png magenta=0.00000 black=0.0000 white=0.0086 std=43.7 hash=b9f81cbb629aa48e
imagecheck gallery_hollow.png magenta=0.00000 black=0.0000 white=0.0086 std=43.7 hash=b9f81cbb629aa48e
seed 12345  pos -87.5 140.0 104.5  rd 8  chunks 297  (drawn 75)
gen 247 ms  mesh(all, parallel) 203 ms  mesh(1 section) 0.38 ms  quads 794346 opaque / 16684 water
frame (encode+GPU, offscreen, median of 30) 5.83 ms  biome plains
mesh slabs 28 MB, chunks 297 (block+light arrays 26 MB), Metal allocated 166 MB
memory: resident 235 MB  (section meshes 25 MB)
wrote snaps/gallery_hollow.png
textures without a painter: missing
textures: 1680 layers at 128 px, BC3, 35.0 MB with mips (build 866 ms, upload 277 ms)
light probe: eye sky 15 block 0 in air; floor+1 (y 64) sky 15 block 0 in air, daylight 1.0
imagecheck leak_12345.png magenta=0.00000 black=0.0000 white=0.0008 std=40.7 hash=9d616845d35ad071
imagecheck leak_12345.png magenta=0.00000 black=0.0000 white=0.0008 std=40.7 hash=9d616845d35ad071
seed 12345  pos 36.0 134.0 56.0  rd 8  chunks 297  (drawn 80)
gen 250 ms  mesh(all, parallel) 211 ms  mesh(1 section) 0.45 ms  quads 812237 opaque / 29747 water
frame (encode+GPU, offscreen, median of 30) 6.68 ms  biome beach
mesh slabs 32 MB, chunks 297 (block+light arrays 26 MB), Metal allocated 170 MB
memory: resident 230 MB  (section meshes 26 MB)
wrote snaps/leak_12345.png
textures without a painter: missing
textures: 1680 layers at 128 px, BC3, 35.0 MB with mips (build 806 ms, upload 271 ms)
light probe: eye sky 15 block 6 in air; floor+1 (y 69) sky 15 block 8 in bush, daylight 1.0
imagecheck agent_door_777.png magenta=0.00000 black=0.0000 white=0.0008 std=48.9 hash=37da6e2bf39a6da5
imagecheck agent_door_777.png magenta=0.00000 black=0.0000 white=0.0008 std=48.9 hash=37da6e2bf39a6da5
seed 777  pos 959.5 138.0 272.5  rd 8  chunks 297  (drawn 82)
gen 247 ms  mesh(all, parallel) 242 ms  mesh(1 section) 1.16 ms  quads 779989 opaque / 11900 water
frame (encode+GPU, offscreen, median of 30) 5.88 ms  biome plains
mesh slabs 28 MB, chunks 297 (block+light arrays 26 MB), Metal allocated 178 MB
memory: resident 234 MB  (section meshes 24 MB)
wrote snaps/agent_door_777.png
naming audit: 5947 names, 0 flagged
selftest: 1000 blocks, 99 mob kinds, 4/4 special recipes, bundle fill 32/64, 83 advancements
selftest ok: 179 mobs after 3 s
textures without a painter: missing
textures: 1680 layers at 128 px, BC3, 35.0 MB with mips (build 987 ms, upload 300 ms)
light probe: eye sky 15 block 0 in air; floor+1 (y 70) sky 15 block 0 in air, daylight 1.0
imagecheck selftest.png magenta=0.00000 black=0.0002 white=0.0561 std=62.0 hash=81d19b5d440c24d4
imagecheck selftest.png magenta=0.00000 black=0.0002 white=0.0561 std=62.0 hash=81d19b5d440c24d4
seed 12345  pos -87.5 135.0 104.5  rd 8  chunks 297  (drawn 78)
gen 258 ms  mesh(all, parallel) 198 ms  mesh(1 section) 0.28 ms  quads 794205 opaque / 16674 water
frame (encode+GPU, offscreen, median of 30) 7.68 ms  biome plains
mesh slabs 32 MB, chunks 297 (block+light arrays 26 MB), Metal allocated 182 MB
memory: resident 241 MB  (section meshes 25 MB)
wrote snaps/selftest.png
structure village at 14 129 -322 (38 pieces, framed)
textures without a painter: missing
textures: 1680 layers at 128 px, BC3, 35.0 MB with mips (build 933 ms, upload 319 ms)
light probe: eye sky 15 block 0 in air; floor+1 (y 136) sky 15 block 0 in air, daylight 1.0
imagecheck flicker_village.png magenta=0.00000 black=0.0000 white=0.0008 std=56.3 hash=bb95016e74aca586 flicker=0.00021
imagecheck flicker_village.png magenta=0.00000 black=0.0000 white=0.0008 std=56.3 hash=bb95016e74aca586 flicker=0.00021
seed 12345  pos -24.8 218.4 -355.8  rd 8  chunks 297  (drawn 80)
gen 313 ms  mesh(all, parallel) 444 ms  mesh(1 section) 0.82 ms  quads 1632459 opaque / 12810 water
frame (encode+GPU, offscreen, median of 30) 9.32 ms  biome taiga
mesh slabs 56 MB, chunks 297 (block+light arrays 37 MB), Metal allocated 206 MB
memory: resident 273 MB  (section meshes 50 MB)
wrote snaps/flicker_village.png
textures without a painter: missing
textures: 1680 layers at 128 px, BC3, 35.0 MB with mips (build 970 ms, upload 325 ms)
light probe: eye sky 15 block 0 in air; floor+1 (y 87) sky 15 block 0 in air, daylight 1.0
imagecheck flicker_forest.png magenta=0.00000 black=0.0000 white=0.0008 std=53.1 hash=d22bfd38a7d832e7 flicker=0.00002
imagecheck flicker_forest.png magenta=0.00000 black=0.0000 white=0.0008 std=53.1 hash=d22bfd38a7d832e7 flicker=0.00002
seed 12345  pos -135.5 173.0 -39.5  rd 8  chunks 297  (drawn 79)
gen 292 ms  mesh(all, parallel) 296 ms  mesh(1 section) 0.95 ms  quads 1136052 opaque / 9408 water
frame (encode+GPU, offscreen, median of 30) 7.05 ms  biome forest
mesh slabs 40 MB, chunks 297 (block+light arrays 29 MB), Metal allocated 178 MB
memory: resident 238 MB  (section meshes 35 MB)
wrote snaps/flicker_forest.png
textures without a painter: missing
textures: 1680 layers at 128 px, BC3, 35.0 MB with mips (build 861 ms, upload 278 ms)
light probe: eye sky 15 block 6 in air; floor+1 (y 70) sky 15 block 0 in air, daylight 1.0
imagecheck flicker_build.png magenta=0.00000 black=0.0000 white=0.0012 std=40.0 hash=c13f54a8dbf88b03 flicker=0.00020
imagecheck flicker_build.png magenta=0.00000 black=0.0000 white=0.0012 std=40.0 hash=c13f54a8dbf88b03 flicker=0.00020
seed 12345  pos -87.5 140.0 104.5  rd 8  chunks 297  (drawn 75)
gen 299 ms  mesh(all, parallel) 232 ms  mesh(1 section) 0.28 ms  quads 794418 opaque / 16674 water
frame (encode+GPU, offscreen, median of 30) 5.59 ms  biome plains
mesh slabs 28 MB, chunks 297 (block+light arrays 26 MB), Metal allocated 166 MB
memory: resident 234 MB  (section meshes 25 MB)
wrote snaps/flicker_build.png
imagecheck: 199 frames, duplicate_frame 1
