  Blocks: 198 sounds
  Hostile Mobs: 197 sounds
  Friendly Mobs: 179 sounds
  Players: 129 sounds
  Ambient: 42 sounds
  Weather: 8 sounds
  Interface: 5 sounds
  wrote 37 soundscapes to build/sounds/scapes
  slowest renders: frigateDroneLoop 52 ms, carriageTreadLoop 38 ms, endLoop 26 ms, crimsonLoop 25 ms, beaconActivate 20 ms, warpedLoop 19 ms
synthesized 758 sounds (685.1 s of audio) in 4977 ms, 0 failed
title  356 notes    136 s  peak 0.23 rms 0.064  "Quiet Forge (Title)"
day  434 notes    152 s  peak 0.21 rms 0.053  "Quiet Forge (Overworld Day)"
night  169 notes    138 s  peak 0.18 rms 0.050  "Quiet Forge (Overworld Night)"
underground  138 notes    146 s  peak 0.18 rms 0.051  "Quiet Forge (Underground)"
underwater  145 notes    136 s  peak 0.22 rms 0.060  "Quiet Forge (Underwater)"
ember  204 notes    121 s  peak 0.21 rms 0.058  "Quiet Forge (Emberdeep)"
hollow  171 notes    141 s  peak 0.20 rms 0.046  "Quiet Forge (The Hollow)"
creative  615 notes    145 s  peak 0.19 rms 0.046  "Quiet Forge (Creative)"
boss 1404 notes    125 s  peak 0.47 rms 0.094  "Quiet Forge (Boss)"
rain  158 notes    130 s  peak 0.20 rms 0.054  "Quiet Forge (Rain)"
snow  219 notes    136 s  peak 0.17 rms 0.041  "Quiet Forge (Snowfields)"
desert  209 notes    122 s  peak 0.16 rms 0.045  "Quiet Forge (Dunes)"
ocean  239 notes    134 s  peak 0.24 rms 0.065  "Quiet Forge (Open Water)"
grove  260 notes    114 s  peak 0.17 rms 0.045  "Quiet Forge (Blossom)"
mountain  169 notes    132 s  peak 0.24 rms 0.070  "Quiet Forge (High Passes)"
swamp  204 notes    124 s  peak 0.17 rms 0.046  "Quiet Forge (Mire)"
jungle  287 notes     94 s  peak 0.16 rms 0.044  "Quiet Forge (Canopy)"
tension  197 notes    104 s  peak 0.16 rms 0.048  "Quiet Forge (Steelhold)"
combat  933 notes     91 s  peak 0.42 rms 0.101  "Quiet Forge (Firefight)"
rendered 19 pieces in 1466 ms, 0 failed
audiotest PASS: car: engine heard while driving (speed 8.2, loop:ship1eng0 loop:ship1eng1 loop:ship1wheel)
audiotest PASS: car: wheels rumble while rolling (speed 8.2, loop:ship1eng0 loop:ship1eng1 loop:ship1wheel)
audiotest PASS: car: the engine starts once (1 starts)
audiotest PASS: plane: propellers and wing rush in flight (speed 22.1, loop:ship2eng0 loop:ship2eng1 loop:ship2prop1 loop:ship2rush loop:wind)
audiotest PASS: frigate: engine drone heard from 120 blocks (loop:mountainwind loop:vessel3)
audiotest PASS: frigate nearby: tension (level 1)
audiotest PASS: frigate in gun range: combat music (level 2)
audiotest PASS: mountain wind on the peaks (loop:mountainwind)
audiotest PASS: jagged_peaks: the landform wind replaces the plain wind (loop:mountainwind)
audiotest PASS: tundra wind on the snowy plains (loop:mountainwind loop:tundrawind)
audiotest PASS: snowy_plains: the landform wind replaces the plain wind (loop:mountainwind loop:tundrawind)
audiotest PASS: insects over the swamp (loop:swamp loop:swampbugs loop:water)
audiotest PASS: snow wind while it snows (loop:mountainwind loop:snowwind loop:tundrawind)
audiotest PASS: no rain patter while it snows (loop:mountainwind loop:snowwind loop:tundrawind)
audiotest PASS: rain heard in the open on the plains (loop:rain loop:rainleaves)
audiotest PASS: a waterfall is heard beside it (loop:waterfall)
audiotest PASS: flowing water is heard as a stream (loop:river loop:waterfall)
audiotest: 0 failed (0.6 s)
textures without a painter: missing
textures: 1665 layers at 128 px, BC3, 34.7 MB with mips (build 1209 ms, upload 385 ms)
light probe: eye sky 15 block 0 in air; floor+1 (y 67) sky 15 block 0 in air, daylight 1.0
imagecheck audiotest.png magenta=0.00000 black=0.0001 white=0.0024 std=40.3 hash=be82316a5e289c06
imagecheck audiotest.png magenta=0.00000 black=0.0001 white=0.0024 std=40.3 hash=be82316a5e289c06
seed 12345  pos 8.5 133.0 56.5  rd 6  chunks 423  (drawn 47)
gen 226 ms  mesh(all, parallel) 185 ms  mesh(1 section) 0.37 ms  quads 595255 opaque / 7062 water
frame (encode+GPU, offscreen, median of 30) 4.71 ms  biome plains
mesh slabs 44 MB, chunks 423 (block+light arrays 45 MB), Metal allocated 214 MB
memory: resident 274 MB  (section meshes 38 MB)
wrote snaps/audiotest.png
terrainmap seed 12345: 8192 x 8192 blocks every 16 (0.4 s), land 67%, max height 277
  biomes: plains 9.1%, snowy_taiga 8.0%, forest 7.1%, warm_ocean 6.1%, lukewarm_ocean 6.1%, ocean 5.9%, taiga 5.6%, snowy_plains 5.6%, deep_lukewarm_ocean 5.2%, cold_ocean 4.8%, jungle 4.0%, sparse_jungle 3.0%, beach 2.7%, snowy_slopes 2.7%, savanna 2.4%, meadow 2.3%, desert 2.1%, frozen_ocean 2.0%, old_growth_spruce_taiga 1.7%, grove 1.4%, deep_cold_ocean 1.2%, dark_forest 1.2%, deep_ocean 1.1%, old_growth_pine_taiga 1.0%, frozen_peaks 1.0%, jagged_peaks 0.8%, deep_frozen_ocean 0.7%, mangrove_swamp 0.7%, birch_forest 0.6%, snowy_beach 0.5%, river 0.5%, flower_forest 0.4%, swamp 0.4%, pale_garden 0.3%, savanna_plateau 0.3%, badlands 0.2%, bamboo_jungle 0.2%, cherry_grove 0.2%, old_growth_birch_forest 0.2%, windswept_forest 0.2%, sunflower_plains 0.1%, windswept_gravelly_hills 0.1%, windswept_hills 0.1%, stony_peaks 0.1%, ice_spikes 0.1%, frozen_river 0.0%, eroded_badlands 0.0%, mushroom_fields 0.0%, windswept_savanna 0.0%, wooded_badlands 0.0%, stony_shore 0.0%
  rivers: 313 segments, 0 flowing uphill, 30 lakes
terraincheck seed 12345: 0 problems (implausible neighbour pairs + uphill rivers)
terrainmap seed 777: 8192 x 8192 blocks every 16 (0.4 s), land 55%, max height 262
  biomes: deep_lukewarm_ocean 12.8%, warm_ocean 9.1%, taiga 8.1%, snowy_plains 7.5%, plains 6.6%, cold_ocean 6.5%, frozen_ocean 5.1%, forest 5.0%, lukewarm_ocean 4.1%, sparse_jungle 3.8%, jungle 3.4%, snowy_taiga 3.3%, ocean 3.2%, desert 2.7%, beach 2.5%, savanna 2.5%, deep_frozen_ocean 1.7%, dark_forest 1.6%, deep_ocean 1.2%, deep_cold_ocean 1.1%, old_growth_spruce_taiga 0.7%, badlands 0.7%, grove 0.6%, meadow 0.6%, mangrove_swamp 0.5%, snowy_slopes 0.5%, frozen_peaks 0.5%, snowy_beach 0.5%, birch_forest 0.4%, river 0.4%, pale_garden 0.4%, swamp 0.4%, bamboo_jungle 0.4%, old_growth_pine_taiga 0.4%, sunflower_plains 0.4%, old_growth_birch_forest 0.3%, jagged_peaks 0.3%, flower_forest 0.3%, savanna_plateau 0.1%, ice_spikes 0.1%, windswept_hills 0.1%, cherry_grove 0.1%, eroded_badlands 0.1%, wooded_badlands 0.0%, windswept_savanna 0.0%, windswept_forest 0.0%, mushroom_fields 0.0%, frozen_river 0.0%, windswept_gravelly_hills 0.0%, stony_peaks 0.0%
  not in this area: stony_shore
  rivers: 263 segments, 0 flowing uphill, 18 lakes
terraincheck seed 777: 0 problems (implausible neighbour pairs + uphill rivers)
terrainmap seed 424242: 8192 x 8192 blocks every 16 (0.4 s), land 62%, max height 278
  biomes: taiga 8.0%, plains 8.0%, jungle 7.4%, cold_ocean 7.2%, forest 6.3%, sparse_jungle 5.3%, lukewarm_ocean 5.3%, ocean 4.9%, deep_cold_ocean 4.6%, savanna 4.1%, warm_ocean 4.1%, deep_ocean 3.7%, snowy_plains 3.2%, frozen_ocean 3.1%, deep_frozen_ocean 2.9%, beach 2.5%, desert 2.5%, meadow 2.4%, snowy_taiga 2.3%, deep_lukewarm_ocean 2.1%, dark_forest 1.1%, snowy_slopes 0.9%, grove 0.8%, jagged_peaks 0.7%, mangrove_swamp 0.7%, bamboo_jungle 0.6%, frozen_peaks 0.6%, river 0.6%, badlands 0.6%, cherry_grove 0.5%, snowy_beach 0.5%, flower_forest 0.5%, old_growth_spruce_taiga 0.4%, old_growth_pine_taiga 0.4%, savanna_plateau 0.3%, sunflower_plains 0.2%, pale_garden 0.2%, birch_forest 0.2%, windswept_hills 0.1%, swamp 0.1%, windswept_gravelly_hills 0.1%, stony_peaks 0.0%, ice_spikes 0.0%, old_growth_birch_forest 0.0%, windswept_forest 0.0%, eroded_badlands 0.0%, windswept_savanna 0.0%, mushroom_fields 0.0%, frozen_river 0.0%, stony_shore 0.0%
  not in this area: wooded_badlands
  rivers: 365 segments, 0 flowing uphill, 30 lakes
terraincheck seed 424242: 0 problems (implausible neighbour pairs + uphill rivers)
terrainmap seed 1: 8192 x 8192 blocks every 16 (0.4 s), land 65%, max height 240
  biomes: taiga 7.6%, plains 7.5%, jungle 7.0%, sparse_jungle 6.6%, snowy_plains 6.0%, forest 5.9%, warm_ocean 5.5%, ocean 4.9%, deep_cold_ocean 4.5%, snowy_taiga 4.4%, deep_frozen_ocean 4.3%, savanna 4.3%, cold_ocean 4.2%, lukewarm_ocean 4.2%, deep_lukewarm_ocean 3.1%, beach 3.0%, deep_ocean 2.7%, desert 2.6%, dark_forest 1.4%, frozen_ocean 1.3%, meadow 1.3%, bamboo_jungle 1.0%, grove 1.0%, badlands 0.9%, mangrove_swamp 0.7%, river 0.5%, old_growth_pine_taiga 0.4%, old_growth_spruce_taiga 0.4%, snowy_slopes 0.3%, savanna_plateau 0.3%, cherry_grove 0.3%, snowy_beach 0.3%, birch_forest 0.3%, old_growth_birch_forest 0.2%, pale_garden 0.2%, flower_forest 0.2%, jagged_peaks 0.2%, frozen_peaks 0.1%, swamp 0.1%, eroded_badlands 0.1%, sunflower_plains 0.1%, ice_spikes 0.0%, windswept_hills 0.0%, frozen_river 0.0%, windswept_savanna 0.0%, windswept_forest 0.0%, stony_peaks 0.0%, wooded_badlands 0.0%, mushroom_fields 0.0%, stony_shore 0.0%, windswept_gravelly_hills 0.0%
  rivers: 282 segments, 0 flowing uphill, 37 lakes
terraincheck seed 1: 0 problems (implausible neighbour pairs + uphill rivers)
terrainmap seed 98765: 8192 x 8192 blocks every 16 (0.4 s), land 66%, max height 263
  biomes: taiga 7.7%, jungle 7.2%, plains 6.9%, deep_lukewarm_ocean 6.7%, lukewarm_ocean 6.6%, forest 6.0%, snowy_plains 5.7%, warm_ocean 5.6%, sparse_jungle 5.2%, cold_ocean 5.2%, ocean 4.2%, snowy_taiga 4.1%, beach 2.9%, dark_forest 2.1%, savanna 2.0%, meadow 2.0%, old_growth_spruce_taiga 2.0%, desert 1.9%, deep_ocean 1.9%, frozen_ocean 1.9%, old_growth_pine_taiga 1.5%, deep_frozen_ocean 1.2%, mangrove_swamp 1.0%, deep_cold_ocean 1.0%, snowy_slopes 0.9%, bamboo_jungle 0.7%, frozen_peaks 0.6%, jagged_peaks 0.6%, river 0.6%, grove 0.6%, birch_forest 0.5%, cherry_grove 0.5%, pale_garden 0.4%, old_growth_birch_forest 0.4%, snowy_beach 0.2%, flower_forest 0.2%, swamp 0.2%, ice_spikes 0.2%, sunflower_plains 0.2%, savanna_plateau 0.1%, windswept_hills 0.1%, badlands 0.1%, windswept_forest 0.1%, stony_peaks 0.1%, windswept_gravelly_hills 0.0%, frozen_river 0.0%, mushroom_fields 0.0%, eroded_badlands 0.0%, wooded_badlands 0.0%, windswept_savanna 0.0%, stony_shore 0.0%
  rivers: 399 segments, 0 flowing uphill, 31 lakes
terraincheck seed 98765: 0 problems (implausible neighbour pairs + uphill rivers)
terraincheck total: 0 problems over 5 seeds
genbench breakdown per chunk: terrain fields 0.18 ms (cold), blocks 2.73 ms, tints 0.06 ms
genbench seed 12345: 2.71 ms/chunk mean (p95 4.33, max 7.92) single-thread cold, 1.66 ms warm, 1396 chunks/s parallel
genbench water: 4818 water blocks above y 22, 0 beside open air at the same level
kelpcheck   seagrass at 304 62 129: above air, column top y 62, highest water y 42, biome lukewarmOcean
kelpcheck   seagrass at 306 62 130: above air, column top y 62, highest water y 42, biome lukewarmOcean
kelpcheck   seagrass at 308 62 131: above air, column top y 62, highest water y 42, biome lukewarmOcean
kelpcheck   seagrass at 328 62 143: above air, column top y 62, highest water y 35, biome lukewarmOcean
kelpcheck   seagrass at 331 62 146: above air, column top y 62, highest water y -63, biome lukewarmOcean
kelpcheck   seagrass at 338 62 149: above air, column top y 62, highest water y -63, biome lukewarmOcean
kelpcheck   seagrass at 349 62 155: above air, column top y 62, highest water y 19, biome lukewarmOcean
kelpcheck   seagrass at 350 62 155: above air, column top y 62, highest water y 19, biome lukewarmOcean
kelpcheck   seagrass at 352 62 156: above air, column top y 62, highest water y -48, biome lukewarmOcean
kelpcheck   seagrass at 355 62 157: above air, column top y 62, highest water y -63, biome lukewarmOcean
kelpcheck   seagrass at 356 62 157: above air, column top y 62, highest water y -63, biome lukewarmOcean
kelpcheck   seagrass at 355 62 158: above air, column top y 62, highest water y -63, biome lukewarmOcean
kelpcheck seed 777 around 600 300 (1369 chunks): 56227 water-plant blocks, 303 not under water, 301 at or above sea level
structcheck: mineshaft at 88 23 136: start cell 88 23 136 (dirt under), reaches 1216 cells (1202 without jumps), 1216 inside the structure up to y 24, box 19...28
structcheck: mineshaft at -232 3 -232: start cell -232 3 -232 (dirt under), reaches 1641 cells (1466 without jumps), 1376 inside the structure up to y 10, box 2...10
structcheck: mineshaft at 24 29 -168: start cell 24 29 -168 (dirt under), reaches 2630 cells (1466 without jumps), 2174 inside the structure up to y 34, box 28...34
structcheck: ancient_city at 904 -50 -268: start cell 904 -51 -268 (deepslate_tiles under), reaches 7436 cells (7412 without jumps), 7396 inside the structure up to y -49, box -55...-27
structcheck: ancient_city at -136 -50 836: start cell -136 -51 836 (deepslate_tiles under), reaches 7376 cells (7358 without jumps), 7376 inside the structure up to y -50, box -55...-27
structcheck: ancient_city at -1064 -50 484: start cell -1064 -51 484 (sculk under), reaches 7742 cells (7664 without jumps), 7425 inside the structure up to y -49, box -55...-27
structcheck: trial_chambers at 184 -29 184: start cell 184 -29 184 (trial_spawner under), reaches 825 cells (803 without jumps), 825 inside the structure up to y -29, box -32...-14
structcheck: trial_chambers at -232 -22 -312: start cell -232 -22 -312 (trial_spawner under), reaches 825 cells (803 without jumps), 825 inside the structure up to y -22, box -25...-7
structcheck: trial_chambers at 344 -21 -200: start cell 344 -21 -200 (trial_spawner under), reaches 825 cells (805 without jumps), 825 inside the structure up to y -21, box -24...-6
structcheck: stronghold at 604 2 1619: start cell 604 2 1619 (infested_stone_bricks under), reaches 1175 cells (1081 without jumps), 1175 inside the structure up to y 7, box -10...41
structcheck: stronghold at -2304 8 -381: start cell -2304 8 -381 (stone_bricks under), reaches 1488 cells (1424 without jumps), 1488 inside the structure up to y 13, box -4...47
structcheck: stronghold at 1428 23 -1597: start cell 1428 23 -1597 (stone_bricks under), reaches 1378 cells (1285 without jumps), 1378 inside the structure up to y 28, box 11...62
structcheck: fortress at 136 62 24: start cell 136 62 24 (nether_bricks under), reaches 8137 cells (7020 without jumps), 6452 inside the structure up to y 67, box 1...69
structcheck: fortress at -104 69 -264: start cell -104 69 -264 (nether_bricks under), reaches 6020 cells (4286 without jumps), 4858 inside the structure up to y 76, box 8...76
structcheck: fortress at 568 58 -120: start cell 568 58 -120 (nether_bricks under), reaches 1350 cells (1168 without jumps), 1350 inside the structure up to y 60, box -3...65
structcheck: bastion at 200 34 -334: start cell 200 34 -334 (polished_blackstone under), reaches 1553 cells (1075 without jumps), 1553 inside the structure up to y 42, box -7...67
structcheck: bastion at 520 44 104: start cell 520 44 104 (blackstone under), reaches 296 cells (266 without jumps), 296 inside the structure up to y 46, box -7...67
structcheck: bastion at -88 34 722: start cell -88 34 722 (polished_blackstone under), reaches 3387 cells (1380 without jumps), 2474 inside the structure up to y 55, box -7...67
structcheck: end_city at 400 67 -1216: start cell 400 65 -1216 (end_stone under), reaches 2104 cells (1163 without jumps), 1467 inside the structure up to y 90, box 55...102
structcheck: end_city at -1136 63 1088: start cell -1136 59 1088 (end_stone under), reaches 1293 cells (197 without jumps), 779 inside the structure up to y 85, box 51...95
structcheck: end_city at 992 65 1360: start cell 992 62 1360 (end_stone under), reaches 2790 cells (255 without jumps), 1692 inside the structure up to y 88, box 53...100
structcheck: mineshaft at 168 -38 56: start cell 168 -38 56 (dirt under), reaches 2356 cells (1262 without jumps), 1981 inside the structure up to y -30, box -39...-30
structcheck: mineshaft at -232 29 -120: start cell -232 29 -120 (dirt under), reaches 1799 cells (1493 without jumps), 1498 inside the structure up to y 35, box 28...35
structcheck: mineshaft at 216 -6 -248: start cell 216 -6 -248 (dirt under), reaches 6362 cells (1230 without jumps), 2581 inside the structure up to y 1, box -10...1
structcheck: ancient_city at 1016 -50 -396: start cell 1016 -51 -396 (deepslate_tiles under), reaches 7508 cells (7383 without jumps), 7379 inside the structure up to y -50, box -55...-27
structcheck: ancient_city at 472 -50 820: start cell 472 -51 820 (deepslate_tiles under), reaches 7490 cells (7404 without jumps), 7396 inside the structure up to y -49, box -55...-27
structcheck: ancient_city at -984 -50 -988: start cell -984 -51 -988 (deepslate_tiles under), reaches 7423 cells (7365 without jumps), 7376 inside the structure up to y -49, box -55...-27
structcheck: trial_chambers at 216 -21 72: start cell 216 -21 72 (trial_spawner under), reaches 825 cells (803 without jumps), 825 inside the structure up to y -21, box -24...-6
structcheck: trial_chambers at -504 -19 -328: start cell -504 -19 -328 (trial_spawner under), reaches 825 cells (801 without jumps), 825 inside the structure up to y -19, box -22...-4
structcheck: trial_chambers at 72 -33 -328: start cell 72 -33 -328 (trial_spawner under), reaches 825 cells (803 without jumps), 825 inside the structure up to y -33, box -36...-18
structcheck: stronghold at -712 1 1499: start cell -712 1 1499 (stone_bricks under), reaches 1180 cells (1101 without jumps), 1180 inside the structure up to y 6, box -11...40
structcheck: stronghold at -960 8 -1521: start cell -960 8 -1521 (mossy_stone_bricks under), reaches 1261 cells (1166 without jumps), 1261 inside the structure up to y 13, box -4...47
structcheck: stronghold at 2496 9 -113: start cell 2496 9 -113 (stone_bricks under), reaches 1606 cells (1466 without jumps), 1606 inside the structure up to y 14, box -3...48
structcheck: fortress at 696 65 -408: start cell 696 65 -408 (nether_bricks under), reaches 2054 cells (1542 without jumps), 2054 inside the structure up to y 67, box 4...72
structcheck: fortress at -88 70 88: start cell -88 70 88 (nether_bricks under), reaches 1112 cells (1025 without jumps), 1112 inside the structure up to y 72, box 9...77
structcheck: fortress at 360 54 648: start cell 360 54 648 (nether_bricks under), reaches 1226 cells (946 without jumps), 1064 inside the structure up to y 61, box -7...61
structcheck: bastion at 184 34 162: start cell 184 34 162 (polished_blackstone under), reaches 1610 cells (1081 without jumps), 1574 inside the structure up to y 42, box -7...67
structcheck: bastion at -424 34 -318: start cell -424 34 -318 (polished_blackstone under), reaches 1553 cells (1075 without jumps), 1553 inside the structure up to y 42, box -7...67
structcheck: bastion at 232 44 -328: start cell 232 44 -328 (blackstone under), reaches 5771 cells (223 without jumps), 4651 inside the structure up to y 67, box -7...67
structcheck: end_city at 976 66 464: start cell 976 65 464 (end_stone under), reaches 1251 cells (1033 without jumps), 759 inside the structure up to y 83, box 54...93
structcheck: end_city at -1152 65 128: start cell -1152 63 128 (end_stone under), reaches 1502 cells (415 without jumps), 768 inside the structure up to y 82, box 53...92
structcheck: end_city at -1200 62 -1520: start cell -1200 59 -1520 (end_stone under), reaches 1981 cells (732 without jumps), 1358 inside the structure up to y 95, box 50...107
structcheck: mineshaft at 88 -15 232: start cell 88 -15 232 (dirt under), reaches 1333 cells (1058 without jumps), 1116 inside the structure up to y -9, box -16...-9
structcheck: mineshaft at -152 -19 -184: start cell -152 -19 -184 (dirt under), reaches 1086 cells (959 without jumps), 1086 inside the structure up to y -16, box -23...-14
structcheck: mineshaft at 88 22 -120: start cell 88 22 -120 (dirt under), reaches 3305 cells (1248 without jumps), 2450 inside the structure up to y 27, box 18...27
structcheck: ancient_city at -376 -50 -556: start cell -376 -51 -556 (sculk under), reaches 7547 cells (7475 without jumps), 7324 inside the structure up to y -49, box -55...-27
structcheck: ancient_city at 904 -50 468: start cell 904 -51 468 (deepslate_tiles under), reaches 7343 cells (7326 without jumps), 7341 inside the structure up to y -50, box -55...-27
structcheck: ancient_city at -760 -50 916: start cell -760 -51 916 (sculk under), reaches 7700 cells (7412 without jumps), 7340 inside the structure up to y -50, box -55...-27
structcheck: trial_chambers at 104 -33 88: start cell 104 -33 88 (trial_spawner under), reaches 825 cells (801 without jumps), 825 inside the structure up to y -33, box -36...-18
structcheck: trial_chambers at -280 -27 -296: start cell -280 -27 -296 (trial_spawner under), reaches 825 cells (803 without jumps), 825 inside the structure up to y -27, box -30...-12
structcheck: trial_chambers at 40 -35 -392: start cell 40 -35 -392 (trial_spawner under), reaches 825 cells (804 without jumps), 825 inside the structure up to y -35, box -38...-20
structcheck map military_base 1380 83 1244 (columns from x 1373, rows from z 1239):
  |#############RR|
  |#############RR|
  |#############RR|
  |#############RR|
  |#######_____#RR|
  |#######P____#RR|
  |#######_____#RR|
  |#############RR|
  |#############RR|
  |#############RR|
  |#############RR|
  closed by: +x at 5: steel_plating/steel_plating; -x at 1: cobblestone/cobblestone; +z at 2: cobblestone/cobblestone; -z at 2: cobblestone/cobblestone (structure anchor 1416 1293); floor cobblestone, ceiling cobblestone; near: chest@0,0,0 mossy_cobblestone@-2,3,-5 mossy_cobblestone@-1,3,-5 mossy_cobblestone@0,3,-5 mossy_cobblestone@2,3,-5 mossy_cobblestone@3,3,-5 mossy_cobblestone@4,3,-5 mossy_cobblestone@2,3,-4 mossy_cobblestone@-2,3,-3 mossy_cobblestone@-1,3,-3
structcheck: stronghold at -2200 -8 -485: start cell -2200 -8 -485 (cracked_stone_bricks under), reaches 898 cells (836 without jumps), 898 inside the structure up to y -3, box -20...31
structcheck: stronghold at 768 1 2287: start cell 768 1 2287 (stone_bricks under), reaches 1402 cells (1277 without jumps), 1402 inside the structure up to y 6, box -11...40
structcheck: stronghold at 1648 13 -1721: start cell 1648 13 -1721 (stone_bricks under), reaches 1653 cells (1560 without jumps), 1653 inside the structure up to y 18, box 1...52
structcheck: fortress at 632 53 248: start cell 632 53 248 (nether_bricks under), reaches 6557 cells (2550 without jumps), 4571 inside the structure up to y 60, box -8...60
structcheck: fortress at 664 50 504: start cell 664 50 504 (nether_bricks under), reaches 3720 cells (1465 without jumps), 2555 inside the structure up to y 57, box -11...57
structcheck: fortress at 56 62 -648: start cell 56 62 -648 (nether_bricks under), reaches 5222 cells (4626 without jumps), 4256 inside the structure up to y 64, box 1...69
structcheck: bastion at 72 46 306: start cell 72 46 306 (polished_blackstone_bricks under), reaches 1807 cells (360 without jumps), 1001 inside the structure up to y 56, box -7...67
structcheck: bastion at -120 44 -72: start cell -120 44 -72 (blackstone under), reaches 356 cells (237 without jumps), 356 inside the structure up to y 46, box -7...67
structcheck: bastion at 360 44 -408: start cell 360 44 -408 (polished_blackstone_bricks under), reaches 281 cells (266 without jumps), 281 inside the structure up to y 45, box -7...67
structcheck: end_city at 784 64 -816: start cell 784 64 -816 (end_stone under), reaches 1843 cells (1458 without jumps), 1298 inside the structure up to y 92, box 52...104
structcheck: end_city at 1088 62 96: start cell 1088 64 96 (end_stone under), reaches 2132 cells (1542 without jumps), 1478 inside the structure up to y 90, box 50...102
structcheck: end_city at 1344 65 -1232: start cell 1344 64 -1232 (end_stone under), reaches 1497 cells (1320 without jumps), 765 inside the structure up to y 82, box 53...92
structcheck # Structure check
structcheck 
structcheck Seeds 12345, 777, 424242, up to 3 per kind. Walk model: steps <= 0.6 walk, <= 1.25 jump, drops <= 3.
structcheck 
structcheck | kind | checked | doors | POIs | mobs | issues |
structcheck |---|---|---|---|---|---|
structcheck | ancient_city | 9 | 0 | 74 | 0 | - |
structcheck | bastion | 9 | 0 | 16 | 34 | - |
structcheck | desert_well | 4 | 0 | 0 | 0 | - |
structcheck | end_centre | 3 | 0 | 0 | 30 | - |
structcheck | end_city | 9 | 0 | 33 | 46 | - |
structcheck | fortress | 9 | 0 | 16 | 0 | - |
structcheck | fossil | 2 | 0 | 0 | 0 | - |
structcheck | mansion | 4 | 0 | 36 | 44 | - |
structcheck | military_base | 9 | 0 | 523 | 324 | poi_unreachable 1 |
structcheck | mineshaft | 9 | 0 | 28 | 0 | - |
structcheck | monument | 9 | 0 | 0 | 81 | - |
structcheck | ocean_ruin | 9 | 0 | 0 | 9 | - |
structcheck | pillager_outpost | 7 | 0 | 7 | 42 | - |
structcheck | ruined_portal | 9 | 0 | 9 | 0 | - |
structcheck | shipwreck | 9 | 0 | 0 | 0 | - |
structcheck | stronghold | 9 | 0 | 80 | 0 | - |
structcheck | temple | 9 | 0 | 31 | 1 | - |
structcheck | trail_ruins | 9 | 0 | 0 | 0 | - |
structcheck | trial_chambers | 9 | 0 | 19 | 0 | - |
structcheck | village | 9 | 125 | 333 | 207 | floating 2 |
structcheck: 155 instances, 3 issues (floating 2, poi_unreachable 1) in 18.0 s
camera in solid at 963 64 261: moved to 960 63 264
textures without a painter: missing
textures: 1665 layers at 128 px, BC3, 34.7 MB with mips (build 822 ms, upload 266 ms)
light probe: eye sky 10 block 0 in air; floor+1 (y 61) sky 7 block 0 in air, daylight 1.0
imagecheck issue_1.png magenta=0.00000 black=0.0000 white=0.0010 std=31.0 hash=9c54c8913631caab
imagecheck issue_1.png magenta=0.00000 black=0.0000 white=0.0010 std=31.0 hash=9c54c8913631caab
seed 777  pos 960.5 127.0 264.5  rd 4  chunks 109  (drawn 22)
gen 175 ms  mesh(all, parallel) 68 ms  mesh(1 section) 1.77 ms  quads 242005 opaque / 4905 water
frame (encode+GPU, offscreen, median of 30) 5.69 ms  biome plains
mesh slabs 12 MB, chunks 109 (block+light arrays 9 MB), Metal allocated 194 MB
memory: resident 231 MB  (section meshes 8 MB)
wrote snaps/issue_1.png
textures without a painter: missing
textures: 1665 layers at 128 px, BC3, 34.7 MB with mips (build 800 ms, upload 271 ms)
light probe: eye sky 6 block 0 in air; floor+1 (y 67) sky 0 block 0 in air, daylight 1.0
imagecheck issue_2.png magenta=0.00000 black=0.0000 white=0.0016 std=59.8 hash=7aa9f654229062e2
imagecheck issue_2.png magenta=0.00000 black=0.0000 white=0.0016 std=59.8 hash=7aa9f654229062e2
seed 424242  pos -284.5 136.0 341.5  rd 4  chunks 109  (drawn 24)
gen 97 ms  mesh(all, parallel) 114 ms  mesh(1 section) 0.47 ms  quads 296974 opaque / 1379 water
frame (encode+GPU, offscreen, median of 30) 5.08 ms  biome desert
mesh slabs 12 MB, chunks 109 (block+light arrays 11 MB), Metal allocated 194 MB
memory: resident 232 MB  (section meshes 9 MB)
wrote snaps/issue_2.png
textures without a painter: missing
textures: 1665 layers at 128 px, BC3, 34.7 MB with mips (build 862 ms, upload 286 ms)
light probe: eye sky 0 block 0 in air; floor+1 (y 82) sky 0 block 0 in air, daylight 1.0
imagecheck issue_3.png magenta=0.00000 black=0.0000 white=0.0010 std=19.4 hash=df3985c1852889d4
imagecheck issue_3.png magenta=0.00000 black=0.0000 white=0.0010 std=19.4 hash=df3985c1852889d4
seed 424242  pos 1386.5 146.0 1244.5  rd 4  chunks 109  (drawn 27)
gen 96 ms  mesh(all, parallel) 143 ms  mesh(1 section) 1.62 ms  quads 415972 opaque / 4858 water
frame (encode+GPU, offscreen, median of 30) 5.37 ms  biome sparseJungle
mesh slabs 16 MB, chunks 109 (block+light arrays 11 MB), Metal allocated 198 MB
memory: resident 239 MB  (section meshes 13 MB)
wrote snaps/issue_3.png
behaviorsim in_wall: iron_golem at 4.50 129.00 -331.50 (half width 0.70, free) overlaps spruce_planks 3 129 -333, spruce_planks 4 129 -333, spruce_planks 5 129 -333, dirt 3 129 -332, dirt 3 129 -331, spruce_planks 3 130 -333
behaviorsim spin: chicken at 1.5 125.0 -415.4, work/stroll/moving, goal 3.5 125.0 -410.5 (5.33 away), path 0/4, turned 765 deg in 10 s, moved 1.06
behaviorsim trace: chicken at 1.50 125.00 -415.44 (spin work/stroll/moving), feet in fern on grass_block, yaw -0
  path ahead: 1,125,-417 (short_grass on grass_block); 1,125,-418 (air on grass_block); 1,125,-419 (air on grass_block); 1,125,-420 (air on grass_block)
  around feet (feet/head): 1,0: large_fern/large_fern[upper]; -1,0: large_fern/large_fern[upper]; 0,1: air/air; 0,-1: short_grass/air
      pre 1.500,189.000,-415.436 vel 0.00,-1.40,-0.99 -> 1.500,189.000,-415.485 hit -y- ground 1 speed 1.00 yaw -0
        node 0/4 at 1,125,-417, stall 0.7 s, moving yes, ai 3.2
      pre 1.500,189.000,-415.485 vel 0.00,-1.40,-1.00 -> 1.500,189.000,-415.535 hit -y- ground 1 speed 1.00 yaw -0
        node 0/4 at 1,125,-417, stall 0.8 s, moving yes, ai 3.1
      pre 1.500,189.000,-415.535 vel 0.00,-1.40,-1.00 -> 1.500,189.000,-415.585 hit -y- ground 1 speed 1.00 yaw -0
        node 0/4 at 1,125,-417, stall 0.8 s, moving yes, ai 3.1
      pre 1.500,189.000,-415.585 vel 0.00,-1.40,-1.00 -> 1.500,189.000,-415.635 hit -y- ground 1 speed 1.00 yaw -0
        node 0/4 at 1,125,-417, stall 0.9 s, moving yes, ai 3.0
      pre 1.500,189.000,-415.635 vel 0.00,-1.40,-1.00 -> 1.500,189.000,-415.685 hit -y- ground 1 speed 1.00 yaw -0
        node 0/4 at 1,125,-417, stall 0.9 s, moving yes, ai 3.0
      pre 1.500,189.000,-415.685 vel 0.00,-1.40,-1.00 -> 1.500,189.000,-415.735 hit -y- ground 1 speed 1.00 yaw -0
        node 0/4 at 1,125,-417, stall 1.0 s, moving yes, ai 2.9
      pre 1.500,189.000,-415.735 vel 0.00,-1.40,-1.00 -> 1.500,189.000,-415.785 hit -y- ground 1 speed 1.00 yaw -0
        node 0/4 at 1,125,-417, stall 1.0 s, moving yes, ai 2.9
      pre 1.500,189.000,-415.785 vel 0.00,-1.40,-1.00 -> 1.500,189.000,-415.835 hit -y- ground 1 speed 1.00 yaw -0
        node 0/4 at 1,125,-417, stall 1.1 s, moving yes, ai 2.8
      pre 1.500,189.000,-415.835 vel 0.00,-1.40,-1.00 -> 1.500,189.000,-415.885 hit -y- ground 1 speed 1.00 yaw -0
        node 0/4 at 1,125,-417, stall 1.1 s, moving yes, ai 2.8
      pre 1.500,189.000,-415.885 vel 0.00,-1.40,-1.00 -> 1.500,189.000,-415.935 hit -y- ground 1 speed 1.00 yaw -0
        node 0/4 at 1,125,-417, stall 1.1 s, moving yes, ai 2.7
      pre 1.500,189.000,-415.935 vel 0.00,-1.40,-1.00 -> 1.500,189.000,-415.985 hit -y- ground 1 speed 1.00 yaw -0
        node 0/4 at 1,125,-417, stall 1.2 s, moving yes, ai 2.7
      pre 1.500,189.000,-415.985 vel 0.00,-1.40,-1.00 -> 1.500,189.000,-416.035 hit -y- ground 1 speed 1.00 yaw -0
        node 0/4 at 1,125,-417, stall 1.2 s, moving yes, ai 2.6
      pre 1.500,189.000,-416.035 vel 0.00,-1.40,-1.00 -> 1.500,189.000,-416.085 hit -y- ground 1 speed 1.00 yaw -0
        node 0/4 at 1,125,-417, stall 1.3 s, moving yes, ai 2.6
      pre 1.500,189.000,-416.085 vel 0.00,-1.40,-1.00 -> 1.500,189.000,-416.135 hit -y- ground 1 speed 1.00 yaw -0
        node 0/4 at 1,125,-417, stall 1.3 s, moving yes, ai 2.5
      pre 1.500,189.000,-416.135 vel 0.00,-1.40,-1.00 -> 1.500,189.000,-416.185 hit -y- ground 1 speed 1.00 yaw -0
        node 0/4 at 1,125,-417, stall 1.4 s, moving yes, ai 2.5
      pre 1.500,189.000,-416.185 vel 0.00,-1.40,-1.00 -> 1.500,189.000,-416.235 hit -y- ground 1 speed 1.00 yaw -0
        node 0/4 at 1,125,-417, stall 1.4 s, moving yes, ai 2.4
      pre 1.500,189.000,-416.235 vel 0.00,-1.40,-1.00 -> 1.500,189.000,-416.285 hit -y- ground 1 speed 1.00 yaw -0
        node 0/4 at 1,125,-417, stall 0.0 s, moving yes, ai 2.4
      pre 1.500,189.000,-416.285 vel 0.00,-1.40,-1.00 -> 1.500,189.000,-416.335 hit -y- ground 1 speed 1.00 yaw -0
        node 1/4 at 1,125,-418, stall 0.1 s, moving yes, ai 2.3
      pre 1.500,189.000,-416.335 vel 0.00,-1.40,-1.00 -> 1.500,189.000,-416.385 hit -y- ground 1 speed 1.00 yaw -0
        node 1/4 at 1,125,-418, stall 0.1 s, moving yes, ai 2.3
      pre 1.500,189.000,-416.385 vel 0.00,-1.40,-1.00 -> 1.500,189.000,-416.435 hit -y- ground 1 speed 1.00 yaw -0
        node 1/4 at 1,125,-418, stall 0.2 s, moving yes, ai 2.2
      pre 1.500,189.000,-416.435 vel 0.00,-1.40,-1.00 -> 1.500,189.000,-416.484 hit -y- ground 1 speed 1.00 yaw -0
        node 1/4 at 1,125,-418, stall 0.2 s, moving yes, ai 2.2
      pre 1.500,189.000,-416.484 vel 0.00,-1.40,-0.10 -> 1.500,189.000,-416.489 hit -y- ground 1 speed 1.00 yaw -180
        node 0/6 at 1,125,-416, stall 0.2 s, moving yes, ai 2.1
      pre 1.500,189.000,-416.489 vel 0.00,-1.40,0.40 -> 1.500,189.000,-416.470 hit -y- ground 1 speed 1.00 yaw -180
        node 0/6 at 1,125,-416, stall 0.3 s, moving yes, ai 2.1
      pre 1.500,189.000,-416.470 vel 0.00,-1.40,0.67 -> 1.500,189.000,-416.436 hit -y- ground 1 speed 1.00 yaw -180
        node 0/6 at 1,125,-416, stall 0.4 s, moving yes, ai 2.0
      pre 1.500,189.000,-416.436 vel 0.00,-1.40,0.82 -> 1.500,189.000,-416.395 hit -y- ground 1 speed 1.00 yaw -180
        node 0/6 at 1,125,-416, stall 0.4 s, moving yes, ai 2.0
      pre 1.500,189.000,-416.395 vel 0.00,-1.40,0.90 -> 1.500,189.000,-416.350 hit -y- ground 1 speed 1.00 yaw -180
        node 0/6 at 1,125,-416, stall 0.5 s, moving yes, ai 1.9
      pre 1.500,189.000,-416.350 vel 0.00,-1.40,0.95 -> 1.500,189.000,-416.303 hit -y- ground 1 speed 1.00 yaw -180
        node 0/6 at 1,125,-416, stall 0.5 s, moving yes, ai 1.9
      pre 1.500,189.000,-416.303 vel 0.00,-1.40,0.97 -> 1.500,189.000,-416.254 hit -y- ground 1 speed 1.00 yaw -180
        node 0/6 at 1,125,-416, stall 0.6 s, moving yes, ai 1.8
      pre 1.500,189.000,-416.254 vel 0.00,-1.40,0.98 -> 1.500,189.000,-416.205 hit -y- ground 1 speed 1.00 yaw -180
        node 0/6 at 1,125,-416, stall 0.6 s, moving yes, ai 1.8
      pre 1.500,189.000,-416.205 vel 0.00,-1.40,0.99 -> 1.500,189.000,-416.156 hit -y- ground 1 speed 1.00 yaw -180
        node 0/6 at 1,125,-416, stall 0.7 s, moving yes, ai 1.7
      pre 1.500,189.000,-416.156 vel 0.00,-1.40,1.00 -> 1.500,189.000,-416.106 hit -y- ground 1 speed 1.00 yaw -180
        node 0/6 at 1,125,-416, stall 0.7 s, moving yes, ai 1.7
      pre 1.500,189.000,-416.106 vel 0.00,-1.40,1.00 -> 1.500,189.000,-416.056 hit -y- ground 1 speed 1.00 yaw -180
        node 0/6 at 1,125,-416, stall 0.8 s, moving yes, ai 1.6
      pre 1.500,189.000,-416.056 vel 0.00,-1.40,1.00 -> 1.500,189.000,-416.006 hit -y- ground 1 speed 1.00 yaw -180
        node 0/6 at 1,125,-416, stall 0.8 s, moving yes, ai 1.6
      pre 1.500,189.000,-416.006 vel 0.00,-1.40,1.00 -> 1.500,189.000,-415.956 hit -y- ground 1 speed 1.00 yaw -180
        node 0/6 at 1,125,-416, stall 0.9 s, moving yes, ai 1.5
      pre 1.500,189.000,-415.956 vel 0.00,-1.40,1.00 -> 1.500,189.000,-415.906 hit -y- ground 1 speed 1.00 yaw -180
        node 0/6 at 1,125,-416, stall 0.9 s, moving yes, ai 1.5
      pre 1.500,189.000,-415.906 vel 0.00,-1.40,1.00 -> 1.500,189.000,-415.856 hit -y- ground 1 speed 1.00 yaw -180
        node 0/6 at 1,125,-416, stall 1.0 s, moving yes, ai 1.4
      pre 1.500,189.000,-415.856 vel 0.00,-1.40,1.00 -> 1.500,189.000,-415.806 hit -y- ground 1 speed 1.00 yaw -180
        node 0/6 at 1,125,-416, stall 1.0 s, moving yes, ai 1.4
      pre 1.500,189.000,-415.806 vel 0.00,-1.40,1.00 -> 1.500,189.000,-415.756 hit -y- ground 1 speed 1.00 yaw -180
        node 0/6 at 1,125,-416, stall 1.1 s, moving yes, ai 1.3
      pre 1.500,189.000,-415.756 vel 0.00,-1.40,1.00 -> 1.500,189.000,-415.706 hit -y- ground 1 speed 1.00 yaw -180
        node 0/6 at 1,125,-416, stall 1.1 s, moving yes, ai 1.3
      pre 1.500,189.000,-415.706 vel 0.00,-1.40,1.00 -> 1.500,189.000,-415.656 hit -y- ground 1 speed 1.00 yaw -180
        node 1/6 at 1,125,-415, stall 1.1 s, moving yes, ai 1.2
      pre 1.500,189.000,-415.656 vel 0.00,-1.40,1.00 -> 1.500,189.000,-415.606 hit -y- ground 1 speed 1.00 yaw -180
        node 1/6 at 1,125,-415, stall 1.2 s, moving yes, ai 1.2
      pre 1.500,189.000,-415.606 vel 0.00,-1.40,0.10 -> 1.500,189.000,-415.601 hit -y- ground 1 speed 1.00 yaw -0
        node 0/3 at 1,125,-417, stall 1.2 s, moving yes, ai 1.1
      pre 1.500,189.000,-415.601 vel 0.00,-1.40,-0.40 -> 1.500,189.000,-415.621 hit -y- ground 1 speed 1.00 yaw -0
        node 0/3 at 1,125,-417, stall 1.3 s, moving yes, ai 1.1
      pre 1.500,189.000,-415.621 vel 0.00,-1.40,-0.67 -> 1.500,189.000,-415.655 hit -y- ground 1 speed 1.00 yaw -0
        node 0/3 at 1,125,-417, stall 1.3 s, moving yes, ai 1.0
      pre 1.500,189.000,-415.655 vel 0.00,-1.40,-0.82 -> 1.500,189.000,-415.696 hit -y- ground 1 speed 1.00 yaw -0
        node 0/3 at 1,125,-417, stall 1.4 s, moving yes, ai 1.0
      pre 1.500,189.000,-415.696 vel 0.00,-1.40,-0.90 -> 1.500,189.000,-415.741 hit -y- ground 1 speed 1.00 yaw -0
        node 0/3 at 1,125,-417, stall 1.4 s, moving yes, ai 0.9
      pre 1.500,189.000,-415.741 vel 0.00,-1.40,-0.95 -> 1.500,189.000,-415.788 hit -y- ground 1 speed 1.00 yaw -0
        node 0/3 at 1,125,-417, stall 1.5 s, moving yes, ai 0.9
      pre 1.500,189.000,-415.788 vel 0.00,-1.40,-0.97 -> 1.500,189.000,-415.836 hit -y- ground 1 speed 1.00 yaw -0
        node 0/3 at 1,125,-417, stall 1.5 s, moving yes, ai 0.8
      pre 1.500,189.000,-415.836 vel 0.00,-1.40,-0.98 -> 1.500,189.000,-415.886 hit -y- ground 1 speed 1.00 yaw -0
        node 0/3 at 1,125,-417, stall 1.6 s, moving yes, ai 0.8
      pre 1.500,189.000,-415.886 vel 0.00,-1.40,-0.99 -> 1.500,189.000,-415.935 hit -y- ground 1 speed 1.00 yaw -0
        node 0/3 at 1,125,-417, stall 1.6 s, moving yes, ai 0.7
      pre 1.500,189.000,-415.935 vel 0.00,-1.40,-1.00 -> 1.500,189.000,-415.985 hit -y- ground 1 speed 1.00 yaw -0
        node 0/3 at 1,125,-417, stall 1.7 s, moving yes, ai 0.7
      pre 1.500,189.000,-415.985 vel 0.00,-1.40,-1.00 -> 1.500,189.000,-416.035 hit -y- ground 1 speed 1.00 yaw -0
        node 0/3 at 1,125,-417, stall 1.7 s, moving yes, ai 0.6
      pre 1.500,189.000,-416.035 vel 0.00,-1.40,-1.00 -> 1.500,189.000,-416.085 hit -y- ground 1 speed 1.00 yaw -0
        node 0/3 at 1,125,-417, stall 1.8 s, moving yes, ai 0.6
      pre 1.500,189.000,-416.085 vel 0.00,-1.40,-1.00 -> 1.500,189.000,-416.135 hit -y- ground 1 speed 1.00 yaw -0
        node 0/3 at 1,125,-417, stall 1.8 s, moving yes, ai 0.5
      pre 1.500,189.000,-416.135 vel 0.00,-1.40,-1.00 -> 1.500,189.000,-416.185 hit -y- ground 1 speed 1.00 yaw -0
        node 0/3 at 1,125,-417, stall 1.9 s, moving yes, ai 0.5
      pre 1.500,189.000,-416.185 vel 0.00,-1.40,-1.00 -> 1.500,189.000,-416.235 hit -y- ground 1 speed 1.00 yaw -0
        node 0/3 at 1,125,-417, stall 1.9 s, moving yes, ai 0.4
      pre 1.500,189.000,-416.235 vel 0.00,-1.40,-1.00 -> 1.500,189.000,-416.285 hit -y- ground 1 speed 1.00 yaw -0
        node 0/3 at 1,125,-417, stall 2.0 s, moving yes, ai 0.4
      pre 1.500,189.000,-416.285 vel 0.29,-1.40,-0.90 -> 1.514,189.000,-416.329 hit -y- ground 1 speed 1.00 yaw -39
        node 1/3 at 2,125,-418, stall 2.0 s, moving yes, ai 0.3
      pre 1.514,189.000,-416.329 vel 0.15,-1.40,-0.04 -> 1.522,189.000,-416.331 hit -y- ground 1 speed 1.00 yaw 179
        node 0/6 at 1,125,-416, stall 2.1 s, moving yes, ai 0.3
behaviorsim spin: rabbit at 44.3 123.0 -377.7, work/stroll/moving, goal 39.5 124.0 -382.5 (6.77 away), path 0/6, turned 878 deg in 10 s, moved 1.37
behaviorsim trace: rabbit at 44.29 123.00 -377.71 (spin work/stroll/moving), feet in short_grass on grass_block, yaw -136
  path ahead: 44,123,-378 (short_grass on grass_block); 45,122,-378 (air on grass_block); 46,122,-377 (air on grass_block); 46,122,-376 (air on grass_block)
  around feet (feet/head): 1,0: air/air; -1,0: air/air; 0,1: air/air; 0,-1: air/air
      pre 44.291,187.000,-377.712 vel 1.24,3.60,1.26 -> 44.353,187.180,-377.649 hit --- ground 1 speed 1.80 yaw -135
        node 0/6 at 44,123,-378, stall 0.4 s, moving yes, ai 4.8
      pre 44.353,187.180,-377.649 vel 1.31,2.20,1.12 -> 44.419,187.290,-377.593 hit --- ground 0 speed 1.80 yaw -97
        node 1/6 at 45,122,-378, stall 0.5 s, moving yes, ai 4.8
      pre 44.419,187.290,-377.593 vel 1.38,0.80,0.99 -> 44.488,187.330,-377.543 hit --- ground 0 speed 1.80 yaw -95
        node 1/6 at 45,122,-378, stall 0.5 s, moving yes, ai 4.7
      pre 44.488,187.330,-377.543 vel 1.44,-0.60,0.86 -> 44.560,187.300,-377.500 hit --- ground 0 speed 1.80 yaw -92
        node 1/6 at 45,122,-378, stall 0.6 s, moving yes, ai 4.7
      pre 44.560,187.300,-377.500 vel 1.49,-2.00,0.74 -> 44.634,187.200,-377.463 hit --- ground 0 speed 1.80 yaw -90
        node 1/6 at 45,122,-378, stall 0.6 s, moving yes, ai 4.6
      pre 44.634,187.200,-377.463 vel 1.53,-3.40,0.63 -> 44.711,187.030,-377.432 hit --- ground 0 speed 1.80 yaw -88
        node 1/6 at 45,122,-378, stall 0.7 s, moving yes, ai 4.6
      pre 44.711,187.030,-377.432 vel 1.65,-4.80,0.27 -> 44.793,187.000,-377.418 hit -y- ground 1 speed 1.80 yaw -85
        node 1/6 at 45,122,-378, stall 0.7 s, moving yes, ai 4.5
      pre 44.793,187.000,-377.418 vel 1.71,-1.40,0.06 -> 44.879,187.000,-377.416 hit -y- ground 1 speed 1.80 yaw -83
        node 1/6 at 45,122,-378, stall 0.0 s, moving yes, ai 4.5
      pre 44.879,187.000,-377.416 vel 1.74,-1.40,-0.08 -> 44.966,187.000,-377.419 hit -y- ground 1 speed 1.80 yaw -82
        node 1/6 at 45,122,-378, stall 0.1 s, moving yes, ai 4.4
      pre 44.966,187.000,-377.419 vel 1.76,-1.40,-0.16 -> 45.054,187.000,-377.428 hit -y- ground 1 speed 1.80 yaw -81
        node 1/6 at 45,122,-378, stall 0.1 s, moving yes, ai 4.4
      pre 45.054,187.000,-377.428 vel 1.77,-1.40,-0.22 -> 45.143,187.000,-377.439 hit -y- ground 1 speed 1.80 yaw -81
        node 1/6 at 45,122,-378, stall 0.2 s, moving yes, ai 4.3
      pre 45.143,187.000,-377.439 vel 1.77,-1.40,-0.26 -> 45.231,187.000,-377.452 hit -y- ground 1 speed 1.80 yaw -80
        node 1/6 at 45,122,-378, stall 0.2 s, moving yes, ai 4.3
      pre 45.231,187.000,-377.452 vel 0.51,3.60,-0.81 -> 45.257,187.180,-377.492 hit --- ground 1 speed 1.80 yaw 35
        node 0/6 at 44,123,-379, stall 0.2 s, moving yes, ai 4.2
      pre 45.257,187.180,-377.492 vel 0.29,2.20,-0.90 -> 45.271,187.290,-377.537 hit --- ground 0 speed 1.80 yaw 37
        node 0/6 at 44,123,-379, stall 0.3 s, moving yes, ai 4.2
      pre 45.271,187.290,-377.537 vel 0.09,0.80,-0.97 -> 45.275,187.330,-377.585 hit --- ground 0 speed 1.80 yaw 39
        node 0/6 at 44,123,-379, stall 0.4 s, moving yes, ai 4.1
      pre 45.275,187.330,-377.585 vel -0.09,-0.60,-1.02 -> 45.271,187.300,-377.636 hit --- ground 0 speed 1.80 yaw 40
        node 0/6 at 44,123,-379, stall 0.4 s, moving yes, ai 4.1
      pre 45.271,187.300,-377.636 vel -0.24,-2.00,-1.07 -> 45.259,187.200,-377.690 hit --- ground 0 speed 1.80 yaw 42
        node 0/6 at 44,123,-379, stall 0.5 s, moving yes, ai 4.0
      pre 45.259,187.200,-377.690 vel -0.38,-3.40,-1.10 -> 45.240,187.030,-377.745 hit --- ground 0 speed 1.80 yaw 43
        node 0/6 at 44,123,-379, stall 0.5 s, moving yes, ai 4.0
      pre 45.240,187.030,-377.745 vel -0.50,-4.80,-1.13 -> 45.215,186.790,-377.800 hit --z ground 0 speed 1.80 yaw 44
        node 0/6 at 44,123,-379, stall 0.6 s, moving yes, ai 3.9
      pre 45.215,186.790,-377.800 vel -0.61,-6.20,-0.18 -> 45.200,186.480,-377.800 hit x-z ground 0 speed 1.80 yaw 46
        node 0/6 at 44,123,-379, stall 0.6 s, moving yes, ai 3.9
      pre 45.200,186.480,-377.800 vel -0.18,-7.60,-0.18 -> 45.200,186.100,-377.800 hit x-z ground 0 speed 1.80 yaw 45
        node 0/6 at 44,123,-379, stall 0.7 s, moving yes, ai 3.8
      pre 45.200,186.100,-377.800 vel -0.18,-9.00,-0.18 -> 45.200,186.000,-377.800 hit xyz ground 0 speed 1.80 yaw 45
        node 0/6 at 44,123,-379, stall 0.7 s, moving yes, ai 3.8
      pre 45.200,186.000,-377.800 vel -0.57,7.20,-0.57 -> 45.200,186.360,-377.800 hit x-z ground 1 speed 1.80 yaw 45
        node 0/6 at 44,123,-379, stall 0.8 s, moving yes, ai 3.7
      pre 45.200,186.360,-377.800 vel -0.18,5.80,-0.18 -> 45.200,186.650,-377.800 hit x-z ground 0 speed 1.80 yaw 45
        node 0/6 at 44,123,-379, stall 0.8 s, moving yes, ai 3.7
      pre 45.200,186.650,-377.800 vel -0.18,4.40,-0.18 -> 45.200,186.870,-377.800 hit x-z ground 0 speed 1.80 yaw 45
        node 0/6 at 44,123,-379, stall 0.9 s, moving yes, ai 3.6
      pre 45.200,186.870,-377.800 vel -0.18,3.00,-0.18 -> 45.191,187.020,-377.809 hit --- ground 0 speed 1.80 yaw 45
        node 0/6 at 44,123,-379, stall 0.9 s, moving yes, ai 3.6
      pre 45.191,187.020,-377.809 vel -0.33,1.60,-0.33 -> 45.175,187.100,-377.825 hit --- ground 0 speed 1.80 yaw 45
        node 0/6 at 44,123,-379, stall 1.0 s, moving yes, ai 3.5
      pre 45.175,187.100,-377.825 vel -0.46,0.20,-0.46 -> 45.152,187.110,-377.848 hit --- ground 0 speed 1.80 yaw 45
        node 0/6 at 44,123,-379, stall 1.0 s, moving yes, ai 3.5
      pre 45.152,187.110,-377.848 vel -0.57,-1.20,-0.57 -> 45.123,187.050,-377.877 hit --- ground 0 speed 1.80 yaw 45
        node 0/6 at 44,123,-379, stall 1.1 s, moving yes, ai 3.4
      pre 45.123,187.050,-377.877 vel -0.89,-2.60,-0.89 -> 45.078,187.000,-377.922 hit -y- ground 1 speed 1.80 yaw 45
        node 0/6 at 44,123,-379, stall 1.1 s, moving yes, ai 3.4
      pre 45.078,187.000,-377.922 vel -1.06,-1.40,-1.06 -> 45.025,187.000,-377.975 hit -y- ground 1 speed 1.80 yaw 45
        node 0/6 at 44,123,-379, stall 1.1 s, moving yes, ai 3.3
      pre 45.025,187.000,-377.975 vel -1.16,-1.40,-1.16 -> 44.967,187.000,-378.033 hit -y- ground 1 speed 1.80 yaw 45
        node 0/6 at 44,123,-379, stall 1.2 s, moving yes, ai 3.3
      pre 44.967,187.000,-378.033 vel -1.21,-1.40,-1.21 -> 44.907,187.000,-378.093 hit -y- ground 1 speed 1.80 yaw 45
        node 0/6 at 44,123,-379, stall 1.2 s, moving yes, ai 3.2
      pre 44.907,187.000,-378.093 vel -1.24,-1.40,-1.24 -> 44.845,187.000,-378.155 hit -y- ground 1 speed 1.80 yaw 45
        node 0/6 at 44,123,-379, stall 1.3 s, moving yes, ai 3.2
      pre 44.845,187.000,-378.155 vel -1.25,-1.40,-1.25 -> 44.782,187.000,-378.218 hit -y- ground 1 speed 1.80 yaw 45
        node 0/6 at 44,123,-379, stall 1.3 s, moving yes, ai 3.1
      pre 44.782,187.000,-378.218 vel -1.31,-1.40,0.89 -> 44.717,187.000,-378.173 hit -y- ground 1 speed 3.75 yaw 159
        node 0/7 at 44,123,-378, stall 0.0 s, moving yes, ai 3.1
      pre 44.717,187.000,-378.173 vel -1.24,-1.40,2.10 -> 44.655,187.000,-378.068 hit -y- ground 1 speed 3.75 yaw 162
        node 0/7 at 44,123,-378, stall 0.1 s, moving yes, ai 3.0
      pre 44.655,187.000,-378.068 vel -0.89,-1.40,1.93 -> 44.611,187.000,-377.972 hit -y- ground 1 speed 1.80 yaw 165
        node 0/7 at 44,123,-378, stall 0.1 s, moving yes, ai 3.0
      pre 44.611,187.000,-377.972 vel -0.68,-1.40,1.85 -> 44.577,187.000,-377.879 hit -y- ground 1 speed 1.80 yaw 167
        node 0/7 at 44,123,-378, stall 0.2 s, moving yes, ai 2.9
      pre 44.577,187.000,-377.879 vel -0.53,-1.40,1.81 -> 44.550,187.000,-377.788 hit -y- ground 1 speed 1.80 yaw 169
        node 0/7 at 44,123,-378, stall 0.2 s, moving yes, ai 2.9
      pre 44.550,187.000,-377.788 vel -0.43,-1.40,1.79 -> 44.529,187.000,-377.699 hit -y- ground 1 speed 1.80 yaw 170
        node 0/7 at 44,123,-378, stall 0.2 s, moving yes, ai 2.8
      pre 44.529,187.000,-377.699 vel -0.26,-1.40,1.80 -> 44.516,187.000,-377.609 hit -y- ground 1 speed 1.80 yaw 179
        node 1/7 at 44,123,-377, stall 0.3 s, moving yes, ai 2.8
      pre 44.516,187.000,-377.609 vel -0.15,-1.40,1.80 -> 44.508,187.000,-377.519 hit -y- ground 1 speed 1.80 yaw 179
        node 1/7 at 44,123,-377, stall 0.4 s, moving yes, ai 2.7
      pre 44.508,187.000,-377.519 vel -0.09,-1.40,1.80 -> 44.504,187.000,-377.429 hit -y- ground 1 speed 1.80 yaw 180
        node 1/7 at 44,123,-377, stall 0.0 s, moving yes, ai 2.7
      pre 44.504,187.000,-377.429 vel -0.05,-1.40,1.80 -> 44.501,187.000,-377.339 hit -y- ground 1 speed 1.80 yaw 180
        node 1/7 at 44,123,-377, stall 0.1 s, moving yes, ai 2.6
      pre 44.501,187.000,-377.339 vel -0.03,-1.40,1.80 -> 44.500,187.000,-377.249 hit -y- ground 1 speed 1.80 yaw 180
        node 1/7 at 44,123,-377, stall 0.1 s, moving yes, ai 2.6
      pre 44.500,187.000,-377.249 vel -0.02,-1.40,1.80 -> 44.499,187.000,-377.159 hit -y- ground 1 speed 1.80 yaw -180
        node 1/7 at 44,123,-377, stall 0.2 s, moving yes, ai 2.5
      pre 44.499,187.000,-377.159 vel -0.01,-1.40,1.80 -> 44.498,187.000,-377.069 hit -y- ground 1 speed 1.80 yaw -180
        node 1/7 at 44,123,-377, stall 0.2 s, moving yes, ai 2.5
      pre 44.498,187.000,-377.069 vel -0.00,3.60,1.80 -> 44.498,187.180,-376.979 hit --- ground 1 speed 1.80 yaw -180
        node 2/7 at 44,123,-376, stall 0.2 s, moving yes, ai 2.4
      pre 44.498,187.180,-376.979 vel -0.00,2.20,1.80 -> 44.498,187.290,-376.889 hit --- ground 0 speed 1.80 yaw -180
        node 2/7 at 44,123,-376, stall 0.3 s, moving yes, ai 2.4
      pre 44.498,187.290,-376.889 vel -0.00,0.80,1.80 -> 44.498,187.330,-376.799 hit --- ground 0 speed 1.80 yaw -180
        node 2/7 at 44,123,-376, stall 0.4 s, moving yes, ai 2.3
      pre 44.498,187.330,-376.799 vel -0.00,-0.60,1.80 -> 44.498,187.300,-376.709 hit --- ground 0 speed 1.80 yaw -180
        node 2/7 at 44,123,-376, stall 0.4 s, moving yes, ai 2.3
      pre 44.498,187.300,-376.709 vel -0.00,-2.00,1.80 -> 44.498,187.200,-376.619 hit --- ground 0 speed 1.80 yaw -180
        node 2/7 at 44,123,-376, stall 0.0 s, moving yes, ai 2.2
      pre 44.498,187.200,-376.619 vel -0.00,-3.40,1.80 -> 44.498,187.030,-376.529 hit --- ground 0 speed 1.80 yaw -180
        node 2/7 at 44,123,-376, stall 0.1 s, moving yes, ai 2.2
      pre 44.498,187.030,-376.529 vel 0.00,-4.80,1.80 -> 44.498,187.000,-376.439 hit -y- ground 1 speed 1.80 yaw -180
        node 2/7 at 44,123,-376, stall 0.1 s, moving yes, ai 2.1
      pre 44.498,187.000,-376.439 vel 0.00,-1.40,1.80 -> 44.498,187.000,-376.349 hit -y- ground 1 speed 1.80 yaw -180
        node 2/7 at 44,123,-376, stall 0.2 s, moving yes, ai 2.1
      pre 44.498,187.000,-376.349 vel 0.00,-1.40,1.80 -> 44.498,187.000,-376.259 hit -y- ground 1 speed 1.80 yaw -180
        node 2/7 at 44,123,-376, stall 0.2 s, moving yes, ai 2.0
      pre 44.498,187.000,-376.259 vel 0.00,-1.40,1.80 -> 44.499,187.000,-376.169 hit -y- ground 1 speed 1.80 yaw -180
        node 2/7 at 44,123,-376, stall 0.2 s, moving yes, ai 2.0
      pre 44.499,187.000,-376.169 vel 0.00,-1.40,1.80 -> 44.499,187.000,-376.079 hit -y- ground 1 speed 1.80 yaw -180
        node 2/7 at 44,123,-376, stall 0.3 s, moving yes, ai 1.9
behaviorsim trace: villager at 1.70 129.63 -334.30 (free/heading/pathend/partial/gaveup), feet in air on dirt, yaw -111
  path ahead: 
  around feet (feet/head): 1,0: spruce_planks/glass_pane; -1,0: air/air; 0,1: dirt/grass_block; 0,-1: air/grass_block
      pre 1.700,193.630,-334.300 vel 0.10,-5.60,0.04 -> 1.700,193.350,-334.300 hit x-z ground 0 speed 0.77 yaw -111
        no node (1), stall 0.0 s, moving yes, ai 3.6
      pre 1.700,193.350,-334.300 vel 0.10,-7.00,0.04 -> 1.700,193.000,-334.300 hit x-z ground 0 speed 0.77 yaw -111
        no node (1), stall 0.0 s, moving yes, ai 3.5
      pre 1.700,193.000,-334.300 vel 0.32,7.20,0.13 -> 1.700,193.360,-334.300 hit x-z ground 1 speed 0.77 yaw -111
        no node (1), stall 0.0 s, moving yes, ai 3.5
      pre 1.700,193.360,-334.300 vel 0.10,5.80,0.04 -> 1.700,193.650,-334.300 hit x-z ground 0 speed 0.77 yaw -111
        no node (1), stall 0.0 s, moving yes, ai 3.4
      pre 1.700,193.650,-334.300 vel 0.10,4.40,0.04 -> 1.700,193.870,-334.300 hit x-z ground 0 speed 0.77 yaw -111
        no node (1), stall 0.0 s, moving yes, ai 3.4
      pre 1.700,193.870,-334.300 vel 0.10,3.00,0.04 -> 1.700,194.020,-334.300 hit x-z ground 0 speed 0.77 yaw -111
        no node (1), stall 0.0 s, moving yes, ai 3.3
      pre 1.700,194.020,-334.300 vel 0.10,1.60,0.04 -> 1.700,194.050,-334.300 hit xyz ground 0 speed 0.77 yaw -111
        no node (1), stall 0.0 s, moving yes, ai 3.3
      pre 1.700,194.050,-334.300 vel 0.10,-1.40,0.04 -> 1.700,193.980,-334.300 hit x-z ground 0 speed 0.77 yaw -111
        no node (1), stall 0.0 s, moving yes, ai 3.2
      pre 1.700,193.980,-334.300 vel 0.10,-2.80,0.04 -> 1.700,193.840,-334.300 hit x-z ground 0 speed 0.77 yaw -111
        no node (1), stall 0.0 s, moving yes, ai 3.2
      pre 1.700,193.840,-334.300 vel 0.10,-4.20,0.04 -> 1.700,193.630,-334.300 hit x-z ground 0 speed 0.77 yaw -111
        no node (1), stall 0.0 s, moving yes, ai 3.1
      pre 1.700,193.630,-334.300 vel 0.10,-5.60,0.04 -> 1.700,193.350,-334.300 hit x-z ground 0 speed 0.77 yaw -111
        no node (1), stall 0.0 s, moving yes, ai 3.1
      pre 1.700,193.350,-334.300 vel 0.10,-7.00,0.04 -> 1.700,193.000,-334.300 hit x-z ground 0 speed 0.77 yaw -111
        no node (1), stall 0.0 s, moving yes, ai 3.0
      pre 1.700,193.000,-334.300 vel 0.32,7.20,0.13 -> 1.700,193.360,-334.300 hit x-z ground 1 speed 0.77 yaw -111
        no node (1), stall 0.0 s, moving yes, ai 3.0
      pre 1.700,193.360,-334.300 vel 0.10,5.80,0.04 -> 1.700,193.650,-334.300 hit x-z ground 0 speed 0.77 yaw -111
        no node (1), stall 0.0 s, moving yes, ai 2.9
      pre 1.700,193.650,-334.300 vel 0.10,4.40,0.04 -> 1.700,193.870,-334.300 hit x-z ground 0 speed 0.77 yaw -111
        no node (1), stall 0.0 s, moving yes, ai 2.9
      pre 1.700,193.870,-334.300 vel 0.10,3.00,0.04 -> 1.700,194.020,-334.300 hit x-z ground 0 speed 0.77 yaw -111
        no node (1), stall 0.0 s, moving yes, ai 2.8
      pre 1.700,194.020,-334.300 vel 0.10,1.60,0.04 -> 1.700,194.050,-334.300 hit xyz ground 0 speed 0.77 yaw -111
        no node (1), stall 0.0 s, moving yes, ai 2.8
      pre 1.700,194.050,-334.300 vel 0.10,-1.40,0.04 -> 1.700,193.980,-334.300 hit x-z ground 0 speed 0.77 yaw -111
        no node (1), stall 0.0 s, moving yes, ai 2.7
      pre 1.700,193.980,-334.300 vel 0.10,-2.80,0.04 -> 1.700,193.840,-334.300 hit x-z ground 0 speed 0.77 yaw -111
        no node (1), stall 0.0 s, moving yes, ai 2.7
      pre 1.700,193.840,-334.300 vel 0.10,-4.20,0.04 -> 1.700,193.630,-334.300 hit x-z ground 0 speed 0.77 yaw -111
        no node (1), stall 0.0 s, moving yes, ai 2.6
      pre 1.700,193.630,-334.300 vel 0.10,-5.60,0.04 -> 1.700,193.350,-334.300 hit x-z ground 0 speed 0.77 yaw -111
        no node (1), stall 0.0 s, moving yes, ai 2.6
      pre 1.700,193.350,-334.300 vel 0.10,-7.00,0.04 -> 1.700,193.000,-334.300 hit x-z ground 0 speed 0.77 yaw -111
        no node (1), stall 0.0 s, moving yes, ai 2.5
      pre 1.700,193.000,-334.300 vel 0.32,7.20,0.13 -> 1.700,193.360,-334.300 hit x-z ground 1 speed 0.77 yaw -111
        no node (1), stall 0.0 s, moving yes, ai 2.5
      pre 1.700,193.360,-334.300 vel 0.10,5.80,0.04 -> 1.700,193.650,-334.300 hit x-z ground 0 speed 0.77 yaw -111
        no node (1), stall 0.0 s, moving yes, ai 2.4
      pre 1.700,193.650,-334.300 vel 0.10,4.40,0.04 -> 1.700,193.870,-334.300 hit x-z ground 0 speed 0.77 yaw -111
        no node (1), stall 0.0 s, moving yes, ai 2.4
      pre 1.700,193.870,-334.300 vel 0.10,3.00,0.04 -> 1.700,194.020,-334.300 hit x-z ground 0 speed 0.77 yaw -111
        no node (1), stall 0.0 s, moving yes, ai 2.3
      pre 1.700,194.020,-334.300 vel 0.10,1.60,0.04 -> 1.700,194.050,-334.300 hit xyz ground 0 speed 0.77 yaw -111
        no node (1), stall 0.0 s, moving yes, ai 2.3
      pre 1.700,194.050,-334.300 vel 0.10,-1.40,0.04 -> 1.700,193.980,-334.300 hit x-z ground 0 speed 0.77 yaw -111
        no node (1), stall 0.0 s, moving yes, ai 2.2
      pre 1.700,193.980,-334.300 vel 0.10,-2.80,0.04 -> 1.700,193.840,-334.300 hit x-z ground 0 speed 0.77 yaw -111
        no node (1), stall 0.0 s, moving yes, ai 2.2
      pre 1.700,193.840,-334.300 vel 0.10,-4.20,0.04 -> 1.700,193.630,-334.300 hit x-z ground 0 speed 0.77 yaw -111
        no node (1), stall 0.0 s, moving yes, ai 2.1
      pre 1.700,193.630,-334.300 vel 0.10,-5.60,0.04 -> 1.700,193.350,-334.300 hit x-z ground 0 speed 0.77 yaw -111
        no node (1), stall 0.0 s, moving yes, ai 2.1
      pre 1.700,193.350,-334.300 vel 0.10,-7.00,0.04 -> 1.700,193.000,-334.300 hit x-z ground 0 speed 0.77 yaw -111
        no node (1), stall 0.0 s, moving yes, ai 2.0
      pre 1.700,193.000,-334.300 vel 0.32,7.20,0.13 -> 1.700,193.360,-334.300 hit x-z ground 1 speed 0.77 yaw -111
        no node (1), stall 0.0 s, moving yes, ai 2.0
      pre 1.700,193.360,-334.300 vel 0.10,5.80,0.04 -> 1.700,193.650,-334.300 hit x-z ground 0 speed 0.77 yaw -111
        no node (1), stall 0.0 s, moving yes, ai 1.9
      pre 1.700,193.650,-334.300 vel 0.10,4.40,0.04 -> 1.700,193.870,-334.300 hit x-z ground 0 speed 0.77 yaw -111
        no node (1), stall 0.0 s, moving yes, ai 1.9
      pre 1.700,193.870,-334.300 vel 0.10,3.00,0.04 -> 1.700,194.020,-334.300 hit x-z ground 0 speed 0.77 yaw -111
        no node (1), stall 0.0 s, moving yes, ai 1.8
      pre 1.700,194.020,-334.300 vel 0.10,1.60,0.04 -> 1.700,194.050,-334.300 hit xyz ground 0 speed 0.77 yaw -111
        no node (1), stall 0.0 s, moving yes, ai 1.8
      pre 1.700,194.050,-334.300 vel 0.10,-1.40,0.04 -> 1.700,193.980,-334.300 hit x-z ground 0 speed 0.77 yaw -111
        no node (1), stall 0.0 s, moving yes, ai 1.7
      pre 1.700,193.980,-334.300 vel 0.10,-2.80,0.04 -> 1.700,193.840,-334.300 hit x-z ground 0 speed 0.77 yaw -111
        no node (1), stall 0.0 s, moving yes, ai 1.7
behaviorsim spin: fox at 40.5 124.0 -388.9, free/heading/standing, goal none, path 2/5, turned 1095 deg in 10 s, moved 0.73
behaviorsim missed bed: villager goal -12 135 -323 (brown_bed_head), path of 4000 nodes: 5 nodes ending -4 128 -334; around the goal (floor/feet/head): 1,0: cobblestone/spruce_planks/spruce_planks; -1,0: spruce_planks/air/air; 0,1: spruce_planks/air/air; 0,-1: spruce_planks/brown_bed/air; round the mob at 1 129 -335 on dirt (feet/head/above): -1,-1: air/dirt/grass_block; 0,-1: air/grass_block/air; 1,-1: spruce_planks/spruce_planks/spruce_planks; -1,0: air/air/grass_block; 1,0: spruce_planks/glass_pane/spruce_planks; -1,1: air/air/air; 0,1: dirt/grass_block/air; 1,1: spruce_planks/spruce_planks/spruce_planks
behaviorsim missed meet: villager goal 11 129 -331 (bell), path of 4000 nodes: 0 nodes ending none; around the goal (floor/feet/head): 1,0: dirt_path/air/air; -1,0: dirt_path/air/air; 0,1: dirt_path/air/air; 0,-1: dirt_path/air/air; round the mob at 1 129 -335 on dirt (feet/head/above): -1,-1: air/dirt/grass_block; 0,-1: air/grass_block/air; 1,-1: spruce_planks/spruce_planks/spruce_planks; -1,0: air/air/grass_block; 1,0: spruce_planks/glass_pane/spruce_planks; -1,1: air/air/air; 0,1: dirt/grass_block/air; 1,1: spruce_planks/spruce_planks/spruce_planks
behaviorsim seed 12345: 199 mobs; fell 1, goal_missed_bed 1, goal_missed_meet 1, in_wall 1, spinning 3, stuck 1
behaviorsim spin: sheep at 1014.3 74.0 209.3, free/stroll/moving, goal 1012.5 75.0 201.5 (8.01 away), path 0/8, turned 759 deg in 10 s, moved 1.23
behaviorsim trace: villager at 959.63 69.00 265.92 (work/target/onpath), feet in air on cobblestone, yaw 177
  path ahead: 959,69,266 (oak_door[4] on cobblestone); 959,69,267 (air on oak_planks); 960,69,268 (air on oak_planks)
  around feet (feet/head): 1,0: air/air; -1,0: air/air; 0,1: oak_door[4]/oak_door[12]; 0,-1: air/air
      pre 959.627,133.000,265.922 vel -0.06,-1.40,0.96 -> 959.624,133.000,265.970 hit -y- ground 1 speed 0.96 yaw 177
        node 0/3 at 959,69,266, stall 1.0 s, moving yes, ai 1.8
      pre 959.624,133.000,265.970 vel -0.06,-1.40,0.96 -> 959.621,133.000,266.018 hit -y- ground 1 speed 0.96 yaw 177
        node 0/3 at 959,69,266, stall 1.0 s, moving yes, ai 1.8
      pre 959.621,133.000,266.018 vel -0.06,-1.40,0.96 -> 959.619,133.000,266.066 hit -y- ground 1 speed 0.96 yaw 177
        node 0/3 at 959,69,266, stall 1.1 s, moving yes, ai 1.7
      pre 959.619,133.000,266.066 vel -0.06,-1.40,0.96 -> 959.616,133.000,266.114 hit -y- ground 1 speed 0.96 yaw 177
        node 0/3 at 959,69,266, stall 0.0 s, moving yes, ai 1.7
      pre 959.616,133.000,266.114 vel -0.05,-1.40,0.96 -> 959.613,133.000,266.161 hit -y- ground 1 speed 0.96 yaw 177
        node 0/3 at 959,69,266, stall 0.1 s, moving yes, ai 1.6
      pre 959.613,133.000,266.161 vel -0.05,-1.40,0.96 -> 959.610,133.000,266.209 hit -y- ground 1 speed 0.96 yaw 177
        node 0/3 at 959,69,266, stall 0.1 s, moving yes, ai 1.6
      pre 959.610,133.000,266.209 vel -0.05,-1.40,0.96 -> 959.608,133.000,266.257 hit -y- ground 1 speed 0.96 yaw 177
        node 0/3 at 959,69,266, stall 0.2 s, moving yes, ai 1.5
      pre 959.608,133.000,266.257 vel -0.07,-1.40,0.96 -> 959.604,133.000,266.305 hit -y- ground 1 speed 0.96 yaw 175
        node 1/3 at 959,69,267, stall 0.2 s, moving yes, ai 1.5
      pre 959.604,133.000,266.305 vel -0.07,-1.40,0.96 -> 959.600,133.000,266.353 hit -y- ground 1 speed 0.96 yaw 175
        node 1/3 at 959,69,267, stall 0.2 s, moving yes, ai 1.4
      pre 959.600,133.000,266.353 vel -0.08,-1.40,0.96 -> 959.597,133.000,266.401 hit -y- ground 1 speed 0.96 yaw 175
        node 1/3 at 959,69,267, stall 0.3 s, moving yes, ai 1.4
      pre 959.597,133.000,266.401 vel -0.08,-1.40,0.96 -> 959.593,133.000,266.449 hit -y- ground 1 speed 0.96 yaw 175
        node 1/3 at 959,69,267, stall 0.4 s, moving yes, ai 1.3
      pre 959.593,133.000,266.449 vel -0.08,-1.40,0.96 -> 959.588,133.000,266.496 hit -y- ground 1 speed 0.96 yaw 175
        node 1/3 at 959,69,267, stall 0.4 s, moving yes, ai 1.3
      pre 959.588,133.000,266.496 vel -0.08,-1.40,0.96 -> 959.584,133.000,266.544 hit -y- ground 1 speed 0.96 yaw 175
        node 1/3 at 959,69,267, stall 0.5 s, moving yes, ai 1.2
      pre 959.584,133.000,266.544 vel -0.08,-1.40,0.96 -> 959.580,133.000,266.592 hit -y- ground 1 speed 0.96 yaw 175
        node 1/3 at 959,69,267, stall 0.5 s, moving yes, ai 1.2
      pre 959.580,133.000,266.592 vel -0.08,-1.40,0.96 -> 959.576,133.000,266.640 hit -y- ground 1 speed 0.96 yaw 175
        node 1/3 at 959,69,267, stall 0.6 s, moving yes, ai 1.1
      pre 959.576,133.000,266.640 vel -0.08,-1.40,0.96 -> 959.572,133.000,266.688 hit -y- ground 1 speed 0.96 yaw 175
        node 1/3 at 959,69,267, stall 0.6 s, moving yes, ai 1.1
      pre 959.572,133.000,266.688 vel -0.08,-1.40,0.96 -> 959.567,133.000,266.736 hit -y- ground 1 speed 0.96 yaw 175
        node 1/3 at 959,69,267, stall 0.7 s, moving yes, ai 1.0
      pre 959.567,133.000,266.736 vel -0.08,-1.40,0.96 -> 959.563,133.000,266.783 hit -y- ground 1 speed 0.96 yaw 175
        node 1/3 at 959,69,267, stall 0.7 s, moving yes, ai 1.0
      pre 959.563,133.000,266.783 vel -0.08,-1.40,0.96 -> 959.559,133.000,266.831 hit -y- ground 1 speed 0.96 yaw 175
        node 1/3 at 959,69,267, stall 0.8 s, moving yes, ai 0.9
      pre 959.559,133.000,266.831 vel -0.08,-1.40,0.96 -> 959.555,133.000,266.879 hit -y- ground 1 speed 0.96 yaw 175
        node 1/3 at 959,69,267, stall 0.0 s, moving yes, ai 0.9
      pre 959.555,133.000,266.879 vel -0.08,-1.40,0.96 -> 959.551,133.000,266.927 hit -y- ground 1 speed 0.96 yaw 175
        node 1/3 at 959,69,267, stall 0.1 s, moving yes, ai 0.8
      pre 959.551,133.000,266.927 vel -0.08,-1.40,0.96 -> 959.546,133.000,266.975 hit -y- ground 1 speed 0.96 yaw 175
        node 1/3 at 959,69,267, stall 0.1 s, moving yes, ai 0.8
      pre 959.546,133.000,266.975 vel -0.08,-1.40,0.96 -> 959.542,133.000,267.023 hit -y- ground 1 speed 0.96 yaw 175
        node 1/3 at 959,69,267, stall 0.2 s, moving yes, ai 0.7
      pre 959.542,133.000,267.023 vel -0.08,-1.40,0.96 -> 959.538,133.000,267.070 hit -y- ground 1 speed 0.96 yaw 175
        node 1/3 at 959,69,267, stall 0.2 s, moving yes, ai 0.7
      pre 959.538,133.000,267.070 vel -0.08,-1.40,0.96 -> 959.534,133.000,267.118 hit -y- ground 1 speed 0.96 yaw 175
        node 1/3 at 959,69,267, stall 0.2 s, moving yes, ai 0.6
      pre 959.534,133.000,267.118 vel -0.08,-1.40,0.96 -> 959.529,133.000,267.166 hit -y- ground 1 speed 0.96 yaw 175
        node 1/3 at 959,69,267, stall 0.3 s, moving yes, ai 0.6
      pre 959.529,133.000,267.166 vel -0.08,-1.40,0.96 -> 959.525,133.000,267.214 hit -y- ground 1 speed 0.96 yaw 175
        node 1/3 at 959,69,267, stall 0.4 s, moving yes, ai 0.5
      pre 959.525,133.000,267.214 vel -0.08,-1.40,0.87 -> 959.521,133.000,267.257 hit -y- ground 1 speed 0.77 yaw 175
        node 1/3 at 959,69,267, stall 0.0 s, moving yes, ai 0.5
      pre 959.521,133.000,267.257 vel -0.07,-1.40,0.82 -> 959.518,133.000,267.298 hit -y- ground 1 speed 0.77 yaw 175
        node 1/3 at 959,69,267, stall 0.0 s, moving yes, ai 0.4
      pre 959.518,133.000,267.298 vel -0.07,-1.40,0.80 -> 959.514,133.000,267.338 hit -y- ground 1 speed 0.77 yaw 175
        node 1/3 at 959,69,267, stall 0.0 s, moving yes, ai 0.4
      pre 959.514,133.000,267.338 vel -0.07,-1.40,0.78 -> 959.511,133.000,267.377 hit -y- ground 1 speed 0.77 yaw 175
        node 1/3 at 959,69,267, stall 0.0 s, moving yes, ai 0.3
      pre 959.511,133.000,267.377 vel -0.07,-1.40,0.77 -> 959.507,133.000,267.416 hit -y- ground 1 speed 0.77 yaw 175
        node 1/3 at 959,69,267, stall 0.0 s, moving yes, ai 0.3
      pre 959.507,133.000,267.416 vel -0.07,-1.40,0.77 -> 959.504,133.000,267.455 hit -y- ground 1 speed 0.77 yaw 175
        node 1/3 at 959,69,267, stall 0.0 s, moving yes, ai 0.2
      pre 959.504,133.000,267.455 vel -0.07,-1.40,0.77 -> 959.501,133.000,267.493 hit -y- ground 1 speed 0.77 yaw 175
        node 1/3 at 959,69,267, stall 0.0 s, moving yes, ai 0.2
      pre 959.501,133.000,267.493 vel -0.07,-1.40,0.77 -> 959.497,133.000,267.531 hit -y- ground 1 speed 0.77 yaw 175
        node 1/3 at 959,69,267, stall 0.0 s, moving yes, ai 0.1
      pre 959.497,133.000,267.531 vel -0.07,-1.40,0.77 -> 959.494,133.000,267.570 hit -y- ground 1 speed 0.77 yaw 175
        node 1/3 at 959,69,267, stall 0.0 s, moving yes, ai 0.1
      pre 959.494,133.000,267.570 vel -0.07,-1.40,0.77 -> 959.490,133.000,267.608 hit -y- ground 1 speed 0.77 yaw 175
        node 1/3 at 959,69,267, stall 0.0 s, moving yes, ai 0.0
      pre 959.490,133.000,267.608 vel -0.04,-1.40,0.42 -> 959.489,133.000,267.629 hit -y- ground 1 speed 0.00 yaw 175
        node 1/3 at 959,69,267, stall 0.0 s, moving no, ai 4.5
      pre 959.489,133.000,267.629 vel -0.02,-1.40,0.23 -> 959.488,133.000,267.640 hit -y- ground 1 speed 0.00 yaw 175
        node 1/3 at 959,69,267, stall 0.0 s, moving no, ai 4.5
behaviorsim seed 777: 221 mobs; spinning 1, stuck 2
behaviorsim: fell 1, goal_missed_bed 1, goal_missed_meet 1, in_wall 1, spinning 4, stuck 3; villager goals reached: bed 46/47, meet 46/47, work 18/18 (40 s)
gencheck leak kinds: water underground border onto rail 35; lava underground in-chunk onto deepslate 30; water underground border onto oak_planks 20; water underground border onto deepslate 8; water underground border onto deepslate_gold_ore 3; water underground border onto stone 2; lava underground border onto deepslate 2
gencheck: 288 chunks over 3 seeds: floating_block 3, leak 100, leaves_orphan 1, ore_in_air 4, plant_floating 1, spring 87 (3.8 s)
textures without a painter: missing
textures: 1665 layers at 128 px, BC3, 34.7 MB with mips (build 937 ms, upload 290 ms)
light probe: eye sky 15 block 0 in air; floor+1 (y 90) sky 15 block 0 in air, daylight 1.0
imagecheck gencheck_leak_1.png magenta=0.00000 black=0.0031 white=0.0008 std=35.1 hash=8aa101eca02a4030
imagecheck gencheck_leak_1.png magenta=0.00000 black=0.0031 white=0.0008 std=35.1 hash=8aa101eca02a4030
seed 777  pos 544.0 156.0 -755.0  rd 4  chunks 109  (drawn 26)
gen 119 ms  mesh(all, parallel) 116 ms  mesh(1 section) 0.90 ms  quads 453110 opaque / 3577 water
frame (encode+GPU, offscreen, median of 30) 4.82 ms  biome darkForest
mesh slabs 16 MB, chunks 109 (block+light arrays 10 MB), Metal allocated 186 MB
memory: resident 223 MB  (section meshes 14 MB)
wrote snaps/gencheck_leak_1.png
textures without a painter: missing
textures: 1665 layers at 128 px, BC3, 34.7 MB with mips (build 804 ms, upload 275 ms)
light probe: eye sky 15 block 0 in air; floor+1 (y 90) sky 15 block 0 in air, daylight 1.0
imagecheck gencheck_leak_2.png magenta=0.00000 black=0.0031 white=0.0008 std=35.1 hash=8aa101eca02a4030
imagecheck gencheck_leak_2.png magenta=0.00000 black=0.0031 white=0.0008 std=35.1 hash=8aa101eca02a4030
seed 777  pos 544.0 156.0 -755.0  rd 4  chunks 109  (drawn 26)
gen 100 ms  mesh(all, parallel) 95 ms  mesh(1 section) 0.91 ms  quads 453110 opaque / 3577 water
frame (encode+GPU, offscreen, median of 30) 4.23 ms  biome darkForest
mesh slabs 16 MB, chunks 109 (block+light arrays 10 MB), Metal allocated 186 MB
memory: resident 222 MB  (section meshes 14 MB)
wrote snaps/gencheck_leak_2.png
collisiontest: 168 shapes; no issues
agent village seed 12345/1: 0 violations, 0 unmet goals of 12; 
agent village seed 777/1: 0 violations, 0 unmet goals of 12; 
agent village seed 424242/1: 0 violations, 0 unmet goals of 9; 
agent village: 0 oracle violations, 0 unmet goals over 3 seeds x 1 runs in 11 s
agent explorer seed 12345/1: 0 violations, 0 unmet goals of 2; 
agent explorer seed 777/1: 0 violations, 0 unmet goals of 2; 
agent explorer: 0 oracle violations, 0 unmet goals over 2 seeds x 1 runs in 5 s
agent life seed 12345/1: 0 violations, 0 unmet goals of 3; 
agent life seed 777/1: 0 violations, 2 unmet goals of 3; 
agent life: 0 oracle violations, 2 unmet goals over 2 seeds x 1 runs in 11 s
agent cave seed 12345/1: 0 violations, 0 unmet goals of 2; 
agent cave seed 777/1: 0 violations, 0 unmet goals of 2; 
agent cave seed 424242/1: 0 violations, 0 unmet goals of 2; 
agent cave: 0 oracle violations, 0 unmet goals over 3 seeds x 1 runs in 23 s
agent monkey seed 12345/1: 0 violations, 0 unmet goals of 0; 
agent monkey seed 12345/2: 0 violations, 0 unmet goals of 0; 
agent monkey seed 12345/3: 0 violations, 0 unmet goals of 0; 
agent monkey seed 424242/1: 0 violations, 0 unmet goals of 0; 
agent monkey seed 424242/2: 0 violations, 0 unmet goals of 0; 
agent monkey seed 424242/3: 0 violations, 0 unmet goals of 0; 
agent monkey seed 777/1: 0 violations, 0 unmet goals of 0; tick_spikes 1
agent monkey seed 777/2: 0 violations, 0 unmet goals of 0; 
agent monkey seed 777/3: 0 violations, 0 unmet goals of 0; 
agent monkey seed 31337/1: 0 violations, 0 unmet goals of 0; 
agent monkey seed 31337/2: 0 violations, 0 unmet goals of 0; 
agent monkey seed 31337/3: 0 violations, 0 unmet goals of 0; 
agent monkey: 0 oracle violations, 0 unmet goals over 4 seeds x 3 runs in 50 s
replay determinism: DIFFERENT (end-state hash 2889490607251574153 vs end-state hash 465629590756780274, snaps/replay_life_777_1.jsonl)
imagecheck: 6 frames, duplicate_frame 1
textures without a painter: missing
textures: 1665 layers at 128 px, BC3, 34.7 MB with mips (build 817 ms, upload 284 ms)
light probe: eye sky 15 block 0 in air; floor+1 (y 85) sky 15 block 0 in air, daylight 1.0
imagecheck tour_777_aerial_fast.png magenta=0.00000 black=0.0000 white=0.0008 std=41.5 hash=a076a353bb18c5a2
imagecheck tour_777_aerial_fast.png magenta=0.00000 black=0.0000 white=0.0008 std=41.5 hash=a076a353bb18c5a2
seed 777  pos 696.5 188.0 236.5  rd 16  chunks 997  (drawn 281)
gen 1070 ms  mesh(all, parallel) 913 ms  mesh(1 section) 0.24 ms  quads 1591292 opaque / 119882 water
frame (encode+GPU, offscreen, median of 30) 4.12 ms  biome plains
mesh slabs 60 MB, chunks 997 (block+light arrays 87 MB), Metal allocated 202 MB
memory: resident 287 MB  (section meshes 52 MB)
wrote snaps/tour_777_aerial_fast.png
textures without a painter: missing
textures: 1665 layers at 128 px, BC3, 34.7 MB with mips (build 784 ms, upload 274 ms)
light probe: eye sky 15 block 0 in air; floor+1 (y 85) sky 15 block 0 in air, daylight 1.0
imagecheck tour_777_aerial_nocull.png magenta=0.00000 black=0.0000 white=0.0008 std=47.3 hash=5e4e28920bdb1dda
imagecheck tour_777_aerial_nocull.png magenta=0.00000 black=0.0000 white=0.0008 std=47.3 hash=5e4e28920bdb1dda
seed 777  pos 696.5 188.0 236.5  rd 16  chunks 997  (drawn 313)
gen 753 ms  mesh(all, parallel) 807 ms  mesh(1 section) 0.29 ms  quads 1591292 opaque / 119882 water
frame (encode+GPU, offscreen, median of 30) 11.41 ms  biome plains
mesh slabs 60 MB, chunks 997 (block+light arrays 87 MB), Metal allocated 242 MB
memory: resident 388 MB  (section meshes 52 MB)
wrote snaps/tour_777_aerial_nocull.png
textures without a painter: missing
textures: 1665 layers at 128 px, BC3, 34.7 MB with mips (build 921 ms, upload 323 ms)
light probe: eye sky 15 block 0 in air; floor+1 (y 238) sky 15 block 0 in air, daylight 1.0
imagecheck tour_12345_aerial.png magenta=0.00000 black=0.0000 white=0.0290 std=38.4 hash=3088d796899e3e28
imagecheck tour_12345_aerial.png magenta=0.00000 black=0.0000 white=0.0290 std=38.4 hash=3088d796899e3e28
seed 12345  pos 600.5 341.0 300.5  rd 16  chunks 997  (drawn 270)
gen 873 ms  mesh(all, parallel) 774 ms  mesh(1 section) 0.30 ms  quads 1605029 opaque / 60352 water
frame (encode+GPU, offscreen, median of 30) 6.34 ms  biome snowySlopes
mesh slabs 56 MB, chunks 997 (block+light arrays 127 MB), Metal allocated 238 MB
memory: resident 394 MB  (section meshes 51 MB)
wrote snaps/tour_12345_aerial.png
textures without a painter: missing
textures: 1665 layers at 128 px, BC3, 34.7 MB with mips (build 805 ms, upload 244 ms)
light probe: eye sky 15 block 0 in air; floor+1 (y 72) sky 15 block 0 in air, daylight 1.0
imagecheck tour_12345_low.png magenta=0.00000 black=0.0000 white=0.0008 std=55.2 hash=ab420cd1506971bb
imagecheck tour_12345_low.png magenta=0.00000 black=0.0000 white=0.0008 std=55.2 hash=ab420cd1506971bb
seed 12345  pos 31.5 150.0 29.5  rd 12  chunks 593  (drawn 151)
gen 663 ms  mesh(all, parallel) 613 ms  mesh(1 section) 0.68 ms  quads 1533181 opaque / 49387 water
frame (encode+GPU, offscreen, median of 30) 4.85 ms  biome forest
mesh slabs 56 MB, chunks 593 (block+light arrays 57 MB), Metal allocated 226 MB
memory: resident 326 MB  (section meshes 48 MB)
wrote snaps/tour_12345_low.png
textures without a painter: missing
textures: 1665 layers at 128 px, BC3, 34.7 MB with mips (build 705 ms, upload 260 ms)
light probe: eye sky 15 block 0 in air; floor+1 (y 85) sky 15 block 0 in air, daylight 1.0
imagecheck tour_777_aerial.png magenta=0.00000 black=0.0000 white=0.0008 std=47.3 hash=5e4e28920bdb1dda
imagecheck tour_777_aerial.png magenta=0.00000 black=0.0000 white=0.0008 std=47.3 hash=5e4e28920bdb1dda
seed 777  pos 696.5 188.0 236.5  rd 16  chunks 997  (drawn 281)
gen 773 ms  mesh(all, parallel) 894 ms  mesh(1 section) 0.25 ms  quads 1591292 opaque / 119882 water
frame (encode+GPU, offscreen, median of 30) 7.45 ms  biome plains
mesh slabs 60 MB, chunks 997 (block+light arrays 87 MB), Metal allocated 242 MB
memory: resident 399 MB  (section meshes 52 MB)
wrote snaps/tour_777_aerial.png
textures without a painter: missing
textures: 1665 layers at 128 px, BC3, 34.7 MB with mips (build 854 ms, upload 284 ms)
light probe: eye sky 15 block 0 in air; floor+1 (y 90) sky 15 block 0 in air, daylight 1.0
imagecheck tour_777_low.png magenta=0.00000 black=0.0000 white=0.0008 std=48.9 hash=84320497a58f5512
imagecheck tour_777_low.png magenta=0.00000 black=0.0000 white=0.0008 std=48.9 hash=84320497a58f5512
seed 777  pos 8.5 168.0 8.5  rd 12  chunks 593  (drawn 151)
gen 523 ms  mesh(all, parallel) 483 ms  mesh(1 section) 0.48 ms  quads 1267966 opaque / 69279 water
frame (encode+GPU, offscreen, median of 30) 6.55 ms  biome forest
mesh slabs 48 MB, chunks 593 (block+light arrays 55 MB), Metal allocated 218 MB
memory: resident 318 MB  (section meshes 41 MB)
wrote snaps/tour_777_low.png
textures without a painter: missing
textures: 1665 layers at 128 px, BC3, 34.7 MB with mips (build 696 ms, upload 249 ms)
light probe: eye sky 15 block 0 in air; floor+1 (y 87) sky 15 block 0 in air, daylight 1.0
imagecheck tour_424242_aerial.png magenta=0.00000 black=0.0000 white=0.0008 std=50.7 hash=0f07d473b7c11fdf
imagecheck tour_424242_aerial.png magenta=0.00000 black=0.0000 white=0.0008 std=50.7 hash=0f07d473b7c11fdf
seed 424242  pos 600.5 190.0 300.5  rd 16  chunks 997  (drawn 269)
gen 783 ms  mesh(all, parallel) 571 ms  mesh(1 section) 0.29 ms  quads 1332497 opaque / 42237 water
frame (encode+GPU, offscreen, median of 30) 5.29 ms  biome savanna
mesh slabs 48 MB, chunks 997 (block+light arrays 86 MB), Metal allocated 218 MB
memory: resident 345 MB  (section meshes 42 MB)
wrote snaps/tour_424242_aerial.png
textures without a painter: missing
textures: 1665 layers at 128 px, BC3, 34.7 MB with mips (build 690 ms, upload 239 ms)
light probe: eye sky 15 block 0 in air; floor+1 (y 99) sky 15 block 0 in air, daylight 1.0
imagecheck tour_424242_low.png magenta=0.00000 black=0.0000 white=0.0049 std=58.3 hash=e84c642fba3c0771
imagecheck tour_424242_low.png magenta=0.00000 black=0.0000 white=0.0049 std=58.3 hash=e84c642fba3c0771
seed 424242  pos -3.5 177.0 17.5  rd 12  chunks 593  (drawn 131)
gen 434 ms  mesh(all, parallel) 516 ms  mesh(1 section) 0.49 ms  quads 1379829 opaque / 57137 water
frame (encode+GPU, offscreen, median of 30) 5.05 ms  biome forest
mesh slabs 52 MB, chunks 593 (block+light arrays 55 MB), Metal allocated 222 MB
memory: resident 344 MB  (section meshes 44 MB)
wrote snaps/tour_424242_low.png
textures without a painter: missing
textures: 1665 layers at 128 px, BC3, 34.7 MB with mips (build 714 ms, upload 229 ms)
light probe: eye sky 15 block 0 in air; floor+1 (y 113) sky 15 block 0 in air, daylight 1.0
imagecheck tour_1_aerial.png magenta=0.00000 black=0.0000 white=0.0008 std=46.1 hash=0f58c0b3e664b34d
imagecheck tour_1_aerial.png magenta=0.00000 black=0.0000 white=0.0008 std=46.1 hash=0f58c0b3e664b34d
seed 1  pos 600.5 216.0 300.5  rd 16  chunks 997  (drawn 287)
gen 724 ms  mesh(all, parallel) 784 ms  mesh(1 section) 0.24 ms  quads 1763584 opaque / 56957 water
frame (encode+GPU, offscreen, median of 30) 6.88 ms  biome sparseJungle
mesh slabs 64 MB, chunks 997 (block+light arrays 97 MB), Metal allocated 246 MB
memory: resident 408 MB  (section meshes 56 MB)
wrote snaps/tour_1_aerial.png
textures without a painter: missing
textures: 1665 layers at 128 px, BC3, 34.7 MB with mips (build 940 ms, upload 274 ms)
light probe: eye sky 15 block 0 in air; floor+1 (y 102) sky 15 block 0 in air, daylight 1.0
imagecheck tour_1_low.png magenta=0.00000 black=0.0000 white=0.0091 std=64.1 hash=75ebaa1f6c64b36b
imagecheck tour_1_low.png magenta=0.00000 black=0.0000 white=0.0091 std=64.1 hash=75ebaa1f6c64b36b
seed 1  pos -3.5 180.0 16.5  rd 12  chunks 593  (drawn 130)
gen 391 ms  mesh(all, parallel) 494 ms  mesh(1 section) 0.58 ms  quads 1314594 opaque / 60561 water
frame (encode+GPU, offscreen, median of 30) 5.05 ms  biome forest
mesh slabs 48 MB, chunks 593 (block+light arrays 55 MB), Metal allocated 218 MB
memory: resident 336 MB  (section meshes 42 MB)
wrote snaps/tour_1_low.png
textures without a painter: missing
textures: 1665 layers at 128 px, BC3, 34.7 MB with mips (build 755 ms, upload 236 ms)
light probe: eye sky 15 block 0 in air; floor+1 (y 85) sky 15 block 0 in air, daylight 1.0
imagecheck tour_98765_aerial.png magenta=0.00000 black=0.0000 white=0.0028 std=55.9 hash=2a30bc4e769203bc
imagecheck tour_98765_aerial.png magenta=0.00000 black=0.0000 white=0.0028 std=55.9 hash=2a30bc4e769203bc
seed 98765  pos 88.5 188.0 428.5  rd 16  chunks 997  (drawn 289)
gen 720 ms  mesh(all, parallel) 678 ms  mesh(1 section) 0.20 ms  quads 1054276 opaque / 158741 water
frame (encode+GPU, offscreen, median of 30) 7.70 ms  biome desert
mesh slabs 44 MB, chunks 997 (block+light arrays 85 MB), Metal allocated 226 MB
memory: resident 344 MB  (section meshes 37 MB)
wrote snaps/tour_98765_aerial.png
textures without a painter: missing
textures: 1665 layers at 128 px, BC3, 34.7 MB with mips (build 754 ms, upload 236 ms)
light probe: eye sky 15 block 0 in air; floor+1 (y 91) sky 15 block 0 in air, daylight 1.0
imagecheck tour_98765_low.png magenta=0.00000 black=0.0000 white=0.0008 std=54.3 hash=49b6d68a767be5cf
imagecheck tour_98765_low.png magenta=0.00000 black=0.0000 white=0.0008 std=54.3 hash=49b6d68a767be5cf
seed 98765  pos 8.5 169.0 8.5  rd 12  chunks 593  (drawn 149)
gen 457 ms  mesh(all, parallel) 414 ms  mesh(1 section) 0.65 ms  quads 1263989 opaque / 69864 water
frame (encode+GPU, offscreen, median of 30) 5.59 ms  biome forest
mesh slabs 48 MB, chunks 593 (block+light arrays 54 MB), Metal allocated 218 MB
memory: resident 327 MB  (section meshes 41 MB)
wrote snaps/tour_98765_low.png
textures without a painter: missing
textures: 1665 layers at 128 px, BC3, 34.7 MB with mips (build 643 ms, upload 226 ms)
light probe: eye sky 15 block 0 in air; floor+1 (y 265) sky 15 block 0 in air, daylight 1.0
imagecheck tour_peaks.png magenta=0.00000 black=0.0000 white=0.0111 std=38.9 hash=697c233405ce5474
imagecheck tour_peaks.png magenta=0.00000 black=0.0000 white=0.0111 std=38.9 hash=697c233405ce5474
seed 12345  pos 248.5 357.0 -615.5  rd 16  chunks 997  (drawn 268)
gen 898 ms  mesh(all, parallel) 941 ms  mesh(1 section) 0.20 ms  quads 2075004 opaque / 39077 water
frame (encode+GPU, offscreen, median of 30) 4.70 ms  biome jaggedPeaks
mesh slabs 72 MB, chunks 997 (block+light arrays 149 MB), Metal allocated 242 MB
memory: resident 446 MB  (section meshes 65 MB)
wrote snaps/tour_peaks.png
textures without a painter: missing
textures: 1665 layers at 128 px, BC3, 34.7 MB with mips (build 814 ms, upload 259 ms)
light probe: eye sky 11 block 0 in air; floor+1 (y 81) sky 10 block 0 in air, daylight 1.0
imagecheck tour_forest_floor.png magenta=0.00000 black=0.0232 white=0.0008 std=17.9 hash=ccd3fd8af8bd4bc6
imagecheck tour_forest_floor.png magenta=0.00000 black=0.0232 white=0.0008 std=17.9 hash=ccd3fd8af8bd4bc6
seed 12345  pos -135.5 145.2 -39.5  rd 8  chunks 297  (drawn 73)
gen 231 ms  mesh(all, parallel) 207 ms  mesh(1 section) 0.84 ms  quads 1123696 opaque / 9408 water
frame (encode+GPU, offscreen, median of 30) 4.46 ms  biome forest
mesh slabs 40 MB, chunks 297 (block+light arrays 29 MB), Metal allocated 210 MB
memory: resident 277 MB  (section meshes 35 MB)
wrote snaps/tour_forest_floor.png
textures without a painter: missing
textures: 1665 layers at 128 px, BC3, 34.7 MB with mips (build 662 ms, upload 228 ms)
light probe: eye sky 15 block 0 in air; floor+1 (y 71) sky 15 block 0 in air, daylight 1.0
imagecheck tour_desert.png magenta=0.00000 black=0.0000 white=0.0008 std=48.5 hash=050adcbcd0525a53
imagecheck tour_desert.png magenta=0.00000 black=0.0000 white=0.0008 std=48.5 hash=050adcbcd0525a53
seed 12345  pos -567.5 155.0 920.5  rd 12  chunks 593  (drawn 154)
gen 380 ms  mesh(all, parallel) 355 ms  mesh(1 section) 0.19 ms  quads 1013549 opaque / 40968 water
frame (encode+GPU, offscreen, median of 30) 5.10 ms  biome desert
mesh slabs 36 MB, chunks 593 (block+light arrays 50 MB), Metal allocated 218 MB
memory: resident 333 MB  (section meshes 32 MB)
wrote snaps/tour_desert.png
textures without a painter: missing
textures: 1665 layers at 128 px, BC3, 34.7 MB with mips (build 760 ms, upload 240 ms)
light probe: eye sky 15 block 0 in air; floor+1 (y 76) sky 15 block 0 in air, daylight 1.0
imagecheck tour_jungle.png magenta=0.00000 black=0.0000 white=0.0008 std=52.0 hash=d6e2f96b19bf42db
imagecheck tour_jungle.png magenta=0.00000 black=0.0000 white=0.0008 std=52.0 hash=d6e2f96b19bf42db
seed 424242  pos -39.5 152.0 1160.5  rd 12  chunks 593  (drawn 155)
gen 411 ms  mesh(all, parallel) 543 ms  mesh(1 section) 1.08 ms  quads 2118958 opaque / 25106 water
frame (encode+GPU, offscreen, median of 30) 7.39 ms  biome jungle
mesh slabs 76 MB, chunks 593 (block+light arrays 58 MB), Metal allocated 246 MB
memory: resident 359 MB  (section meshes 65 MB)
wrote snaps/tour_jungle.png
textures without a painter: missing
textures: 1665 layers at 128 px, BC3, 34.7 MB with mips (build 876 ms, upload 290 ms)
light probe: eye sky 15 block 0 in air; floor+1 (y 68) sky 9 block 0 in water, daylight 1.0
imagecheck tour_river.png magenta=0.00000 black=0.0000 white=0.0010 std=44.1 hash=b973f35a9cd921e5
imagecheck tour_river.png magenta=0.00000 black=0.0000 white=0.0010 std=44.1 hash=b973f35a9cd921e5
seed 12345  pos 152.5 168.0 -87.5  rd 12  chunks 593  (drawn 150)
gen 485 ms  mesh(all, parallel) 711 ms  mesh(1 section) 0.36 ms  quads 1931913 opaque / 37426 water
frame (encode+GPU, offscreen, median of 30) 7.51 ms  biome river
mesh slabs 68 MB, chunks 593 (block+light arrays 65 MB), Metal allocated 238 MB
memory: resident 328 MB  (section meshes 60 MB)
wrote snaps/tour_river.png
textures without a painter: missing
textures: 1665 layers at 128 px, BC3, 34.7 MB with mips (build 746 ms, upload 283 ms)
light probe: eye sky 15 block 0 in air; floor+1 (y 72) sky 13 block 0 in seagrass, daylight 1.0
imagecheck tour_river_777.png magenta=0.00000 black=0.0000 white=0.0008 std=45.8 hash=46a8637941f6b520
imagecheck tour_river_777.png magenta=0.00000 black=0.0000 white=0.0008 std=45.8 hash=46a8637941f6b520
seed 777  pos 296.5 168.0 -135.5  rd 12  chunks 593  (drawn 172)
gen 485 ms  mesh(all, parallel) 536 ms  mesh(1 section) 0.68 ms  quads 1528169 opaque / 29745 water
frame (encode+GPU, offscreen, median of 30) 7.36 ms  biome river
mesh slabs 56 MB, chunks 593 (block+light arrays 58 MB), Metal allocated 226 MB
memory: resident 340 MB  (section meshes 48 MB)
wrote snaps/tour_river_777.png
feature lake at -311 -233
textures without a painter: missing
textures: 1665 layers at 128 px, BC3, 34.7 MB with mips (build 759 ms, upload 265 ms)
light probe: eye sky 15 block 0 in air; floor+1 (y 76) sky 15 block 0 in air, daylight 1.0
imagecheck tour_lake.png magenta=0.00000 black=0.0000 white=0.0008 std=43.5 hash=11368b8c5faaf902
imagecheck tour_lake.png magenta=0.00000 black=0.0000 white=0.0008 std=43.5 hash=11368b8c5faaf902
seed 12345  pos -284.5 179.0 -175.5  rd 12  chunks 593  (drawn 154)
gen 464 ms  mesh(all, parallel) 614 ms  mesh(1 section) 1.07 ms  quads 1953088 opaque / 26723 water
frame (encode+GPU, offscreen, median of 30) 7.15 ms  biome darkForest
mesh slabs 68 MB, chunks 593 (block+light arrays 59 MB), Metal allocated 250 MB
memory: resident 368 MB  (section meshes 60 MB)
wrote snaps/tour_lake.png
feature lake at -203 856
textures without a painter: missing
textures: 1665 layers at 128 px, BC3, 34.7 MB with mips (build 617 ms, upload 268 ms)
light probe: eye sky 15 block 0 in air; floor+1 (y 69) sky 15 block 0 in air, daylight 1.0
imagecheck tour_lake_424242.png magenta=0.00000 black=0.0000 white=0.0008 std=48.5 hash=3da3821eb39c742f
imagecheck tour_lake_424242.png magenta=0.00000 black=0.0000 white=0.0008 std=48.5 hash=3da3821eb39c742f
seed 424242  pos -173.9 172.0 906.0  rd 12  chunks 593  (drawn 163)
gen 408 ms  mesh(all, parallel) 397 ms  mesh(1 section) 0.31 ms  quads 1258106 opaque / 19076 water
frame (encode+GPU, offscreen, median of 30) 5.82 ms  biome sparseJungle
mesh slabs 44 MB, chunks 593 (block+light arrays 55 MB), Metal allocated 226 MB
memory: resident 322 MB  (section meshes 39 MB)
wrote snaps/tour_lake_424242.png
feature delta at 134 -5
textures without a painter: missing
textures: 1665 layers at 128 px, BC3, 34.7 MB with mips (build 872 ms, upload 314 ms)
light probe: eye sky 15 block 0 in air; floor+1 (y 79) sky 15 block 0 in air, daylight 1.0
imagecheck tour_delta.png magenta=0.00000 black=0.0000 white=0.0008 std=46.8 hash=6f091a2226074ce1
imagecheck tour_delta.png magenta=0.00000 black=0.0000 white=0.0008 std=46.8 hash=6f091a2226074ce1
seed 12345  pos 148.5 182.0 31.5  rd 12  chunks 593  (drawn 152)
gen 408 ms  mesh(all, parallel) 565 ms  mesh(1 section) 0.38 ms  quads 1362715 opaque / 58705 water
frame (encode+GPU, offscreen, median of 30) 7.66 ms  biome forest
mesh slabs 48 MB, chunks 593 (block+light arrays 57 MB), Metal allocated 230 MB
memory: resident 330 MB  (section meshes 43 MB)
wrote snaps/tour_delta.png
feature delta at 1530 -1101
textures without a painter: missing
textures: 1665 layers at 128 px, BC3, 34.7 MB with mips (build 768 ms, upload 277 ms)
light probe: eye sky 15 block 0 in air; floor+1 (y 77) sky 15 block 0 in air, daylight 1.0
imagecheck tour_delta_777.png magenta=0.00000 black=0.0000 white=0.0008 std=61.2 hash=99322d19a77d475c
imagecheck tour_delta_777.png magenta=0.00000 black=0.0000 white=0.0008 std=61.2 hash=99322d19a77d475c
seed 777  pos 1534.5 180.0 -1047.5  rd 12  chunks 593  (drawn 188)
gen 456 ms  mesh(all, parallel) 836 ms  mesh(1 section) 1.04 ms  quads 2075847 opaque / 62288 water
frame (encode+GPU, offscreen, median of 30) 7.91 ms  biome forest
mesh slabs 72 MB, chunks 593 (block+light arrays 58 MB), Metal allocated 242 MB
memory: resident 372 MB  (section meshes 65 MB)
wrote snaps/tour_delta_777.png
textures without a painter: missing
textures: 1665 layers at 128 px, BC3, 34.7 MB with mips (build 845 ms, upload 269 ms)
light probe: eye sky 15 block 0 in air; floor+1 (y 75) sky 15 block 0 in air, daylight 1.0
imagecheck tour_mesa.png magenta=0.00000 black=0.0000 white=0.0008 std=42.0 hash=c64507986398a58d
imagecheck tour_mesa.png magenta=0.00000 black=0.0000 white=0.0008 std=42.0 hash=c64507986398a58d
seed 12345  pos -2871.5 174.0 3272.5  rd 12  chunks 593  (drawn 157)
gen 468 ms  mesh(all, parallel) 796 ms  mesh(1 section) 0.22 ms  quads 1759915 opaque / 35393 water
frame (encode+GPU, offscreen, median of 30) 5.03 ms  biome badlands
mesh slabs 64 MB, chunks 593 (block+light arrays 63 MB), Metal allocated 246 MB
memory: resident 372 MB  (section meshes 55 MB)
wrote snaps/tour_mesa.png
textures without a painter: missing
textures: 1665 layers at 128 px, BC3, 34.7 MB with mips (build 945 ms, upload 302 ms)
light probe: eye sky 15 block 0 in air; floor+1 (y 65) sky 15 block 0 in air, daylight 1.0
imagecheck tour_coast.png magenta=0.00000 black=0.0000 white=0.0008 std=48.4 hash=9c8a9b435bf0be3e
imagecheck tour_coast.png magenta=0.00000 black=0.0000 white=0.0008 std=48.4 hash=9c8a9b435bf0be3e
seed 12345  pos 8.5 159.0 104.5  rd 12  chunks 593  (drawn 167)
gen 522 ms  mesh(all, parallel) 456 ms  mesh(1 section) 0.17 ms  quads 1118008 opaque / 72022 water
frame (encode+GPU, offscreen, median of 30) 6.44 ms  biome beach
mesh slabs 40 MB, chunks 593 (block+light arrays 52 MB), Metal allocated 222 MB
memory: resident 339 MB  (section meshes 36 MB)
wrote snaps/tour_coast.png
textures without a painter: missing
textures: 1665 layers at 128 px, BC3, 34.7 MB with mips (build 638 ms, upload 227 ms)
light probe: eye sky 15 block 0 in air; floor+1 (y 185) sky 0 block 0 in powder_snow, daylight 1.0
imagecheck tour_snowline.png magenta=0.00000 black=0.0000 white=0.2029 std=55.1 hash=facbdad965af58d7
imagecheck tour_snowline.png magenta=0.00000 black=0.0000 white=0.2029 std=55.1 hash=facbdad965af58d7
seed 424242  pos -1431.5 256.0 -183.5  rd 16  chunks 997  (drawn 276)
gen 743 ms  mesh(all, parallel) 696 ms  mesh(1 section) 0.18 ms  quads 1663562 opaque / 39894 water
frame (encode+GPU, offscreen, median of 30) 5.50 ms  biome snowySlopes
mesh slabs 60 MB, chunks 997 (block+light arrays 125 MB), Metal allocated 230 MB
memory: resident 423 MB  (section meshes 52 MB)
wrote snaps/tour_snowline.png
textures without a painter: missing
textures: 1665 layers at 128 px, BC3, 34.7 MB with mips (build 1079 ms, upload 334 ms)
light probe: eye sky 15 block 0 in air; floor+1 (y 72) sky 15 block 0 in air, daylight 1.0
imagecheck spawn.png magenta=0.00000 black=0.0078 white=0.0008 std=40.5 hash=02e17d1e72bb10c0
imagecheck spawn.png magenta=0.00000 black=0.0078 white=0.0008 std=40.5 hash=02e17d1e72bb10c0
seed 12345  pos 31.5 136.0 29.5  rd 8  chunks 297  (drawn 78)
gen 214 ms  mesh(all, parallel) 241 ms  mesh(1 section) 0.62 ms  quads 969508 opaque / 20135 water
frame (encode+GPU, offscreen, median of 30) 5.39 ms  biome forest
mesh slabs 36 MB, chunks 297 (block+light arrays 28 MB), Metal allocated 206 MB
memory: resident 269 MB  (section meshes 30 MB)
wrote snaps/spawn.png
ship boat: Assembled 126 blocks (68.0 t)
ship boat: 126 blocks 68.0 t  pos 106.4 127.0 178.2  speed 4.65 b/s  submerged 68.3  contacts 0  physics 0.01 ms/frame
textures without a painter: missing
textures: 1665 layers at 128 px, BC3, 34.7 MB with mips (build 789 ms, upload 281 ms)
light probe: eye sky 15 block 0 in air; floor+1 (y 50) sky 2 block 0 in water, daylight 1.0
imagecheck ship_boat.png magenta=0.00000 black=0.0000 white=0.0023 std=53.7 hash=9e4a63beb102a688
imagecheck ship_boat.png magenta=0.00000 black=0.0000 white=0.0023 std=53.7 hash=9e4a63beb102a688
seed 12345  pos 101.8 131.4 194.6  rd 8  chunks 297  (drawn 73)
gen 209 ms  mesh(all, parallel) 226 ms  mesh(1 section) 1.57 ms  quads 555057 opaque / 59777 water
frame (encode+GPU, offscreen, median of 30) 6.13 ms  biome ocean
mesh slabs 24 MB, chunks 297 (block+light arrays 23 MB), Metal allocated 206 MB
memory: resident 258 MB  (section meshes 19 MB)
wrote snaps/ship_boat.png
ship deck: Assembled 126 blocks (68.0 t)
ship deck: 126 blocks 68.0 t  pos 104.5 127.0 191.3  speed 4.07 b/s  submerged 68.5  contacts 0  physics 0.01 ms/frame
textures without a painter: missing
textures: 1665 layers at 128 px, BC3, 34.7 MB with mips (build 940 ms, upload 363 ms)
light probe: eye sky 15 block 0 in air; floor+1 (y 50) sky 2 block 0 in water, daylight 1.0
imagecheck ship_deck.png magenta=0.00000 black=0.0004 white=0.0025 std=51.2 hash=edade7d9b517cc7b
imagecheck ship_deck.png magenta=0.00000 black=0.0004 white=0.0025 std=51.2 hash=edade7d9b517cc7b
seed 12345  pos 104.5 126.7 194.2  rd 8  chunks 297  (drawn 72)
gen 221 ms  mesh(all, parallel) 198 ms  mesh(1 section) 0.55 ms  quads 555057 opaque / 59777 water
frame (encode+GPU, offscreen, median of 30) 4.99 ms  biome ocean
mesh slabs 24 MB, chunks 297 (block+light arrays 23 MB), Metal allocated 206 MB
memory: resident 276 MB  (section meshes 19 MB)
wrote snaps/ship_deck.png
ship airship: Assembled 236 blocks (46.3 t)
ship airship: 236 blocks 46.3 t  pos -62.8 160.5 52.8  speed 20.85 b/s  submerged 0.0  contacts 0  physics 0.00 ms/frame
textures without a painter: missing
textures: 1665 layers at 128 px, BC3, 34.7 MB with mips (build 905 ms, upload 309 ms)
light probe: eye sky 15 block 0 in air; floor+1 (y 76) sky 15 block 0 in air, daylight 1.0
imagecheck ship_airship.png magenta=0.00000 black=0.0000 white=0.0023 std=50.5 hash=02c093d983e9607f
imagecheck ship_airship.png magenta=0.00000 black=0.0000 white=0.0023 std=50.5 hash=02c093d983e9607f
seed 12345  pos -76.6 164.9 71.5  rd 8  chunks 340  (drawn 77)
gen 211 ms  mesh(all, parallel) 182 ms  mesh(1 section) 0.47 ms  quads 793167 opaque / 16522 water
frame (encode+GPU, offscreen, median of 30) 6.26 ms  biome plains
mesh slabs 36 MB, chunks 340 (block+light arrays 30 MB), Metal allocated 206 MB
memory: resident 274 MB  (section meshes 30 MB)
wrote snaps/ship_airship.png
ship car: Assembled 48 blocks (28.5 t)
ship car: 48 blocks 28.5 t  pos -85.5 135.8 66.1  speed 3.84 b/s  submerged 0.0  contacts 2  physics 0.01 ms/frame
textures without a painter: missing
textures: 1665 layers at 128 px, BC3, 34.7 MB with mips (build 616 ms, upload 234 ms)
light probe: eye sky 15 block 0 in air; floor+1 (y 71) sky 15 block 0 in air, daylight 1.0
imagecheck ship_car.png magenta=0.00000 black=0.0057 white=0.0019 std=43.3 hash=9b56a22aa04f35bb
imagecheck ship_car.png magenta=0.00000 black=0.0057 white=0.0019 std=43.3 hash=9b56a22aa04f35bb
seed 12345  pos -87.2 139.2 80.8  rd 8  chunks 316  (drawn 70)
gen 246 ms  mesh(all, parallel) 160 ms  mesh(1 section) 0.26 ms  quads 793167 opaque / 16522 water
frame (encode+GPU, offscreen, median of 30) 5.01 ms  biome plains
mesh slabs 32 MB, chunks 316 (block+light arrays 27 MB), Metal allocated 202 MB
memory: resident 266 MB  (section meshes 27 MB)
wrote snaps/ship_car.png
ship plane: Assembled 78 blocks (25.7 t)
ship plane: 78 blocks 25.7 t  pos -86.3 170.5 6.6  speed 25.97 b/s  submerged 0.0  contacts 0  physics 0.00 ms/frame
textures without a painter: missing
textures: 1665 layers at 128 px, BC3, 34.7 MB with mips (build 715 ms, upload 257 ms)
light probe: eye sky 15 block 0 in air; floor+1 (y 89) sky 15 block 0 in air, daylight 1.0
imagecheck ship_plane.png magenta=0.00000 black=0.0000 white=0.0024 std=53.2 hash=93ed5958506ad1b7
imagecheck ship_plane.png magenta=0.00000 black=0.0000 white=0.0024 std=53.2 hash=93ed5958506ad1b7
seed 12345  pos -87.4 173.9 25.6  rd 8  chunks 392  (drawn 76)
gen 197 ms  mesh(all, parallel) 166 ms  mesh(1 section) 0.75 ms  quads 793167 opaque / 16522 water
frame (encode+GPU, offscreen, median of 30) 5.87 ms  biome forest
mesh slabs 44 MB, chunks 392 (block+light arrays 35 MB), Metal allocated 214 MB
memory: resident 284 MB  (section meshes 38 MB)
wrote snaps/ship_plane.png
ship gunboat: Assembled 135 blocks (94.1 t, 1 turret)
ship gunboat: 129 blocks 71.3 t  pos 113.8 127.0 168.7  speed 4.71 b/s  submerged 74.7  contacts 0  physics 0.01 ms/frame
textures without a painter: missing
textures: 1665 layers at 128 px, BC3, 34.7 MB with mips (build 840 ms, upload 278 ms)
light probe: eye sky 15 block 0 in air; floor+1 (y 51) sky 3 block 0 in water, daylight 1.0
imagecheck ship_gunboat.png magenta=0.00000 black=0.0000 white=0.0023 std=54.7 hash=846317cbba6eb7e1
imagecheck ship_gunboat.png magenta=0.00000 black=0.0000 white=0.0023 std=54.7 hash=846317cbba6eb7e1
seed 12345  pos 108.6 131.4 184.8  rd 8  chunks 316  (drawn 73)
gen 201 ms  mesh(all, parallel) 184 ms  mesh(1 section) 0.55 ms  quads 555057 opaque / 59777 water
frame (encode+GPU, offscreen, median of 30) 6.55 ms  biome ocean
mesh slabs 24 MB, chunks 316 (block+light arrays 25 MB), Metal allocated 206 MB
memory: resident 275 MB  (section meshes 20 MB)
wrote snaps/ship_gunboat.png
ship frigate: 3151 blocks 826 t  pos -87.5 183.0 74.5  speed 0.01 b/s  turrets 2  crew 4  physics 0.01 ms/frame
textures without a painter: missing
textures: 1665 layers at 128 px, BC3, 34.7 MB with mips (build 814 ms, upload 282 ms)
light probe: eye sky 15 block 0 in air; floor+1 (y 98) sky 15 block 0 in air, daylight 1.0
imagecheck ship_frigate.png magenta=0.00000 black=0.0000 white=0.0015 std=37.9 hash=43fdf1cd90b5acd2
imagecheck ship_frigate.png magenta=0.00000 black=0.0000 white=0.0015 std=37.9 hash=43fdf1cd90b5acd2
seed 12345  pos -65.6 195.4 8.0  rd 10  chunks 578  (drawn 113)
gen 354 ms  mesh(all, parallel) 334 ms  mesh(1 section) 0.38 ms  quads 1043666 opaque / 33881 water
frame (encode+GPU, offscreen, median of 30) 5.64 ms  biome forest
mesh slabs 56 MB, chunks 578 (block+light arrays 53 MB), Metal allocated 238 MB
memory: resident 345 MB  (section meshes 49 MB)
wrote snaps/ship_frigate.png
ship carriage: 1037 blocks 1925 t  pos -87.5 143.3 74.5  speed 0.00 b/s  turrets 1  crew 2  physics 0.08 ms/frame
textures without a painter: missing
textures: 1665 layers at 128 px, BC3, 34.7 MB with mips (build 795 ms, upload 265 ms)
light probe: eye sky 15 block 0 in air; floor+1 (y 71) sky 15 block 0 in air, daylight 1.0
imagecheck ship_carriage.png magenta=0.00000 black=0.0000 white=0.0019 std=38.3 hash=26e3952aba4dede3
imagecheck ship_carriage.png magenta=0.00000 black=0.0000 white=0.0019 std=38.3 hash=26e3952aba4dede3
seed 12345  pos -128.8 153.7 70.3  rd 8  chunks 368  (drawn 75)
gen 262 ms  mesh(all, parallel) 239 ms  mesh(1 section) 0.23 ms  quads 793167 opaque / 16522 water
frame (encode+GPU, offscreen, median of 30) 4.57 ms  biome plains
mesh slabs 40 MB, chunks 368 (block+light arrays 32 MB), Metal allocated 222 MB
memory: resident 281 MB  (section meshes 33 MB)
wrote snaps/ship_carriage.png
ship battle: 3.8 s until shells were in the air (4 in flight), frigate 58 blocks away
textures without a painter: missing
textures: 1665 layers at 128 px, BC3, 34.7 MB with mips (build 822 ms, upload 282 ms)
light probe: eye sky 15 block 0 in air; floor+1 (y 72) sky 15 block 0 in air, daylight 1.0
imagecheck ship_battle.png magenta=0.00000 black=0.0000 white=0.0718 std=58.1 hash=1bd28b3aeb733a74
imagecheck ship_battle.png magenta=0.00000 black=0.0000 white=0.0718 std=58.1 hash=1bd28b3aeb733a74
seed 12345  pos -42.0 136.0 86.0  rd 10  chunks 437  (drawn 109)
gen 357 ms  mesh(all, parallel) 319 ms  mesh(1 section) 0.21 ms  quads 1043666 opaque / 33881 water
frame (encode+GPU, offscreen, median of 30) 5.16 ms  biome plains
mesh slabs 40 MB, chunks 437 (block+light arrays 38 MB), Metal allocated 222 MB
memory: resident 307 MB  (section meshes 33 MB)
wrote snaps/ship_battle.png
physicstest boat: Assembled 126 blocks (68.0 t)
physicstest PASS: boat has helm, propeller and engine
physicstest boat: mass 68.0 t, submerged 68.0, draft 1.23, vy 0.000, up 1.000
physicstest PASS: boat floats upright at rest
physicstest boat: 10 s at full throttle: 40.9 blocks, speed 4.81 b/s, rider at 2.50 1.00 5.70 (deck 2.5 1.0 5.5)
physicstest PASS: boat sails under propeller power
physicstest PASS: player stays on the moving deck
physicstest boat: turned -88 degrees in 5 s
physicstest PASS: boat turns right under helm
physicstest boat: 6 sails, wind 5.0 b/s: drifted 10.6 blocks in 8 s
physicstest PASS: sails carry the boat with the wind
physicstest PASS: ship saves and loads (610 bytes)
physicstest gunboat: Assembled 135 blocks (94.1 t, 1 turret)
physicstest PASS: turret carries its cannons
physicstest gunboat: turret yaw 1.57 (wanted 1.57), bearing gap 0.000
physicstest PASS: turret turns on its ring and stays mounted
physicstest PASS: turret link saves and loads
physicstest gunboat: fired 3 shells, 20 of 20 wall blocks destroyed, 0 in flight
physicstest PASS: cannon shells fly and explode on impact
physicstest gunboat: blast removed 11 hull blocks
physicstest PASS: explosions break ship blocks
physicstest gunboat: sawn through 4 blocks: 1 new ship(s), 70 + 44 blocks
physicstest PASS: a hull cut in two becomes two ships
physicstest ramming: struck boat moved 8.1 blocks, closest centres 11.9 (hull length 12)
physicstest PASS: ships collide with each other
physicstest airship: Assembled 236 blocks (46.3 t)
physicstest airship: mass 46.3 t, 154 balloons, lift 0.15, drift -0.00 in 4 s
physicstest PASS: airship hovers
physicstest airship: climbed 11.5 in 3 s
physicstest PASS: airship climbs
physicstest airship: flew 64.2 blocks in 6 s, altitude change -0.30
physicstest PASS: airship flies level under propellers
physicstest plane: Assembled 78 blocks (25.7 t)
physicstest plane: mass 25.7 t, 38 airfoils, 6 s: 149.7 blocks, altitude change -4.9, speed 27.5, up 1.00
physicstest PASS: aircraft flies under power
physicstest plane: climb input 2 s: altitude change 11.2
physicstest PASS: aircraft climbs when pulled up
physicstest takeoff: Assembled 81 blocks (27.5 t)
physicstest takeoff: rolled 49.7 blocks in 4 s (12.0 b/s), then 3 s pulled up: climbed 11.2, up 0.72
physicstest PASS: aircraft takes off from a runway
physicstest car: Assembled 48 blocks (28.5 t)
physicstest car: mass 28.5 t, grounded yes, up 1.000, vy -0.000
physicstest PASS: car rests on its wheels
physicstest car: drove 41.1 blocks in 6 s, speed 8.42, up 1.000
physicstest PASS: car drives
physicstest car: docked 48 of 48 blocks back into the world
physicstest PASS: car docks back into the world
physicstest frigate: 3151 blocks 826 t, 1716 balloons, lift 0.24, 10 s patrol: 23.9 blocks, altitude change -0.00, up 1.000
physicstest PASS: frigate patrols at its altitude
physicstest frigate: turret aim error 0.000 rad
physicstest PASS: frigate turret tracks a target
physicstest frigate: guns engage a player 40 blocks off: true, one on the deck: false
physicstest PASS: vessel guns engage outsiders, not boarders
physicstest frigate: captain's chest holds 3 stacks, 0 of 4 crew aboard
physicstest PASS: frigate carries loot
physicstest PASS: Steelhold soldiers crew the frigate (4 of 4)
physicstest frigate: captured yes, piloted 3 s: 18.9 blocks
physicstest PASS: a vessel can be captured and steered
physicstest PASS: capturing a vessel earns Prize Crew
physicstest frigate: throttle held at 1.00 after letting go, 0.00 after S for 1.5 s, 0.00 after 0.3 s more
physicstest PASS: ship throttle holds and stops at zero
physicstest carriage: 1037 blocks 1925 t, grounded yes, up 1.000, 6 s: 22.3 blocks
physicstest PASS: siege carriage rolls on six wheels
physicstest PASS: siege carriage's giant gun fires
physicstest encounters: 34 frigates, 20 siege carriages in 441 regions of 2048 blocks
physicstest PASS: vessel encounters are rare
physicstest encounters: nearest frigate home at 592, 909: 1 appeared
physicstest PASS: a vessel appears when the player nears its home
physicstest sleep: 600 blocks away asleep+released true, back near awake true meshed true
physicstest PASS: far ships sleep and wake
physicstest wreck: helm gone -> wrecked yes, sank 5.4 blocks in 4 s, autopilot off
physicstest PASS: a vessel without its helm founders and sinks
physicstest: 0 checks failed, 2.6 s, ships 18
textures without a painter: missing
textures: 1665 layers at 128 px, BC3, 34.7 MB with mips (build 641 ms, upload 224 ms)
light probe: eye sky 15 block 0 in air; floor+1 (y 60) sky 9 block 0 in water, daylight 1.0
imagecheck physicstest.png magenta=0.00000 black=0.0000 white=0.0022 std=41.5 hash=2e24dc4a11ca417a
imagecheck physicstest.png magenta=0.00000 black=0.0000 white=0.0022 std=41.5 hash=2e24dc4a11ca417a
seed 12345  pos 124.5 134.5 51.6  rd 8  chunks 1354  (drawn 67)
gen 252 ms  mesh(all, parallel) 244 ms  mesh(1 section) 0.31 ms  quads 969508 opaque / 20135 water
frame (encode+GPU, offscreen, median of 30) 6.67 ms  biome river
mesh slabs 112 MB, chunks 1354 (block+light arrays 118 MB), Metal allocated 294 MB
memory: resident 431 MB  (section meshes 97 MB)
wrote snaps/physicstest.png
textures without a painter: missing
textures: 1665 layers at 128 px, BC3, 34.7 MB with mips (build 821 ms, upload 274 ms)
light probe: eye sky 15 block 0 in air; floor+1 (y 78) sky 15 block 0 in air, daylight 1.0
imagecheck aerial.png magenta=0.00000 black=0.0000 white=0.0042 std=54.6 hash=d7b3ba6e68fdfdaf
imagecheck aerial.png magenta=0.00000 black=0.0000 white=0.0042 std=54.6 hash=d7b3ba6e68fdfdaf
seed 12345  pos 31.5 181.0 29.5  rd 12  chunks 593  (drawn 138)
gen 472 ms  mesh(all, parallel) 550 ms  mesh(1 section) 0.77 ms  quads 1533181 opaque / 49387 water
frame (encode+GPU, offscreen, median of 30) 5.77 ms  biome forest
mesh slabs 56 MB, chunks 593 (block+light arrays 57 MB), Metal allocated 226 MB
memory: resident 341 MB  (section meshes 48 MB)
wrote snaps/aerial.png
textures without a painter: missing
textures: 1665 layers at 128 px, BC3, 34.7 MB with mips (build 776 ms, upload 265 ms)
light probe: eye sky 15 block 0 in air; floor+1 (y 72) sky 15 block 0 in air, daylight 1.0
imagecheck aerial16.png magenta=0.00000 black=0.0000 white=0.0008 std=47.7 hash=6728b0d7ac765379
imagecheck aerial16.png magenta=0.00000 black=0.0000 white=0.0008 std=47.7 hash=6728b0d7ac765379
seed 12345  pos 31.5 166.0 29.5  rd 16  chunks 997  (drawn 216)
gen 803 ms  mesh(all, parallel) 877 ms  mesh(1 section) 0.61 ms  quads 2052952 opaque / 85033 water
frame (encode+GPU, offscreen, median of 30) 6.51 ms  biome forest
mesh slabs 72 MB, chunks 997 (block+light arrays 98 MB), Metal allocated 254 MB
memory: resident 411 MB  (section meshes 65 MB)
wrote snaps/aerial16.png
textures without a painter: missing
textures: 1665 layers at 128 px, BC3, 34.7 MB with mips (build 824 ms, upload 276 ms)
light probe: eye sky 15 block 0 in air; floor+1 (y 72) sky 15 block 0 in air, daylight 1.0
imagecheck aerial16_fast.png magenta=0.00000 black=0.0000 white=0.0008 std=38.0 hash=24ef22bdcb2ea347
imagecheck aerial16_fast.png magenta=0.00000 black=0.0000 white=0.0008 std=38.0 hash=24ef22bdcb2ea347
seed 12345  pos 31.5 166.0 29.5  rd 16  chunks 997  (drawn 216)
gen 1072 ms  mesh(all, parallel) 1033 ms  mesh(1 section) 0.61 ms  quads 2052952 opaque / 85033 water
frame (encode+GPU, offscreen, median of 30) 2.62 ms  biome forest
mesh slabs 72 MB, chunks 997 (block+light arrays 98 MB), Metal allocated 214 MB
memory: resident 316 MB  (section meshes 65 MB)
wrote snaps/aerial16_fast.png
textures without a painter: missing
textures: 1665 layers at 128 px, BC3, 34.7 MB with mips (build 635 ms, upload 230 ms)
light probe: eye sky 15 block 0 in air; floor+1 (y 72) sky 15 block 0 in air, daylight 1.0
imagecheck ground16.png magenta=0.00000 black=0.0001 white=0.0013 std=62.2 hash=0bfc4f72d049b022
imagecheck ground16.png magenta=0.00000 black=0.0001 white=0.0013 std=62.2 hash=0bfc4f72d049b022
seed 12345  pos 31.5 137.0 29.5  rd 16  chunks 997  (drawn 211)
gen 661 ms  mesh(all, parallel) 783 ms  mesh(1 section) 0.73 ms  quads 2052952 opaque / 85033 water
frame (encode+GPU, offscreen, median of 30) 4.32 ms  biome forest
mesh slabs 72 MB, chunks 997 (block+light arrays 98 MB), Metal allocated 262 MB
memory: resident 425 MB  (section meshes 65 MB)
wrote snaps/ground16.png
textures without a painter: missing
textures: 1665 layers at 128 px, BC3, 34.7 MB with mips (build 829 ms, upload 250 ms)
light probe: eye sky 15 block 0 in air; floor+1 (y 72) sky 15 block 0 in air, daylight 1.0
imagecheck ground16_fast.png magenta=0.00000 black=0.0000 white=0.0013 std=57.4 hash=d964108535bf1183
imagecheck ground16_fast.png magenta=0.00000 black=0.0000 white=0.0013 std=57.4 hash=d964108535bf1183
seed 12345  pos 31.5 137.0 29.5  rd 16  chunks 997  (drawn 211)
gen 847 ms  mesh(all, parallel) 1019 ms  mesh(1 section) 0.73 ms  quads 2052952 opaque / 85033 water
frame (encode+GPU, offscreen, median of 30) 2.65 ms  biome forest
mesh slabs 72 MB, chunks 997 (block+light arrays 98 MB), Metal allocated 214 MB
memory: resident 336 MB  (section meshes 65 MB)
wrote snaps/ground16_fast.png
textures without a painter: missing
textures: 1665 layers at 128 px, BC3, 34.7 MB with mips (build 858 ms, upload 286 ms)
light probe: eye sky 15 block 0 in air; floor+1 (y 90) sky 15 block 0 in air, daylight 1.0
imagecheck aerial16_777.png magenta=0.00000 black=0.0000 white=0.0008 std=46.4 hash=352c143de520124d
imagecheck aerial16_777.png magenta=0.00000 black=0.0000 white=0.0008 std=46.4 hash=352c143de520124d
seed 777  pos 8.5 184.0 8.5  rd 16  chunks 997  (drawn 260)
gen 878 ms  mesh(all, parallel) 1055 ms  mesh(1 section) 0.46 ms  quads 1570148 opaque / 134524 water
frame (encode+GPU, offscreen, median of 30) 6.98 ms  biome forest
mesh slabs 60 MB, chunks 997 (block+light arrays 92 MB), Metal allocated 242 MB
memory: resident 363 MB  (section meshes 52 MB)
wrote snaps/aerial16_777.png
textures without a painter: missing
textures: 1665 layers at 128 px, BC3, 34.7 MB with mips (build 786 ms, upload 269 ms)
light probe: eye sky 15 block 0 in air; floor+1 (y 90) sky 15 block 0 in air, daylight 0.12
imagecheck ocean_night_777.png magenta=0.00000 black=0.5854 white=0.0009 std=18.8 hash=669f80e5308063e1
imagecheck ocean_night_777.png magenta=0.00000 black=0.5854 white=0.0009 std=18.8 hash=669f80e5308063e1
seed 777  pos 8.5 184.0 8.5  rd 16  chunks 997  (drawn 266)
gen 873 ms  mesh(all, parallel) 866 ms  mesh(1 section) 0.45 ms  quads 1570148 opaque / 134524 water
frame (encode+GPU, offscreen, median of 30) 7.62 ms  biome forest
mesh slabs 60 MB, chunks 997 (block+light arrays 92 MB), Metal allocated 242 MB
memory: resident 391 MB  (section meshes 52 MB)
wrote snaps/ocean_night_777.png
textures without a painter: missing
textures: 1665 layers at 128 px, BC3, 34.7 MB with mips (build 643 ms, upload 237 ms)
light probe: eye sky 15 block 0 in air; floor+1 (y 90) sky 15 block 0 in air, daylight 0.12
imagecheck ocean_night_777_fast.png magenta=0.00000 black=0.6199 white=0.0008 std=12.2 hash=548869bf220e1635
imagecheck ocean_night_777_fast.png magenta=0.00000 black=0.6199 white=0.0008 std=12.2 hash=548869bf220e1635
seed 777  pos 8.5 184.0 8.5  rd 16  chunks 997  (drawn 266)
gen 663 ms  mesh(all, parallel) 695 ms  mesh(1 section) 0.47 ms  quads 1570148 opaque / 134524 water
frame (encode+GPU, offscreen, median of 30) 4.13 ms  biome forest
mesh slabs 60 MB, chunks 997 (block+light arrays 92 MB), Metal allocated 202 MB
memory: resident 306 MB  (section meshes 52 MB)
wrote snaps/ocean_night_777_fast.png
textures without a painter: missing
textures: 1665 layers at 128 px, BC3, 34.7 MB with mips (build 841 ms, upload 273 ms)
light probe: eye sky 15 block 0 in air; floor+1 (y 99) sky 15 block 0 in air, daylight 1.0
imagecheck aerial16_424242.png magenta=0.00000 black=0.0000 white=0.0020 std=41.3 hash=b6e453f734e3e401
imagecheck aerial16_424242.png magenta=0.00000 black=0.0000 white=0.0020 std=41.3 hash=b6e453f734e3e401
seed 424242  pos -3.5 193.0 17.5  rd 16  chunks 997  (drawn 252)
gen 809 ms  mesh(all, parallel) 1247 ms  mesh(1 section) 0.74 ms  quads 1829900 opaque / 107204 water
frame (encode+GPU, offscreen, median of 30) 12.09 ms  biome forest
mesh slabs 68 MB, chunks 997 (block+light arrays 92 MB), Metal allocated 250 MB
memory: resident 375 MB  (section meshes 59 MB)
wrote snaps/aerial16_424242.png
textures without a painter: missing
textures: 1665 layers at 128 px, BC3, 34.7 MB with mips (build 869 ms, upload 269 ms)
light probe: eye sky 15 block 0 in air; floor+1 (y 99) sky 15 block 0 in air, daylight 1.0
imagecheck aerial24.png magenta=0.00000 black=0.0000 white=0.0081 std=47.0 hash=e4084da588757e18
imagecheck aerial24.png magenta=0.00000 black=0.0000 white=0.0081 std=47.0 hash=e4084da588757e18
seed 424242  pos -3.5 193.0 17.5  rd 24  chunks 2085  (drawn 544)
gen 1749 ms  mesh(all, parallel) 2191 ms  mesh(1 section) 0.64 ms  quads 3022477 opaque / 258484 water
frame (encode+GPU, offscreen, median of 30) 9.47 ms  biome forest
mesh slabs 112 MB, chunks 2085 (block+light arrays 191 MB), Metal allocated 294 MB
memory: resident 641 MB  (section meshes 100 MB)
wrote snaps/aerial24.png
textures without a painter: missing
textures: 1665 layers at 128 px, BC3, 34.7 MB with mips (build 844 ms, upload 285 ms)
light probe: eye sky 15 block 0 in air; floor+1 (y 72) sky 15 block 0 in air, daylight 0.85465163
imagecheck sunset.png magenta=0.00000 black=0.0000 white=0.0008 std=50.2 hash=5cdae7fb3ae9210f
imagecheck sunset.png magenta=0.00000 black=0.0000 white=0.0008 std=50.2 hash=5cdae7fb3ae9210f
seed 12345  pos 31.5 146.0 29.5  rd 8  chunks 297  (drawn 53)
gen 370 ms  mesh(all, parallel) 394 ms  mesh(1 section) 0.59 ms  quads 969508 opaque / 20135 water
frame (encode+GPU, offscreen, median of 30) 4.63 ms  biome forest
mesh slabs 36 MB, chunks 297 (block+light arrays 28 MB), Metal allocated 206 MB
memory: resident 266 MB  (section meshes 30 MB)
wrote snaps/sunset.png
textures without a painter: missing
textures: 1665 layers at 128 px, BC3, 34.7 MB with mips (build 719 ms, upload 250 ms)
light probe: eye sky 15 block 0 in air; floor+1 (y 72) sky 15 block 0 in air, daylight 0.85465163
imagecheck sunset_fast.png magenta=0.00000 black=0.0000 white=0.0008 std=44.4 hash=ed238b3972d2f355
imagecheck sunset_fast.png magenta=0.00000 black=0.0000 white=0.0008 std=44.4 hash=ed238b3972d2f355
seed 12345  pos 31.5 146.0 29.5  rd 8  chunks 297  (drawn 53)
gen 253 ms  mesh(all, parallel) 241 ms  mesh(1 section) 0.63 ms  quads 969508 opaque / 20135 water
frame (encode+GPU, offscreen, median of 30) 2.17 ms  biome forest
mesh slabs 36 MB, chunks 297 (block+light arrays 28 MB), Metal allocated 178 MB
memory: resident 205 MB  (section meshes 30 MB)
wrote snaps/sunset_fast.png
textures without a painter: missing
textures: 1665 layers at 128 px, BC3, 34.7 MB with mips (build 645 ms, upload 236 ms)
light probe: eye sky 15 block 0 in air; floor+1 (y 72) sky 15 block 0 in air, daylight 0.49182066
imagecheck sunset_sun.png magenta=0.00000 black=0.0003 white=0.0107 std=72.4 hash=3e153f2f44c2bb13
imagecheck sunset_sun.png magenta=0.00000 black=0.0003 white=0.0107 std=72.4 hash=3e153f2f44c2bb13
seed 12345  pos 31.5 146.0 29.5  rd 8  chunks 297  (drawn 79)
gen 203 ms  mesh(all, parallel) 222 ms  mesh(1 section) 0.70 ms  quads 969508 opaque / 20135 water
frame (encode+GPU, offscreen, median of 30) 5.04 ms  biome forest
mesh slabs 36 MB, chunks 297 (block+light arrays 28 MB), Metal allocated 206 MB
memory: resident 276 MB  (section meshes 30 MB)
wrote snaps/sunset_sun.png
textures without a painter: missing
textures: 1665 layers at 128 px, BC3, 34.7 MB with mips (build 651 ms, upload 242 ms)
light probe: eye sky 15 block 0 in air; floor+1 (y 72) sky 15 block 0 in air, daylight 0.12
imagecheck night.png magenta=0.00000 black=0.1847 white=0.0008 std=14.5 hash=cb9aa250a3a511d2
imagecheck night.png magenta=0.00000 black=0.1847 white=0.0008 std=14.5 hash=cb9aa250a3a511d2
seed 12345  pos 31.5 141.0 29.5  rd 8  chunks 297  (drawn 81)
gen 224 ms  mesh(all, parallel) 219 ms  mesh(1 section) 0.67 ms  quads 969508 opaque / 20135 water
frame (encode+GPU, offscreen, median of 30) 4.87 ms  biome forest
mesh slabs 36 MB, chunks 297 (block+light arrays 28 MB), Metal allocated 206 MB
memory: resident 270 MB  (section meshes 30 MB)
wrote snaps/night.png
textures without a painter: missing
textures: 1665 layers at 128 px, BC3, 34.7 MB with mips (build 724 ms, upload 249 ms)
light probe: eye sky 15 block 0 in air; floor+1 (y 49) sky 1 block 0 in water, daylight 1.0
imagecheck lake.png magenta=0.00000 black=0.0000 white=0.0008 std=48.7 hash=f80a54c4fbbf73d3
imagecheck lake.png magenta=0.00000 black=0.0000 white=0.0008 std=48.7 hash=f80a54c4fbbf73d3
seed 12345  pos 104.5 129.0 200.5  rd 8  chunks 297  (drawn 74)
gen 281 ms  mesh(all, parallel) 182 ms  mesh(1 section) 0.55 ms  quads 555057 opaque / 59777 water
frame (encode+GPU, offscreen, median of 30) 5.09 ms  biome ocean
mesh slabs 24 MB, chunks 297 (block+light arrays 23 MB), Metal allocated 206 MB
memory: resident 268 MB  (section meshes 19 MB)
wrote snaps/lake.png
textures without a painter: missing
textures: 1665 layers at 128 px, BC3, 34.7 MB with mips (build 1017 ms, upload 370 ms)
light probe: eye sky 15 block 0 in air; floor+1 (y 49) sky 1 block 0 in water, daylight 0.6848348
imagecheck lake_glint.png magenta=0.00000 black=0.0000 white=0.0373 std=61.1 hash=ef4edcea8e6bd6ca
imagecheck lake_glint.png magenta=0.00000 black=0.0000 white=0.0373 std=61.1 hash=ef4edcea8e6bd6ca
seed 12345  pos 104.5 129.0 200.5  rd 8  chunks 297  (drawn 75)
gen 261 ms  mesh(all, parallel) 193 ms  mesh(1 section) 0.58 ms  quads 555057 opaque / 59777 water
frame (encode+GPU, offscreen, median of 30) 5.01 ms  biome ocean
mesh slabs 24 MB, chunks 297 (block+light arrays 23 MB), Metal allocated 206 MB
memory: resident 255 MB  (section meshes 19 MB)
wrote snaps/lake_glint.png
textures without a painter: missing
textures: 1665 layers at 128 px, BC3, 34.7 MB with mips (build 838 ms, upload 283 ms)
light probe: eye sky 15 block 0 in air; floor+1 (y 65) sky 15 block 0 in air, daylight 1.0
imagecheck shore.png magenta=0.00000 black=0.0000 white=0.0008 std=45.9 hash=95a3606c613ed545
imagecheck shore.png magenta=0.00000 black=0.0000 white=0.0008 std=45.9 hash=95a3606c613ed545
seed 12345  pos 8.5 133.0 104.5  rd 8  chunks 297  (drawn 63)
gen 247 ms  mesh(all, parallel) 203 ms  mesh(1 section) 0.17 ms  quads 734803 opaque / 34235 water
frame (encode+GPU, offscreen, median of 30) 4.36 ms  biome beach
mesh slabs 28 MB, chunks 297 (block+light arrays 25 MB), Metal allocated 198 MB
memory: resident 261 MB  (section meshes 23 MB)
wrote snaps/shore.png
textures without a painter: missing
textures: 1665 layers at 128 px, BC3, 34.7 MB with mips (build 814 ms, upload 275 ms)
light probe: eye sky 15 block 0 in air; floor+1 (y 49) sky 1 block 0 in water, daylight 1.0
imagecheck underwater_up.png magenta=0.00000 black=0.0000 white=0.0008 std=21.6 hash=1b80a14219e52c5d
imagecheck underwater_up.png magenta=0.00000 black=0.0000 white=0.0008 std=21.6 hash=1b80a14219e52c5d
seed 12345  pos 104.5 127.0 200.5  rd 8  chunks 297  (drawn 18)
gen 228 ms  mesh(all, parallel) 210 ms  mesh(1 section) 0.57 ms  quads 555057 opaque / 59777 water
frame (encode+GPU, offscreen, median of 30) 3.67 ms  biome ocean
mesh slabs 24 MB, chunks 297 (block+light arrays 23 MB), Metal allocated 206 MB
memory: resident 255 MB  (section meshes 19 MB)
wrote snaps/underwater_up.png
textures without a painter: missing
textures: 1665 layers at 128 px, BC3, 34.7 MB with mips (build 844 ms, upload 279 ms)
light probe: eye sky 15 block 0 in air; floor+1 (y 49) sky 1 block 0 in water, daylight 1.0
imagecheck underwater.png magenta=0.00000 black=0.0000 white=0.0008 std=11.1 hash=ebc5ef1361ad8a70
imagecheck underwater.png magenta=0.00000 black=0.0000 white=0.0008 std=11.1 hash=ebc5ef1361ad8a70
seed 12345  pos 104.5 127.0 200.5  rd 8  chunks 297  (drawn 74)
gen 232 ms  mesh(all, parallel) 208 ms  mesh(1 section) 0.57 ms  quads 555057 opaque / 59777 water
frame (encode+GPU, offscreen, median of 30) 4.05 ms  biome ocean
mesh slabs 24 MB, chunks 297 (block+light arrays 23 MB), Metal allocated 206 MB
memory: resident 264 MB  (section meshes 19 MB)
wrote snaps/underwater.png
textures without a painter: missing
textures: 1665 layers at 128 px, BC3, 34.7 MB with mips (build 659 ms, upload 234 ms)
light probe: eye sky 15 block 0 in air; floor+1 (y 72) sky 15 block 0 in air, daylight 1.0
imagecheck down.png magenta=0.00000 black=0.0000 white=0.0008 std=54.9 hash=a0c16f89bc46ee87
imagecheck down.png magenta=0.00000 black=0.0000 white=0.0008 std=54.9 hash=a0c16f89bc46ee87
seed 12345  pos 31.5 139.0 29.5  rd 8  chunks 297  (drawn 10)
gen 202 ms  mesh(all, parallel) 214 ms  mesh(1 section) 0.58 ms  quads 969508 opaque / 20135 water
frame (encode+GPU, offscreen, median of 30) 4.34 ms  biome forest
mesh slabs 36 MB, chunks 297 (block+light arrays 28 MB), Metal allocated 206 MB
memory: resident 262 MB  (section meshes 30 MB)
wrote snaps/down.png
textures without a painter: missing
textures: 1665 layers at 128 px, BC3, 34.7 MB with mips (build 846 ms, upload 288 ms)
light probe: eye sky 15 block 0 in air; floor+1 (y 87) sky 15 block 0 in air, daylight 1.0
imagecheck forest.png magenta=0.00000 black=0.0000 white=0.0008 std=52.9 hash=f138fea781c509df
imagecheck forest.png magenta=0.00000 black=0.0000 white=0.0008 std=52.9 hash=f138fea781c509df
seed 12345  pos -135.5 173.0 -39.5  rd 8  chunks 297  (drawn 79)
gen 313 ms  mesh(all, parallel) 344 ms  mesh(1 section) 1.17 ms  quads 1123696 opaque / 9408 water
frame (encode+GPU, offscreen, median of 30) 6.14 ms  biome forest
mesh slabs 40 MB, chunks 297 (block+light arrays 29 MB), Metal allocated 210 MB
memory: resident 266 MB  (section meshes 35 MB)
wrote snaps/forest.png
textures without a painter: missing
textures: 1665 layers at 128 px, BC3, 34.7 MB with mips (build 849 ms, upload 278 ms)
light probe: eye sky 15 block 0 in air; floor+1 (y 87) sky 15 block 0 in air, daylight 1.0
imagecheck forest_fast.png magenta=0.00000 black=0.0000 white=0.0008 std=51.9 hash=727aadab126ae509
imagecheck forest_fast.png magenta=0.00000 black=0.0000 white=0.0008 std=51.9 hash=727aadab126ae509
seed 12345  pos -135.5 173.0 -39.5  rd 8  chunks 297  (drawn 79)
gen 223 ms  mesh(all, parallel) 256 ms  mesh(1 section) 0.87 ms  quads 1123696 opaque / 9408 water
frame (encode+GPU, offscreen, median of 30) 3.34 ms  biome forest
mesh slabs 40 MB, chunks 297 (block+light arrays 29 MB), Metal allocated 182 MB
memory: resident 211 MB  (section meshes 35 MB)
wrote snaps/forest_fast.png
textures without a painter: missing
textures: 1665 layers at 128 px, BC3, 34.7 MB with mips (build 727 ms, upload 243 ms)
light probe: eye sky 15 block 0 in air; floor+1 (y 87) sky 15 block 0 in air, daylight 1.0
imagecheck forest_nocull.png magenta=0.00000 black=0.0000 white=0.0008 std=52.9 hash=f138fea781c509df
imagecheck forest_nocull.png magenta=0.00000 black=0.0000 white=0.0008 std=52.9 hash=f138fea781c509df
seed 12345  pos -135.5 173.0 -39.5  rd 8  chunks 297  (drawn 91)
gen 254 ms  mesh(all, parallel) 280 ms  mesh(1 section) 0.79 ms  quads 1123696 opaque / 9408 water
frame (encode+GPU, offscreen, median of 30) 7.60 ms  biome forest
mesh slabs 40 MB, chunks 297 (block+light arrays 29 MB), Metal allocated 210 MB
memory: resident 272 MB  (section meshes 35 MB)
wrote snaps/forest_nocull.png
textures without a painter: missing
textures: 1665 layers at 128 px, BC3, 34.7 MB with mips (build 824 ms, upload 253 ms)
light probe: eye sky 15 block 0 in air; floor+1 (y 87) sky 15 block 0 in air, daylight 1.0
imagecheck forest_nobase.png magenta=0.00000 black=0.0000 white=0.0008 std=52.9 hash=f138fea781c509df
imagecheck forest_nobase.png magenta=0.00000 black=0.0000 white=0.0008 std=52.9 hash=f138fea781c509df
seed 12345  pos -135.5 173.0 -39.5  rd 8  chunks 297  (drawn 79)
gen 265 ms  mesh(all, parallel) 243 ms  mesh(1 section) 1.40 ms  quads 1123696 opaque / 9408 water
frame (encode+GPU, offscreen, median of 30) 6.22 ms  biome forest
mesh slabs 40 MB, chunks 297 (block+light arrays 29 MB), Metal allocated 210 MB
memory: resident 265 MB  (section meshes 35 MB)
wrote snaps/forest_nobase.png
textures without a painter: missing
textures: 1665 layers at 128 px, BC3, 34.7 MB with mips (build 892 ms, upload 311 ms)
verifyworld: 297 chunks, 0 differ from a fresh generation, 0 with a stale heightmap
light probe: eye sky 15 block 0 in air; floor+1 (y 87) sky 15 block 0 in air, daylight 1.0
imagecheck forest_verify.png magenta=0.00000 black=0.0000 white=0.0008 std=52.9 hash=f138fea781c509df
imagecheck forest_verify.png magenta=0.00000 black=0.0000 white=0.0008 std=52.9 hash=f138fea781c509df
seed 12345  pos -135.5 173.0 -39.5  rd 8  chunks 297  (drawn 79)
gen 276 ms  mesh(all, parallel) 279 ms  mesh(1 section) 1.73 ms  quads 1123696 opaque / 9408 water
frame (encode+GPU, offscreen, median of 30) 6.66 ms  biome forest
mesh slabs 40 MB, chunks 297 (block+light arrays 29 MB), Metal allocated 210 MB
memory: resident 277 MB  (section meshes 35 MB)
wrote snaps/forest_verify.png
camera in solid at -136 82 -40: moved to -131 82 -35
textures without a painter: missing
textures: 1665 layers at 128 px, BC3, 34.7 MB with mips (build 625 ms, upload 231 ms)
light probe: eye sky 15 block 0 in air; floor+1 (y 82) sky 15 block 0 in air, daylight 1.0
imagecheck forest_in.png magenta=0.00000 black=0.0002 white=0.0008 std=38.7 hash=cfacf2f69ebb19d8
imagecheck forest_in.png magenta=0.00000 black=0.0002 white=0.0008 std=38.7 hash=cfacf2f69ebb19d8
seed 12345  pos -130.5 146.0 -34.5  rd 8  chunks 297  (drawn 73)
gen 250 ms  mesh(all, parallel) 232 ms  mesh(1 section) 1.88 ms  quads 1123696 opaque / 9408 water
frame (encode+GPU, offscreen, median of 30) 5.38 ms  biome forest
mesh slabs 40 MB, chunks 297 (block+light arrays 29 MB), Metal allocated 210 MB
memory: resident 279 MB  (section meshes 35 MB)
wrote snaps/forest_in.png
camera in solid at -136 82 -40: moved to -131 82 -35
textures without a painter: missing
textures: 1665 layers at 128 px, BC3, 34.7 MB with mips (build 722 ms, upload 252 ms)
light probe: eye sky 15 block 0 in air; floor+1 (y 82) sky 15 block 0 in air, daylight 1.0
imagecheck crack.png magenta=0.00000 black=0.0004 white=0.0008 std=57.9 hash=dc957dcc4f692b3c
imagecheck crack.png magenta=0.00000 black=0.0004 white=0.0008 std=57.9 hash=dc957dcc4f692b3c
seed 12345  pos -130.5 146.0 -34.5  rd 8  chunks 297  (drawn 60)
gen 242 ms  mesh(all, parallel) 221 ms  mesh(1 section) 0.80 ms  quads 1123696 opaque / 9408 water
frame (encode+GPU, offscreen, median of 30) 4.12 ms  biome forest
mesh slabs 40 MB, chunks 297 (block+light arrays 29 MB), Metal allocated 210 MB
memory: resident 275 MB  (section meshes 35 MB)
wrote snaps/crack.png
textures without a painter: missing
textures: 1665 layers at 128 px, BC3, 34.7 MB with mips (build 837 ms, upload 270 ms)
light probe: eye sky 15 block 0 in air; floor+1 (y 73) sky 15 block 0 in snow, daylight 1.0
imagecheck snowy.png magenta=0.00000 black=0.0000 white=0.0359 std=71.5 hash=bbe4ac8d36314b5d
imagecheck snowy.png magenta=0.00000 black=0.0000 white=0.0359 std=71.5 hash=bbe4ac8d36314b5d
seed 12345  pos -1047.5 157.0 -855.5  rd 8  chunks 297  (drawn 76)
gen 259 ms  mesh(all, parallel) 419 ms  mesh(1 section) 1.38 ms  quads 1632138 opaque / 11459 water
frame (encode+GPU, offscreen, median of 30) 5.59 ms  biome snowyTaiga
mesh slabs 56 MB, chunks 297 (block+light arrays 32 MB), Metal allocated 226 MB
memory: resident 299 MB  (section meshes 50 MB)
wrote snaps/snowy.png
textures without a painter: missing
textures: 1665 layers at 128 px, BC3, 34.7 MB with mips (build 985 ms, upload 337 ms)
light probe: eye sky 15 block 0 in air; floor+1 (y 71) sky 15 block 0 in air, daylight 1.0
imagecheck biome_desert.png magenta=0.00000 black=0.0000 white=0.0008 std=53.3 hash=e66d2c52ef7d17bb
imagecheck biome_desert.png magenta=0.00000 black=0.0000 white=0.0008 std=53.3 hash=e66d2c52ef7d17bb
seed 12345  pos -567.5 153.0 920.5  rd 8  chunks 297  (drawn 80)
gen 247 ms  mesh(all, parallel) 205 ms  mesh(1 section) 0.19 ms  quads 664659 opaque / 12680 water
frame (encode+GPU, offscreen, median of 30) 4.29 ms  biome desert
mesh slabs 24 MB, chunks 297 (block+light arrays 25 MB), Metal allocated 206 MB
memory: resident 271 MB  (section meshes 21 MB)
wrote snaps/biome_desert.png
textures without a painter: missing
textures: 1665 layers at 128 px, BC3, 34.7 MB with mips (build 810 ms, upload 261 ms)
light probe: eye sky 15 block 0 in air; floor+1 (y 79) sky 15 block 0 in air, daylight 1.0
imagecheck biome_jungle.png magenta=0.00000 black=0.0002 white=0.0008 std=47.5 hash=d3fa8466bc7ae4ae
imagecheck biome_jungle.png magenta=0.00000 black=0.0002 white=0.0008 std=47.5 hash=d3fa8466bc7ae4ae
seed 12345  pos -1479.5 161.0 1544.5  rd 8  chunks 297  (drawn 76)
gen 230 ms  mesh(all, parallel) 333 ms  mesh(1 section) 0.91 ms  quads 1313021 opaque / 10318 water
frame (encode+GPU, offscreen, median of 30) 6.23 ms  biome jungle
mesh slabs 48 MB, chunks 297 (block+light arrays 29 MB), Metal allocated 218 MB
memory: resident 280 MB  (section meshes 40 MB)
wrote snaps/biome_jungle.png
textures without a painter: missing
textures: 1665 layers at 128 px, BC3, 34.7 MB with mips (build 868 ms, upload 265 ms)
light probe: eye sky 15 block 0 in air; floor+1 (y 75) sky 15 block 0 in air, daylight 1.0
imagecheck biome_badlands.png magenta=0.00000 black=0.0000 white=0.0008 std=56.9 hash=ff54fc113728d3d1
imagecheck biome_badlands.png magenta=0.00000 black=0.0000 white=0.0008 std=56.9 hash=ff54fc113728d3d1
seed 12345  pos -2871.5 157.0 3272.5  rd 8  chunks 297  (drawn 75)
gen 254 ms  mesh(all, parallel) 390 ms  mesh(1 section) 0.20 ms  quads 1072307 opaque / 11320 water
frame (encode+GPU, offscreen, median of 30) 4.47 ms  biome badlands
mesh slabs 40 MB, chunks 297 (block+light arrays 31 MB), Metal allocated 222 MB
memory: resident 298 MB  (section meshes 33 MB)
wrote snaps/biome_badlands.png
textures without a painter: missing
textures: 1665 layers at 128 px, BC3, 34.7 MB with mips (build 710 ms, upload 233 ms)
light probe: eye sky 15 block 0 in air; floor+1 (y 80) sky 15 block 0 in air, daylight 1.0
imagecheck biome_dark_forest.png magenta=0.00000 black=0.0006 white=0.0008 std=47.7 hash=3596436db8348cb2
imagecheck biome_dark_forest.png magenta=0.00000 black=0.0006 white=0.0008 std=47.7 hash=3596436db8348cb2
seed 12345  pos -231.5 162.0 -183.5  rd 8  chunks 297  (drawn 78)
gen 237 ms  mesh(all, parallel) 288 ms  mesh(1 section) 0.83 ms  quads 1293633 opaque / 13796 water
frame (encode+GPU, offscreen, median of 30) 5.82 ms  biome darkForest
mesh slabs 44 MB, chunks 297 (block+light arrays 29 MB), Metal allocated 214 MB
memory: resident 283 MB  (section meshes 40 MB)
wrote snaps/biome_dark_forest.png
textures without a painter: missing
textures: 1665 layers at 128 px, BC3, 34.7 MB with mips (build 836 ms, upload 266 ms)
light probe: eye sky 15 block 0 in air; floor+1 (y 192) sky 15 block 0 in air, daylight 1.0
imagecheck biome_cherry_grove.png magenta=0.00000 black=0.0000 white=0.0160 std=54.1 hash=25bc4deee629ecc5
imagecheck biome_cherry_grove.png magenta=0.00000 black=0.0000 white=0.0160 std=54.1 hash=25bc4deee629ecc5
seed 12345  pos 1688.5 274.0 1448.5  rd 8  chunks 297  (drawn 81)
gen 247 ms  mesh(all, parallel) 244 ms  mesh(1 section) 0.77 ms  quads 1138756 opaque / 9719 water
frame (encode+GPU, offscreen, median of 30) 5.26 ms  biome cherryGrove
mesh slabs 40 MB, chunks 297 (block+light arrays 41 MB), Metal allocated 210 MB
memory: resident 280 MB  (section meshes 35 MB)
wrote snaps/biome_cherry_grove.png
textures without a painter: missing
textures: 1665 layers at 128 px, BC3, 34.7 MB with mips (build 672 ms, upload 244 ms)
light probe: eye sky 15 block 0 in air; floor+1 (y 265) sky 15 block 0 in air, daylight 1.0
imagecheck biome_jagged_peaks.png magenta=0.00000 black=0.0000 white=0.1158 std=45.4 hash=3d28606fa3f284ca
imagecheck biome_jagged_peaks.png magenta=0.00000 black=0.0000 white=0.1158 std=45.4 hash=3d28606fa3f284ca
seed 12345  pos 248.5 350.0 -615.5  rd 8  chunks 297  (drawn 79)
gen 311 ms  mesh(all, parallel) 251 ms  mesh(1 section) 0.19 ms  quads 1016649 opaque / 10059 water
frame (encode+GPU, offscreen, median of 30) 2.83 ms  biome jaggedPeaks
mesh slabs 36 MB, chunks 297 (block+light arrays 49 MB), Metal allocated 206 MB
memory: resident 298 MB  (section meshes 31 MB)
wrote snaps/biome_jagged_peaks.png
textures without a painter: missing
textures: 1665 layers at 128 px, BC3, 34.7 MB with mips (build 818 ms, upload 257 ms)
light probe: eye sky 15 block 0 in air; floor+1 (y 76) sky 15 block 0 in air, daylight 1.0
imagecheck biome_savanna.png magenta=0.00000 black=0.0000 white=0.0008 std=49.4 hash=91ebee29b628d426
imagecheck biome_savanna.png magenta=0.00000 black=0.0000 white=0.0008 std=49.4 hash=91ebee29b628d426
seed 12345  pos -471.5 158.0 1016.5  rd 8  chunks 297  (drawn 74)
gen 207 ms  mesh(all, parallel) 149 ms  mesh(1 section) 0.50 ms  quads 718221 opaque / 8784 water
frame (encode+GPU, offscreen, median of 30) 4.53 ms  biome savanna
mesh slabs 28 MB, chunks 297 (block+light arrays 25 MB), Metal allocated 198 MB
memory: resident 252 MB  (section meshes 22 MB)
wrote snaps/biome_savanna.png
textures without a painter: missing
textures: 1665 layers at 128 px, BC3, 34.7 MB with mips (build 683 ms, upload 225 ms)
light probe: eye sky 15 block 0 in air; floor+1 (y 66) sky 15 block 0 in air, daylight 1.0
imagecheck biome_swamp.png magenta=0.00000 black=0.0000 white=0.0008 std=56.1 hash=e60c9cfc4a8461c9
imagecheck biome_swamp.png magenta=0.00000 black=0.0000 white=0.0008 std=56.1 hash=e60c9cfc4a8461c9
seed 12345  pos 968.5 148.0 1784.5  rd 8  chunks 297  (drawn 77)
gen 228 ms  mesh(all, parallel) 356 ms  mesh(1 section) 0.39 ms  quads 1158133 opaque / 31337 water
frame (encode+GPU, offscreen, median of 30) 4.76 ms  biome swamp
mesh slabs 40 MB, chunks 297 (block+light arrays 28 MB), Metal allocated 210 MB
memory: resident 277 MB  (section meshes 36 MB)
wrote snaps/biome_swamp.png
textures without a painter: missing
textures: 1665 layers at 128 px, BC3, 34.7 MB with mips (build 625 ms, upload 233 ms)
light probe: eye sky 15 block 0 in air; floor+1 (y 80) sky 15 block 0 in air, daylight 1.0
imagecheck biome_taiga.png magenta=0.00000 black=0.0025 white=0.0008 std=42.3 hash=d3c79b79f735a385
imagecheck biome_taiga.png magenta=0.00000 black=0.0025 white=0.0008 std=42.3 hash=d3c79b79f735a385
seed 12345  pos -519.5 163.0 -279.5  rd 8  chunks 297  (drawn 81)
gen 195 ms  mesh(all, parallel) 248 ms  mesh(1 section) 0.38 ms  quads 1257559 opaque / 11561 water
frame (encode+GPU, offscreen, median of 30) 5.70 ms  biome taiga
mesh slabs 44 MB, chunks 297 (block+light arrays 29 MB), Metal allocated 226 MB
memory: resident 289 MB  (section meshes 39 MB)
wrote snaps/biome_taiga.png
textures without a painter: missing
textures: 1665 layers at 128 px, BC3, 34.7 MB with mips (build 750 ms, upload 271 ms)
light probe: eye sky 15 block 0 in air; floor+1 (y 56) sky 8 block 0 in water, daylight 1.0
imagecheck biome_warm_ocean.png magenta=0.00000 black=0.0000 white=0.0009 std=54.1 hash=1ed5c3c7c827e7c8
imagecheck biome_warm_ocean.png magenta=0.00000 black=0.0000 white=0.0009 std=54.1 hash=1ed5c3c7c827e7c8
seed 12345  pos -951.5 145.0 728.5  rd 8  chunks 297  (drawn 79)
gen 242 ms  mesh(all, parallel) 392 ms  mesh(1 section) 0.59 ms  quads 1009486 opaque / 65274 water
frame (encode+GPU, offscreen, median of 30) 5.09 ms  biome warmOcean
mesh slabs 36 MB, chunks 297 (block+light arrays 25 MB), Metal allocated 218 MB
memory: resident 283 MB  (section meshes 33 MB)
wrote snaps/biome_warm_ocean.png
textures without a painter: missing
textures: 1665 layers at 128 px, BC3, 34.7 MB with mips (build 715 ms, upload 252 ms)
light probe: eye sky 15 block 0 in air; floor+1 (y 75) sky 15 block 0 in air, daylight 1.0
imagecheck biome_birch_forest.png magenta=0.00000 black=0.0000 white=0.0008 std=52.2 hash=d6f486acddf2c564
imagecheck biome_birch_forest.png magenta=0.00000 black=0.0000 white=0.0008 std=52.2 hash=d6f486acddf2c564
seed 12345  pos -615.5 157.0 104.5  rd 8  chunks 297  (drawn 80)
gen 284 ms  mesh(all, parallel) 211 ms  mesh(1 section) 0.46 ms  quads 1008066 opaque / 10874 water
frame (encode+GPU, offscreen, median of 30) 5.08 ms  biome birchForest
mesh slabs 36 MB, chunks 297 (block+light arrays 25 MB), Metal allocated 206 MB
memory: resident 263 MB  (section meshes 31 MB)
wrote snaps/biome_birch_forest.png
textures without a painter: missing
textures: 1665 layers at 128 px, BC3, 34.7 MB with mips (build 801 ms, upload 250 ms)
light probe: eye sky 15 block 0 in air; floor+1 (y 68) sky 15 block 0 in air, daylight 1.0
imagecheck biome_mangrove_swamp.png magenta=0.00000 black=0.0000 white=0.0008 std=65.7 hash=11f29a9a424db3de
imagecheck biome_mangrove_swamp.png magenta=0.00000 black=0.0000 white=0.0008 std=65.7 hash=11f29a9a424db3de
seed 12345  pos -183.5 149.0 1448.5  rd 8  chunks 297  (drawn 82)
gen 188 ms  mesh(all, parallel) 179 ms  mesh(1 section) 0.48 ms  quads 785966 opaque / 27133 water
frame (encode+GPU, offscreen, median of 30) 4.99 ms  biome mangroveSwamp
mesh slabs 28 MB, chunks 297 (block+light arrays 24 MB), Metal allocated 198 MB
memory: resident 263 MB  (section meshes 25 MB)
wrote snaps/biome_mangrove_swamp.png
textures without a painter: missing
textures: 1665 layers at 128 px, BC3, 34.7 MB with mips (build 751 ms, upload 269 ms)
light probe: eye sky 15 block 0 in air; floor+1 (y 70) sky 15 block 0 in air, daylight 1.0
imagecheck meadow.png magenta=0.00000 black=0.0000 white=0.0008 std=41.5 hash=20943e95804b1b6f
imagecheck meadow.png magenta=0.00000 black=0.0000 white=0.0008 std=41.5 hash=20943e95804b1b6f
seed 12345  pos -87.5 135.0 104.5  rd 8  chunks 297  (drawn 77)
gen 253 ms  mesh(all, parallel) 206 ms  mesh(1 section) 0.21 ms  quads 793167 opaque / 16522 water
frame (encode+GPU, offscreen, median of 30) 4.35 ms  biome plains
mesh slabs 28 MB, chunks 297 (block+light arrays 26 MB), Metal allocated 198 MB
memory: resident 263 MB  (section meshes 25 MB)
wrote snaps/meadow.png
textures without a painter: missing
textures: 1665 layers at 128 px, BC3, 34.7 MB with mips (build 975 ms, upload 345 ms)
light probe: eye sky 15 block 0 in air; floor+1 (y 72) sky 15 block 0 in air, daylight 0.12
imagecheck stars.png magenta=0.00000 black=0.5941 white=0.0009 std=15.8 hash=02765ccf42f0b392
imagecheck stars.png magenta=0.00000 black=0.5941 white=0.0009 std=15.8 hash=02765ccf42f0b392
seed 12345  pos 31.5 141.0 29.5  rd 8  chunks 297  (drawn 80)
gen 214 ms  mesh(all, parallel) 220 ms  mesh(1 section) 0.59 ms  quads 969508 opaque / 20135 water
frame (encode+GPU, offscreen, median of 30) 4.06 ms  biome forest
mesh slabs 36 MB, chunks 297 (block+light arrays 28 MB), Metal allocated 206 MB
memory: resident 272 MB  (section meshes 30 MB)
wrote snaps/stars.png
textures without a painter: missing
textures: 1665 layers at 128 px, BC3, 34.7 MB with mips (build 691 ms, upload 248 ms)
light probe: eye sky 15 block 0 in air; floor+1 (y 72) sky 15 block 0 in air, daylight 1.0
imagecheck clouds.png magenta=0.00000 black=0.0000 white=0.0714 std=53.4 hash=c2a416f3b9ff19f6
imagecheck clouds.png magenta=0.00000 black=0.0000 white=0.0714 std=53.4 hash=c2a416f3b9ff19f6
seed 12345  pos 31.5 141.0 29.5  rd 8  chunks 297  (drawn 53)
gen 237 ms  mesh(all, parallel) 235 ms  mesh(1 section) 1.08 ms  quads 969508 opaque / 20135 water
frame (encode+GPU, offscreen, median of 30) 5.08 ms  biome forest
mesh slabs 36 MB, chunks 297 (block+light arrays 28 MB), Metal allocated 206 MB
memory: resident 261 MB  (section meshes 30 MB)
wrote snaps/clouds.png
textures without a painter: missing
textures: 1665 layers at 128 px, BC3, 34.7 MB with mips (build 805 ms, upload 280 ms)
light probe: eye sky 15 block 2 in air; floor+1 (y 70) sky 15 block 7 in air, daylight 0.12
imagecheck torches.png magenta=0.00000 black=0.0086 white=0.0029 std=58.5 hash=fdfa1c2d82d2fedf
imagecheck torches.png magenta=0.00000 black=0.0086 white=0.0029 std=58.5 hash=fdfa1c2d82d2fedf
seed 12345  pos -87.5 140.0 104.5  rd 8  chunks 297  (drawn 74)
gen 211 ms  mesh(all, parallel) 200 ms  mesh(1 section) 0.60 ms  quads 793768 opaque / 16522 water
frame (encode+GPU, offscreen, median of 30) 4.85 ms  biome plains
mesh slabs 28 MB, chunks 297 (block+light arrays 26 MB), Metal allocated 198 MB
memory: resident 264 MB  (section meshes 25 MB)
wrote snaps/torches.png
textures without a painter: missing
textures: 1665 layers at 128 px, BC3, 34.7 MB with mips (build 800 ms, upload 271 ms)
light probe: eye sky 15 block 8 in air; floor+1 (y 70) sky 15 block 11 in air, daylight 0.12
imagecheck torches_near.png magenta=0.00000 black=0.0000 white=0.0125 std=46.3 hash=7b6668a5f233eb9e
imagecheck torches_near.png magenta=0.00000 black=0.0000 white=0.0125 std=46.3 hash=7b6668a5f233eb9e
seed 12345  pos -87.5 137.0 104.5  rd 8  chunks 297  (drawn 79)
gen 243 ms  mesh(all, parallel) 211 ms  mesh(1 section) 0.34 ms  quads 793793 opaque / 16522 water
frame (encode+GPU, offscreen, median of 30) 3.82 ms  biome plains
mesh slabs 28 MB, chunks 297 (block+light arrays 26 MB), Metal allocated 198 MB
memory: resident 263 MB  (section meshes 25 MB)
wrote snaps/torches_near.png
textures without a painter: missing
textures: 1665 layers at 128 px, BC3, 34.7 MB with mips (build 813 ms, upload 277 ms)
light probe: eye sky 15 block 8 in air; floor+1 (y 70) sky 15 block 11 in air, daylight 1.0
imagecheck torches_day.png magenta=0.00000 black=0.0000 white=0.0037 std=44.2 hash=eedf3d7b229d5a79
imagecheck torches_day.png magenta=0.00000 black=0.0000 white=0.0037 std=44.2 hash=eedf3d7b229d5a79
seed 12345  pos -87.5 137.0 104.5  rd 8  chunks 297  (drawn 79)
gen 222 ms  mesh(all, parallel) 198 ms  mesh(1 section) 0.32 ms  quads 793793 opaque / 16522 water
frame (encode+GPU, offscreen, median of 30) 4.50 ms  biome plains
mesh slabs 28 MB, chunks 297 (block+light arrays 26 MB), Metal allocated 198 MB
memory: resident 254 MB  (section meshes 25 MB)
wrote snaps/torches_day.png
fluid cells pending after 60 ticks: 0
textures without a painter: missing
textures: 1665 layers at 128 px, BC3, 34.7 MB with mips (build 800 ms, upload 255 ms)
light probe: eye sky 15 block 0 in air; floor+1 (y 72) sky 14 block 0 in water_3, daylight 1.0
imagecheck water_flow.png magenta=0.00000 black=0.0001 white=0.0008 std=35.7 hash=cd136a404a0e8af6
imagecheck water_flow.png magenta=0.00000 black=0.0001 white=0.0008 std=35.7 hash=cd136a404a0e8af6
seed 12345  pos 31.5 143.0 29.5  rd 8  chunks 326  (drawn 35)
gen 243 ms  mesh(all, parallel) 302 ms  mesh(1 section) 0.66 ms  quads 1048720 opaque / 28741 water
frame (encode+GPU, offscreen, median of 30) 4.17 ms  biome forest
mesh slabs 40 MB, chunks 326 (block+light arrays 30 MB), Metal allocated 210 MB
memory: resident 280 MB  (section meshes 33 MB)
wrote snaps/water_flow.png
textures without a painter: missing
textures: 1665 layers at 128 px, BC3, 34.7 MB with mips (build 791 ms, upload 264 ms)
light probe: eye sky 15 block 0 in air; floor+1 (y 72) sky 15 block 0 in air, daylight 1.0
imagecheck inventory.png magenta=0.00000 black=0.0154 white=0.0115 std=56.4 hash=059d6eb479723186
imagecheck inventory.png magenta=0.00000 black=0.0154 white=0.0115 std=56.4 hash=059d6eb479723186
seed 12345  pos 31.5 136.0 29.5  rd 8  chunks 297  (drawn 78)
gen 223 ms  mesh(all, parallel) 265 ms  mesh(1 section) 1.27 ms  quads 969508 opaque / 20135 water
frame (encode+GPU, offscreen, median of 30) 4.68 ms  biome forest
mesh slabs 36 MB, chunks 297 (block+light arrays 28 MB), Metal allocated 206 MB
memory: resident 270 MB  (section meshes 30 MB)
wrote snaps/inventory.png
textures without a painter: missing
textures: 1665 layers at 128 px, BC3, 34.7 MB with mips (build 724 ms, upload 251 ms)
light probe: eye sky 15 block 0 in air; floor+1 (y 72) sky 15 block 0 in air, daylight 1.0
imagecheck creative.png magenta=0.00000 black=0.0160 white=0.0122 std=47.8 hash=0bcd512fc6bbcdd4
imagecheck creative.png magenta=0.00000 black=0.0160 white=0.0122 std=47.8 hash=0bcd512fc6bbcdd4
seed 12345  pos 31.5 136.0 29.5  rd 8  chunks 297  (drawn 78)
gen 229 ms  mesh(all, parallel) 263 ms  mesh(1 section) 0.60 ms  quads 969508 opaque / 20135 water
frame (encode+GPU, offscreen, median of 30) 4.93 ms  biome forest
mesh slabs 36 MB, chunks 297 (block+light arrays 28 MB), Metal allocated 206 MB
memory: resident 260 MB  (section meshes 30 MB)
wrote snaps/creative.png
textures without a painter: missing
textures: 1665 layers at 128 px, BC3, 34.7 MB with mips (build 688 ms, upload 222 ms)
light probe: eye sky 15 block 0 in air; floor+1 (y 72) sky 15 block 0 in air, daylight 1.0
imagecheck crafting.png magenta=0.00000 black=0.0159 white=0.0109 std=51.3 hash=10406c0b336a6259
imagecheck crafting.png magenta=0.00000 black=0.0159 white=0.0109 std=51.3 hash=10406c0b336a6259
seed 12345  pos 31.5 136.0 29.5  rd 8  chunks 297  (drawn 78)
gen 235 ms  mesh(all, parallel) 218 ms  mesh(1 section) 0.82 ms  quads 969508 opaque / 20135 water
frame (encode+GPU, offscreen, median of 30) 4.44 ms  biome forest
mesh slabs 36 MB, chunks 297 (block+light arrays 28 MB), Metal allocated 206 MB
memory: resident 270 MB  (section meshes 30 MB)
wrote snaps/crafting.png
textures without a painter: missing
textures: 1665 layers at 128 px, BC3, 34.7 MB with mips (build 795 ms, upload 285 ms)
light probe: eye sky 15 block 0 in air; floor+1 (y 72) sky 15 block 0 in air, daylight 1.0
imagecheck note-2026-10-02_18.53.07.png magenta=0.00000 black=0.0065 white=0.0011 std=39.7 hash=33fe7d98e818a114
padtest PASS bug notes: one spoken note -> one entry (got 1)
padtest PASS bug notes: transcript in the entry
padtest PASS bug notes: entry has Build
padtest PASS bug notes: entry has World
padtest PASS bug notes: entry has Dimension
padtest PASS bug notes: entry has Position
padtest PASS bug notes: entry has Biome
padtest PASS bug notes: entry has Looking at
padtest PASS bug notes: entry has Mode
padtest PASS bug notes: entry has Time / weather
padtest PASS bug notes: entry has Frame time
padtest PASS bug notes: entry has Repro
padtest PASS bug notes: entry has Screenshot
padtest PASS bug notes: entry has Audio
padtest PASS bug notes: audio saved as .m4a (88090 bytes)
padtest PASS bug notes: screenshot saved
bug notes entry:
# Blocksmith bug notes

Spoken while playing (Options > Interface > Bug Notes). Newest at the bottom.
Each entry: transcript, game state, screenshot and audio. Set Status to fixed (with the commit) once handled;
see BUGNOTES.md in the repo.

## 2026-10-02 18:53:07 - the zombie walked through the fence (33 buffers)

- **Transcript:** the zombie walked through the fence (33 buffers)
- **Status:** open
- **Build:** fa80a8e
- **World:** (test world) (seed 12345)
- **Dimension:** overworld
- **Position:** x 31.5, y 72.0, z 29.5 (block 31 72 29), facing north-west (yaw 330°, pitch -12°)
- **Biome:** Forest
- **Looking at:** Grass Block at 29 72 26
- **Mode:** Creative, Normal, flying
- **Time / weather:** day 1, 10:48, clear
- **Frame time:** n/a
- **Repro:** `./snap.sh note --seed 12345 --x 31.5 --z 29.5 --yaw 30 --pitch -12 --time 0.200`
- **Input:** keyboard/mouse
- **Screenshot:** ![screenshot](note-2026-10-02_18.53.07.png)
- **Audio:** [note-2026-10-02_18.53.07.m4a](note-2026-10-02_18.53.07.m4a)

imagecheck bugnotes.png magenta=0.00000 black=0.0078 white=0.0013 std=40.6 hash=02e17d1e72bb10c0
imagecheck bugnotes.png magenta=0.00000 black=0.0078 white=0.0013 std=40.6 hash=02e17d1e72bb10c0
seed 12345  pos 31.5 136.0 29.5  rd 8  chunks 297  (drawn 78)
gen 221 ms  mesh(all, parallel) 248 ms  mesh(1 section) 0.77 ms  quads 969508 opaque / 20135 water
frame (encode+GPU, offscreen, median of 30) 4.13 ms  biome forest
mesh slabs 36 MB, chunks 297 (block+light arrays 28 MB), Metal allocated 206 MB
memory: resident 250 MB  (section meshes 30 MB)
wrote snaps/bugnotes.png
padtest PASS Menu button pauses the game
padtest PASS Menu button resumes
padtest PASS pad input switches prompts to controller glyphs
padtest PASS cursor starts on Back to Game
padtest PASS A on Options opens the Controller page
padtest PASS legend shows the A glyph
padtest PASS RB switches to the Video page
padtest PASS LB twice reaches Keyboard & Mouse
padtest PASS D-pad right toggles Invert Y
padtest PASS D-pad left toggles it back
padtest PASS A steps Mouse Sensitivity up
padtest PASS X steps it back down
padtest PASS Look Speed X steps up on the Controller page
padtest PASS holding D-pad down repeats (7 rows)
padtest PASS long Controller page scrolls with the cursor
padtest PASS B returns to the pause menu
padtest PASS A on Walk Forward waits for a key
padtest PASS the next key press becomes the binding (H)
padtest PASS keyboard prompts follow the new binding
padtest PASS B leaves Key Bindings
padtest PASS A on Jump / Select waits for a button
padtest PASS pressing X swaps Jump onto X (Pick Block onto A)
padtest PASS X now jumps and prompts show X
padtest PASS B leaves Button Mapping
padtest PASS Worlds... opens the worlds list
padtest PASS worlds list is newest first
padtest PASS Create New World... opens the create page
padtest PASS A on Name opens the on-screen keyboard
padtest PASS typed "hi" with the keyboard (got "hi")
padtest PASS B twice leaves the create page
padtest PASS A on a world opens its actions
padtest PASS Copy makes "Alpha Copy"
padtest PASS Delete asks for confirmation with Cancel selected
padtest PASS Cancel keeps the world
padtest PASS confirmed Delete removes the world
padtest PASS Rename... opens the rename page
padtest PASS Save renames the world
padtest PASS world names are made file-system safe
padtest PASS new world names never collide
padtest PASS Y opens the inventory
padtest PASS A picks up the hovered stack
padtest PASS X places one item
padtest PASS A places the rest
padtest PASS legend describes the hovered slot
padtest PASS B closes the inventory
padtest PASS RT pages the creative palette
padtest PASS LT pages back
padtest PASS RB opens the Building tab (522 items)
padtest PASS LB wraps around to Search
padtest PASS search filters by name (8 hits)
padtest PASS Y in Search opens the on-screen keyboard
padtest: creative tab sizes All 1633, Build 522, Nature 169, Use 175, Spark 79, Tools 139, Food 192, Misc 357, Find 1633
padtest PASS LT takes everything from a chest
padtest PASS LT on an inventory stack stores every stack of it
padtest PASS RB selects the next hotbar slot
padtest PASS D-pad right swaps to the off hand
padtest PASS D-pad down drops one item
padtest PASS D-pad left opens the command console
padtest PASS right stick turns the view
padtest PASS RT is the throttle on a land vehicle
padtest PASS piloting shows vehicle prompts
padtest PASS vehicle gauges show speed
padtest PASS LT reverses
padtest PASS W throttles and A steers a land vehicle (1.0, -1.0)
padtest PASS a hull hit on the vehicle rumbles
padtest PASS B leaves the helm
padtest PASS airship reads as Airship
padtest PASS airship: RT opens the throttle and it holds (0.79999954 -> 0.79999954)
padtest PASS airship: piloting prompts show
padtest PASS airship: stick up climbs (1.0)
padtest PASS airship: RB climbs
padtest PASS airship: B leaves the helm
padtest PASS plane reads as Aircraft
padtest PASS plane: RT opens the throttle and it holds (0.79999954 -> 0.79999954)
padtest PASS plane: piloting prompts show
padtest PASS plane: pulling the stick back climbs (1.0)
padtest PASS plane: with Flight Stick flipped, pulling back dives (-1.0)
padtest PASS plane: RB climbs
padtest PASS plane: B leaves the helm
padtest PASS LT mans a deck gun
padtest PASS deck gun prompts
padtest PASS RT fires the deck gun (2 shells)
padtest PASS B steps off the gun
padtest PASS holding RB opens the weapon wheel
padtest PASS pointing down and letting go equips the shotgun
padtest PASS a quick RB tap still steps the hotbar
padtest PASS X reloads a gun
padtest PASS the reload fills the magazine (6)
padtest PASS gun prompts list reload
padtest PASS aiming down sights snaps toward the enemy (0.120 -> 0.011 rad)
padtest PASS M opens the world map
padtest PASS RT zooms the map in
padtest PASS LT zooms out
padtest PASS the left stick pans the map
padtest PASS A recentres on the player
padtest PASS X drops a waypoint at the map centre
padtest PASS X on a waypoint removes it
padtest PASS the map draws terrain runs and markers (441)
padtest PASS map legend
padtest PASS B closes the map
padtest PASS holding View opens the map
padtest PASS a quick View tap still cycles the camera
padtest PASS a nearby base is marked on the map
padtest PASS the same base isn't marked twice
padtest PASS biomes get distinct map colours
padtest PASS vessel patrols are marked with their own letter
padtest PASS a hit from the right marks the right side
padtest PASS taking damage rumbles
padtest PASS a shotgun blast rumbles hard
padtest PASS chatter gun shots are light ticks
padtest PASS seating a magazine ticks
padtest PASS a far explosion doesn't rumble
padtest PASS a close explosion rumbles
padtest PASS aiming at a block targets it
padtest PASS the highlight holds just past the block edge
padtest PASS moving well onto the neighbour switches to it
padtest PASS narrator speaks glyphs as button names
padtest PASS subtitles caption a zombie on the right with a right arrow
padtest PASS Audio menu turns subtitles on for both settings
padtest PASS Accessibility menu turns them off again
padtest PASS contextual prompts build (0 shown)
padtest PASS options panel fits a 1080p TV (scale 4)
padtest: audit warning: 54 item names shared, e.g. Music Disc, Suspicious Stew, Potion of Night Vision, Potion of Invisibility, Potion of Leaping, Potion of Fire Resistance
padtest PASS audit: settings keys, bindings, button mapping, option rows, mob keys (0 problems)
padtest: 122 passed, 0 failed (765 ms)
textures without a painter: missing
textures: 1665 layers at 128 px, BC3, 34.7 MB with mips (build 665 ms, upload 226 ms)
light probe: eye sky 15 block 0 in air; floor+1 (y 72) sky 15 block 0 in air, daylight 1.0
imagecheck padtest.png magenta=0.00000 black=0.0040 white=0.0143 std=54.3 hash=812fb516bdebc097
imagecheck padtest.png magenta=0.00000 black=0.0040 white=0.0143 std=54.3 hash=812fb516bdebc097
seed 12345  pos 31.5 136.0 29.5  rd 8  chunks 317  (drawn 61)
gen 212 ms  mesh(all, parallel) 233 ms  mesh(1 section) 0.58 ms  quads 969508 opaque / 20135 water
frame (encode+GPU, offscreen, median of 30) 4.62 ms  biome forest
mesh slabs 40 MB, chunks 317 (block+light arrays 30 MB), Metal allocated 222 MB
memory: resident 291 MB  (section meshes 33 MB)
wrote snaps/padtest.png
textures without a painter: missing
textures: 1665 layers at 128 px, BC3, 34.7 MB with mips (build 639 ms, upload 232 ms)
light probe: eye sky 15 block 0 in air; floor+1 (y 72) sky 15 block 0 in air, daylight 1.0
imagecheck inventory_pad.png magenta=0.00000 black=0.0154 white=0.0116 std=56.1 hash=a2bafe32061280a9
imagecheck inventory_pad.png magenta=0.00000 black=0.0154 white=0.0116 std=56.1 hash=a2bafe32061280a9
seed 12345  pos 31.5 136.0 29.5  rd 8  chunks 297  (drawn 78)
gen 209 ms  mesh(all, parallel) 207 ms  mesh(1 section) 0.59 ms  quads 969508 opaque / 20135 water
frame (encode+GPU, offscreen, median of 30) 4.52 ms  biome forest
mesh slabs 36 MB, chunks 297 (block+light arrays 28 MB), Metal allocated 206 MB
memory: resident 267 MB  (section meshes 30 MB)
wrote snaps/inventory_pad.png
textures without a painter: missing
textures: 1665 layers at 128 px, BC3, 34.7 MB with mips (build 641 ms, upload 227 ms)
light probe: eye sky 15 block 0 in air; floor+1 (y 72) sky 15 block 0 in air, daylight 1.0
imagecheck tv_options.png magenta=0.00000 black=0.0177 white=0.0156 std=59.4 hash=d2b58655bf47eaa2
imagecheck tv_options.png magenta=0.00000 black=0.0177 white=0.0156 std=59.4 hash=d2b58655bf47eaa2
seed 12345  pos 31.5 136.0 29.5  rd 8  chunks 297  (drawn 80)
gen 205 ms  mesh(all, parallel) 203 ms  mesh(1 section) 0.61 ms  quads 969508 opaque / 20135 water
frame (encode+GPU, offscreen, median of 30) 6.10 ms  biome forest
mesh slabs 36 MB, chunks 297 (block+light arrays 28 MB), Metal allocated 235 MB
memory: resident 300 MB  (section meshes 30 MB)
wrote snaps/tv_options.png
textures without a painter: missing
textures: 1665 layers at 128 px, BC3, 34.7 MB with mips (build 671 ms, upload 238 ms)
light probe: eye sky 15 block 0 in air; floor+1 (y 72) sky 15 block 0 in air, daylight 1.0
imagecheck tv_keyboard.png magenta=0.00000 black=0.0249 white=0.0220 std=63.7 hash=6fcf8691805dbdc4
imagecheck tv_keyboard.png magenta=0.00000 black=0.0249 white=0.0220 std=63.7 hash=6fcf8691805dbdc4
seed 12345  pos 31.5 136.0 29.5  rd 8  chunks 297  (drawn 80)
gen 212 ms  mesh(all, parallel) 208 ms  mesh(1 section) 0.69 ms  quads 969508 opaque / 20135 water
frame (encode+GPU, offscreen, median of 30) 6.32 ms  biome forest
mesh slabs 36 MB, chunks 297 (block+light arrays 28 MB), Metal allocated 235 MB
memory: resident 304 MB  (section meshes 30 MB)
wrote snaps/tv_keyboard.png
textures without a painter: missing
textures: 1665 layers at 128 px, BC3, 34.7 MB with mips (build 648 ms, upload 248 ms)
light probe: eye sky 15 block 0 in air; floor+1 (y 72) sky 15 block 0 in air, daylight 1.0
imagecheck tv_worlds.png magenta=0.00000 black=0.0186 white=0.0203 std=64.3 hash=c6b42739cf8c157b
imagecheck tv_worlds.png magenta=0.00000 black=0.0186 white=0.0203 std=64.3 hash=c6b42739cf8c157b
seed 12345  pos 31.5 136.0 29.5  rd 8  chunks 297  (drawn 80)
gen 237 ms  mesh(all, parallel) 218 ms  mesh(1 section) 0.67 ms  quads 969508 opaque / 20135 water
frame (encode+GPU, offscreen, median of 30) 7.07 ms  biome forest
mesh slabs 36 MB, chunks 297 (block+light arrays 28 MB), Metal allocated 235 MB
memory: resident 302 MB  (section meshes 30 MB)
wrote snaps/tv_worlds.png
textures without a painter: missing
textures: 1665 layers at 128 px, BC3, 34.7 MB with mips (build 668 ms, upload 231 ms)
light probe: eye sky 15 block 0 in air; floor+1 (y 72) sky 15 block 0 in air, daylight 1.0
imagecheck tv_confirm.png magenta=0.00000 black=0.0199 white=0.0175 std=68.0 hash=7e1911e01bc2cec7
imagecheck tv_confirm.png magenta=0.00000 black=0.0199 white=0.0175 std=68.0 hash=7e1911e01bc2cec7
seed 12345  pos 31.5 136.0 29.5  rd 8  chunks 297  (drawn 80)
gen 209 ms  mesh(all, parallel) 217 ms  mesh(1 section) 0.67 ms  quads 969508 opaque / 20135 water
frame (encode+GPU, offscreen, median of 30) 6.74 ms  biome forest
mesh slabs 36 MB, chunks 297 (block+light arrays 28 MB), Metal allocated 235 MB
memory: resident 299 MB  (section meshes 30 MB)
wrote snaps/tv_confirm.png
textures without a painter: missing
textures: 1665 layers at 128 px, BC3, 34.7 MB with mips (build 672 ms, upload 261 ms)
light probe: eye sky 15 block 0 in air; floor+1 (y 72) sky 15 block 0 in air, daylight 1.0
imagecheck tv_title.png magenta=0.00000 black=0.0184 white=0.0131 std=63.3 hash=eaa645a2fda909ad
imagecheck tv_title.png magenta=0.00000 black=0.0184 white=0.0131 std=63.3 hash=eaa645a2fda909ad
seed 12345  pos 31.5 136.0 29.5  rd 8  chunks 297  (drawn 80)
gen 210 ms  mesh(all, parallel) 209 ms  mesh(1 section) 0.66 ms  quads 969508 opaque / 20135 water
frame (encode+GPU, offscreen, median of 30) 5.40 ms  biome forest
mesh slabs 36 MB, chunks 297 (block+light arrays 28 MB), Metal allocated 235 MB
memory: resident 303 MB  (section meshes 30 MB)
wrote snaps/tv_title.png
textures without a painter: missing
textures: 1665 layers at 128 px, BC3, 34.7 MB with mips (build 699 ms, upload 236 ms)
light probe: eye sky 15 block 0 in air; floor+1 (y 72) sky 15 block 0 in air, daylight 1.0
imagecheck padmap.png magenta=0.00000 black=0.0167 white=0.0145 std=57.9 hash=74d89cba320b76b3
imagecheck padmap.png magenta=0.00000 black=0.0167 white=0.0145 std=57.9 hash=74d89cba320b76b3
seed 12345  pos 31.5 136.0 29.5  rd 8  chunks 297  (drawn 78)
gen 256 ms  mesh(all, parallel) 232 ms  mesh(1 section) 1.14 ms  quads 969508 opaque / 20135 water
frame (encode+GPU, offscreen, median of 30) 4.42 ms  biome forest
mesh slabs 36 MB, chunks 297 (block+light arrays 28 MB), Metal allocated 206 MB
memory: resident 261 MB  (section meshes 30 MB)
wrote snaps/padmap.png
textures without a painter: missing
textures: 1665 layers at 128 px, BC3, 34.7 MB with mips (build 714 ms, upload 262 ms)
light probe: eye sky 15 block 0 in air; floor+1 (y 72) sky 15 block 0 in air, daylight 1.0
imagecheck tv_combat.png magenta=0.00000 black=0.0102 white=0.0037 std=48.8 hash=16ca60568c1506e7
imagecheck tv_combat.png magenta=0.00000 black=0.0102 white=0.0037 std=48.8 hash=16ca60568c1506e7
seed 12345  pos 31.5 136.0 29.5  rd 8  chunks 297  (drawn 80)
gen 196 ms  mesh(all, parallel) 219 ms  mesh(1 section) 0.69 ms  quads 969508 opaque / 20135 water
frame (encode+GPU, offscreen, median of 30) 6.62 ms  biome forest
mesh slabs 36 MB, chunks 297 (block+light arrays 28 MB), Metal allocated 235 MB
memory: resident 302 MB  (section meshes 30 MB)
wrote snaps/tv_combat.png
textures without a painter: missing
textures: 1665 layers at 128 px, BC3, 34.7 MB with mips (build 638 ms, upload 222 ms)
light probe: eye sky 15 block 0 in air; floor+1 (y 72) sky 15 block 0 in air, daylight 1.0
imagecheck vehicle_hud.png magenta=0.00000 black=0.0078 white=0.0035 std=39.3 hash=0a6a4e1913875033
imagecheck vehicle_hud.png magenta=0.00000 black=0.0032 white=0.0035 std=40.7 hash=d514d8cd0c733f41
seed 12345  pos 31.5 136.0 29.5  rd 8  chunks 297  (drawn 78)
gen 197 ms  mesh(all, parallel) 223 ms  mesh(1 section) 0.51 ms  quads 969508 opaque / 20135 water
frame (encode+GPU, offscreen, median of 30) 4.72 ms  biome forest
mesh slabs 36 MB, chunks 297 (block+light arrays 28 MB), Metal allocated 206 MB
memory: resident 270 MB  (section meshes 30 MB)
wrote snaps/vehicle_hud.png
textures without a painter: missing
textures: 1665 layers at 128 px, BC3, 34.7 MB with mips (build 805 ms, upload 261 ms)
light probe: eye sky 15 block 0 in air; floor+1 (y 72) sky 15 block 0 in air, daylight 1.0
imagecheck tv_map.png magenta=0.00000 black=0.0173 white=0.0123 std=59.7 hash=13a39f0703d91209
imagecheck tv_map.png magenta=0.00000 black=0.0170 white=0.0307 std=79.2 hash=b51ca74b0de87958
seed 12345  pos 31.5 136.0 29.5  rd 8  chunks 297  (drawn 80)
gen 217 ms  mesh(all, parallel) 256 ms  mesh(1 section) 0.77 ms  quads 969508 opaque / 20135 water
frame (encode+GPU, offscreen, median of 30) 9.14 ms  biome forest
mesh slabs 36 MB, chunks 297 (block+light arrays 28 MB), Metal allocated 235 MB
memory: resident 296 MB  (section meshes 30 MB)
wrote snaps/tv_map.png
textures without a painter: missing
textures: 1665 layers at 128 px, BC3, 34.7 MB with mips (build 688 ms, upload 233 ms)
light probe: eye sky 15 block 0 in air; floor+1 (y 72) sky 15 block 0 in air, daylight 1.0
imagecheck controls_ref.png magenta=0.00000 black=0.0167 white=0.0113 std=54.9 hash=a87e88c583ae8601
imagecheck controls_ref.png magenta=0.00000 black=0.0167 white=0.0113 std=54.9 hash=a87e88c583ae8601
seed 12345  pos 31.5 136.0 29.5  rd 8  chunks 297  (drawn 78)
gen 203 ms  mesh(all, parallel) 212 ms  mesh(1 section) 0.65 ms  quads 969508 opaque / 20135 water
frame (encode+GPU, offscreen, median of 30) 4.36 ms  biome forest
mesh slabs 36 MB, chunks 297 (block+light arrays 28 MB), Metal allocated 206 MB
memory: resident 268 MB  (section meshes 30 MB)
wrote snaps/controls_ref.png
textures without a painter: missing
textures: 1665 layers at 128 px, BC3, 34.7 MB with mips (build 657 ms, upload 228 ms)
light probe: eye sky 15 block 0 in air; floor+1 (y 72) sky 15 block 0 in air, daylight 1.0
imagecheck tv_hud.png magenta=0.00000 black=0.0089 white=0.0040 std=46.3 hash=b57950e42b8ce198
imagecheck tv_hud.png magenta=0.00000 black=0.0089 white=0.0040 std=46.3 hash=b57950e42b8ce198
seed 12345  pos 31.5 136.0 29.5  rd 8  chunks 297  (drawn 80)
gen 228 ms  mesh(all, parallel) 216 ms  mesh(1 section) 0.58 ms  quads 969508 opaque / 20135 water
frame (encode+GPU, offscreen, median of 30) 6.46 ms  biome forest
mesh slabs 36 MB, chunks 297 (block+light arrays 28 MB), Metal allocated 235 MB
memory: resident 294 MB  (section meshes 30 MB)
wrote snaps/tv_hud.png
textures without a painter: missing
textures: 1665 layers at 128 px, BC3, 34.7 MB with mips (build 754 ms, upload 270 ms)
light probe: eye sky 15 block 0 in air; floor+1 (y 72) sky 15 block 0 in air, daylight 1.0
imagecheck furnace.png magenta=0.00000 black=0.0158 white=0.0088 std=51.7 hash=8130a7e4e9286e54
imagecheck furnace.png magenta=0.00000 black=0.0158 white=0.0088 std=51.7 hash=8130a7e4e9286e54
seed 12345  pos 31.5 136.0 29.5  rd 8  chunks 297  (drawn 78)
gen 272 ms  mesh(all, parallel) 295 ms  mesh(1 section) 0.60 ms  quads 969508 opaque / 20135 water
frame (encode+GPU, offscreen, median of 30) 4.30 ms  biome forest
mesh slabs 36 MB, chunks 297 (block+light arrays 28 MB), Metal allocated 206 MB
memory: resident 255 MB  (section meshes 30 MB)
wrote snaps/furnace.png
textures without a painter: missing
textures: 1665 layers at 128 px, BC3, 34.7 MB with mips (build 698 ms, upload 258 ms)
light probe: eye sky 15 block 0 in air; floor+1 (y 72) sky 15 block 0 in air, daylight 1.0
imagecheck drops.png magenta=0.00000 black=0.0067 white=0.0008 std=43.5 hash=36d7cd5d728ba12b
imagecheck drops.png magenta=0.00000 black=0.0067 white=0.0008 std=43.5 hash=36d7cd5d728ba12b
seed 12345  pos 31.5 137.0 29.5  rd 8  chunks 297  (drawn 27)
gen 226 ms  mesh(all, parallel) 212 ms  mesh(1 section) 0.60 ms  quads 969508 opaque / 20135 water
frame (encode+GPU, offscreen, median of 30) 3.17 ms  biome forest
mesh slabs 36 MB, chunks 297 (block+light arrays 28 MB), Metal allocated 206 MB
memory: resident 271 MB  (section meshes 30 MB)
wrote snaps/drops.png
textures without a painter: missing
textures: 1665 layers at 128 px, BC3, 34.7 MB with mips (build 735 ms, upload 263 ms)
light probe: eye sky 15 block 0 in air; floor+1 (y 72) sky 15 block 0 in air, daylight 1.0
imagecheck subtitles.png magenta=0.00000 black=0.0078 white=0.0029 std=40.0 hash=ba4a91eab957455d
imagecheck subtitles.png magenta=0.00000 black=0.0078 white=0.0029 std=40.0 hash=ba4a91eab957455d
seed 12345  pos 31.5 136.0 29.5  rd 8  chunks 297  (drawn 78)
gen 246 ms  mesh(all, parallel) 246 ms  mesh(1 section) 0.86 ms  quads 969508 opaque / 20135 water
frame (encode+GPU, offscreen, median of 30) 4.57 ms  biome forest
mesh slabs 36 MB, chunks 297 (block+light arrays 28 MB), Metal allocated 206 MB
memory: resident 274 MB  (section meshes 30 MB)
wrote snaps/subtitles.png
textures without a painter: missing
textures: 1665 layers at 128 px, BC3, 34.7 MB with mips (build 974 ms, upload 298 ms)
light probe: eye sky 15 block 0 in air; floor+1 (y 72) sky 15 block 0 in air, daylight 1.0
imagecheck survival.png magenta=0.00000 black=0.0081 white=0.0013 std=46.0 hash=def392c4098b9898
imagecheck survival.png magenta=0.00000 black=0.0081 white=0.0013 std=46.0 hash=def392c4098b9898
seed 12345  pos 31.5 136.0 29.5  rd 8  chunks 297  (drawn 78)
gen 296 ms  mesh(all, parallel) 322 ms  mesh(1 section) 0.80 ms  quads 969508 opaque / 20135 water
frame (encode+GPU, offscreen, median of 30) 5.37 ms  biome forest
mesh slabs 36 MB, chunks 297 (block+light arrays 28 MB), Metal allocated 206 MB
memory: resident 261 MB  (section meshes 30 MB)
wrote snaps/survival.png
sim 12.0 s: tick avg 0.50 ms, worst 19.17 ms | pos 28.3 136.9 27.7 | health 20 hunger 20 | mobs 119 | fluid pending 0 | items held 573, dropped 0
textures without a painter: missing
textures: 1665 layers at 128 px, BC3, 34.7 MB with mips (build 890 ms, upload 333 ms)
light probe: eye sky 12 block 0 in air; floor+1 (y 72) sky 11 block 0 in air, daylight 1.0
imagecheck sim.png magenta=0.00000 black=0.0448 white=0.0008 std=17.2 hash=6f40738d3c099ee6
imagecheck sim.png magenta=0.00000 black=0.0448 white=0.0008 std=17.2 hash=6f40738d3c099ee6
seed 12345  pos 31.5 136.0 29.5  rd 8  chunks 326  (drawn 72)
gen 224 ms  mesh(all, parallel) 243 ms  mesh(1 section) 0.96 ms  quads 969508 opaque / 20135 water
frame (encode+GPU, offscreen, median of 30) 4.66 ms  biome forest
mesh slabs 40 MB, chunks 326 (block+light arrays 30 MB), Metal allocated 222 MB
memory: resident 295 MB  (section meshes 33 MB)
wrote snaps/sim.png
textures without a painter: missing
atlas 0 r0 c0 missing
atlas 0 r0 c1 stone
atlas 0 r0 c2 grass_block_side
atlas 0 r0 c3 grass_block_top
atlas 0 r0 c4 dirt
atlas 0 r0 c5 cobblestone
atlas 0 r0 c6 oak_planks
atlas 0 r0 c7 bedrock
atlas 0 r0 c8 sand
atlas 0 r0 c9 gravel
atlas 0 r0 c10 oak_log
atlas 0 r0 c11 oak_log_top
atlas 0 r0 c12 oak_log@r
atlas 0 r0 c13 oak_leaves
atlas 0 r0 c14 glass
atlas 0 r0 c15 water
atlas 0 r0 c16 coal_ore
atlas 0 r0 c17 iron_ore
atlas 0 r0 c18 gold_ore
atlas 0 r0 c19 diamond_ore
atlas 0 r0 c20 bricks
atlas 0 r0 c21 grass_block_snow
atlas 0 r0 c22 snow
atlas 0 r0 c23 cactus_side
atlas 0 r1 c0 cactus_top
atlas 0 r1 c1 cactus_bottom
atlas 0 r1 c2 stone_bricks
atlas 0 r1 c3 sandstone
atlas 0 r1 c4 sandstone_top
atlas 0 r1 c5 sandstone_bottom
atlas 0 r1 c6 birch_log
atlas 0 r1 c7 birch_log_top
atlas 0 r1 c8 birch_log@r
atlas 0 r1 c9 birch_leaves
atlas 0 r1 c10 spruce_log
atlas 0 r1 c11 spruce_log_top
atlas 0 r1 c12 spruce_log@r
atlas 0 r1 c13 spruce_leaves
atlas 0 r1 c14 short_grass
atlas 0 r1 c15 poppy
atlas 0 r1 c16 dandelion
atlas 0 r1 c17 cornflower
atlas 0 r1 c18 torch_top
atlas 0 r1 c19 torch
atlas 0 r1 c20 torch_bottom
atlas 0 r1 c21 torch_wall
atlas 0 r1 c22 torch_top_full
atlas 0 r1 c23 soul_torch
atlas 0 r2 c0 soul_torch_wall
atlas 0 r2 c1 soul_torch_top_full
atlas 0 r2 c2 copper_torch_top
atlas 0 r2 c3 copper_torch
atlas 0 r2 c4 copper_torch_wall
atlas 0 r2 c5 copper_torch_top_full
atlas 0 r2 c6 glowstone
atlas 0 r2 c7 oak_sapling
atlas 0 r2 c8 birch_sapling
atlas 0 r2 c9 spruce_sapling
atlas 0 r2 c10 deepslate
atlas 0 r2 c11 lava
atlas 0 r2 c12 fire
atlas 0 r2 c13 soul_fire
atlas 0 r2 c14 nether_portal
atlas 0 r2 c15 netherrack
atlas 0 r2 c16 nether_quartz_ore
atlas 0 r2 c17 nether_gold_ore
atlas 0 r2 c18 ancient_debris_side
atlas 0 r2 c19 ancient_debris_top
atlas 0 r2 c20 soul_sand
atlas 0 r2 c21 soul_soil
atlas 0 r2 c22 basalt_side
atlas 0 r2 c23 basalt_top
atlas 0 r3 c0 basalt_side@r
atlas 0 r3 c1 blackstone
atlas 0 r3 c2 polished_blackstone
atlas 0 r3 c3 polished_blackstone_bricks
atlas 0 r3 c4 cracked_polished_blackstone_bricks
atlas 0 r3 c5 chiseled_polished_blackstone
atlas 0 r3 c6 gilded_blackstone
atlas 0 r3 c7 magma
atlas 0 r3 c8 nether_bricks
atlas 0 r3 c9 red_nether_bricks
atlas 0 r3 c10 crimson_nylium_side
atlas 0 r3 c11 crimson_nylium
atlas 0 r3 c12 warped_nylium_side
atlas 0 r3 c13 warped_nylium
atlas 0 r3 c14 crimson_stem
atlas 0 r3 c15 crimson_stem_top
atlas 0 r3 c16 crimson_stem@r
atlas 0 r3 c17 warped_stem
atlas 0 r3 c18 warped_stem_top
atlas 0 r3 c19 warped_stem@r
atlas 0 r3 c20 nether_wart_block
atlas 0 r3 c21 warped_wart_block
atlas 0 r3 c22 shroomlight
atlas 0 r3 c23 crimson_fungus
atlas 0 r4 c0 warped_fungus
atlas 0 r4 c1 crimson_roots
atlas 0 r4 c2 warped_roots
atlas 0 r4 c3 weeping_vines
atlas 0 r4 c4 twisting_vines
atlas 0 r4 c5 crimson_planks
atlas 0 r4 c6 warped_planks
atlas 0 r4 c7 crying_obsidian
atlas 0 r4 c8 nether_wart_stage0
atlas 0 r4 c9 nether_wart_stage1
atlas 0 r4 c10 nether_wart_stage2
atlas 0 r4 c11 end_stone
atlas 0 r4 c12 end_stone_bricks
atlas 0 r4 c13 purpur_block
atlas 0 r4 c14 purpur_pillar
atlas 0 r4 c15 purpur_pillar_top
atlas 0 r4 c16 purpur_pillar@r
atlas 0 r4 c17 mossy_stone_bricks
atlas 0 r4 c18 cracked_stone_bricks
atlas 0 r4 c19 chiseled_stone_bricks
atlas 0 r4 c20 bookshelf
atlas 0 r4 c21 cobweb
atlas 0 r4 c22 sugar_cane
atlas 0 r4 c23 end_portal_frame_side
atlas 0 r5 c0 end_portal_frame_top
atlas 0 r5 c1 end_portal_frame_eye
atlas 0 r5 c2 end_portal
atlas 0 r5 c3 dragon_egg
atlas 0 r5 c4 chorus_plant
atlas 0 r5 c5 chorus_flower
atlas 0 r5 c6 end_rod
atlas 0 r5 c7 coal_block
atlas 0 r5 c8 iron_block
atlas 0 r5 c9 gold_block
atlas 0 r5 c10 diamond_block
atlas 0 r5 c11 emerald_block
atlas 0 r5 c12 lapis_block
atlas 0 r5 c13 redstone_block
atlas 0 r5 c14 copper_block
atlas 0 r5 c15 farmland
atlas 0 r5 c16 farmland_moist
atlas 0 r5 c17 wheat_stage0
atlas 0 r5 c18 wheat_stage1
atlas 0 r5 c19 wheat_stage2
atlas 0 r5 c20 wheat_stage3
atlas 0 r5 c21 wheat_stage4
atlas 0 r5 c22 wheat_stage5
atlas 0 r5 c23 wheat_stage6
atlas 0 r6 c0 wheat_stage7
atlas 0 r6 c1 carrots_stage0
atlas 0 r6 c2 carrots_stage1
atlas 0 r6 c3 carrots_stage2
atlas 0 r6 c4 carrots_stage3
atlas 0 r6 c5 potatoes_stage0
atlas 0 r6 c6 potatoes_stage1
atlas 0 r6 c7 potatoes_stage2
atlas 0 r6 c8 potatoes_stage3
atlas 0 r6 c9 beetroots_stage0
atlas 0 r6 c10 beetroots_stage1
atlas 0 r6 c11 beetroots_stage2
atlas 0 r6 c12 beetroots_stage3
atlas 0 r6 c13 white_wool
atlas 0 r6 c14 orange_wool
atlas 0 r6 c15 magenta_wool
atlas 0 r6 c16 light_blue_wool
atlas 0 r6 c17 yellow_wool
atlas 0 r6 c18 lime_wool
atlas 0 r6 c19 pink_wool
atlas 0 r6 c20 gray_wool
atlas 0 r6 c21 light_gray_wool
atlas 0 r6 c22 cyan_wool
atlas 0 r6 c23 purple_wool
atlas 0 r7 c0 blue_wool
atlas 0 r7 c1 brown_wool
atlas 0 r7 c2 green_wool
atlas 0 r7 c3 red_wool
atlas 0 r7 c4 black_wool
atlas 0 r7 c5 tnt_side
atlas 0 r7 c6 tnt_top
atlas 0 r7 c7 tnt_bottom
atlas 0 r7 c8 white_bed_side
atlas 0 r7 c9 white_bed_top_foot
atlas 0 r7 c10 white_bed_top_head
atlas 0 r7 c11 orange_bed_side
atlas 0 r7 c12 orange_bed_top_foot
atlas 0 r7 c13 orange_bed_top_head
atlas 0 r7 c14 magenta_bed_side
atlas 0 r7 c15 magenta_bed_top_foot
atlas 0 r7 c16 magenta_bed_top_head
atlas 0 r7 c17 light_blue_bed_side
atlas 0 r7 c18 light_blue_bed_top_foot
atlas 0 r7 c19 light_blue_bed_top_head
atlas 0 r7 c20 yellow_bed_side
atlas 0 r7 c21 yellow_bed_top_foot
atlas 0 r7 c22 yellow_bed_top_head
atlas 0 r7 c23 lime_bed_side
atlas 0 r8 c0 lime_bed_top_foot
atlas 0 r8 c1 lime_bed_top_head
atlas 0 r8 c2 pink_bed_side
atlas 0 r8 c3 pink_bed_top_foot
atlas 0 r8 c4 pink_bed_top_head
atlas 0 r8 c5 gray_bed_side
atlas 0 r8 c6 gray_bed_top_foot
atlas 0 r8 c7 gray_bed_top_head
atlas 0 r8 c8 light_gray_bed_side
atlas 0 r8 c9 light_gray_bed_top_foot
atlas 0 r8 c10 light_gray_bed_top_head
atlas 0 r8 c11 cyan_bed_side
atlas 0 r8 c12 cyan_bed_top_foot
atlas 0 r8 c13 cyan_bed_top_head
atlas 0 r8 c14 purple_bed_side
atlas 0 r8 c15 purple_bed_top_foot
atlas 0 r8 c16 purple_bed_top_head
atlas 0 r8 c17 blue_bed_side
atlas 0 r8 c18 blue_bed_top_foot
atlas 0 r8 c19 blue_bed_top_head
atlas 0 r8 c20 brown_bed_side
atlas 0 r8 c21 brown_bed_top_foot
atlas 0 r8 c22 brown_bed_top_head
atlas 0 r8 c23 green_bed_side
atlas 0 r9 c0 green_bed_top_foot
atlas 0 r9 c1 green_bed_top_head
atlas 0 r9 c2 red_bed_side
atlas 0 r9 c3 red_bed_top_foot
atlas 0 r9 c4 red_bed_top_head
atlas 0 r9 c5 black_bed_side
atlas 0 r9 c6 black_bed_top_foot
atlas 0 r9 c7 black_bed_top_head
atlas 0 r9 c8 crafting_table_front
atlas 0 r9 c9 crafting_table_side
atlas 0 r9 c10 crafting_table_top
atlas 0 r9 c11 furnace_side
atlas 0 r9 c12 furnace_top
atlas 0 r9 c13 furnace_front
atlas 0 r9 c14 furnace_front_on
atlas 0 r9 c15 chest_side
atlas 0 r9 c16 chest_top
atlas 0 r9 c17 chest_front
atlas 0 r9 c18 cobbled_deepslate
atlas 0 r9 c19 andesite
atlas 0 r9 c20 diorite
atlas 0 r9 c21 granite
atlas 0 r9 c22 tuff
atlas 0 r9 c23 clay
atlas 0 r10 c0 obsidian
atlas 0 r10 c1 red_sand
atlas 0 r10 c2 terracotta
atlas 0 r10 c3 lapis_ore
atlas 0 r10 c4 redstone_ore
atlas 0 r10 c5 emerald_ore
atlas 0 r10 c6 copper_ore
atlas 0 r10 c7 deepslate_coal_ore
atlas 0 r10 c8 deepslate_iron_ore
atlas 0 r10 c9 deepslate_gold_ore
atlas 0 r10 c10 deepslate_diamond_ore
atlas 0 r10 c11 deepslate_lapis_ore
atlas 0 r10 c12 deepslate_redstone_ore
atlas 0 r10 c13 deepslate_copper_ore
atlas 0 r10 c14 mossy_cobblestone
atlas 0 r10 c15 smooth_stone
atlas 0 r10 c16 birch_planks
atlas 0 r10 c17 spruce_planks
atlas 0 r10 c18 acacia_log
atlas 0 r10 c19 acacia_log_top
atlas 0 r10 c20 acacia_log@r
atlas 0 r10 c21 acacia_leaves
atlas 0 r10 c22 acacia_planks
atlas 0 r10 c23 acacia_sapling
atlas 0 r11 c0 dark_oak_log
atlas 0 r11 c1 dark_oak_log_top
atlas 0 r11 c2 dark_oak_log@r
atlas 0 r11 c3 dark_oak_leaves
atlas 0 r11 c4 dark_oak_planks
atlas 0 r11 c5 dark_oak_sapling
atlas 0 r11 c6 jungle_log
atlas 0 r11 c7 jungle_log_top
atlas 0 r11 c8 jungle_log@r
atlas 0 r11 c9 jungle_leaves
atlas 0 r11 c10 jungle_planks
atlas 0 r11 c11 jungle_sapling
atlas 0 r11 c12 mangrove_log
atlas 0 r11 c13 mangrove_log_top
atlas 0 r11 c14 mangrove_log@r
atlas 0 r11 c15 mangrove_leaves
atlas 0 r11 c16 mangrove_planks
atlas 0 r11 c17 mangrove_propagule
atlas 0 r11 c18 cherry_log
atlas 0 r11 c19 cherry_log_top
atlas 0 r11 c20 cherry_log@r
atlas 0 r11 c21 cherry_leaves
atlas 0 r11 c22 cherry_planks
atlas 0 r11 c23 cherry_sapling
atlas 0 r12 c0 pale_oak_log
atlas 0 r12 c1 pale_oak_log_top
atlas 0 r12 c2 pale_oak_log@r
atlas 0 r12 c3 pale_oak_leaves
atlas 0 r12 c4 pale_oak_planks
atlas 0 r12 c5 pale_oak_sapling
atlas 0 r12 c6 mangrove_roots
atlas 0 r12 c7 podzol_side
atlas 0 r12 c8 podzol_top
atlas 0 r12 c9 coarse_dirt
atlas 0 r12 c10 rooted_dirt
atlas 0 r12 c11 mycelium_side
atlas 0 r12 c12 mycelium_top
atlas 0 r12 c13 mud
atlas 0 r12 c14 packed_mud
atlas 0 r12 c15 mud_bricks
atlas 0 r12 c16 ice
atlas 0 r12 c17 packed_ice
atlas 0 r12 c18 blue_ice
atlas 0 r12 c19 snow_block
atlas 0 r12 c20 calcite
atlas 0 r12 c21 dripstone_block
atlas 0 r12 c22 pointed_dripstone
atlas 0 r12 c23 moss_block
atlas 0 r13 c0 red_sandstone
atlas 0 r13 c1 red_sandstone_top
atlas 0 r13 c2 white_terracotta
atlas 0 r13 c3 orange_terracotta
atlas 0 r13 c4 yellow_terracotta
atlas 0 r13 c5 brown_terracotta
atlas 0 r13 c6 red_terracotta
atlas 0 r13 c7 light_gray_terracotta
atlas 0 r13 c8 smooth_basalt
atlas 0 r13 c9 amethyst_block
atlas 0 r13 c10 budding_amethyst
atlas 0 r13 c11 amethyst_cluster
atlas 0 r13 c12 sculk
atlas 0 r13 c13 sculk_shrieker_side
atlas 0 r13 c14 sculk_shrieker_top
atlas 0 r13 c15 reinforced_deepslate
atlas 0 r13 c16 polished_deepslate
atlas 0 r13 c17 deepslate_bricks
atlas 0 r13 c18 deepslate_tiles
atlas 0 r13 c19 fern
atlas 0 r13 c20 tall_grass_bottom
atlas 0 r13 c21 tall_grass_top
atlas 0 r13 c22 large_fern_bottom
atlas 0 r13 c23 large_fern_top
atlas 0 r14 c0 sunflower_bottom
atlas 0 r14 c1 sunflower_top
atlas 0 r14 c2 lilac_bottom
atlas 0 r14 c3 lilac_top
atlas 0 r14 c4 rose_bush_bottom
atlas 0 r14 c5 rose_bush_top
atlas 0 r14 c6 peony_bottom
atlas 0 r14 c7 peony_top
atlas 0 r14 c8 allium
atlas 0 r14 c9 azure_bluet
atlas 0 r14 c10 red_tulip
atlas 0 r14 c11 orange_tulip
atlas 0 r14 c12 white_tulip
atlas 0 r14 c13 pink_tulip
atlas 0 r14 c14 oxeye_daisy
atlas 0 r14 c15 lily_of_the_valley
atlas 0 r14 c16 blue_orchid
atlas 0 r14 c17 dead_bush
atlas 0 r14 c18 brown_mushroom
atlas 0 r14 c19 red_mushroom
atlas 0 r14 c20 pink_petals
atlas 0 r14 c21 sweet_berry_bush_stage0
atlas 0 r14 c22 sweet_berry_bush_stage1
atlas 0 r14 c23 sweet_berry_bush_stage2
atlas 0 r15 c0 sweet_berry_bush_stage3
atlas 0 r15 c1 mushroom_stem
atlas 0 r15 c2 mushroom_block_inside
atlas 0 r15 c3 brown_mushroom_block
atlas 0 r15 c4 red_mushroom_block
atlas 0 r15 c5 lily_pad
atlas 0 r15 c6 vine
atlas 0 r15 c7 bamboo_stalk
atlas 0 r15 c8 melon_side
atlas 0 r15 c9 melon_top
atlas 0 r15 c10 pumpkin_side
atlas 0 r15 c11 pumpkin_top
atlas 0 r15 c12 azalea_side
atlas 0 r15 c13 azalea_top
atlas 0 r15 c14 cave_vines
atlas 0 r15 c15 seagrass
atlas 0 r15 c16 kelp
atlas 0 r15 c17 tube_coral_block
atlas 0 r15 c18 tube_coral
atlas 0 r15 c19 brain_coral_block
atlas 0 r15 c20 brain_coral
atlas 0 r15 c21 bubble_coral_block
atlas 0 r15 c22 bubble_coral
atlas 0 r15 c23 fire_coral_block
atlas 0 r16 c0 fire_coral
atlas 0 r16 c1 horn_coral_block
atlas 0 r16 c2 horn_coral
atlas 0 r16 c3 sea_lantern
atlas 0 r16 c4 prismarine
atlas 0 r16 c5 prismarine_bricks
atlas 0 r16 c6 dark_prismarine
atlas 0 r16 c7 wet_sponge
atlas 0 r16 c8 sponge
atlas 0 r16 c9 dirt_path_side
atlas 0 r16 c10 dirt_path_top
atlas 0 r16 c11 oak_door_bottom
atlas 0 r16 c12 oak_door_top
atlas 0 r16 c13 oak_trapdoor
atlas 0 r16 c14 spruce_door_bottom
atlas 0 r16 c15 spruce_door_top
atlas 0 r16 c16 spruce_trapdoor
atlas 0 r16 c17 birch_door_bottom
atlas 0 r16 c18 birch_door_top
atlas 0 r16 c19 birch_trapdoor
atlas 0 r16 c20 jungle_door_bottom
atlas 0 r16 c21 jungle_door_top
atlas 0 r16 c22 jungle_trapdoor
atlas 0 r16 c23 acacia_door_bottom
atlas 0 r17 c0 acacia_door_top
atlas 0 r17 c1 acacia_trapdoor
atlas 0 r17 c2 dark_oak_door_bottom
atlas 0 r17 c3 dark_oak_door_top
atlas 0 r17 c4 dark_oak_trapdoor
atlas 0 r17 c5 mangrove_door_bottom
atlas 0 r17 c6 mangrove_door_top
atlas 0 r17 c7 mangrove_trapdoor
atlas 0 r17 c8 cherry_door_bottom
atlas 0 r17 c9 cherry_door_top
atlas 0 r17 c10 cherry_trapdoor
atlas 0 r17 c11 crimson_door_bottom
atlas 0 r17 c12 crimson_door_top
atlas 0 r17 c13 crimson_trapdoor
atlas 0 r17 c14 warped_door_bottom
atlas 0 r17 c15 warped_door_top
atlas 0 r17 c16 warped_trapdoor
atlas 0 r17 c17 pale_oak_door_bottom
atlas 0 r17 c18 pale_oak_door_top
atlas 0 r17 c19 pale_oak_trapdoor
atlas 0 r17 c20 iron_door_bottom
atlas 0 r17 c21 iron_door_top
atlas 0 r17 c22 iron_trapdoor
atlas 0 r17 c23 ladder
atlas 0 r18 c0 lantern
atlas 0 r18 c1 soul_lantern
atlas 0 r18 c2 bell
atlas 0 r18 c3 hay_block_side
atlas 0 r18 c4 hay_block_top
atlas 0 r18 c5 hay_block_side@r
atlas 0 r18 c6 composter_side
atlas 0 r18 c7 composter_top
atlas 0 r18 c8 composter_compost
atlas 0 r18 c9 composter_ready
atlas 0 r18 c10 barrel_side
atlas 0 r18 c11 barrel_top
atlas 0 r18 c12 barrel_bottom
atlas 0 r18 c13 smoker_front
atlas 0 r18 c14 smoker_top
atlas 0 r18 c15 blast_furnace_front
atlas 0 r18 c16 blast_furnace_top
atlas 0 r18 c17 cartography_table_side
atlas 0 r18 c18 cartography_table_top
atlas 0 r18 c19 fletching_table_side
atlas 0 r18 c20 fletching_table_top
atlas 0 r18 c21 smithing_table_side
atlas 0 r18 c22 smithing_table_top
atlas 0 r18 c23 loom_side
atlas 0 r19 c0 loom_top
atlas 0 r19 c1 stonecutter_side
atlas 0 r19 c2 stonecutter_top
atlas 0 r19 c3 grindstone
atlas 0 r19 c4 lectern_side
atlas 0 r19 c5 lectern_top
atlas 0 r19 c6 anvil
atlas 0 r19 c7 cauldron
atlas 0 r19 c8 flower_pot
atlas 0 r19 c9 cut_sandstone
atlas 0 r19 c10 chiseled_sandstone
atlas 0 r19 c11 cut_red_sandstone
atlas 0 r19 c12 white_concrete
atlas 0 r19 c13 blue_terracotta
atlas 0 r19 c14 redstone_dust_0
atlas 0 r19 c15 redstone_dust_1
atlas 0 r19 c16 redstone_dust_2
atlas 0 r19 c17 redstone_dust_3
atlas 0 r19 c18 redstone_dust_4
atlas 0 r19 c19 redstone_dust_5
atlas 0 r19 c20 redstone_dust_6
atlas 0 r19 c21 redstone_dust_7
atlas 0 r19 c22 redstone_dust_8
atlas 0 r19 c23 redstone_dust_9
atlas 1 r0 c0 redstone_dust_10
atlas 1 r0 c1 redstone_dust_11
atlas 1 r0 c2 redstone_dust_12
atlas 1 r0 c3 redstone_dust_13
atlas 1 r0 c4 redstone_dust_14
atlas 1 r0 c5 redstone_dust_15
atlas 1 r0 c6 redstone_torch
atlas 1 r0 c7 redstone_torch_off
atlas 1 r0 c8 redstone_lamp
atlas 1 r0 c9 redstone_lamp_on
atlas 1 r0 c10 lever
atlas 1 r0 c11 repeater
atlas 1 r0 c12 repeater_on
atlas 1 r0 c13 comparator
atlas 1 r0 c14 comparator_on
atlas 1 r0 c15 observer_side
atlas 1 r0 c16 observer_back
atlas 1 r0 c17 observer_front
atlas 1 r0 c18 observer_top
atlas 1 r0 c19 observer_back_on
atlas 1 r0 c20 piston_side
atlas 1 r0 c21 piston_bottom
atlas 1 r0 c22 piston_top
atlas 1 r0 c23 piston_inner
atlas 1 r1 c0 piston_top_sticky
atlas 1 r1 c1 slime_block
atlas 1 r1 c2 honey_block
atlas 1 r1 c3 dispenser_front_vertical
atlas 1 r1 c4 dispenser_front
atlas 1 r1 c5 dropper_front_vertical
atlas 1 r1 c6 dropper_front
atlas 1 r1 c7 hopper_outside
atlas 1 r1 c8 hopper_top
atlas 1 r1 c9 note_block
atlas 1 r1 c10 daylight_detector_side
atlas 1 r1 c11 daylight_detector_top
atlas 1 r1 c12 daylight_detector_inverted_top
atlas 1 r1 c13 rail
atlas 1 r1 c14 rail_corner
atlas 1 r1 c15 powered_rail
atlas 1 r1 c16 powered_rail_on
atlas 1 r1 c17 detector_rail
atlas 1 r1 c18 detector_rail_on
atlas 1 r1 c19 activator_rail
atlas 1 r1 c20 activator_rail_on
atlas 1 r1 c21 target_side
atlas 1 r1 c22 target_top
atlas 1 r1 c23 brewing_stand_base
atlas 1 r2 c0 brewing_stand_rod
atlas 1 r2 c1 brewing_bottle
atlas 1 r2 c2 enchanting_table_side
atlas 1 r2 c3 enchanting_table_top
atlas 1 r2 c4 enchanting_table_bottom
atlas 1 r2 c5 beacon_core
atlas 1 r2 c6 beacon_glass
atlas 1 r2 c7 chipped_anvil
atlas 1 r2 c8 damaged_anvil
atlas 1 r2 c9 skull_skeleton_side
atlas 1 r2 c10 skull_skeleton_face
atlas 1 r2 c11 skull_skeleton_top
atlas 1 r2 c12 skull_wither_side
atlas 1 r2 c13 skull_wither_face
atlas 1 r2 c14 skull_wither_top
atlas 1 r2 c15 head_zombie_side
atlas 1 r2 c16 head_zombie_face
atlas 1 r2 c17 head_zombie_top
atlas 1 r2 c18 head_creeper_side
atlas 1 r2 c19 head_creeper_face
atlas 1 r2 c20 head_creeper_top
atlas 1 r2 c21 head_piglin_side
atlas 1 r2 c22 head_piglin_face
atlas 1 r2 c23 head_piglin_top
atlas 1 r3 c0 head_dragon_side
atlas 1 r3 c1 head_dragon_face
atlas 1 r3 c2 head_dragon_top
atlas 1 r3 c3 head_player_side
atlas 1 r3 c4 head_player_face
atlas 1 r3 c5 head_player_top
atlas 1 r3 c6 netherite_block
atlas 1 r3 c7 carved_pumpkin_face
atlas 1 r3 c8 jack_o_lantern_face
atlas 1 r3 c9 cauldron_water
atlas 1 r3 c10 white_concrete_powder
atlas 1 r3 c11 white_stained_glass
atlas 1 r3 c12 white_glazed_terracotta
atlas 1 r3 c13 white_candle
atlas 1 r3 c14 white_shulker_box_side
atlas 1 r3 c15 white_shulker_box_top
atlas 1 r3 c16 orange_concrete
atlas 1 r3 c17 orange_concrete_powder
atlas 1 r3 c18 orange_stained_glass
atlas 1 r3 c19 orange_glazed_terracotta
atlas 1 r3 c20 orange_candle
atlas 1 r3 c21 orange_shulker_box_side
atlas 1 r3 c22 orange_shulker_box_top
atlas 1 r3 c23 magenta_terracotta
atlas 1 r4 c0 magenta_concrete
atlas 1 r4 c1 magenta_concrete_powder
atlas 1 r4 c2 magenta_stained_glass
atlas 1 r4 c3 magenta_glazed_terracotta
atlas 1 r4 c4 magenta_candle
atlas 1 r4 c5 magenta_shulker_box_side
atlas 1 r4 c6 magenta_shulker_box_top
atlas 1 r4 c7 light_blue_terracotta
atlas 1 r4 c8 light_blue_concrete
atlas 1 r4 c9 light_blue_concrete_powder
atlas 1 r4 c10 light_blue_stained_glass
atlas 1 r4 c11 light_blue_glazed_terracotta
atlas 1 r4 c12 light_blue_candle
atlas 1 r4 c13 light_blue_shulker_box_side
atlas 1 r4 c14 light_blue_shulker_box_top
atlas 1 r4 c15 yellow_concrete
atlas 1 r4 c16 yellow_concrete_powder
atlas 1 r4 c17 yellow_stained_glass
atlas 1 r4 c18 yellow_glazed_terracotta
atlas 1 r4 c19 yellow_candle
atlas 1 r4 c20 yellow_shulker_box_side
atlas 1 r4 c21 yellow_shulker_box_top
atlas 1 r4 c22 lime_terracotta
atlas 1 r4 c23 lime_concrete
atlas 1 r5 c0 lime_concrete_powder
atlas 1 r5 c1 lime_stained_glass
atlas 1 r5 c2 lime_glazed_terracotta
atlas 1 r5 c3 lime_candle
atlas 1 r5 c4 lime_shulker_box_side
atlas 1 r5 c5 lime_shulker_box_top
atlas 1 r5 c6 pink_terracotta
atlas 1 r5 c7 pink_concrete
atlas 1 r5 c8 pink_concrete_powder
atlas 1 r5 c9 pink_stained_glass
atlas 1 r5 c10 pink_glazed_terracotta
atlas 1 r5 c11 pink_candle
atlas 1 r5 c12 pink_shulker_box_side
atlas 1 r5 c13 pink_shulker_box_top
atlas 1 r5 c14 gray_terracotta
atlas 1 r5 c15 gray_concrete
atlas 1 r5 c16 gray_concrete_powder
atlas 1 r5 c17 gray_stained_glass
atlas 1 r5 c18 gray_glazed_terracotta
atlas 1 r5 c19 gray_candle
atlas 1 r5 c20 gray_shulker_box_side
atlas 1 r5 c21 gray_shulker_box_top
atlas 1 r5 c22 light_gray_concrete
atlas 1 r5 c23 light_gray_concrete_powder
atlas 1 r6 c0 light_gray_stained_glass
atlas 1 r6 c1 light_gray_glazed_terracotta
atlas 1 r6 c2 light_gray_candle
atlas 1 r6 c3 light_gray_shulker_box_side
atlas 1 r6 c4 light_gray_shulker_box_top
atlas 1 r6 c5 cyan_terracotta
atlas 1 r6 c6 cyan_concrete
atlas 1 r6 c7 cyan_concrete_powder
atlas 1 r6 c8 cyan_stained_glass
atlas 1 r6 c9 cyan_glazed_terracotta
atlas 1 r6 c10 cyan_candle
atlas 1 r6 c11 cyan_shulker_box_side
atlas 1 r6 c12 cyan_shulker_box_top
atlas 1 r6 c13 purple_terracotta
atlas 1 r6 c14 purple_concrete
atlas 1 r6 c15 purple_concrete_powder
atlas 1 r6 c16 purple_stained_glass
atlas 1 r6 c17 purple_glazed_terracotta
atlas 1 r6 c18 purple_candle
atlas 1 r6 c19 purple_shulker_box_side
atlas 1 r6 c20 purple_shulker_box_top
atlas 1 r6 c21 blue_concrete
atlas 1 r6 c22 blue_concrete_powder
atlas 1 r6 c23 blue_stained_glass
atlas 1 r7 c0 blue_glazed_terracotta
atlas 1 r7 c1 blue_candle
atlas 1 r7 c2 blue_shulker_box_side
atlas 1 r7 c3 blue_shulker_box_top
atlas 1 r7 c4 brown_concrete
atlas 1 r7 c5 brown_concrete_powder
atlas 1 r7 c6 brown_stained_glass
atlas 1 r7 c7 brown_glazed_terracotta
atlas 1 r7 c8 brown_candle
atlas 1 r7 c9 brown_shulker_box_side
atlas 1 r7 c10 brown_shulker_box_top
atlas 1 r7 c11 green_terracotta
atlas 1 r7 c12 green_concrete
atlas 1 r7 c13 green_concrete_powder
atlas 1 r7 c14 green_stained_glass
atlas 1 r7 c15 green_glazed_terracotta
atlas 1 r7 c16 green_candle
atlas 1 r7 c17 green_shulker_box_side
atlas 1 r7 c18 green_shulker_box_top
atlas 1 r7 c19 red_concrete
atlas 1 r7 c20 red_concrete_powder
atlas 1 r7 c21 red_stained_glass
atlas 1 r7 c22 red_glazed_terracotta
atlas 1 r7 c23 red_candle
atlas 1 r8 c0 red_shulker_box_side
atlas 1 r8 c1 red_shulker_box_top
atlas 1 r8 c2 black_terracotta
atlas 1 r8 c3 black_concrete
atlas 1 r8 c4 black_concrete_powder
atlas 1 r8 c5 black_stained_glass
atlas 1 r8 c6 black_glazed_terracotta
atlas 1 r8 c7 black_candle
atlas 1 r8 c8 black_shulker_box_side
atlas 1 r8 c9 black_shulker_box_top
atlas 1 r8 c10 shulker_box_side
atlas 1 r8 c11 shulker_box_top
atlas 1 r8 c12 candle
atlas 1 r8 c13 ender_chest_side
atlas 1 r8 c14 ender_chest_top
atlas 1 r8 c15 ender_chest_front
atlas 1 r8 c16 trapped_chest_front
atlas 1 r8 c17 cake_side
atlas 1 r8 c18 cake_top
atlas 1 r8 c19 cake_bottom
atlas 1 r8 c20 cake_inner
atlas 1 r8 c21 cut_copper
atlas 1 r8 c22 chiseled_copper
atlas 1 r8 c23 copper_grate
atlas 1 r9 c0 copper_bulb
atlas 1 r9 c1 copper_bulb_lit
atlas 1 r9 c2 copper_chest_side
atlas 1 r9 c3 copper_chest_top
atlas 1 r9 c4 copper_chest_front
atlas 1 r9 c5 copper_lantern
atlas 1 r9 c6 copper_bars
atlas 1 r9 c7 copper_chain
atlas 1 r9 c8 copper_door_bottom
atlas 1 r9 c9 copper_door_top
atlas 1 r9 c10 copper_trapdoor
atlas 1 r9 c11 exposed_copper
atlas 1 r9 c12 exposed_cut_copper
atlas 1 r9 c13 exposed_chiseled_copper
atlas 1 r9 c14 exposed_copper_grate
atlas 1 r9 c15 exposed_copper_bulb
atlas 1 r9 c16 exposed_copper_bulb_lit
atlas 1 r9 c17 exposed_copper_chest_side
atlas 1 r9 c18 exposed_copper_chest_top
atlas 1 r9 c19 exposed_copper_chest_front
atlas 1 r9 c20 exposed_copper_lantern
atlas 1 r9 c21 exposed_copper_bars
atlas 1 r9 c22 exposed_copper_chain
atlas 1 r9 c23 exposed_copper_door_bottom
atlas 1 r10 c0 exposed_copper_door_top
atlas 1 r10 c1 exposed_copper_trapdoor
atlas 1 r10 c2 weathered_copper
atlas 1 r10 c3 weathered_cut_copper
atlas 1 r10 c4 weathered_chiseled_copper
atlas 1 r10 c5 weathered_copper_grate
atlas 1 r10 c6 weathered_copper_bulb
atlas 1 r10 c7 weathered_copper_bulb_lit
atlas 1 r10 c8 weathered_copper_chest_side
atlas 1 r10 c9 weathered_copper_chest_top
atlas 1 r10 c10 weathered_copper_chest_front
atlas 1 r10 c11 weathered_copper_lantern
atlas 1 r10 c12 weathered_copper_bars
atlas 1 r10 c13 weathered_copper_chain
atlas 1 r10 c14 weathered_copper_door_bottom
atlas 1 r10 c15 weathered_copper_door_top
atlas 1 r10 c16 weathered_copper_trapdoor
atlas 1 r10 c17 oxidized_copper
atlas 1 r10 c18 oxidized_cut_copper
atlas 1 r10 c19 oxidized_chiseled_copper
atlas 1 r10 c20 oxidized_copper_grate
atlas 1 r10 c21 oxidized_copper_bulb
atlas 1 r10 c22 oxidized_copper_bulb_lit
atlas 1 r10 c23 oxidized_copper_chest_side
atlas 1 r11 c0 oxidized_copper_chest_top
atlas 1 r11 c1 oxidized_copper_chest_front
atlas 1 r11 c2 oxidized_copper_lantern
atlas 1 r11 c3 oxidized_copper_bars
atlas 1 r11 c4 oxidized_copper_chain
atlas 1 r11 c5 oxidized_copper_door_bottom
atlas 1 r11 c6 oxidized_copper_door_top
atlas 1 r11 c7 oxidized_copper_trapdoor
atlas 1 r11 c8 big_dripleaf_stem
atlas 1 r11 c9 big_dripleaf_top
atlas 1 r11 c10 small_dripleaf
atlas 1 r11 c11 spore_blossom
atlas 1 r11 c12 hanging_roots
atlas 1 r11 c13 glow_lichen
atlas 1 r11 c14 sculk_vein
atlas 1 r11 c15 sculk_tendril
atlas 1 r11 c16 sculk_sensor_side
atlas 1 r11 c17 sculk_sensor_top
atlas 1 r11 c18 sculk_catalyst_side
atlas 1 r11 c19 sculk_catalyst_top
atlas 1 r11 c20 polished_tuff
atlas 1 r11 c21 tuff_bricks
atlas 1 r11 c22 chiseled_tuff
atlas 1 r11 c23 chiseled_tuff_bricks
atlas 1 r12 c0 sea_pickle
atlas 1 r12 c1 conduit
atlas 1 r12 c2 scaffolding_side
atlas 1 r12 c3 scaffolding_top
atlas 1 r12 c4 chain
atlas 1 r12 c5 campfire_log
atlas 1 r12 c6 campfire_fire
atlas 1 r12 c7 soul_campfire_fire
atlas 1 r12 c8 bee_nest_side
atlas 1 r12 c9 bee_nest_top
atlas 1 r12 c10 bee_nest_front
atlas 1 r12 c11 bee_nest_front_honey
atlas 1 r12 c12 beehive_side
atlas 1 r12 c13 beehive_top
atlas 1 r12 c14 beehive_front
atlas 1 r12 c15 beehive_front_honey
atlas 1 r12 c16 honeycomb_block
atlas 1 r12 c17 bone_block_side
atlas 1 r12 c18 bone_block_top
atlas 1 r12 c19 bone_block_side@r
atlas 1 r12 c20 dried_kelp_side
atlas 1 r12 c21 dried_kelp_top
atlas 1 r12 c22 lodestone_side
atlas 1 r12 c23 lodestone_top
atlas 1 r13 c0 respawn_anchor_side
atlas 1 r13 c1 respawn_anchor_top_off
atlas 1 r13 c2 respawn_anchor_bottom
atlas 1 r13 c3 respawn_anchor_top
atlas 1 r13 c4 jukebox_side
atlas 1 r13 c5 jukebox_top
atlas 1 r13 c6 ochre_froglight_side
atlas 1 r13 c7 ochre_froglight_top
atlas 1 r13 c8 verdant_froglight_side
atlas 1 r13 c9 verdant_froglight_top
atlas 1 r13 c10 pearlescent_froglight_side
atlas 1 r13 c11 pearlescent_froglight_top
atlas 1 r13 c12 cocoa_stage0
atlas 1 r13 c13 cocoa_stage1
atlas 1 r13 c14 cocoa_stage2
atlas 1 r13 c15 turtle_egg
atlas 1 r13 c16 sniffer_egg
atlas 1 r13 c17 dried_ghast_0
atlas 1 r13 c18 dried_ghast_top_0
atlas 1 r13 c19 dried_ghast_1
atlas 1 r13 c20 dried_ghast_top_1
atlas 1 r13 c21 dried_ghast_2
atlas 1 r13 c22 dried_ghast_top_2
atlas 1 r13 c23 dried_ghast_3
atlas 1 r14 c0 dried_ghast_top_3
atlas 1 r14 c1 frogspawn
atlas 1 r14 c2 frosted_ice_0
atlas 1 r14 c3 frosted_ice_1
atlas 1 r14 c4 frosted_ice_2
atlas 1 r14 c5 frosted_ice_3
atlas 1 r14 c6 tripwire_hook
atlas 1 r14 c7 tripwire
atlas 1 r14 c8 torchflower
atlas 1 r14 c9 torchflower_crop0
atlas 1 r14 c10 torchflower_crop1
atlas 1 r14 c11 pitcher_plant
atlas 1 r14 c12 pitcher_crop0
atlas 1 r14 c13 pitcher_crop1
atlas 1 r14 c14 pitcher_crop2
atlas 1 r14 c15 pitcher_crop3
atlas 1 r14 c16 suspicious_sand
atlas 1 r14 c17 suspicious_gravel
atlas 1 r14 c18 decorated_pot
atlas 1 r14 c19 trial_spawner_side
atlas 1 r14 c20 trial_spawner_top
atlas 1 r14 c21 vault_side
atlas 1 r14 c22 vault_top
atlas 1 r14 c23 crafter_side
atlas 1 r15 c0 crafter_top
atlas 1 r15 c1 crafter_bottom
atlas 1 r15 c2 crafter_front
atlas 1 r15 c3 heavy_core
atlas 1 r15 c4 item_frame
atlas 1 r15 c5 glow_item_frame
atlas 1 r15 c6 painting_back
atlas 1 r15 c7 painting_kebab
atlas 1 r15 c8 painting_aztec
atlas 1 r15 c9 painting_alban
atlas 1 r15 c10 painting_aztec2
atlas 1 r15 c11 painting_bomb
atlas 1 r15 c12 painting_plant
atlas 1 r15 c13 painting_wasteland
atlas 1 r15 c14 painting_meditative
atlas 1 r15 c15 painting_pool
atlas 1 r15 c16 painting_courbet
atlas 1 r15 c17 painting_sea
atlas 1 r15 c18 painting_sunset
atlas 1 r15 c19 painting_creebet
atlas 1 r15 c20 painting_wanderer
atlas 1 r15 c21 painting_graham
atlas 1 r15 c22 painting_prairie_ride
atlas 1 r15 c23 painting_match
atlas 1 r16 c0 painting_bust
atlas 1 r16 c1 painting_stage
atlas 1 r16 c2 painting_void
atlas 1 r16 c3 painting_skull_and_roses
atlas 1 r16 c4 painting_wither
atlas 1 r16 c5 painting_earth
atlas 1 r16 c6 painting_wind
atlas 1 r16 c7 painting_water
atlas 1 r16 c8 painting_fire
atlas 1 r16 c9 painting_baroque
atlas 1 r16 c10 painting_humble
atlas 1 r16 c11 painting_fighters
atlas 1 r16 c12 painting_changing
atlas 1 r16 c13 painting_finding
atlas 1 r16 c14 painting_lowmist
atlas 1 r16 c15 painting_passage
atlas 1 r16 c16 painting_skeleton
atlas 1 r16 c17 painting_donkey_kong
atlas 1 r16 c18 painting_pointer
atlas 1 r16 c19 painting_pigscene
atlas 1 r16 c20 painting_burning_skull
atlas 1 r16 c21 painting_orb
atlas 1 r16 c22 painting_unpacked
atlas 1 r16 c23 banner_pat_stripe_bottom_t
atlas 1 r17 c0 banner_pat_stripe_bottom_b
atlas 1 r17 c1 banner_pat_stripe_top_t
atlas 1 r17 c2 banner_pat_stripe_top_b
atlas 1 r17 c3 banner_pat_stripe_left_t
atlas 1 r17 c4 banner_pat_stripe_left_b
atlas 1 r17 c5 banner_pat_stripe_right_t
atlas 1 r17 c6 banner_pat_stripe_right_b
atlas 1 r17 c7 banner_pat_stripe_center_t
atlas 1 r17 c8 banner_pat_stripe_center_b
atlas 1 r17 c9 banner_pat_stripe_middle_t
atlas 1 r17 c10 banner_pat_stripe_middle_b
atlas 1 r17 c11 banner_pat_stripe_downright_t
atlas 1 r17 c12 banner_pat_stripe_downright_b
atlas 1 r17 c13 banner_pat_stripe_downleft_t
atlas 1 r17 c14 banner_pat_stripe_downleft_b
atlas 1 r17 c15 banner_pat_small_stripes_t
atlas 1 r17 c16 banner_pat_small_stripes_b
atlas 1 r17 c17 banner_pat_cross_t
atlas 1 r17 c18 banner_pat_cross_b
atlas 1 r17 c19 banner_pat_straight_cross_t
atlas 1 r17 c20 banner_pat_straight_cross_b
atlas 1 r17 c21 banner_pat_diagonal_left_t
atlas 1 r17 c22 banner_pat_diagonal_left_b
atlas 1 r17 c23 banner_pat_diagonal_right_t
atlas 1 r18 c0 banner_pat_diagonal_right_b
atlas 1 r18 c1 banner_pat_diagonal_up_left_t
atlas 1 r18 c2 banner_pat_diagonal_up_left_b
atlas 1 r18 c3 banner_pat_diagonal_up_right_t
atlas 1 r18 c4 banner_pat_diagonal_up_right_b
atlas 1 r18 c5 banner_pat_half_vertical_t
atlas 1 r18 c6 banner_pat_half_vertical_b
atlas 1 r18 c7 banner_pat_half_vertical_right_t
atlas 1 r18 c8 banner_pat_half_vertical_right_b
atlas 1 r18 c9 banner_pat_half_horizontal_t
atlas 1 r18 c10 banner_pat_half_horizontal_b
atlas 1 r18 c11 banner_pat_half_horizontal_bottom_t
atlas 1 r18 c12 banner_pat_half_horizontal_bottom_b
atlas 1 r18 c13 banner_pat_square_bottom_left_t
atlas 1 r18 c14 banner_pat_square_bottom_left_b
atlas 1 r18 c15 banner_pat_square_bottom_right_t
atlas 1 r18 c16 banner_pat_square_bottom_right_b
atlas 1 r18 c17 banner_pat_square_top_left_t
atlas 1 r18 c18 banner_pat_square_top_left_b
atlas 1 r18 c19 banner_pat_square_top_right_t
atlas 1 r18 c20 banner_pat_square_top_right_b
atlas 1 r18 c21 banner_pat_triangle_bottom_t
atlas 1 r18 c22 banner_pat_triangle_bottom_b
atlas 1 r18 c23 banner_pat_triangle_top_t
atlas 1 r19 c0 banner_pat_triangle_top_b
atlas 1 r19 c1 banner_pat_triangles_bottom_t
atlas 1 r19 c2 banner_pat_triangles_bottom_b
atlas 1 r19 c3 banner_pat_triangles_top_t
atlas 1 r19 c4 banner_pat_triangles_top_b
atlas 1 r19 c5 banner_pat_circle_t
atlas 1 r19 c6 banner_pat_circle_b
atlas 1 r19 c7 banner_pat_rhombus_t
atlas 1 r19 c8 banner_pat_rhombus_b
atlas 1 r19 c9 banner_pat_border_t
atlas 1 r19 c10 banner_pat_border_b
atlas 1 r19 c11 banner_pat_gradient_t
atlas 1 r19 c12 banner_pat_gradient_b
atlas 1 r19 c13 banner_pat_gradient_up_t
atlas 1 r19 c14 banner_pat_gradient_up_b
atlas 1 r19 c15 banner_pat_curly_border_t
atlas 1 r19 c16 banner_pat_curly_border_b
atlas 1 r19 c17 banner_pat_bricks_t
atlas 1 r19 c18 banner_pat_bricks_b
atlas 1 r19 c19 banner_pat_creeper_t
atlas 1 r19 c20 banner_pat_creeper_b
atlas 1 r19 c21 banner_pat_skull_t
atlas 1 r19 c22 banner_pat_skull_b
atlas 1 r19 c23 banner_pat_flower_t
atlas 2 r0 c0 banner_pat_flower_b
atlas 2 r0 c1 banner_pat_thing_t
atlas 2 r0 c2 banner_pat_thing_b
atlas 2 r0 c3 banner_pat_globe_t
atlas 2 r0 c4 banner_pat_globe_b
atlas 2 r0 c5 banner_pat_piglin_t
atlas 2 r0 c6 banner_pat_piglin_b
atlas 2 r0 c7 banner_pat_flow_t
atlas 2 r0 c8 banner_pat_flow_b
atlas 2 r0 c9 banner_pat_guster_t
atlas 2 r0 c10 banner_pat_guster_b
atlas 2 r0 c11 banner_cloth_t
atlas 2 r0 c12 banner_cloth_b
atlas 2 r0 c13 stripped_oak_log
atlas 2 r0 c14 stripped_oak_log_top
atlas 2 r0 c15 stripped_oak_log@r
atlas 2 r0 c16 stripped_spruce_log
atlas 2 r0 c17 stripped_spruce_log_top
atlas 2 r0 c18 stripped_spruce_log@r
atlas 2 r0 c19 stripped_birch_log
atlas 2 r0 c20 stripped_birch_log_top
atlas 2 r0 c21 stripped_birch_log@r
atlas 2 r0 c22 stripped_jungle_log
atlas 2 r0 c23 stripped_jungle_log_top
atlas 2 r1 c0 stripped_jungle_log@r
atlas 2 r1 c1 stripped_acacia_log
atlas 2 r1 c2 stripped_acacia_log_top
atlas 2 r1 c3 stripped_acacia_log@r
atlas 2 r1 c4 stripped_dark_oak_log
atlas 2 r1 c5 stripped_dark_oak_log_top
atlas 2 r1 c6 stripped_dark_oak_log@r
atlas 2 r1 c7 stripped_mangrove_log
atlas 2 r1 c8 stripped_mangrove_log_top
atlas 2 r1 c9 stripped_mangrove_log@r
atlas 2 r1 c10 stripped_cherry_log
atlas 2 r1 c11 stripped_cherry_log_top
atlas 2 r1 c12 stripped_cherry_log@r
atlas 2 r1 c13 stripped_pale_oak_log
atlas 2 r1 c14 stripped_pale_oak_log_top
atlas 2 r1 c15 stripped_pale_oak_log@r
atlas 2 r1 c16 stripped_crimson_log
atlas 2 r1 c17 stripped_crimson_log_top
atlas 2 r1 c18 stripped_crimson_log@r
atlas 2 r1 c19 stripped_warped_log
atlas 2 r1 c20 stripped_warped_log_top
atlas 2 r1 c21 stripped_warped_log@r
atlas 2 r1 c22 bamboo_block
atlas 2 r1 c23 bamboo_block_top
atlas 2 r2 c0 bamboo_block@r
atlas 2 r2 c1 stripped_bamboo_block
atlas 2 r2 c2 stripped_bamboo_block_top
atlas 2 r2 c3 stripped_bamboo_block@r
atlas 2 r2 c4 quartz_pillar
atlas 2 r2 c5 quartz_pillar_top
atlas 2 r2 c6 quartz_pillar@r
atlas 2 r2 c7 chiseled_bookshelf_side
atlas 2 r2 c8 chiseled_bookshelf_top
atlas 2 r2 c9 chiseled_bookshelf_empty
atlas 2 r2 c10 pale_moss_block
atlas 2 r2 c11 pale_hanging_moss
atlas 2 r2 c12 creaking_heart
atlas 2 r2 c13 creaking_heart_top
atlas 2 r2 c14 creaking_heart_active
atlas 2 r2 c15 closed_eyeblossom
atlas 2 r2 c16 open_eyeblossom
atlas 2 r2 c17 resin_block
atlas 2 r2 c18 resin_bricks
atlas 2 r2 c19 chiseled_resin_bricks
atlas 2 r2 c20 bamboo_planks
atlas 2 r2 c21 bamboo_mosaic
atlas 2 r2 c22 firefly_bush
atlas 2 r2 c23 bush
atlas 2 r3 c0 short_dry_grass
atlas 2 r3 c1 tall_dry_grass
atlas 2 r3 c2 cactus_flower
atlas 2 r3 c3 leaf_litter
atlas 2 r3 c4 wildflowers
atlas 2 r3 c5 ship_wood
atlas 2 r3 c6 ship_wood_dark
atlas 2 r3 c7 ship_brass
atlas 2 r3 c8 ship_metal
atlas 2 r3 c9 ship_blade
atlas 2 r3 c10 ship_engine_side
atlas 2 r3 c11 ship_engine_top
atlas 2 r3 c12 ship_engine_front
atlas 2 r3 c13 ship_balloon
atlas 2 r3 c14 ship_wing
atlas 2 r3 c15 ship_ring_side
atlas 2 r3 c16 ship_ring_top
atlas 2 r3 c17 ship_barrel
atlas 2 r3 c18 ship_tyre
atlas 2 r3 c19 steel_plating
atlas 2 r3 c20 steel_grating
atlas 2 r3 c21 hazard_plating
atlas 2 r3 c22 light_panel
atlas 2 r3 c23 command_console_side
atlas 2 r4 c0 command_console_top
atlas 2 r4 c1 ammo_crate_side
atlas 2 r4 c2 ammo_crate_top
atlas 2 r4 c3 armored_glass
atlas 2 r4 c4 iron_bars
atlas 2 r4 c5 spawner
atlas 2 r4 c6 item_white_banner
atlas 2 r4 c7 item_orange_banner
atlas 2 r4 c8 item_magenta_banner
atlas 2 r4 c9 item_light_blue_banner
atlas 2 r4 c10 item_yellow_banner
atlas 2 r4 c11 item_lime_banner
atlas 2 r4 c12 item_pink_banner
atlas 2 r4 c13 item_gray_banner
atlas 2 r4 c14 item_light_gray_banner
atlas 2 r4 c15 item_cyan_banner
atlas 2 r4 c16 item_purple_banner
atlas 2 r4 c17 item_blue_banner
atlas 2 r4 c18 item_brown_banner
atlas 2 r4 c19 item_green_banner
atlas 2 r4 c20 item_red_banner
atlas 2 r4 c21 item_black_banner
atlas 2 r4 c22 item_stick
atlas 2 r4 c23 item_coal
atlas 2 r5 c0 item_charcoal
atlas 2 r5 c1 item_raw_iron
atlas 2 r5 c2 item_raw_gold
atlas 2 r5 c3 item_raw_copper
atlas 2 r5 c4 item_iron_ingot
atlas 2 r5 c5 item_gold_ingot
atlas 2 r5 c6 item_copper_ingot
atlas 2 r5 c7 item_netherite_ingot
atlas 2 r5 c8 item_netherite_scrap
atlas 2 r5 c9 item_iron_nugget
atlas 2 r5 c10 item_copper_nugget
atlas 2 r5 c11 item_gold_nugget
atlas 2 r5 c12 item_diamond
atlas 2 r5 c13 item_emerald
atlas 2 r5 c14 item_lapis_lazuli
atlas 2 r5 c15 item_amethyst_shard
atlas 2 r5 c16 item_quartz
atlas 2 r5 c17 item_redstone
atlas 2 r5 c18 item_glowstone_dust
atlas 2 r5 c19 item_gunpowder
atlas 2 r5 c20 item_sugar
atlas 2 r5 c21 item_bone_meal
atlas 2 r5 c22 item_blaze_powder
atlas 2 r5 c23 item_flint
atlas 2 r6 c0 item_string
atlas 2 r6 c1 item_feather
atlas 2 r6 c2 item_bone
atlas 2 r6 c3 item_leather
atlas 2 r6 c4 item_paper
atlas 2 r6 c5 item_book
atlas 2 r6 c6 item_slime_ball
atlas 2 r6 c7 item_snowball
atlas 2 r6 c8 item_clay_ball
atlas 2 r6 c9 item_brick
atlas 2 r6 c10 item_nether_brick
atlas 2 r6 c11 item_ender_pearl
atlas 2 r6 c12 item_ender_eye
atlas 2 r6 c13 item_blaze_rod
atlas 2 r6 c14 item_ghast_tear
atlas 2 r6 c15 item_wheat
atlas 2 r6 c16 item_wheat_seeds
atlas 2 r6 c17 item_nether_wart
atlas 2 r6 c18 item_saddle
atlas 2 r6 c19 item_name_tag
atlas 2 r6 c20 item_magma_cream
atlas 2 r6 c21 item_fire_charge
atlas 2 r6 c22 item_prismarine_shard
atlas 2 r6 c23 item_prismarine_crystals
atlas 2 r7 c0 item_heart_of_the_sea
atlas 2 r7 c1 item_nautilus_shell
atlas 2 r7 c2 item_minecart
atlas 2 r7 c3 item_chest_minecart
atlas 2 r7 c4 item_hopper_minecart
atlas 2 r7 c5 item_tnt_minecart
atlas 2 r7 c6 item_furnace_minecart
atlas 2 r7 c7 item_oak_boat
atlas 2 r7 c8 item_oak_chest_boat
atlas 2 r7 c9 item_spruce_boat
atlas 2 r7 c10 item_spruce_chest_boat
atlas 2 r7 c11 item_birch_boat
atlas 2 r7 c12 item_birch_chest_boat
atlas 2 r7 c13 item_jungle_boat
atlas 2 r7 c14 item_jungle_chest_boat
atlas 2 r7 c15 item_acacia_boat
atlas 2 r7 c16 item_acacia_chest_boat
atlas 2 r7 c17 item_dark_oak_boat
atlas 2 r7 c18 item_dark_oak_chest_boat
atlas 2 r7 c19 item_mangrove_boat
atlas 2 r7 c20 item_mangrove_chest_boat
atlas 2 r7 c21 item_cherry_boat
atlas 2 r7 c22 item_cherry_chest_boat
atlas 2 r7 c23 item_bamboo_raft
atlas 2 r8 c0 item_bamboo_chest_raft
atlas 2 r8 c1 item_pale_oak_boat
atlas 2 r8 c2 item_pale_oak_chest_boat
atlas 2 r8 c3 item_shulker_shell
atlas 2 r8 c4 item_dragon_breath
atlas 2 r8 c5 item_firework_rocket
atlas 2 r8 c6 item_firework_star
atlas 2 r8 c7 item_bundle
atlas 2 r8 c8 item_white_bundle
atlas 2 r8 c9 item_orange_bundle
atlas 2 r8 c10 item_magenta_bundle
atlas 2 r8 c11 item_light_blue_bundle
atlas 2 r8 c12 item_yellow_bundle
atlas 2 r8 c13 item_lime_bundle
atlas 2 r8 c14 item_pink_bundle
atlas 2 r8 c15 item_gray_bundle
atlas 2 r8 c16 item_light_gray_bundle
atlas 2 r8 c17 item_cyan_bundle
atlas 2 r8 c18 item_purple_bundle
atlas 2 r8 c19 item_blue_bundle
atlas 2 r8 c20 item_brown_bundle
atlas 2 r8 c21 item_green_bundle
atlas 2 r8 c22 item_red_bundle
atlas 2 r8 c23 item_black_bundle
atlas 2 r9 c0 item_writable_book
atlas 2 r9 c1 item_written_book
atlas 2 r9 c2 item_popped_chorus_fruit
atlas 2 r9 c3 item_melon_seeds
atlas 2 r9 c4 item_pumpkin_seeds
atlas 2 r9 c5 item_beetroot_seeds
atlas 2 r9 c6 item_egg
atlas 2 r9 c7 item_brown_egg
atlas 2 r9 c8 item_blue_egg
atlas 2 r9 c9 item_arrow
atlas 2 r9 c10 item_bowl
atlas 2 r9 c11 item_flint_and_steel
atlas 2 r9 c12 item_bucket
atlas 2 r9 c13 item_water_bucket
atlas 2 r9 c14 item_lava_bucket
atlas 2 r9 c15 item_milk_bucket
atlas 2 r9 c16 item_compass
atlas 2 r9 c17 item_clock
atlas 2 r9 c18 item_bow
atlas 2 r9 c19 item_shears
atlas 2 r9 c20 item_shield
atlas 2 r9 c21 item_crossbow
atlas 2 r9 c22 item_trident
atlas 2 r9 c23 item_fishing_rod
atlas 2 r10 c0 item_carrot_on_a_stick
atlas 2 r10 c1 item_glass_bottle
atlas 2 r10 c2 item_fermented_spider_eye
atlas 2 r10 c3 item_glistering_melon_slice
atlas 2 r10 c4 item_rabbit_foot
atlas 2 r10 c5 item_rabbit_hide
atlas 2 r10 c6 item_phantom_membrane
atlas 2 r10 c7 item_breeze_rod
atlas 2 r10 c8 item_experience_bottle
atlas 2 r10 c9 item_enchanted_book
atlas 2 r10 c10 item_nether_star
atlas 2 r10 c11 item_totem_of_undying
atlas 2 r10 c12 item_turtle_scute
atlas 2 r10 c13 item_ink_sac
atlas 2 r10 c14 item_glow_ink_sac
atlas 2 r10 c15 item_honeycomb
atlas 2 r10 c16 item_resin_clump
atlas 2 r10 c17 item_resin_brick
atlas 2 r10 c18 item_goat_horn
atlas 2 r10 c19 item_armadillo_scute
atlas 2 r10 c20 item_wolf_armor
atlas 2 r10 c21 item_end_crystal
atlas 2 r10 c22 item_ominous_bottle
atlas 2 r10 c23 item_cod_bucket
atlas 2 r11 c0 item_salmon_bucket
atlas 2 r11 c1 item_tropical_fish_bucket
atlas 2 r11 c2 item_pufferfish_bucket
atlas 2 r11 c3 item_axolotl_bucket
atlas 2 r11 c4 item_tadpole_bucket
atlas 2 r11 c5 item_warped_fungus_on_a_stick
atlas 2 r11 c6 item_white_dye
atlas 2 r11 c7 item_orange_dye
atlas 2 r11 c8 item_magenta_dye
atlas 2 r11 c9 item_light_blue_dye
atlas 2 r11 c10 item_yellow_dye
atlas 2 r11 c11 item_lime_dye
atlas 2 r11 c12 item_pink_dye
atlas 2 r11 c13 item_gray_dye
atlas 2 r11 c14 item_light_gray_dye
atlas 2 r11 c15 item_cyan_dye
atlas 2 r11 c16 item_purple_dye
atlas 2 r11 c17 item_blue_dye
atlas 2 r11 c18 item_brown_dye
atlas 2 r11 c19 item_green_dye
atlas 2 r11 c20 item_red_dye
atlas 2 r11 c21 item_black_dye
atlas 2 r11 c22 item_leather_horse_armor
atlas 2 r11 c23 item_iron_horse_armor
atlas 2 r12 c0 item_golden_horse_armor
atlas 2 r12 c1 item_diamond_horse_armor
atlas 2 r12 c2 item_copper_horse_armor
atlas 2 r12 c3 item_netherite_horse_armor
atlas 2 r12 c4 item_lead
atlas 2 r12 c5 item_spyglass
atlas 2 r12 c6 item_bordure_indented_banner_pattern
atlas 2 r12 c7 item_field_masoned_banner_pattern
atlas 2 r12 c8 item_creeper_banner_pattern
atlas 2 r12 c9 item_skull_banner_pattern
atlas 2 r12 c10 item_flower_banner_pattern
atlas 2 r12 c11 item_thing_banner_pattern
atlas 2 r12 c12 item_globe_banner_pattern
atlas 2 r12 c13 item_piglin_banner_pattern
atlas 2 r12 c14 item_flow_banner_pattern
atlas 2 r12 c15 item_guster_banner_pattern
atlas 2 r12 c16 item_armor_stand
atlas 2 r12 c17 item_cocoa_beans
atlas 2 r12 c18 item_torchflower_seeds
atlas 2 r12 c19 item_pitcher_pod
atlas 2 r12 c20 item_brush
atlas 2 r12 c21 item_echo_shard
atlas 2 r12 c22 item_recovery_compass
atlas 2 r12 c23 item_disc_fragment_5
atlas 2 r13 c0 item_mace
atlas 2 r13 c1 item_wind_charge
atlas 2 r13 c2 item_powder_snow_bucket
atlas 2 r13 c3 item_trial_key
atlas 2 r13 c4 item_map
atlas 2 r13 c5 item_filled_map
atlas 2 r13 c6 item_angler_pottery_sherd
atlas 2 r13 c7 item_archer_pottery_sherd
atlas 2 r13 c8 item_arms_up_pottery_sherd
atlas 2 r13 c9 item_blade_pottery_sherd
atlas 2 r13 c10 item_brewer_pottery_sherd
atlas 2 r13 c11 item_burn_pottery_sherd
atlas 2 r13 c12 item_danger_pottery_sherd
atlas 2 r13 c13 item_explorer_pottery_sherd
atlas 2 r13 c14 item_flow_pottery_sherd
atlas 2 r13 c15 item_friend_pottery_sherd
atlas 2 r13 c16 item_guster_pottery_sherd
atlas 2 r13 c17 item_heart_pottery_sherd
atlas 2 r13 c18 item_heartbreak_pottery_sherd
atlas 2 r13 c19 item_howl_pottery_sherd
atlas 2 r13 c20 item_miner_pottery_sherd
atlas 2 r13 c21 item_mourner_pottery_sherd
atlas 2 r13 c22 item_plenty_pottery_sherd
atlas 2 r13 c23 item_prize_pottery_sherd
atlas 2 r14 c0 item_scrape_pottery_sherd
atlas 2 r14 c1 item_sheaf_pottery_sherd
atlas 2 r14 c2 item_shelter_pottery_sherd
atlas 2 r14 c3 item_skull_pottery_sherd
atlas 2 r14 c4 item_snort_pottery_sherd
atlas 2 r14 c5 item_music_disc_13
atlas 2 r14 c6 item_music_disc_cat
atlas 2 r14 c7 item_music_disc_blocks
atlas 2 r14 c8 item_music_disc_chirp
atlas 2 r14 c9 item_music_disc_far
atlas 2 r14 c10 item_music_disc_mall
atlas 2 r14 c11 item_music_disc_mellohi
atlas 2 r14 c12 item_music_disc_stal
atlas 2 r14 c13 item_music_disc_strad
atlas 2 r14 c14 item_music_disc_ward
atlas 2 r14 c15 item_music_disc_11
atlas 2 r14 c16 item_music_disc_wait
atlas 2 r14 c17 item_music_disc_pigstep
atlas 2 r14 c18 item_music_disc_otherside
atlas 2 r14 c19 item_music_disc_5
atlas 2 r14 c20 item_music_disc_relic
atlas 2 r14 c21 item_music_disc_creator
atlas 2 r14 c22 item_music_disc_creator_music_box
atlas 2 r14 c23 item_music_disc_precipice
atlas 2 r15 c0 item_music_disc_tears
atlas 2 r15 c1 item_music_disc_lava_chicken
atlas 2 r15 c2 item_ominous_trial_key
atlas 2 r15 c3 item_netherite_upgrade_smithing_template
atlas 2 r15 c4 item_sentry_armor_trim_smithing_template
atlas 2 r15 c5 item_dune_armor_trim_smithing_template
atlas 2 r15 c6 item_coast_armor_trim_smithing_template
atlas 2 r15 c7 item_wild_armor_trim_smithing_template
atlas 2 r15 c8 item_ward_armor_trim_smithing_template
atlas 2 r15 c9 item_eye_armor_trim_smithing_template
atlas 2 r15 c10 item_vex_armor_trim_smithing_template
atlas 2 r15 c11 item_tide_armor_trim_smithing_template
atlas 2 r15 c12 item_snout_armor_trim_smithing_template
atlas 2 r15 c13 item_rib_armor_trim_smithing_template
atlas 2 r15 c14 item_spire_armor_trim_smithing_template
atlas 2 r15 c15 item_wayfinder_armor_trim_smithing_template
atlas 2 r15 c16 item_shaper_armor_trim_smithing_template
atlas 2 r15 c17 item_silence_armor_trim_smithing_template
atlas 2 r15 c18 item_raiser_armor_trim_smithing_template
atlas 2 r15 c19 item_host_armor_trim_smithing_template
atlas 2 r15 c20 item_flow_armor_trim_smithing_template
atlas 2 r15 c21 item_bolt_armor_trim_smithing_template
atlas 2 r15 c22 item_apple
atlas 2 r15 c23 item_golden_apple
atlas 2 r16 c0 item_bread
atlas 2 r16 c1 item_beef
atlas 2 r16 c2 item_cooked_beef
atlas 2 r16 c3 item_porkchop
atlas 2 r16 c4 item_cooked_porkchop
atlas 2 r16 c5 item_chicken
atlas 2 r16 c6 item_cooked_chicken
atlas 2 r16 c7 item_mutton
atlas 2 r16 c8 item_cooked_mutton
atlas 2 r16 c9 item_rabbit
atlas 2 r16 c10 item_cooked_rabbit
atlas 2 r16 c11 item_cod
atlas 2 r16 c12 item_cooked_cod
atlas 2 r16 c13 item_salmon
atlas 2 r16 c14 item_cooked_salmon
atlas 2 r16 c15 item_rotten_flesh
atlas 2 r16 c16 item_potato
atlas 2 r16 c17 item_baked_potato
atlas 2 r16 c18 item_carrot
atlas 2 r16 c19 item_golden_carrot
atlas 2 r16 c20 item_beetroot
atlas 2 r16 c21 item_cookie
atlas 2 r16 c22 item_melon_slice
atlas 2 r16 c23 item_sweet_berries
atlas 2 r17 c0 item_pumpkin_pie
atlas 2 r17 c1 item_mushroom_stew
atlas 2 r17 c2 item_beetroot_soup
atlas 2 r17 c3 item_dried_kelp
atlas 2 r17 c4 item_glow_berries
atlas 2 r17 c5 item_chorus_fruit
atlas 2 r17 c6 item_spider_eye
atlas 2 r17 c7 item_enchanted_golden_apple
atlas 2 r17 c8 item_pufferfish
atlas 2 r17 c9 item_tropical_fish
atlas 2 r17 c10 item_poisonous_potato
atlas 2 r17 c11 item_honey_bottle
atlas 2 r17 c12 item_rabbit_stew
atlas 2 r17 c13 item_suspicious_stew_allium
atlas 2 r17 c14 item_suspicious_stew_azure_bluet
atlas 2 r17 c15 item_suspicious_stew_blue_orchid
atlas 2 r17 c16 item_suspicious_stew_dandelion
atlas 2 r17 c17 item_suspicious_stew_cornflower
atlas 2 r17 c18 item_suspicious_stew_lily_of_the_valley
atlas 2 r17 c19 item_suspicious_stew_oxeye_daisy
atlas 2 r17 c20 item_suspicious_stew_poppy
atlas 2 r17 c21 item_suspicious_stew_red_tulip
atlas 2 r17 c22 item_suspicious_stew_orange_tulip
atlas 2 r17 c23 item_suspicious_stew_white_tulip
atlas 2 r18 c0 item_suspicious_stew_pink_tulip
atlas 2 r18 c1 item_suspicious_stew_wither_rose
atlas 2 r18 c2 item_suspicious_stew_torchflower
atlas 2 r18 c3 item_suspicious_stew_open_eyeblossom
atlas 2 r18 c4 item_suspicious_stew_closed_eyeblossom
atlas 2 r18 c5 item_wooden_sword
atlas 2 r18 c6 item_wooden_shovel
atlas 2 r18 c7 item_wooden_pickaxe
atlas 2 r18 c8 item_wooden_axe
atlas 2 r18 c9 item_wooden_hoe
atlas 2 r18 c10 item_wooden_spear
atlas 2 r18 c11 item_stone_sword
atlas 2 r18 c12 item_stone_shovel
atlas 2 r18 c13 item_stone_pickaxe
atlas 2 r18 c14 item_stone_axe
atlas 2 r18 c15 item_stone_hoe
atlas 2 r18 c16 item_stone_spear
atlas 2 r18 c17 item_iron_sword
atlas 2 r18 c18 item_iron_shovel
atlas 2 r18 c19 item_iron_pickaxe
atlas 2 r18 c20 item_iron_axe
atlas 2 r18 c21 item_iron_hoe
atlas 2 r18 c22 item_iron_spear
atlas 2 r18 c23 item_golden_sword
atlas 2 r19 c0 item_golden_shovel
atlas 2 r19 c1 item_golden_pickaxe
atlas 2 r19 c2 item_golden_axe
atlas 2 r19 c3 item_golden_hoe
atlas 2 r19 c4 item_golden_spear
atlas 2 r19 c5 item_diamond_sword
atlas 2 r19 c6 item_diamond_shovel
atlas 2 r19 c7 item_diamond_pickaxe
atlas 2 r19 c8 item_diamond_axe
atlas 2 r19 c9 item_diamond_hoe
atlas 2 r19 c10 item_diamond_spear
atlas 2 r19 c11 item_netherite_sword
atlas 2 r19 c12 item_netherite_shovel
atlas 2 r19 c13 item_netherite_pickaxe
atlas 2 r19 c14 item_netherite_axe
atlas 2 r19 c15 item_netherite_hoe
atlas 2 r19 c16 item_netherite_spear
atlas 2 r19 c17 item_copper_sword
atlas 2 r19 c18 item_copper_shovel
atlas 2 r19 c19 item_copper_pickaxe
atlas 2 r19 c20 item_copper_axe
atlas 2 r19 c21 item_copper_hoe
atlas 2 r19 c22 item_copper_spear
atlas 2 r19 c23 item_leather_helmet
atlas 3 r0 c0 item_leather_chestplate
atlas 3 r0 c1 item_leather_leggings
atlas 3 r0 c2 item_leather_boots
atlas 3 r0 c3 item_chainmail_helmet
atlas 3 r0 c4 item_chainmail_chestplate
atlas 3 r0 c5 item_chainmail_leggings
atlas 3 r0 c6 item_chainmail_boots
atlas 3 r0 c7 item_iron_helmet
atlas 3 r0 c8 item_iron_chestplate
atlas 3 r0 c9 item_iron_leggings
atlas 3 r0 c10 item_iron_boots
atlas 3 r0 c11 item_golden_helmet
atlas 3 r0 c12 item_golden_chestplate
atlas 3 r0 c13 item_golden_leggings
atlas 3 r0 c14 item_golden_boots
atlas 3 r0 c15 item_diamond_helmet
atlas 3 r0 c16 item_diamond_chestplate
atlas 3 r0 c17 item_diamond_leggings
atlas 3 r0 c18 item_diamond_boots
atlas 3 r0 c19 item_netherite_helmet
atlas 3 r0 c20 item_netherite_chestplate
atlas 3 r0 c21 item_netherite_leggings
atlas 3 r0 c22 item_netherite_boots
atlas 3 r0 c23 item_copper_helmet
atlas 3 r1 c0 item_copper_chestplate
atlas 3 r1 c1 item_copper_leggings
atlas 3 r1 c2 item_copper_boots
atlas 3 r1 c3 item_turtle_helmet
atlas 3 r1 c4 item_elytra
atlas 3 r1 c5 item_potion_bottle
atlas 3 r1 c6 item_potion_liquid
atlas 3 r1 c7 item_splash_bottle
atlas 3 r1 c8 item_lingering_bottle
atlas 3 r1 c9 item_tipped_arrow
atlas 3 r1 c10 item_tipped_arrow_head
atlas 3 r1 c11 item_harness
atlas 3 r1 c12 item_harness_band
atlas 3 r1 c13 item_spawn_egg
atlas 3 r1 c14 item_spawn_egg_shell
atlas 3 r1 c15 item_rifle_rounds
atlas 3 r1 c16 item_shotgun_shells
atlas 3 r1 c17 item_heavy_rounds
atlas 3 r1 c18 item_rocket_ammo
atlas 3 r1 c19 item_arc_cell
atlas 3 r1 c20 item_gun_rifle
atlas 3 r1 c21 item_gun_smg
atlas 3 r1 c22 item_gun_shotgun
atlas 3 r1 c23 item_gun_sniper
atlas 3 r2 c0 item_gun_launcher
atlas 3 r2 c1 item_gun_arc
atlas 3 r2 c2 item_explorer_mark
atlas 3 r2 c3 heart
atlas 3 r2 c4 heart_half
atlas 3 r2 c5 heart_empty
atlas 3 r2 c6 heart_gold
atlas 3 r2 c7 heart_gold_half
atlas 3 r2 c8 heart_poison
atlas 3 r2 c9 heart_poison_half
atlas 3 r2 c10 heart_wither
atlas 3 r2 c11 heart_wither_half
atlas 3 r2 c12 rain_drop
atlas 3 r2 c13 snow_flake
atlas 3 r2 c14 food
atlas 3 r2 c15 food_half
atlas 3 r2 c16 food_empty
atlas 3 r2 c17 bubble
atlas 3 r2 c18 destroy_0
atlas 3 r2 c19 destroy_1
atlas 3 r2 c20 destroy_2
atlas 3 r2 c21 destroy_3
atlas 3 r2 c22 destroy_4
atlas 3 r2 c23 destroy_5
atlas 3 r3 c0 destroy_6
atlas 3 r3 c1 destroy_7
atlas 3 r3 c2 destroy_8
atlas 3 r3 c3 destroy_9
atlas 3 r3 c4 armor
atlas 3 r3 c5 armor_half
atlas 3 r3 c6 armor_empty
atlas 3 r3 c7 xp_bar
atlas 3 r3 c8 smoke
atlas 3 r3 c9 sun
atlas 3 r3 c10 shadow
atlas 3 r3 c11 moon_0
atlas 3 r3 c12 moon_1
atlas 3 r3 c13 moon_2
atlas 3 r3 c14 moon_3
atlas 3 r3 c15 moon_4
atlas 3 r3 c16 moon_5
atlas 3 r3 c17 moon_6
atlas 3 r3 c18 moon_7
atlas 3 r3 c19 glyph_32
atlas 3 r3 c20 glyph_33
atlas 3 r3 c21 glyph_34
atlas 3 r3 c22 glyph_35
atlas 3 r3 c23 glyph_36
atlas 3 r4 c0 glyph_37
atlas 3 r4 c1 glyph_38
atlas 3 r4 c2 glyph_39
atlas 3 r4 c3 glyph_40
atlas 3 r4 c4 glyph_41
atlas 3 r4 c5 glyph_42
atlas 3 r4 c6 glyph_43
atlas 3 r4 c7 glyph_44
atlas 3 r4 c8 glyph_45
atlas 3 r4 c9 glyph_46
atlas 3 r4 c10 glyph_47
atlas 3 r4 c11 glyph_48
atlas 3 r4 c12 glyph_49
atlas 3 r4 c13 glyph_50
atlas 3 r4 c14 glyph_51
atlas 3 r4 c15 glyph_52
atlas 3 r4 c16 glyph_53
atlas 3 r4 c17 glyph_54
atlas 3 r4 c18 glyph_55
atlas 3 r4 c19 glyph_56
atlas 3 r4 c20 glyph_57
atlas 3 r4 c21 glyph_58
atlas 3 r4 c22 glyph_59
atlas 3 r4 c23 glyph_60
atlas 3 r5 c0 glyph_61
atlas 3 r5 c1 glyph_62
atlas 3 r5 c2 glyph_63
atlas 3 r5 c3 glyph_64
atlas 3 r5 c4 glyph_65
atlas 3 r5 c5 glyph_66
atlas 3 r5 c6 glyph_67
atlas 3 r5 c7 glyph_68
atlas 3 r5 c8 glyph_69
atlas 3 r5 c9 glyph_70
atlas 3 r5 c10 glyph_71
atlas 3 r5 c11 glyph_72
atlas 3 r5 c12 glyph_73
atlas 3 r5 c13 glyph_74
atlas 3 r5 c14 glyph_75
atlas 3 r5 c15 glyph_76
atlas 3 r5 c16 glyph_77
atlas 3 r5 c17 glyph_78
atlas 3 r5 c18 glyph_79
atlas 3 r5 c19 glyph_80
atlas 3 r5 c20 glyph_81
atlas 3 r5 c21 glyph_82
atlas 3 r5 c22 glyph_83
atlas 3 r5 c23 glyph_84
atlas 3 r6 c0 glyph_85
atlas 3 r6 c1 glyph_86
atlas 3 r6 c2 glyph_87
atlas 3 r6 c3 glyph_88
atlas 3 r6 c4 glyph_89
atlas 3 r6 c5 glyph_90
atlas 3 r6 c6 glyph_91
atlas 3 r6 c7 glyph_92
atlas 3 r6 c8 glyph_93
atlas 3 r6 c9 glyph_94
atlas 3 r6 c10 glyph_95
atlas 3 r6 c11 glyph_96
atlas 3 r6 c12 glyph_97
atlas 3 r6 c13 glyph_98
atlas 3 r6 c14 glyph_99
atlas 3 r6 c15 glyph_100
atlas 3 r6 c16 glyph_101
atlas 3 r6 c17 glyph_102
atlas 3 r6 c18 glyph_103
atlas 3 r6 c19 glyph_104
atlas 3 r6 c20 glyph_105
atlas 3 r6 c21 glyph_106
atlas 3 r6 c22 glyph_107
atlas 3 r6 c23 glyph_108
atlas 3 r7 c0 glyph_109
atlas 3 r7 c1 glyph_110
atlas 3 r7 c2 glyph_111
atlas 3 r7 c3 glyph_112
atlas 3 r7 c4 glyph_113
atlas 3 r7 c5 glyph_114
atlas 3 r7 c6 glyph_115
atlas 3 r7 c7 glyph_116
atlas 3 r7 c8 glyph_117
atlas 3 r7 c9 glyph_118
atlas 3 r7 c10 glyph_119
atlas 3 r7 c11 glyph_120
atlas 3 r7 c12 glyph_121
atlas 3 r7 c13 glyph_122
atlas 3 r7 c14 glyph_123
atlas 3 r7 c15 glyph_124
atlas 3 r7 c16 glyph_125
atlas 3 r7 c17 glyph_126
atlas 3 r7 c18 effect_speed
atlas 3 r7 c19 effect_slowness
atlas 3 r7 c20 effect_haste
atlas 3 r7 c21 effect_mining_fatigue
atlas 3 r7 c22 effect_strength
atlas 3 r7 c23 effect_instant_health
atlas 3 r8 c0 effect_instant_damage
atlas 3 r8 c1 effect_jump_boost
atlas 3 r8 c2 effect_nausea
atlas 3 r8 c3 effect_regeneration
atlas 3 r8 c4 effect_resistance
atlas 3 r8 c5 effect_fire_resistance
atlas 3 r8 c6 effect_water_breathing
atlas 3 r8 c7 effect_invisibility
atlas 3 r8 c8 effect_blindness
atlas 3 r8 c9 effect_night_vision
atlas 3 r8 c10 effect_hunger
atlas 3 r8 c11 effect_weakness
atlas 3 r8 c12 effect_poison
atlas 3 r8 c13 effect_blight
atlas 3 r8 c14 effect_health_boost
atlas 3 r8 c15 effect_absorption
atlas 3 r8 c16 effect_saturation
atlas 3 r8 c17 effect_glowing
atlas 3 r8 c18 effect_levitation
atlas 3 r8 c19 effect_luck
atlas 3 r8 c20 effect_bad_luck
atlas 3 r8 c21 effect_slow_falling
atlas 3 r8 c22 effect_conduit_power
atlas 3 r8 c23 effect_dolphins_grace
atlas 3 r9 c0 effect_ill_omen
atlas 3 r9 c1 effect_village_hero
atlas 3 r9 c2 effect_darkness
atlas 3 r9 c3 effect_proving_omen
atlas 3 r9 c4 effect_siege_omen
atlas 3 r9 c5 effect_wind_charged
atlas 3 r9 c6 effect_weaving
atlas 3 r9 c7 effect_oozing
atlas 3 r9 c8 effect_infested
atlas: 1665 layers on 4 pages
textures without a painter: missing
hdatlas r0 c0 acacia_sapling
hdatlas r0 c1 activator_rail
hdatlas r0 c2 activator_rail_on
hdatlas r0 c3 allium
hdatlas r0 c4 amethyst_block
hdatlas r0 c5 amethyst_cluster
hdatlas r0 c6 ammo_crate_side
hdatlas r0 c7 ammo_crate_top
hdatlas r1 c0 ancient_debris_side
hdatlas r1 c1 ancient_debris_top
hdatlas r1 c2 andesite
hdatlas r1 c3 anvil
hdatlas r1 c4 armored_glass
hdatlas r1 c5 azalea_side
hdatlas r1 c6 azalea_top
hdatlas r1 c7 azure_bluet
hdatlas r2 c0 bamboo_block
hdatlas r2 c1 bamboo_block_top
hdatlas r2 c2 bamboo_mosaic
hdatlas r2 c3 bamboo_stalk
hdatlas r2 c4 barrel_bottom
hdatlas r2 c5 barrel_side
hdatlas r2 c6 barrel_top
hdatlas r2 c7 basalt_side
hdatlas r3 c0 basalt_top
hdatlas r3 c1 beacon_core
hdatlas r3 c2 beacon_glass
hdatlas r3 c3 bedrock
hdatlas r3 c4 bee_nest_front
hdatlas r3 c5 bee_nest_front_honey
hdatlas r3 c6 bee_nest_side
hdatlas r3 c7 bee_nest_top
hdatlas r4 c0 beehive_front
hdatlas r4 c1 beehive_front_honey
hdatlas r4 c2 beehive_side
hdatlas r4 c3 beehive_top
hdatlas r4 c4 bell
hdatlas r4 c5 big_dripleaf_stem
hdatlas r4 c6 big_dripleaf_top
hdatlas r4 c7 birch_log
hdatlas r5 c0 birch_planks
hdatlas r5 c1 birch_sapling
hdatlas r5 c2 blackstone
hdatlas r5 c3 blast_furnace_front
hdatlas r5 c4 blast_furnace_top
hdatlas r5 c5 blue_ice
hdatlas r5 c6 blue_orchid
hdatlas r5 c7 bone_block_side
hdatlas r6 c0 bone_block_top
hdatlas r6 c1 bookshelf
hdatlas r6 c2 brewing_stand_base
hdatlas r6 c3 brewing_stand_rod
hdatlas r6 c4 bricks
hdatlas r6 c5 brown_mushroom
hdatlas r6 c6 brown_mushroom_block
hdatlas r6 c7 budding_amethyst
hdatlas r7 c0 bush
hdatlas r7 c1 cactus_bottom
hdatlas r7 c2 cactus_flower
hdatlas r7 c3 cactus_side
hdatlas r7 c4 cactus_top
hdatlas r7 c5 cake_bottom
hdatlas r7 c6 cake_inner
hdatlas r7 c7 cake_side
hdatlas r8 c0 cake_top
hdatlas r8 c1 calcite
hdatlas r8 c2 campfire_fire
hdatlas r8 c3 campfire_log
hdatlas r8 c4 candle
hdatlas r8 c5 cartography_table_side
hdatlas r8 c6 cartography_table_top
hdatlas r8 c7 carved_pumpkin_face
hdatlas r9 c0 cauldron
hdatlas r9 c1 cauldron_water
hdatlas r9 c2 cave_vines
hdatlas r9 c3 chain
hdatlas r9 c4 cherry_sapling
hdatlas r9 c5 chest_front
hdatlas r9 c6 chest_side
hdatlas r9 c7 chest_top
hdatlas r10 c0 chipped_anvil
hdatlas r10 c1 chiseled_bookshelf_empty
hdatlas r10 c2 chiseled_bookshelf_side
hdatlas r10 c3 chiseled_bookshelf_top
hdatlas r10 c4 chiseled_polished_blackstone
hdatlas r10 c5 chiseled_resin_bricks
hdatlas r10 c6 chiseled_sandstone
hdatlas r10 c7 chiseled_stone_bricks
hdatlas r11 c0 chiseled_tuff
hdatlas r11 c1 chiseled_tuff_bricks
hdatlas r11 c2 chorus_flower
hdatlas r11 c3 chorus_plant
hdatlas r11 c4 clay
hdatlas r11 c5 closed_eyeblossom
hdatlas r11 c6 coal_block
hdatlas r11 c7 coal_ore
hdatlas r12 c0 coarse_dirt
hdatlas r12 c1 cobbled_deepslate
hdatlas r12 c2 cobblestone
hdatlas r12 c3 cobweb
hdatlas r12 c4 command_console_side
hdatlas r12 c5 command_console_top
hdatlas r12 c6 comparator
hdatlas r12 c7 comparator_on
hdatlas r13 c0 composter_compost
hdatlas r13 c1 composter_ready
hdatlas r13 c2 composter_side
hdatlas r13 c3 composter_top
hdatlas r13 c4 conduit
hdatlas r13 c5 copper_block
hdatlas r13 c6 copper_ore
hdatlas r13 c7 copper_torch
hdatlas r14 c0 copper_torch_wall
hdatlas r14 c1 cornflower
hdatlas r14 c2 cracked_polished_blackstone_bricks
hdatlas r14 c3 cracked_stone_bricks
hdatlas r14 c4 crafter_bottom
hdatlas r14 c5 crafter_front
hdatlas r14 c6 crafter_side
hdatlas r14 c7 crafter_top
hdatlas r15 c0 crafting_table_front
hdatlas r15 c1 crafting_table_side
hdatlas r15 c2 crafting_table_top
hdatlas r15 c3 creaking_heart
hdatlas r15 c4 creaking_heart_active
hdatlas r15 c5 creaking_heart_top
hdatlas r15 c6 crimson_fungus
hdatlas r15 c7 crimson_nylium
hdatlas r16 c0 crimson_nylium_side
hdatlas r16 c1 crimson_roots
hdatlas r16 c2 crying_obsidian
hdatlas r16 c3 cut_copper
hdatlas r16 c4 cut_red_sandstone
hdatlas r16 c5 cut_sandstone
hdatlas r16 c6 damaged_anvil
hdatlas r16 c7 dandelion
hdatlas r17 c0 dark_oak_sapling
hdatlas r17 c1 dark_prismarine
hdatlas r17 c2 daylight_detector_inverted_top
hdatlas r17 c3 daylight_detector_side
hdatlas r17 c4 daylight_detector_top
hdatlas r17 c5 dead_bush
hdatlas r17 c6 decorated_pot
hdatlas r17 c7 deepslate
hdatlas r18 c0 deepslate_bricks
hdatlas r18 c1 deepslate_coal_ore
hdatlas r18 c2 deepslate_copper_ore
hdatlas r18 c3 deepslate_diamond_ore
hdatlas r18 c4 deepslate_gold_ore
hdatlas r18 c5 deepslate_iron_ore
hdatlas r18 c6 deepslate_lapis_ore
hdatlas r18 c7 deepslate_redstone_ore
hdatlas r19 c0 deepslate_tiles
hdatlas r19 c1 detector_rail
hdatlas r19 c2 detector_rail_on
hdatlas r19 c3 diamond_block
hdatlas r19 c4 diamond_ore
hdatlas r19 c5 diorite
hdatlas r19 c6 dirt
hdatlas r19 c7 dirt_path_side
hdatlas r20 c0 dirt_path_top
hdatlas r20 c1 dispenser_front
hdatlas r20 c2 dispenser_front_vertical
hdatlas r20 c3 dragon_egg
hdatlas r20 c4 dried_kelp_side
hdatlas r20 c5 dried_kelp_top
hdatlas r20 c6 dripstone_block
hdatlas r20 c7 dropper_front
hdatlas r21 c0 dropper_front_vertical
hdatlas r21 c1 emerald_block
hdatlas r21 c2 emerald_ore
hdatlas r21 c3 enchanting_table_bottom
hdatlas r21 c4 enchanting_table_side
hdatlas r21 c5 enchanting_table_top
hdatlas r21 c6 end_portal
hdatlas r21 c7 end_portal_frame_eye
hdatlas r22 c0 end_portal_frame_side
hdatlas r22 c1 end_portal_frame_top
hdatlas r22 c2 end_rod
hdatlas r22 c3 end_stone
hdatlas r22 c4 end_stone_bricks
hdatlas r22 c5 ender_chest_front
hdatlas r22 c6 ender_chest_side
hdatlas r22 c7 ender_chest_top
hdatlas r23 c0 exposed_copper
hdatlas r23 c1 exposed_cut_copper
hdatlas r23 c2 farmland
hdatlas r23 c3 farmland_moist
hdatlas r23 c4 fern
hdatlas r23 c5 fire
hdatlas r23 c6 firefly_bush
hdatlas r23 c7 fletching_table_side
hdatlas r24 c0 fletching_table_top
hdatlas r24 c1 flower_pot
hdatlas r24 c2 frogspawn
hdatlas r24 c3 furnace_front
hdatlas r24 c4 furnace_front_on
hdatlas r24 c5 furnace_side
hdatlas r24 c6 furnace_top
hdatlas r24 c7 gilded_blackstone
hdatlas r25 c0 glass
hdatlas r25 c1 glow_item_frame
hdatlas r25 c2 glow_lichen
hdatlas r25 c3 glowstone
hdatlas r25 c4 gold_block
hdatlas r25 c5 gold_ore
hdatlas r25 c6 granite
hdatlas r25 c7 grass_block_side
hdatlas r26 c0 grass_block_snow
hdatlas r26 c1 grass_block_top
hdatlas r26 c2 gravel
hdatlas r26 c3 grindstone
hdatlas r26 c4 hanging_roots
hdatlas r26 c5 hay_block_side
hdatlas r26 c6 hay_block_top
hdatlas r26 c7 hazard_plating
hdatlas r27 c0 heavy_core
hdatlas r27 c1 honey_block
hdatlas r27 c2 honeycomb_block
hdatlas r27 c3 hopper_outside
hdatlas r27 c4 hopper_top
hdatlas r27 c5 ice
hdatlas r27 c6 iron_bars
hdatlas r27 c7 iron_block
hdatlas r28 c0 iron_ore
hdatlas r28 c1 jack_o_lantern_face
hdatlas r28 c2 jukebox_side
hdatlas r28 c3 jukebox_top
hdatlas r28 c4 jungle_sapling
hdatlas r28 c5 kelp
hdatlas r28 c6 ladder
hdatlas r28 c7 lantern
hdatlas r29 c0 lapis_block
hdatlas r29 c1 lapis_ore
hdatlas r29 c2 large_fern_bottom
hdatlas r29 c3 large_fern_top
hdatlas r29 c4 lava
hdatlas r29 c5 leaf_litter
hdatlas r29 c6 lectern_side
hdatlas r29 c7 lectern_top
hdatlas r30 c0 lever
hdatlas r30 c1 light_panel
hdatlas r30 c2 lilac_bottom
hdatlas r30 c3 lilac_top
hdatlas r30 c4 lily_of_the_valley
hdatlas r30 c5 lily_pad
hdatlas r30 c6 lodestone_side
hdatlas r30 c7 lodestone_top
hdatlas r31 c0 loom_side
hdatlas r31 c1 loom_top
hdatlas r31 c2 magma
hdatlas r31 c3 mangrove_propagule
hdatlas r31 c4 mangrove_roots
hdatlas r31 c5 melon_side
hdatlas r31 c6 melon_top
hdatlas r31 c7 moss_block
hdatlas r32 c0 mossy_cobblestone
hdatlas r32 c1 mossy_stone_bricks
hdatlas r32 c2 mud
hdatlas r32 c3 mud_bricks
hdatlas r32 c4 mushroom_block_inside
hdatlas r32 c5 mushroom_stem
hdatlas r32 c6 mycelium_side
hdatlas r32 c7 mycelium_top
hdatlas r33 c0 nether_bricks
hdatlas r33 c1 nether_gold_ore
hdatlas r33 c2 nether_portal
hdatlas r33 c3 nether_quartz_ore
hdatlas r33 c4 nether_wart_block
hdatlas r33 c5 netherite_block
hdatlas r33 c6 netherrack
hdatlas r33 c7 note_block
hdatlas r34 c0 oak_leaves
hdatlas r34 c1 oak_log
hdatlas r34 c2 oak_log_top
hdatlas r34 c3 oak_planks
hdatlas r34 c4 oak_sapling
hdatlas r34 c5 observer_back
hdatlas r34 c6 observer_back_on
hdatlas r34 c7 observer_front
hdatlas r35 c0 observer_side
hdatlas r35 c1 observer_top
hdatlas r35 c2 obsidian
hdatlas r35 c3 ochre_froglight_side
hdatlas r35 c4 ochre_froglight_top
hdatlas r35 c5 open_eyeblossom
hdatlas r35 c6 orange_tulip
hdatlas r35 c7 oxeye_daisy
hdatlas r36 c0 oxidized_copper
hdatlas r36 c1 oxidized_cut_copper
hdatlas r36 c2 packed_ice
hdatlas r36 c3 packed_mud
hdatlas r36 c4 painting_back
hdatlas r36 c5 pale_hanging_moss
hdatlas r36 c6 pale_moss_block
hdatlas r36 c7 pale_oak_sapling
hdatlas r37 c0 pearlescent_froglight_side
hdatlas r37 c1 pearlescent_froglight_top
hdatlas r37 c2 peony_bottom
hdatlas r37 c3 peony_top
hdatlas r37 c4 pink_petals
hdatlas r37 c5 pink_tulip
hdatlas r37 c6 piston_bottom
hdatlas r37 c7 piston_inner
hdatlas r38 c0 piston_side
hdatlas r38 c1 piston_top
hdatlas r38 c2 piston_top_sticky
hdatlas r38 c3 pitcher_plant
hdatlas r38 c4 podzol_side
hdatlas r38 c5 podzol_top
hdatlas r38 c6 pointed_dripstone
hdatlas r38 c7 polished_blackstone
hdatlas r39 c0 polished_blackstone_bricks
hdatlas r39 c1 polished_deepslate
hdatlas r39 c2 polished_tuff
hdatlas r39 c3 poppy
hdatlas r39 c4 powered_rail
hdatlas r39 c5 powered_rail_on
hdatlas r39 c6 prismarine
hdatlas r39 c7 prismarine_bricks
hdatlas r40 c0 pumpkin_side
hdatlas r40 c1 pumpkin_top
hdatlas r40 c2 purpur_block
hdatlas r40 c3 purpur_pillar
hdatlas r40 c4 purpur_pillar_top
hdatlas r40 c5 quartz_pillar
hdatlas r40 c6 quartz_pillar_top
hdatlas r40 c7 rail
hdatlas r41 c0 rail_corner
hdatlas r41 c1 red_mushroom
hdatlas r41 c2 red_mushroom_block
hdatlas r41 c3 red_nether_bricks
hdatlas r41 c4 red_sand
hdatlas r41 c5 red_sandstone
hdatlas r41 c6 red_sandstone_top
hdatlas r41 c7 red_tulip
hdatlas r42 c0 redstone_block
hdatlas r42 c1 redstone_lamp
hdatlas r42 c2 redstone_lamp_on
hdatlas r42 c3 redstone_ore
hdatlas r42 c4 redstone_torch
hdatlas r42 c5 redstone_torch_off
hdatlas r42 c6 reinforced_deepslate
hdatlas r42 c7 repeater
hdatlas r43 c0 repeater_on
hdatlas r43 c1 resin_block
hdatlas r43 c2 resin_bricks
hdatlas r43 c3 respawn_anchor_bottom
hdatlas r43 c4 respawn_anchor_side
hdatlas r43 c5 respawn_anchor_top
hdatlas r43 c6 respawn_anchor_top_off
hdatlas r43 c7 rooted_dirt
hdatlas r44 c0 rose_bush_bottom
hdatlas r44 c1 rose_bush_top
hdatlas r44 c2 sand
hdatlas r44 c3 sandstone
hdatlas r44 c4 sandstone_bottom
hdatlas r44 c5 sandstone_top
hdatlas r44 c6 scaffolding_side
hdatlas r44 c7 scaffolding_top
hdatlas r45 c0 sculk
hdatlas r45 c1 sculk_catalyst_side
hdatlas r45 c2 sculk_catalyst_top
hdatlas r45 c3 sculk_sensor_side
hdatlas r45 c4 sculk_sensor_top
hdatlas r45 c5 sculk_shrieker_side
hdatlas r45 c6 sculk_shrieker_top
hdatlas r45 c7 sculk_tendril
hdatlas r46 c0 sculk_vein
hdatlas r46 c1 sea_lantern
hdatlas r46 c2 sea_pickle
hdatlas r46 c3 seagrass
hdatlas r46 c4 ship_balloon
hdatlas r46 c5 ship_barrel
hdatlas r46 c6 ship_blade
hdatlas r46 c7 ship_brass
hdatlas r47 c0 ship_engine_front
hdatlas r47 c1 ship_engine_side
hdatlas r47 c2 ship_engine_top
hdatlas r47 c3 ship_metal
hdatlas r47 c4 ship_ring_side
hdatlas r47 c5 ship_ring_top
hdatlas r47 c6 ship_tyre
hdatlas r47 c7 ship_wing
hdatlas r48 c0 ship_wood
hdatlas r48 c1 ship_wood_dark
hdatlas r48 c2 short_dry_grass
hdatlas r48 c3 short_grass
hdatlas r48 c4 shroomlight
hdatlas r48 c5 shulker_box_side
hdatlas r48 c6 shulker_box_top
hdatlas r48 c7 slime_block
hdatlas r49 c0 small_dripleaf
hdatlas r49 c1 smithing_table_side
hdatlas r49 c2 smithing_table_top
hdatlas r49 c3 smoker_front
hdatlas r49 c4 smoker_top
hdatlas r49 c5 smooth_basalt
hdatlas r49 c6 smooth_stone
hdatlas r49 c7 sniffer_egg
hdatlas r50 c0 snow
hdatlas r50 c1 snow_block
hdatlas r50 c2 soul_campfire_fire
hdatlas r50 c3 soul_fire
hdatlas r50 c4 soul_lantern
hdatlas r50 c5 soul_sand
hdatlas r50 c6 soul_soil
hdatlas r50 c7 soul_torch
hdatlas r51 c0 soul_torch_wall
hdatlas r51 c1 spawner
hdatlas r51 c2 sponge
hdatlas r51 c3 spore_blossom
hdatlas r51 c4 spruce_planks
hdatlas r51 c5 spruce_sapling
hdatlas r51 c6 steel_grating
hdatlas r51 c7 steel_plating
hdatlas r52 c0 stone
hdatlas r52 c1 stone_bricks
hdatlas r52 c2 stonecutter_side
hdatlas r52 c3 stonecutter_top
hdatlas r52 c4 stripped_bamboo_block
hdatlas r52 c5 stripped_bamboo_block_top
hdatlas r52 c6 sugar_cane
hdatlas r52 c7 sunflower_bottom
hdatlas r53 c0 sunflower_top
hdatlas r53 c1 suspicious_gravel
hdatlas r53 c2 suspicious_sand
hdatlas r53 c3 tall_dry_grass
hdatlas r53 c4 tall_grass_bottom
hdatlas r53 c5 tall_grass_top
hdatlas r53 c6 target_side
hdatlas r53 c7 target_top
hdatlas r54 c0 tnt_bottom
hdatlas r54 c1 tnt_side
hdatlas r54 c2 tnt_top
hdatlas r54 c3 torch
hdatlas r54 c4 torch_wall
hdatlas r54 c5 torchflower
hdatlas r54 c6 trapped_chest_front
hdatlas r54 c7 trial_spawner_side
hdatlas r55 c0 trial_spawner_top
hdatlas r55 c1 tripwire
hdatlas r55 c2 tripwire_hook
hdatlas r55 c3 tuff
hdatlas r55 c4 tuff_bricks
hdatlas r55 c5 turtle_egg
hdatlas r55 c6 twisting_vines
hdatlas r55 c7 vault_side
hdatlas r56 c0 vault_top
hdatlas r56 c1 verdant_froglight_side
hdatlas r56 c2 verdant_froglight_top
hdatlas r56 c3 vine
hdatlas r56 c4 warped_fungus
hdatlas r56 c5 warped_nylium
hdatlas r56 c6 warped_nylium_side
hdatlas r56 c7 warped_roots
hdatlas r57 c0 warped_wart_block
hdatlas r57 c1 water
hdatlas r57 c2 weathered_copper
hdatlas r57 c3 weathered_cut_copper
hdatlas r57 c4 weeping_vines
hdatlas r57 c5 wet_sponge
hdatlas r57 c6 white_tulip
hdatlas r57 c7 wildflowers
hdatlas r58 c0 spruce_log
hdatlas r58 c1 spruce_log_top
hdatlas r58 c2 birch_log_top
hdatlas r58 c3 jungle_planks
hdatlas r58 c4 acacia_planks
hdatlas r58 c5 dark_oak_log
hdatlas r58 c6 birch_leaves
hdatlas r58 c7 spruce_leaves
hdatlas r59 c0 terracotta
hdatlas r59 c1 white_wool
hdatlas r59 c2 red_wool
hdatlas r59 c3 blue_concrete
hdatlas r59 c4 lime_concrete_powder
hdatlas r59 c5 orange_terracotta
hdatlas r59 c6 crimson_stem
hdatlas r59 c7 warped_planks
hdatlas r60 c0 glass
hdatlas r60 c1 water
hdatlas r60 c2 lava
hdatlas r60 c3 netherrack
hdatlas r60 c4 end_stone
hdatlas r60 c5 furnace_front
hdatlas r60 c6 crafting_table_front
hdatlas r60 c7 crafting_table_top
hdatlas r61 c0 smoker_front
hdatlas r61 c1 oak_door_bottom
hdatlas r61 c2 wheat_stage3
hdatlas r61 c3 wheat_stage7
hdatlas r61 c4 carrots_stage3
hdatlas r61 c5 beetroots_stage3
hdatlas r61 c6 tnt_side
hdatlas r61 c7 oak_door_top
hdatlas r62 c0 oak_trapdoor
hdatlas r62 c1 red_bed_top_head
hdatlas r62 c2 red_bed_side
hdatlas r62 c3 lectern_side
hdatlas r62 c4 white_glazed_terracotta
hdatlas r62 c5 orange_glazed_terracotta
hdatlas r62 c6 blue_stained_glass
hdatlas r62 c7 red_candle
hdatlas r63 c0 purple_shulker_box_side
hdatlas r63 c1 exposed_copper_door_top
hdatlas r63 c2 weathered_copper_bulb_lit
hdatlas r63 c3 oxidized_copper_grate
hdatlas r63 c4 copper_chest_front
hdatlas r63 c5 copper_bars
hdatlas r63 c6 brain_coral_block
hdatlas r63 c7 stripped_oak_log
hdatlas r64 c0 stripped_cherry_log
hdatlas r64 c1 oak_log@r
hdatlas r64 c2 birch_log@r
hdatlas r64 c3 tube_coral
hdatlas r64 c4 frosted_ice_0
hdatlas r64 c5 nether_wart_stage2
hdatlas r64 c6 pitcher_crop3
hdatlas: 519 layers at 128 px -> snaps/hdatlas.png
hdatlas: 162 layers without an HD material: torch_top torch_bottom torch_top_full soul_torch_top_full copper_torch_top copper_torch_top_full brewing_bottle skull_skeleton_side skull_skeleton_face skull_skeleton_top skull_wither_side skull_wither_face skull_wither_top head_zombie_side head_zombie_face head_zombie_top head_creeper_side head_creeper_face head_creeper_top head_piglin_side head_piglin_face head_piglin_top head_dragon_side head_dragon_face head_dragon_top head_player_side head_player_face head_player_top dried_ghast_0 dried_ghast_top_0 dried_ghast_1 dried_ghast_top_1 dried_ghast_2 dried_ghast_top_2 dried_ghast_3 dried_ghast_top_3 painting_kebab painting_aztec painting_alban painting_aztec2 painting_bomb painting_plant painting_wasteland painting_meditative painting_pool painting_courbet painting_sea painting_sunset painting_creebet painting_wanderer painting_graham painting_prairie_ride painting_match painting_bust painting_stage painting_void painting_skull_and_roses painting_wither painting_earth painting_wind painting_water painting_fire painting_baroque painting_humble painting_fighters painting_changing painting_finding painting_lowmist painting_passage painting_skeleton painting_donkey_kong painting_pointer painting_pigscene painting_burning_skull painting_orb painting_unpacked banner_pat_stripe_bottom_t banner_pat_stripe_bottom_b banner_pat_stripe_top_t banner_pat_stripe_top_b banner_pat_stripe_left_t banner_pat_stripe_left_b banner_pat_stripe_right_t banner_pat_stripe_right_b banner_pat_stripe_center_t banner_pat_stripe_center_b banner_pat_stripe_middle_t banner_pat_stripe_middle_b banner_pat_stripe_downright_t banner_pat_stripe_downright_b banner_pat_stripe_downleft_t banner_pat_stripe_downleft_b banner_pat_small_stripes_t banner_pat_small_stripes_b banner_pat_cross_t banner_pat_cross_b banner_pat_straight_cross_t banner_pat_straight_cross_b banner_pat_diagonal_left_t banner_pat_diagonal_left_b banner_pat_diagonal_right_t banner_pat_diagonal_right_b banner_pat_diagonal_up_left_t banner_pat_diagonal_up_left_b banner_pat_diagonal_up_right_t banner_pat_diagonal_up_right_b banner_pat_half_vertical_t banner_pat_half_vertical_b banner_pat_half_vertical_right_t banner_pat_half_vertical_right_b banner_pat_half_horizontal_t banner_pat_half_horizontal_b banner_pat_half_horizontal_bottom_t banner_pat_half_horizontal_bottom_b banner_pat_square_bottom_left_t banner_pat_square_bottom_left_b banner_pat_square_bottom_right_t banner_pat_square_bottom_right_b banner_pat_square_top_left_t banner_pat_square_top_left_b banner_pat_square_top_right_t banner_pat_square_top_right_b banner_pat_triangle_bottom_t banner_pat_triangle_bottom_b banner_pat_triangle_top_t banner_pat_triangle_top_b banner_pat_triangles_bottom_t banner_pat_triangles_bottom_b banner_pat_triangles_top_t banner_pat_triangles_top_b banner_pat_circle_t banner_pat_circle_b banner_pat_rhombus_t banner_pat_rhombus_b banner_pat_border_t banner_pat_border_b banner_pat_gradient_t banner_pat_gradient_b banner_pat_gradient_up_t banner_pat_gradient_up_b banner_pat_curly_border_t banner_pat_curly_border_b banner_pat_bricks_t banner_pat_bricks_b banner_pat_creeper_t banner_pat_creeper_b banner_pat_skull_t banner_pat_skull_b banner_pat_flower_t banner_pat_flower_b banner_pat_thing_t banner_pat_thing_b banner_pat_globe_t banner_pat_globe_b banner_pat_piglin_t banner_pat_piglin_b banner_pat_flow_t banner_pat_flow_b banner_pat_guster_t banner_pat_guster_b banner_cloth_t banner_cloth_b
imagecheck: 106 frames, no flags
camera in solid at -136 82 -40: moved to -131 82 -35
textures without a painter: missing
textures: 1665 layers at 128 px, BC3, 34.7 MB with mips (build 732 ms, upload 245 ms)
light probe: eye sky 15 block 0 in air; floor+1 (y 82) sky 15 block 0 in air, daylight 1.0
imagecheck texsrc_procedural_forest.png magenta=0.00000 black=0.0027 white=0.0008 std=36.3 hash=e76c6bbd2c204073
imagecheck texsrc_procedural_forest.png magenta=0.00000 black=0.0027 white=0.0008 std=36.3 hash=e76c6bbd2c204073
seed 12345  pos -130.5 146.0 -34.5  rd 8  chunks 297  (drawn 77)
gen 250 ms  mesh(all, parallel) 270 ms  mesh(1 section) 0.95 ms  quads 1123696 opaque / 9408 water
frame (encode+GPU, offscreen, median of 30) 4.61 ms  biome forest
mesh slabs 40 MB, chunks 297 (block+light arrays 29 MB), Metal allocated 210 MB
memory: resident 268 MB  (section meshes 35 MB)
wrote snaps/texsrc_procedural_forest.png
biome stony_shore not found
camera in solid at 8 87 8: moved to 6 89 9
textures without a painter: missing
textures: 1665 layers at 128 px, BC3, 34.7 MB with mips (build 795 ms, upload 267 ms)
light probe: eye sky 15 block 0 in air; floor+1 (y 86) sky 15 block 0 in air, daylight 1.0
imagecheck texsrc_procedural_cliff.png magenta=0.00000 black=0.0009 white=0.0008 std=35.1 hash=cc31431624aac416
imagecheck texsrc_procedural_cliff.png magenta=0.00000 black=0.0009 white=0.0008 std=35.1 hash=cc31431624aac416
seed 12345  pos 6.5 153.0 9.5  rd 8  chunks 297  (drawn 71)
gen 252 ms  mesh(all, parallel) 252 ms  mesh(1 section) 0.66 ms  quads 969508 opaque / 20135 water
frame (encode+GPU, offscreen, median of 30) 3.90 ms  biome forest
mesh slabs 36 MB, chunks 297 (block+light arrays 28 MB), Metal allocated 206 MB
memory: resident 274 MB  (section meshes 30 MB)
wrote snaps/texsrc_procedural_cliff.png
camera in solid at -136 82 -40: moved to -131 82 -35
textures without a painter: missing
textures: 1665 layers at 128 px, BC3, 34.7 MB with mips (build 925 ms, upload 288 ms)
light probe: eye sky 15 block 0 in air; floor+1 (y 82) sky 15 block 0 in air, daylight 1.0
imagecheck texsrc_cc0_forest.png magenta=0.00000 black=0.0021 white=0.0008 std=37.4 hash=c673b8176f6f225f
imagecheck texsrc_cc0_forest.png magenta=0.00000 black=0.0021 white=0.0008 std=37.4 hash=c673b8176f6f225f
seed 12345  pos -130.5 146.0 -34.5  rd 8  chunks 297  (drawn 77)
gen 237 ms  mesh(all, parallel) 276 ms  mesh(1 section) 1.76 ms  quads 1123696 opaque / 9408 water
frame (encode+GPU, offscreen, median of 30) 5.26 ms  biome forest
mesh slabs 40 MB, chunks 297 (block+light arrays 29 MB), Metal allocated 210 MB
memory: resident 278 MB  (section meshes 35 MB)
wrote snaps/texsrc_cc0_forest.png
biome stony_shore not found
camera in solid at 8 87 8: moved to 6 89 9
textures without a painter: missing
textures: 1665 layers at 128 px, BC3, 34.7 MB with mips (build 794 ms, upload 274 ms)
light probe: eye sky 15 block 0 in air; floor+1 (y 86) sky 15 block 0 in air, daylight 1.0
imagecheck texsrc_cc0_cliff.png magenta=0.00000 black=0.0001 white=0.0008 std=36.0 hash=339a3ce9be294362
imagecheck texsrc_cc0_cliff.png magenta=0.00000 black=0.0001 white=0.0008 std=36.0 hash=339a3ce9be294362
seed 12345  pos 6.5 153.0 9.5  rd 8  chunks 297  (drawn 71)
gen 252 ms  mesh(all, parallel) 260 ms  mesh(1 section) 0.70 ms  quads 969508 opaque / 20135 water
frame (encode+GPU, offscreen, median of 30) 4.07 ms  biome forest
mesh slabs 36 MB, chunks 297 (block+light arrays 28 MB), Metal allocated 206 MB
memory: resident 274 MB  (section meshes 30 MB)
wrote snaps/texsrc_cc0_cliff.png
textures without a painter: missing
textures: 1665 layers at 128 px, BC3, 34.7 MB with mips (build 725 ms, upload 266 ms)
light probe: eye sky 15 block 0 in air; floor+1 (y 72) sky 15 block 0 in air, daylight 1.0
imagecheck mobs.png magenta=0.00000 black=0.0073 white=0.0008 std=34.3 hash=faace07ff3630168
imagecheck mobs.png magenta=0.00000 black=0.0073 white=0.0008 std=34.3 hash=faace07ff3630168
seed 12345  pos 31.5 137.0 29.5  rd 8  chunks 297  (drawn 78)
gen 251 ms  mesh(all, parallel) 239 ms  mesh(1 section) 0.63 ms  quads 969508 opaque / 20135 water
frame (encode+GPU, offscreen, median of 30) 4.80 ms  biome forest
mesh slabs 36 MB, chunks 297 (block+light arrays 28 MB), Metal allocated 218 MB
memory: resident 279 MB  (section meshes 30 MB)
wrote snaps/mobs.png
textures without a painter: missing
textures: 1665 layers at 128 px, BC3, 34.7 MB with mips (build 727 ms, upload 269 ms)
light probe: eye sky 15 block 0 in air; floor+1 (y 72) sky 15 block 0 in air, daylight 1.0
imagecheck mob_shadows.png magenta=0.00000 black=0.0044 white=0.0008 std=33.0 hash=230c51c61c9fd088
imagecheck mob_shadows.png magenta=0.00000 black=0.0044 white=0.0008 std=33.0 hash=230c51c61c9fd088
seed 12345  pos 31.5 137.0 29.5  rd 8  chunks 297  (drawn 78)
gen 239 ms  mesh(all, parallel) 239 ms  mesh(1 section) 0.79 ms  quads 969508 opaque / 20135 water
frame (encode+GPU, offscreen, median of 30) 4.85 ms  biome forest
mesh slabs 36 MB, chunks 297 (block+light arrays 28 MB), Metal allocated 218 MB
memory: resident 285 MB  (section meshes 30 MB)
wrote snaps/mob_shadows.png
textures without a painter: missing
textures: 1665 layers at 128 px, BC3, 34.7 MB with mips (build 772 ms, upload 263 ms)
light probe: eye sky 15 block 0 in air; floor+1 (y 72) sky 15 block 0 in air, daylight 1.0
imagecheck hostile.png magenta=0.00000 black=0.0071 white=0.0008 std=32.7 hash=afa19f8d7766580f
imagecheck hostile.png magenta=0.00000 black=0.0071 white=0.0008 std=32.7 hash=afa19f8d7766580f
seed 12345  pos 31.5 137.0 29.5  rd 8  chunks 297  (drawn 78)
gen 294 ms  mesh(all, parallel) 260 ms  mesh(1 section) 0.68 ms  quads 969508 opaque / 20135 water
frame (encode+GPU, offscreen, median of 30) 4.91 ms  biome forest
mesh slabs 36 MB, chunks 297 (block+light arrays 28 MB), Metal allocated 218 MB
memory: resident 284 MB  (section meshes 30 MB)
wrote snaps/hostile.png
textures without a painter: missing
textures: 1665 layers at 128 px, BC3, 34.7 MB with mips (build 673 ms, upload 252 ms)
light probe: eye sky 0 block 0 in air; floor+1 (y 74) sky 0 block 0 in air, daylight 1.0
imagecheck nether.png magenta=0.00000 black=0.0311 white=0.0009 std=28.3 hash=9a27c2a8521ed814
imagecheck nether.png magenta=0.00000 black=0.0311 white=0.0009 std=28.3 hash=9a27c2a8521ed814
seed 12345  pos 0.5 140.0 0.5  rd 8  chunks 297  (drawn 61)
gen 108 ms  mesh(all, parallel) 236 ms  mesh(1 section) 0.25 ms  quads 377376 opaque / 0 water
frame (encode+GPU, offscreen, median of 30) 3.59 ms  biome netherWastes
mesh slabs 16 MB, chunks 297 (block+light arrays 32 MB), Metal allocated 186 MB
memory: resident 233 MB  (section meshes 12 MB)
wrote snaps/nether.png
textures without a painter: missing
textures: 1665 layers at 128 px, BC3, 34.7 MB with mips (build 792 ms, upload 251 ms)
light probe: eye sky 0 block 7 in air; floor+1 (y 40) sky 0 block 4 in air, daylight 1.0
imagecheck ember_crimson.png magenta=0.00000 black=0.0272 white=0.0009 std=25.2 hash=c7914a9fa35e8dfb
imagecheck ember_crimson.png magenta=0.00000 black=0.0272 white=0.0009 std=25.2 hash=c7914a9fa35e8dfb
seed 12345  pos -135.5 106.0 248.5  rd 8  chunks 297  (drawn 51)
gen 121 ms  mesh(all, parallel) 252 ms  mesh(1 section) 0.25 ms  quads 365740 opaque / 0 water
frame (encode+GPU, offscreen, median of 30) 3.11 ms  biome crimsonForest
mesh slabs 16 MB, chunks 297 (block+light arrays 32 MB), Metal allocated 186 MB
memory: resident 241 MB  (section meshes 11 MB)
wrote snaps/ember_crimson.png
camera in solid at -88 69 104: moved to -90 70 105
textures without a painter: missing
textures: 1665 layers at 128 px, BC3, 34.7 MB with mips (build 803 ms, upload 278 ms)
light probe: eye sky 0 block 0 in warped_wart_block; floor+1 (y 70) sky 0 block 9 in air, daylight 1.0
imagecheck ember_warped.png magenta=0.00000 black=0.0387 white=0.0125 std=56.0 hash=57e1509926e8f430
imagecheck ember_warped.png magenta=0.00000 black=0.0387 white=0.0125 std=56.0 hash=57e1509926e8f430
seed 12345  pos -89.5 140.0 105.5  rd 8  chunks 297  (drawn 75)
gen 125 ms  mesh(all, parallel) 248 ms  mesh(1 section) 0.35 ms  quads 378377 opaque / 0 water
frame (encode+GPU, offscreen, median of 30) 4.09 ms  biome warpedForest
mesh slabs 16 MB, chunks 297 (block+light arrays 33 MB), Metal allocated 186 MB
memory: resident 246 MB  (section meshes 12 MB)
wrote snaps/ember_warped.png
textures without a painter: missing
textures: 1665 layers at 128 px, BC3, 34.7 MB with mips (build 732 ms, upload 262 ms)
light probe: eye sky 0 block 0 in air; floor+1 (y 62) sky 0 block 0 in air, daylight 1.0
imagecheck ember_soul.png magenta=0.00000 black=0.0342 white=0.0008 std=19.0 hash=4a2268be62fcd982
imagecheck ember_soul.png magenta=0.00000 black=0.0342 white=0.0008 std=19.0 hash=4a2268be62fcd982
seed 12345  pos -135.5 128.0 -183.5  rd 8  chunks 297  (drawn 59)
gen 102 ms  mesh(all, parallel) 178 ms  mesh(1 section) 0.39 ms  quads 393923 opaque / 0 water
frame (encode+GPU, offscreen, median of 30) 3.98 ms  biome soulSandValley
mesh slabs 16 MB, chunks 297 (block+light arrays 32 MB), Metal allocated 186 MB
memory: resident 242 MB  (section meshes 12 MB)
wrote snaps/ember_soul.png
textures without a painter: missing
textures: 1665 layers at 128 px, BC3, 34.7 MB with mips (build 656 ms, upload 232 ms)
light probe: eye sky 0 block 10 in air; floor+1 (y 31) sky 0 block 15 in lava, daylight 1.0
imagecheck ember_basalt.png magenta=0.00000 black=0.0013 white=0.0008 std=64.8 hash=e076bde6609b8f15
imagecheck ember_basalt.png magenta=0.00000 black=0.0013 white=0.0008 std=64.8 hash=e076bde6609b8f15
seed 12345  pos -327.5 99.0 104.5  rd 8  chunks 297  (drawn 72)
gen 113 ms  mesh(all, parallel) 183 ms  mesh(1 section) 0.22 ms  quads 357914 opaque / 0 water
frame (encode+GPU, offscreen, median of 30) 3.96 ms  biome basaltDeltas
mesh slabs 16 MB, chunks 297 (block+light arrays 33 MB), Metal allocated 186 MB
memory: resident 241 MB  (section meshes 11 MB)
wrote snaps/ember_basalt.png
textures without a painter: missing
textures: 1665 layers at 128 px, BC3, 34.7 MB with mips (build 764 ms, upload 251 ms)
light probe: eye sky 0 block 0 in air; floor+1 (y 42) sky 0 block 0 in air, daylight 1.0
imagecheck nether_wide.png magenta=0.00000 black=0.0311 white=0.0008 std=36.2 hash=47af144d5516c743
imagecheck nether_wide.png magenta=0.00000 black=0.0311 white=0.0008 std=36.2 hash=47af144d5516c743
seed 12345  pos 300.0 112.0 -200.0  rd 8  chunks 297  (drawn 47)
gen 163 ms  mesh(all, parallel) 218 ms  mesh(1 section) 0.23 ms  quads 326715 opaque / 0 water
frame (encode+GPU, offscreen, median of 30) 3.27 ms  biome netherWastes
mesh slabs 12 MB, chunks 297 (block+light arrays 32 MB), Metal allocated 182 MB
memory: resident 227 MB  (section meshes 10 MB)
wrote snaps/nether_wide.png
structure fortress at 136 62 24 (25 pieces)
textures without a painter: missing
textures: 1665 layers at 128 px, BC3, 34.7 MB with mips (build 757 ms, upload 255 ms)
light probe: eye sky 0 block 0 in air; floor+1 (y 62) sky 0 block 0 in air, daylight 1.0
imagecheck fortress.png magenta=0.00000 black=0.2921 white=0.0008 std=13.0 hash=f84dad62f2462869
imagecheck fortress.png magenta=0.00000 black=0.2921 white=0.0008 std=13.0 hash=f84dad62f2462869
seed 12345  pos 136.5 127.0 24.5  rd 6  chunks 193  (drawn 45)
gen 80 ms  mesh(all, parallel) 142 ms  mesh(1 section) 0.23 ms  quads 226410 opaque / 0 water
frame (encode+GPU, offscreen, median of 30) 3.86 ms  biome crimsonForest
mesh slabs 8 MB, chunks 193 (block+light arrays 21 MB), Metal allocated 178 MB
memory: resident 218 MB  (section meshes 7 MB)
wrote snaps/fortress.png
structure fortress at 136 62 24 (25 pieces)
camera in solid at 136 71 24: moved to 134 69 22
textures without a painter: missing
textures: 1665 layers at 128 px, BC3, 34.7 MB with mips (build 673 ms, upload 251 ms)
light probe: eye sky 0 block 0 in netherrack; floor+1 (y 64) sky 0 block 0 in air, daylight 1.0
imagecheck fortress_far.png magenta=0.00000 black=0.2339 white=0.0008 std=15.8 hash=09b44d95c9e3cfce
imagecheck fortress_far.png magenta=0.00000 black=0.2339 white=0.0008 std=15.8 hash=09b44d95c9e3cfce
seed 12345  pos 134.5 137.0 22.5  rd 8  chunks 297  (drawn 81)
gen 125 ms  mesh(all, parallel) 212 ms  mesh(1 section) 0.24 ms  quads 335468 opaque / 0 water
frame (encode+GPU, offscreen, median of 30) 3.40 ms  biome crimsonForest
mesh slabs 12 MB, chunks 297 (block+light arrays 32 MB), Metal allocated 182 MB
memory: resident 239 MB  (section meshes 10 MB)
wrote snaps/fortress_far.png
structure fortress at 136 62 24 (25 pieces)
textures without a painter: missing
textures: 1665 layers at 128 px, BC3, 34.7 MB with mips (build 791 ms, upload 266 ms)
light probe: eye sky 0 block 0 in air; floor+1 (y 62) sky 0 block 0 in air, daylight 1.0
imagecheck nether_mobs.png magenta=0.00000 black=0.2566 white=0.0008 std=16.0 hash=be5bbeb4e512d67b
imagecheck nether_mobs.png magenta=0.00000 black=0.2566 white=0.0008 std=16.0 hash=be5bbeb4e512d67b
seed 12345  pos 136.5 127.0 24.5  rd 6  chunks 193  (drawn 41)
gen 82 ms  mesh(all, parallel) 141 ms  mesh(1 section) 0.26 ms  quads 226384 opaque / 0 water
frame (encode+GPU, offscreen, median of 30) 2.99 ms  biome crimsonForest
mesh slabs 8 MB, chunks 193 (block+light arrays 21 MB), Metal allocated 190 MB
memory: resident 230 MB  (section meshes 7 MB)
wrote snaps/nether_mobs.png
structure bastion at 200 34 -334 (1 pieces)
textures without a painter: missing
textures: 1665 layers at 128 px, BC3, 34.7 MB with mips (build 701 ms, upload 247 ms)
light probe: eye sky 0 block 0 in air; floor+1 (y 34) sky 0 block 0 in air, daylight 1.0
imagecheck bastion.png magenta=0.00000 black=0.0635 white=0.0008 std=14.0 hash=30a33f5d99132a7c
imagecheck bastion.png magenta=0.00000 black=0.0635 white=0.0008 std=14.0 hash=30a33f5d99132a7c
seed 12345  pos 200.5 99.0 -333.5  rd 6  chunks 193  (drawn 5)
gen 66 ms  mesh(all, parallel) 108 ms  mesh(1 section) 0.16 ms  quads 226123 opaque / 0 water
frame (encode+GPU, offscreen, median of 30) 2.14 ms  biome soulSandValley
mesh slabs 8 MB, chunks 193 (block+light arrays 21 MB), Metal allocated 190 MB
memory: resident 232 MB  (section meshes 7 MB)
wrote snaps/bastion.png
structure bastion at 200 34 -334 (1 pieces)
camera in solid at 200 48 -334: moved to 195 43 -339
textures without a painter: missing
textures: 1665 layers at 128 px, BC3, 34.7 MB with mips (build 879 ms, upload 294 ms)
light probe: eye sky 0 block 0 in netherrack; floor+1 (y 49) sky 0 block 0 in netherrack, daylight 1.0
imagecheck bastion_far.png magenta=0.00000 black=0.0311 white=0.0008 std=19.9 hash=96c11fa590c96396
imagecheck bastion_far.png magenta=0.00000 black=0.0311 white=0.0008 std=19.9 hash=96c11fa590c96396
seed 12345  pos 195.5 112.0 -338.5  rd 8  chunks 297  (drawn 39)
gen 144 ms  mesh(all, parallel) 274 ms  mesh(1 section) 0.28 ms  quads 362907 opaque / 0 water
frame (encode+GPU, offscreen, median of 30) 3.21 ms  biome soulSandValley
mesh slabs 16 MB, chunks 297 (block+light arrays 32 MB), Metal allocated 198 MB
memory: resident 247 MB  (section meshes 11 MB)
wrote snaps/bastion_far.png
structure village at 14 129 -322 (38 pieces)
textures without a painter: missing
textures: 1665 layers at 128 px, BC3, 34.7 MB with mips (build 723 ms, upload 245 ms)
light probe: eye sky 15 block 0 in air; floor+1 (y 132) sky 15 block 7 in air, daylight 1.0
imagecheck village.png magenta=0.00000 black=0.0000 white=0.0009 std=46.9 hash=cc1eac4000f44ce7
imagecheck village.png magenta=0.00000 black=0.0000 white=0.0009 std=46.9 hash=cc1eac4000f44ce7
seed 12345  pos 14.5 207.0 -321.5  rd 8  chunks 297  (drawn 84)
gen 253 ms  mesh(all, parallel) 416 ms  mesh(1 section) 0.66 ms  quads 1567677 opaque / 12590 water
frame (encode+GPU, offscreen, median of 30) 5.50 ms  biome taiga
mesh slabs 56 MB, chunks 297 (block+light arrays 38 MB), Metal allocated 238 MB
memory: resident 310 MB  (section meshes 48 MB)
wrote snaps/village.png
structure village at 14 129 -322 (38 pieces)
textures without a painter: missing
textures: 1665 layers at 128 px, BC3, 34.7 MB with mips (build 759 ms, upload 260 ms)
light probe: eye sky 15 block 0 in air; floor+1 (y 160) sky 15 block 0 in air, daylight 1.0
imagecheck village_top.png magenta=0.00000 black=0.0000 white=0.0010 std=32.3 hash=76bb50d6d3a78bc1
imagecheck village_top.png magenta=0.00000 black=0.0000 white=0.0010 std=32.3 hash=76bb50d6d3a78bc1
seed 12345  pos 14.5 263.0 -321.5  rd 8  chunks 297  (drawn 115)
gen 249 ms  mesh(all, parallel) 415 ms  mesh(1 section) 0.68 ms  quads 1567677 opaque / 12590 water
frame (encode+GPU, offscreen, median of 30) 5.14 ms  biome taiga
mesh slabs 56 MB, chunks 297 (block+light arrays 38 MB), Metal allocated 238 MB
memory: resident 308 MB  (section meshes 48 MB)
wrote snaps/village_top.png
structure village at 1214 74 -1506 (44 pieces)
textures without a painter: missing
textures: 1665 layers at 128 px, BC3, 34.7 MB with mips (build 757 ms, upload 271 ms)
light probe: eye sky 15 block 0 in air; floor+1 (y 81) sky 15 block 7 in air, daylight 1.0
imagecheck village2.png magenta=0.00000 black=0.0000 white=0.0359 std=56.4 hash=cbac59a41974d61a
imagecheck village2.png magenta=0.00000 black=0.0000 white=0.0359 std=56.4 hash=cbac59a41974d61a
seed 12345  pos 1214.5 154.0 -1505.5  rd 8  chunks 297  (drawn 83)
gen 201 ms  mesh(all, parallel) 197 ms  mesh(1 section) 0.70 ms  quads 972335 opaque / 9027 water
frame (encode+GPU, offscreen, median of 30) 5.64 ms  biome taiga
mesh slabs 36 MB, chunks 297 (block+light arrays 27 MB), Metal allocated 218 MB
memory: resident 284 MB  (section meshes 30 MB)
wrote snaps/village2.png
structure village at -466 79 -226 (23 pieces)
textures without a painter: missing
textures: 1665 layers at 128 px, BC3, 34.7 MB with mips (build 737 ms, upload 260 ms)
light probe: eye sky 15 block 0 in air; floor+1 (y 79) sky 15 block 0 in air, daylight 1.0
imagecheck village3.png magenta=0.00000 black=0.0000 white=0.0008 std=47.2 hash=59f00cc5275d34a5
imagecheck village3.png magenta=0.00000 black=0.0000 white=0.0008 std=47.2 hash=59f00cc5275d34a5
seed 12345  pos -465.5 159.0 -225.5  rd 8  chunks 297  (drawn 83)
gen 220 ms  mesh(all, parallel) 280 ms  mesh(1 section) 0.48 ms  quads 1285445 opaque / 11695 water
frame (encode+GPU, offscreen, median of 30) 5.98 ms  biome taiga
mesh slabs 44 MB, chunks 297 (block+light arrays 29 MB), Metal allocated 226 MB
memory: resident 279 MB  (section meshes 40 MB)
wrote snaps/village3.png
structure village at 14 129 -322 (38 pieces)
camera in solid at 14 130 -322: moved to 12 131 -320
textures without a painter: missing
textures: 1665 layers at 128 px, BC3, 34.7 MB with mips (build 697 ms, upload 235 ms)
light probe: eye sky 15 block 7 in air; floor+1 (y 127) sky 15 block 6 in air, daylight 1.0
imagecheck village_street.png magenta=0.00000 black=0.0035 white=0.0018 std=36.8 hash=90da34f4a49c6437
imagecheck village_street.png magenta=0.00000 black=0.0035 white=0.0018 std=36.8 hash=90da34f4a49c6437
seed 12345  pos 12.5 195.0 -319.5  rd 6  chunks 193  (drawn 46)
gen 160 ms  mesh(all, parallel) 221 ms  mesh(1 section) 0.62 ms  quads 919270 opaque / 7260 water
frame (encode+GPU, offscreen, median of 30) 4.70 ms  biome taiga
mesh slabs 32 MB, chunks 193 (block+light arrays 25 MB), Metal allocated 214 MB
memory: resident 276 MB  (section meshes 28 MB)
wrote snaps/village_street.png
structure temple at -888 97 -703 (1 pieces, framed)
textures without a painter: missing
textures: 1665 layers at 128 px, BC3, 34.7 MB with mips (build 658 ms, upload 237 ms)
light probe: eye sky 15 block 0 in air; floor+1 (y 104) sky 15 block 0 in snow, daylight 1.0
imagecheck temple.png magenta=0.00000 black=0.0020 white=0.1507 std=88.3 hash=c77973d4dc13a84b
imagecheck temple.png magenta=0.00000 black=0.0020 white=0.1507 std=88.3 hash=c77973d4dc13a84b
seed 12345  pos -897.8 168.7 -706.8  rd 8  chunks 297  (drawn 72)
gen 212 ms  mesh(all, parallel) 317 ms  mesh(1 section) 0.70 ms  quads 1523933 opaque / 13195 water
frame (encode+GPU, offscreen, median of 30) 5.21 ms  biome snowyTaiga
mesh slabs 52 MB, chunks 297 (block+light arrays 33 MB), Metal allocated 222 MB
memory: resident 298 MB  (section meshes 47 MB)
wrote snaps/temple.png
structure temple at 3112 68 2800 (1 pieces, framed)
textures without a painter: missing
textures: 1665 layers at 128 px, BC3, 34.7 MB with mips (build 725 ms, upload 240 ms)
light probe: eye sky 15 block 0 in air; floor+1 (y 74) sky 15 block 0 in air, daylight 1.0
imagecheck temple2.png magenta=0.00000 black=0.0000 white=0.0008 std=46.9 hash=7a55a567ce098462
imagecheck temple2.png magenta=0.00000 black=0.0000 white=0.0008 std=46.9 hash=7a55a567ce098462
seed 12345  pos 3102.2 139.7 2798.2  rd 8  chunks 297  (drawn 66)
gen 202 ms  mesh(all, parallel) 188 ms  mesh(1 section) 0.89 ms  quads 954003 opaque / 21073 water
frame (encode+GPU, offscreen, median of 30) 4.86 ms  biome mangroveSwamp
mesh slabs 36 MB, chunks 297 (block+light arrays 25 MB), Metal allocated 218 MB
memory: resident 276 MB  (section meshes 30 MB)
wrote snaps/temple2.png
structure pillager_outpost at -504 70 844 (1 pieces, framed)
textures without a painter: missing
textures: 1665 layers at 128 px, BC3, 34.7 MB with mips (build 692 ms, upload 241 ms)
light probe: eye sky 15 block 0 in air; floor+1 (y 70) sky 15 block 0 in short_grass, daylight 1.0
imagecheck outpost.png magenta=0.00000 black=0.0000 white=0.0008 std=60.4 hash=dcd4c8d94fd5690f
imagecheck outpost.png magenta=0.00000 black=0.0000 white=0.0008 std=60.4 hash=dcd4c8d94fd5690f
seed 12345  pos -515.8 143.2 844.2  rd 8  chunks 297  (drawn 69)
gen 214 ms  mesh(all, parallel) 149 ms  mesh(1 section) 0.25 ms  quads 602298 opaque / 22345 water
frame (encode+GPU, offscreen, median of 30) 4.33 ms  biome savanna
mesh slabs 24 MB, chunks 297 (block+light arrays 24 MB), Metal allocated 206 MB
memory: resident 271 MB  (section meshes 19 MB)
wrote snaps/outpost.png
structure pillager_outpost at -504 70 844 (1 pieces, framed)
textures without a painter: missing
textures: 1665 layers at 128 px, BC3, 34.7 MB with mips (build 764 ms, upload 290 ms)
light probe: eye sky 15 block 0 in air; floor+1 (y 69) sky 15 block 0 in air, daylight 1.0
imagecheck outpost_close.png magenta=0.00000 black=0.0096 white=0.0008 std=60.3 hash=45907c9e08bc582e
imagecheck outpost_close.png magenta=0.00000 black=0.0096 white=0.0008 std=60.3 hash=45907c9e08bc582e
seed 12345  pos -508.9 137.9 851.1  rd 8  chunks 297  (drawn 84)
gen 203 ms  mesh(all, parallel) 145 ms  mesh(1 section) 0.30 ms  quads 600483 opaque / 21745 water
frame (encode+GPU, offscreen, median of 30) 4.45 ms  biome savanna
mesh slabs 24 MB, chunks 297 (block+light arrays 24 MB), Metal allocated 206 MB
memory: resident 272 MB  (section meshes 19 MB)
wrote snaps/outpost_close.png
textures without a painter: missing
textures: 1665 layers at 128 px, BC3, 34.7 MB with mips (build 689 ms, upload 233 ms)
light probe: eye sky 15 block 0 in air; floor+1 (y 201) sky 15 block 0 in air, daylight 1.0
imagecheck snowslope.png magenta=0.00000 black=0.0000 white=0.1864 std=55.7 hash=a01cf5e4faae8a68
imagecheck snowslope.png magenta=0.00000 black=0.0000 white=0.1864 std=55.7 hash=a01cf5e4faae8a68
seed 12345  pos 632.5 277.0 200.5  rd 8  chunks 297  (drawn 81)
gen 375 ms  mesh(all, parallel) 355 ms  mesh(1 section) 0.20 ms  quads 876567 opaque / 7737 water
frame (encode+GPU, offscreen, median of 30) 4.14 ms  biome snowySlopes
mesh slabs 32 MB, chunks 297 (block+light arrays 44 MB), Metal allocated 202 MB
memory: resident 266 MB  (section meshes 27 MB)
wrote snaps/snowslope.png
structure ruined_portal at -424 89 -448 (1 pieces, framed)
textures without a painter: missing
textures: 1665 layers at 128 px, BC3, 34.7 MB with mips (build 679 ms, upload 233 ms)
light probe: eye sky 15 block 0 in air; floor+1 (y 95) sky 15 block 0 in air, daylight 1.0
imagecheck ruined_portal.png magenta=0.00000 black=0.0032 white=0.0008 std=46.5 hash=68a568c27836b42f
imagecheck ruined_portal.png magenta=0.00000 black=0.0032 white=0.0008 std=46.5 hash=68a568c27836b42f
seed 12345  pos -433.8 160.7 -449.8  rd 8  chunks 297  (drawn 65)
gen 216 ms  mesh(all, parallel) 293 ms  mesh(1 section) 0.77 ms  quads 1492093 opaque / 10830 water
frame (encode+GPU, offscreen, median of 30) 5.67 ms  biome oldGrowthSpruceTaiga
mesh slabs 52 MB, chunks 297 (block+light arrays 31 MB), Metal allocated 222 MB
memory: resident 285 MB  (section meshes 46 MB)
wrote snaps/ruined_portal.png
structure shipwreck at 8 64 238 (1 pieces, framed)
textures without a painter: missing
textures: 1665 layers at 128 px, BC3, 34.7 MB with mips (build 687 ms, upload 244 ms)
light probe: eye sky 15 block 0 in air; floor+1 (y 59) sky 11 block 0 in water, daylight 1.0
imagecheck shipwreck.png magenta=0.00000 black=0.0000 white=0.0020 std=52.8 hash=d72cbb8ae6fc22ab
imagecheck shipwreck.png magenta=0.00000 black=0.0000 white=0.0020 std=52.8 hash=d72cbb8ae6fc22ab
seed 12345  pos -3.6 137.1 236.4  rd 8  chunks 297  (drawn 67)
gen 203 ms  mesh(all, parallel) 173 ms  mesh(1 section) 0.35 ms  quads 591129 opaque / 57585 water
frame (encode+GPU, offscreen, median of 30) 6.14 ms  biome ocean
mesh slabs 24 MB, chunks 297 (block+light arrays 24 MB), Metal allocated 194 MB
memory: resident 260 MB  (section meshes 20 MB)
wrote snaps/shipwreck.png
structure mineshaft at 88 23 136 (53 pieces, framed)
camera in solid at 69 40 122: moved to 67 38 122
textures without a painter: missing
textures: 1665 layers at 128 px, BC3, 34.7 MB with mips (build 670 ms, upload 239 ms)
light probe: eye sky 0 block 0 in air; floor+1 (y 27) sky 0 block 7 in air, daylight 1.0
imagecheck mineshaft.png magenta=0.00000 black=0.0000 white=0.0010 std=23.7 hash=8c23f196b60c216d
imagecheck mineshaft.png magenta=0.00000 black=0.0000 white=0.0010 std=23.7 hash=8c23f196b60c216d
seed 12345  pos 67.5 102.0 122.5  rd 8  chunks 297  (drawn 27)
gen 205 ms  mesh(all, parallel) 176 ms  mesh(1 section) 0.37 ms  quads 669264 opaque / 45618 water
frame (encode+GPU, offscreen, median of 30) 3.12 ms  biome ocean
mesh slabs 24 MB, chunks 297 (block+light arrays 24 MB), Metal allocated 206 MB
memory: resident 268 MB  (section meshes 22 MB)
wrote snaps/mineshaft.png
structure stronghold at 604 2 1619 (19 pieces)
textures without a painter: missing
textures: 1665 layers at 128 px, BC3, 34.7 MB with mips (build 781 ms, upload 265 ms)
light probe: eye sky 0 block 10 in air; floor+1 (y 2) sky 0 block 8 in air, daylight 1.0
imagecheck stronghold.png magenta=0.00000 black=0.0000 white=0.0008 std=27.5 hash=f62f89a6cf1a40b0
imagecheck stronghold.png magenta=0.00000 black=0.0000 white=0.0008 std=27.5 hash=f62f89a6cf1a40b0
seed 12345  pos 604.5 66.5 1619.5  rd 4  chunks 109  (drawn 28)
gen 74 ms  mesh(all, parallel) 56 ms  mesh(1 section) 0.56 ms  quads 172144 opaque / 22030 water
frame (encode+GPU, offscreen, median of 30) 2.69 ms  biome ocean
mesh slabs 8 MB, chunks 109 (block+light arrays 8 MB), Metal allocated 178 MB
memory: resident 213 MB  (section meshes 6 MB)
wrote snaps/stronghold.png
textures without a painter: missing
textures: 1665 layers at 128 px, BC3, 34.7 MB with mips (build 699 ms, upload 249 ms)
light probe: eye sky 15 block 0 in air; floor+1 (y 58) sky 15 block 0 in air, daylight 0.75
imagecheck end.png magenta=0.00000 black=0.1587 white=0.0013 std=27.5 hash=c4e4f95ea17d0686
imagecheck end.png magenta=0.00000 black=0.1587 white=0.0013 std=27.5 hash=c4e4f95ea17d0686
seed 12345  pos 70.0 150.0 35.0  rd 8  chunks 297  (drawn 60)
gen 72 ms  mesh(all, parallel) 17 ms  mesh(1 section) 0.33 ms  quads 50777 opaque / 0 water
frame (encode+GPU, offscreen, median of 30) 3.07 ms  biome theEnd
mesh slabs 4 MB, chunks 297 (block+light arrays 9 MB), Metal allocated 186 MB
memory: resident 205 MB  (section meshes 2 MB)
wrote snaps/end.png
textures without a painter: missing
textures: 1665 layers at 128 px, BC3, 34.7 MB with mips (build 693 ms, upload 246 ms)
light probe: eye sky 15 block 0 in air; floor+1 (y 81) sky 15 block 0 in air, daylight 0.75
imagecheck end_top.png magenta=0.00000 black=0.1266 white=0.0008 std=32.3 hash=9a6b2d2650bdf29d
imagecheck end_top.png magenta=0.00000 black=0.1266 white=0.0008 std=32.3 hash=9a6b2d2650bdf29d
seed 12345  pos 0.0 184.0 60.0  rd 8  chunks 297  (drawn 96)
gen 90 ms  mesh(all, parallel) 24 ms  mesh(1 section) 0.26 ms  quads 58155 opaque / 0 water
frame (encode+GPU, offscreen, median of 30) 3.24 ms  biome theEnd
mesh slabs 4 MB, chunks 297 (block+light arrays 10 MB), Metal allocated 186 MB
memory: resident 203 MB  (section meshes 2 MB)
wrote snaps/end_top.png
textures without a painter: missing
textures: 1665 layers at 128 px, BC3, 34.7 MB with mips (build 706 ms, upload 245 ms)
light probe: eye sky 15 block 0 in air; floor+1 (y 41) sky 15 block 0 in air, daylight 0.75
imagecheck end_outer.png magenta=0.00000 black=0.0031 white=0.0008 std=16.6 hash=173d12f6018d826f
imagecheck end_outer.png magenta=0.00000 black=0.0031 white=0.0008 std=16.6 hash=173d12f6018d826f
seed 12345  pos 1250.0 144.0 40.0  rd 8  chunks 297  (drawn 18)
gen 83 ms  mesh(all, parallel) 38 ms  mesh(1 section) 0.00 ms  quads 63403 opaque / 0 water
frame (encode+GPU, offscreen, median of 30) 3.18 ms  biome theEnd
mesh slabs 4 MB, chunks 297 (block+light arrays 11 MB), Metal allocated 174 MB
memory: resident 191 MB  (section meshes 2 MB)
wrote snaps/end_outer.png
structure end_city at 400 67 -1216 (2 pieces)
textures without a painter: missing
textures: 1665 layers at 128 px, BC3, 34.7 MB with mips (build 727 ms, upload 247 ms)
light probe: eye sky 15 block 0 in air; floor+1 (y 65) sky 15 block 0 in air, daylight 0.75
imagecheck end_city.png magenta=0.00000 black=0.0003 white=0.0045 std=33.2 hash=e256bb74e49b66b8
imagecheck end_city.png magenta=0.00000 black=0.0003 white=0.0045 std=33.2 hash=e256bb74e49b66b8
seed 12345  pos 400.5 159.0 -1215.5  rd 8  chunks 297  (drawn 11)
gen 95 ms  mesh(all, parallel) 30 ms  mesh(1 section) 0.44 ms  quads 37935 opaque / 0 water
frame (encode+GPU, offscreen, median of 30) 3.01 ms  biome theEnd
mesh slabs 4 MB, chunks 297 (block+light arrays 7 MB), Metal allocated 186 MB
memory: resident 196 MB  (section meshes 1 MB)
wrote snaps/end_city.png
textures without a painter: missing
textures: 1665 layers at 128 px, BC3, 34.7 MB with mips (build 695 ms, upload 254 ms)
light probe: eye sky 15 block 8 in air; floor+1 (y 72) sky 15 block 8 in air, daylight 1.0
imagecheck portal.png magenta=0.00161 black=0.0094 white=0.0008 std=26.2 hash=296ac450274a99dc
imagecheck portal.png magenta=0.00161 black=0.0094 white=0.0008 std=26.2 hash=296ac450274a99dc
seed 12345  pos 31.5 137.0 29.5  rd 8  chunks 326  (drawn 77)
gen 222 ms  mesh(all, parallel) 280 ms  mesh(1 section) 0.70 ms  quads 1049733 opaque / 25492 water
frame (encode+GPU, offscreen, median of 30) 4.89 ms  biome forest
mesh slabs 40 MB, chunks 326 (block+light arrays 30 MB), Metal allocated 210 MB
memory: resident 275 MB  (section meshes 33 MB)
wrote snaps/portal.png
piston debug: power 15 block west redstone_block front piston_head[11] kind stickyPiston
redstone bench: lamp A redstone_lamp[lit], piston sticky_piston[11], lamp C redstone_lamp / redstone_lamp[lit], wire E redstone_wire
textures without a painter: missing
textures: 1665 layers at 128 px, BC3, 34.7 MB with mips (build 719 ms, upload 242 ms)
light probe: eye sky 15 block 0 in air; floor+1 (y 72) sky 15 block 0 in air, daylight 1.0
imagecheck redstone.png magenta=0.00000 black=0.0000 white=0.0018 std=52.0 hash=937b4ca518434dc9
imagecheck redstone.png magenta=0.00000 black=0.0000 white=0.0018 std=52.0 hash=937b4ca518434dc9
seed 12345  pos 29.0 145.0 39.0  rd 8  chunks 340  (drawn 73)
gen 275 ms  mesh(all, parallel) 299 ms  mesh(1 section) 0.70 ms  quads 1076783 opaque / 27934 water
frame (encode+GPU, offscreen, median of 30) 4.13 ms  biome forest
mesh slabs 40 MB, chunks 340 (block+light arrays 31 MB), Metal allocated 222 MB
memory: resident 269 MB  (section meshes 34 MB)
wrote snaps/redstone.png
textures without a painter: missing
textures: 1665 layers at 128 px, BC3, 34.7 MB with mips (build 662 ms, upload 238 ms)
light probe: eye sky 15 block 0 in air; floor+1 (y 72) sky 15 block 0 in air, daylight 1.0
imagecheck brewing.png magenta=0.00000 black=0.0159 white=0.0103 std=52.2 hash=943c8bf3488ed06f
imagecheck brewing.png magenta=0.00000 black=0.0159 white=0.0103 std=52.2 hash=943c8bf3488ed06f
seed 12345  pos 31.5 136.0 29.5  rd 8  chunks 297  (drawn 78)
gen 227 ms  mesh(all, parallel) 226 ms  mesh(1 section) 0.62 ms  quads 969508 opaque / 20135 water
frame (encode+GPU, offscreen, median of 30) 4.09 ms  biome forest
mesh slabs 36 MB, chunks 297 (block+light arrays 28 MB), Metal allocated 206 MB
memory: resident 271 MB  (section meshes 30 MB)
wrote snaps/brewing.png
textures without a painter: missing
textures: 1665 layers at 128 px, BC3, 34.7 MB with mips (build 651 ms, upload 233 ms)
light probe: eye sky 15 block 0 in air; floor+1 (y 72) sky 15 block 0 in air, daylight 1.0
imagecheck enchant.png magenta=0.00000 black=0.0158 white=0.0084 std=48.0 hash=1f0c21bde8fe25e3
imagecheck enchant.png magenta=0.00000 black=0.0158 white=0.0084 std=48.0 hash=1f0c21bde8fe25e3
seed 12345  pos 31.5 136.0 29.5  rd 8  chunks 297  (drawn 78)
gen 244 ms  mesh(all, parallel) 249 ms  mesh(1 section) 0.58 ms  quads 969508 opaque / 20135 water
frame (encode+GPU, offscreen, median of 30) 4.94 ms  biome forest
mesh slabs 36 MB, chunks 297 (block+light arrays 28 MB), Metal allocated 206 MB
memory: resident 268 MB  (section meshes 30 MB)
wrote snaps/enchant.png
textures without a painter: missing
textures: 1665 layers at 128 px, BC3, 34.7 MB with mips (build 753 ms, upload 272 ms)
light probe: eye sky 15 block 0 in air; floor+1 (y 72) sky 15 block 0 in air, daylight 1.0
imagecheck anvil.png magenta=0.00000 black=0.0171 white=0.0095 std=50.4 hash=3d628e05abae8640
imagecheck anvil.png magenta=0.00000 black=0.0171 white=0.0095 std=50.4 hash=3d628e05abae8640
seed 12345  pos 31.5 136.0 29.5  rd 8  chunks 297  (drawn 78)
gen 210 ms  mesh(all, parallel) 214 ms  mesh(1 section) 1.41 ms  quads 969508 opaque / 20135 water
frame (encode+GPU, offscreen, median of 30) 4.86 ms  biome forest
mesh slabs 36 MB, chunks 297 (block+light arrays 28 MB), Metal allocated 206 MB
memory: resident 271 MB  (section meshes 30 MB)
wrote snaps/anvil.png
textures without a painter: missing
textures: 1665 layers at 128 px, BC3, 34.7 MB with mips (build 795 ms, upload 285 ms)
light probe: eye sky 15 block 0 in air; floor+1 (y 72) sky 15 block 0 in air, daylight 0.12
imagecheck effects.png magenta=0.00000 black=0.0016 white=0.0027 std=34.9 hash=22af9ee05d0d22db
imagecheck effects.png magenta=0.00000 black=0.0016 white=0.0027 std=34.9 hash=22af9ee05d0d22db
seed 12345  pos 31.5 136.0 29.5  rd 8  chunks 297  (drawn 78)
gen 211 ms  mesh(all, parallel) 223 ms  mesh(1 section) 0.68 ms  quads 969508 opaque / 20135 water
frame (encode+GPU, offscreen, median of 30) 4.53 ms  biome forest
mesh slabs 36 MB, chunks 297 (block+light arrays 28 MB), Metal allocated 206 MB
memory: resident 271 MB  (section meshes 30 MB)
wrote snaps/effects.png
textures without a painter: missing
textures: 1665 layers at 128 px, BC3, 34.7 MB with mips (build 675 ms, upload 235 ms)
light probe: eye sky 15 block 8 in air; floor+1 (y 70) sky 15 block 9 in air, daylight 1.0
imagecheck magic_blocks.png magenta=0.00000 black=0.0000 white=0.0166 std=54.4 hash=ea2d4b1eb1014cee
imagecheck magic_blocks.png magenta=0.00000 black=0.0000 white=0.0166 std=54.4 hash=ea2d4b1eb1014cee
seed 12345  pos -87.5 135.0 104.5  rd 8  chunks 297  (drawn 76)
gen 206 ms  mesh(all, parallel) 159 ms  mesh(1 section) 0.30 ms  quads 793590 opaque / 16522 water
frame (encode+GPU, offscreen, median of 30) 4.78 ms  biome plains
mesh slabs 28 MB, chunks 297 (block+light arrays 26 MB), Metal allocated 198 MB
memory: resident 264 MB  (section meshes 25 MB)
wrote snaps/magic_blocks.png
textures without a painter: missing
textures: 1665 layers at 128 px, BC3, 34.7 MB with mips (build 656 ms, upload 252 ms)
light probe: eye sky 15 block 0 in air; floor+1 (y 72) sky 15 block 0 in air, daylight 1.0
imagecheck trade.png magenta=0.00000 black=0.0166 white=0.0112 std=58.8 hash=eb1f7575f780f41f
imagecheck trade.png magenta=0.00000 black=0.0166 white=0.0112 std=58.8 hash=eb1f7575f780f41f
seed 12345  pos 31.5 136.0 29.5  rd 8  chunks 297  (drawn 78)
gen 219 ms  mesh(all, parallel) 218 ms  mesh(1 section) 0.68 ms  quads 969508 opaque / 20135 water
frame (encode+GPU, offscreen, median of 30) 4.60 ms  biome forest
mesh slabs 36 MB, chunks 297 (block+light arrays 28 MB), Metal allocated 218 MB
memory: resident 285 MB  (section meshes 30 MB)
wrote snaps/trade.png
structure village at 14 129 -322 (38 pieces, framed)
after 12.0 s: 146 mobs, villagers butcher 1, farmer 1, fletcher 2, leatherworker 1, librarian 1, nitwit 4, none 13, toolsmith 1
textures without a painter: missing
textures: 1665 layers at 128 px, BC3, 34.7 MB with mips (build 662 ms, upload 236 ms)
light probe: eye sky 15 block 0 in air; floor+1 (y 136) sky 15 block 0 in air, daylight 1.0
imagecheck villagers.png magenta=0.00000 black=0.0000 white=0.0008 std=51.4 hash=011866f01e7a1ee6
imagecheck villagers.png magenta=0.00000 black=0.0000 white=0.0008 std=51.4 hash=011866f01e7a1ee6
seed 12345  pos -20.8 215.2 -351.8  rd 8  chunks 297  (drawn 90)
gen 268 ms  mesh(all, parallel) 372 ms  mesh(1 section) 0.53 ms  quads 1579711 opaque / 12028 water
frame (encode+GPU, offscreen, median of 30) 5.53 ms  biome taiga
mesh slabs 56 MB, chunks 297 (block+light arrays 37 MB), Metal allocated 238 MB
memory: resident 332 MB  (section meshes 49 MB)
wrote snaps/villagers.png
textures without a painter: missing
textures: 1665 layers at 128 px, BC3, 34.7 MB with mips (build 821 ms, upload 311 ms)
light probe: eye sky 15 block 0 in air; floor+1 (y 70) sky 15 block 0 in air, daylight 1.0
imagecheck mobs_g.png magenta=0.00000 black=0.0000 white=0.0011 std=48.3 hash=9cce66fbb51bf655
imagecheck mobs_g.png magenta=0.00000 black=0.0000 white=0.0011 std=48.3 hash=9cce66fbb51bf655
seed 12345  pos -87.5 135.0 104.5  rd 8  chunks 297  (drawn 74)
gen 202 ms  mesh(all, parallel) 221 ms  mesh(1 section) 0.20 ms  quads 792974 opaque / 16522 water
frame (encode+GPU, offscreen, median of 30) 4.74 ms  biome plains
mesh slabs 28 MB, chunks 297 (block+light arrays 26 MB), Metal allocated 210 MB
memory: resident 274 MB  (section meshes 25 MB)
wrote snaps/mobs_g.png
textures without a painter: missing
textures: 1665 layers at 128 px, BC3, 34.7 MB with mips (build 666 ms, upload 230 ms)
light probe: eye sky 15 block 0 in air; floor+1 (y 70) sky 15 block 0 in air, daylight 1.0
imagecheck villager_jobs.png magenta=0.00000 black=0.0000 white=0.0008 std=47.2 hash=f82b083baac7679f
imagecheck villager_jobs.png magenta=0.00000 black=0.0000 white=0.0008 std=47.2 hash=f82b083baac7679f
seed 12345  pos -87.5 135.0 104.5  rd 8  chunks 297  (drawn 74)
gen 236 ms  mesh(all, parallel) 195 ms  mesh(1 section) 0.53 ms  quads 792974 opaque / 16522 water
frame (encode+GPU, offscreen, median of 30) 4.49 ms  biome plains
mesh slabs 28 MB, chunks 297 (block+light arrays 26 MB), Metal allocated 210 MB
memory: resident 272 MB  (section meshes 25 MB)
wrote snaps/villager_jobs.png
textures without a painter: missing
textures: 1665 layers at 128 px, BC3, 34.7 MB with mips (build 661 ms, upload 236 ms)
light probe: eye sky 15 block 0 in air; floor+1 (y 70) sky 15 block 0 in air, daylight 1.0
imagecheck hisser.png magenta=0.00000 black=0.0000 white=0.0008 std=45.3 hash=f21baa3f1d665e4c
imagecheck hisser.png magenta=0.00000 black=0.0000 white=0.0008 std=45.3 hash=f21baa3f1d665e4c
seed 12345  pos -87.5 135.0 104.5  rd 8  chunks 297  (drawn 73)
gen 200 ms  mesh(all, parallel) 171 ms  mesh(1 section) 0.20 ms  quads 792974 opaque / 16522 water
frame (encode+GPU, offscreen, median of 30) 4.19 ms  biome plains
mesh slabs 28 MB, chunks 297 (block+light arrays 26 MB), Metal allocated 210 MB
memory: resident 271 MB  (section meshes 25 MB)
wrote snaps/hisser.png
textures without a painter: missing
textures: 1665 layers at 128 px, BC3, 34.7 MB with mips (build 702 ms, upload 239 ms)
light probe: eye sky 15 block 5 in air; floor+1 (y 70) sky 15 block 5 in air, daylight 1.0
imagecheck heads.png magenta=0.00000 black=0.0003 white=0.0008 std=47.7 hash=06a8f9a1a9893a16
imagecheck heads.png magenta=0.00000 black=0.0003 white=0.0008 std=47.7 hash=06a8f9a1a9893a16
seed 12345  pos -87.5 135.0 104.5  rd 8  chunks 297  (drawn 76)
gen 201 ms  mesh(all, parallel) 197 ms  mesh(1 section) 0.42 ms  quads 793335 opaque / 16522 water
frame (encode+GPU, offscreen, median of 30) 4.85 ms  biome plains
mesh slabs 28 MB, chunks 297 (block+light arrays 26 MB), Metal allocated 198 MB
memory: resident 263 MB  (section meshes 25 MB)
wrote snaps/heads.png
beacon level 4, player speed 2
textures without a painter: missing
textures: 1665 layers at 128 px, BC3, 34.7 MB with mips (build 657 ms, upload 233 ms)
light probe: eye sky 15 block 0 in air; floor+1 (y 70) sky 15 block 0 in air, daylight 0.12
imagecheck beacon.png magenta=0.00000 black=0.3315 white=0.0071 std=40.5 hash=756dc59c15797d89
imagecheck beacon.png magenta=0.00000 black=0.3315 white=0.0071 std=40.5 hash=756dc59c15797d89
seed 12345  pos -87.5 137.0 104.5  rd 8  chunks 297  (drawn 74)
gen 208 ms  mesh(all, parallel) 180 ms  mesh(1 section) 0.39 ms  quads 793304 opaque / 16522 water
frame (encode+GPU, offscreen, median of 30) 4.22 ms  biome plains
mesh slabs 28 MB, chunks 297 (block+light arrays 26 MB), Metal allocated 198 MB
memory: resident 255 MB  (section meshes 25 MB)
wrote snaps/beacon.png
textures without a painter: missing
textures: 1665 layers at 128 px, BC3, 34.7 MB with mips (build 659 ms, upload 245 ms)
light probe: eye sky 15 block 0 in air; floor+1 (y 70) sky 15 block 0 in air, daylight 0.7
imagecheck rain.png magenta=0.00000 black=0.0000 white=0.0008 std=23.6 hash=2ed1d1c4aab641b7
imagecheck rain.png magenta=0.00000 black=0.0000 white=0.0008 std=23.6 hash=2ed1d1c4aab641b7
seed 12345  pos -87.5 135.0 104.5  rd 8  chunks 297  (drawn 73)
gen 203 ms  mesh(all, parallel) 169 ms  mesh(1 section) 0.21 ms  quads 793167 opaque / 16522 water
frame (encode+GPU, offscreen, median of 30) 5.14 ms  biome plains
mesh slabs 28 MB, chunks 297 (block+light arrays 26 MB), Metal allocated 198 MB
memory: resident 265 MB  (section meshes 25 MB)
wrote snaps/rain.png
textures without a painter: missing
textures: 1665 layers at 128 px, BC3, 34.7 MB with mips (build 677 ms, upload 227 ms)
light probe: eye sky 15 block 0 in air; floor+1 (y 70) sky 15 block 0 in air, daylight 0.63
imagecheck thunder.png magenta=0.00000 black=0.0000 white=0.0193 std=56.4 hash=5850619e4586af7f
imagecheck thunder.png magenta=0.00000 black=0.0000 white=0.0193 std=56.4 hash=5850619e4586af7f
seed 12345  pos -87.5 135.0 104.5  rd 8  chunks 297  (drawn 74)
gen 238 ms  mesh(all, parallel) 211 ms  mesh(1 section) 0.30 ms  quads 793374 opaque / 16522 water
frame (encode+GPU, offscreen, median of 30) 4.70 ms  biome plains
mesh slabs 28 MB, chunks 297 (block+light arrays 26 MB), Metal allocated 198 MB
memory: resident 260 MB  (section meshes 25 MB)
wrote snaps/thunder.png
textures without a painter: missing
textures: 1665 layers at 128 px, BC3, 34.7 MB with mips (build 646 ms, upload 237 ms)
light probe: eye sky 15 block 0 in air; floor+1 (y 121) sky 15 block 0 in snow, daylight 0.7
imagecheck snowfall.png magenta=0.00000 black=0.0025 white=0.0008 std=48.5 hash=eb413ea097a2900f
imagecheck snowfall.png magenta=0.00000 black=0.0025 white=0.0008 std=48.5 hash=eb413ea097a2900f
seed 12345  pos 152.5 186.0 -1575.5  rd 8  chunks 297  (drawn 74)
gen 222 ms  mesh(all, parallel) 191 ms  mesh(1 section) 0.34 ms  quads 1009172 opaque / 11182 water
frame (encode+GPU, offscreen, median of 30) 4.76 ms  biome snowyPlains
mesh slabs 36 MB, chunks 297 (block+light arrays 30 MB), Metal allocated 218 MB
memory: resident 287 MB  (section meshes 31 MB)
wrote snaps/snowfall.png
textures without a painter: missing
textures: 1665 layers at 128 px, BC3, 34.7 MB with mips (build 749 ms, upload 273 ms)
light probe: eye sky 15 block 0 in air; floor+1 (y 70) sky 15 block 0 in air, daylight 1.0
imagecheck animals1.png magenta=0.00000 black=0.0000 white=0.0008 std=46.4 hash=0880d9984051ae28
imagecheck animals1.png magenta=0.00000 black=0.0000 white=0.0008 std=46.4 hash=0880d9984051ae28
seed 12345  pos -87.5 135.0 104.5  rd 8  chunks 297  (drawn 74)
gen 199 ms  mesh(all, parallel) 168 ms  mesh(1 section) 0.53 ms  quads 792974 opaque / 16522 water
frame (encode+GPU, offscreen, median of 30) 4.93 ms  biome plains
mesh slabs 28 MB, chunks 297 (block+light arrays 26 MB), Metal allocated 210 MB
memory: resident 274 MB  (section meshes 25 MB)
wrote snaps/animals1.png
textures without a painter: missing
textures: 1665 layers at 128 px, BC3, 34.7 MB with mips (build 651 ms, upload 242 ms)
light probe: eye sky 15 block 0 in air; floor+1 (y 70) sky 15 block 0 in air, daylight 1.0
imagecheck animals2.png magenta=0.00000 black=0.0000 white=0.0008 std=46.6 hash=43dc9db20f678ad6
imagecheck animals2.png magenta=0.00000 black=0.0000 white=0.0008 std=46.6 hash=43dc9db20f678ad6
seed 12345  pos -87.5 135.0 104.5  rd 8  chunks 297  (drawn 74)
gen 204 ms  mesh(all, parallel) 170 ms  mesh(1 section) 0.22 ms  quads 792974 opaque / 16522 water
frame (encode+GPU, offscreen, median of 30) 3.81 ms  biome plains
mesh slabs 28 MB, chunks 297 (block+light arrays 26 MB), Metal allocated 210 MB
memory: resident 268 MB  (section meshes 25 MB)
wrote snaps/animals2.png
textures without a painter: missing
textures: 1665 layers at 128 px, BC3, 34.7 MB with mips (build 641 ms, upload 231 ms)
light probe: eye sky 15 block 0 in air; floor+1 (y 70) sky 15 block 0 in air, daylight 1.0
imagecheck animals3.png magenta=0.00000 black=0.0000 white=0.0008 std=44.9 hash=5e7c16378d86fd4c
imagecheck animals3.png magenta=0.00000 black=0.0000 white=0.0008 std=44.9 hash=5e7c16378d86fd4c
seed 12345  pos -87.5 135.0 104.5  rd 8  chunks 297  (drawn 73)
gen 211 ms  mesh(all, parallel) 171 ms  mesh(1 section) 0.22 ms  quads 792974 opaque / 16522 water
frame (encode+GPU, offscreen, median of 30) 5.03 ms  biome plains
mesh slabs 28 MB, chunks 297 (block+light arrays 26 MB), Metal allocated 210 MB
memory: resident 264 MB  (section meshes 25 MB)
wrote snaps/animals3.png
textures without a painter: missing
textures: 1665 layers at 128 px, BC3, 34.7 MB with mips (build 687 ms, upload 243 ms)
light probe: eye sky 15 block 0 in air; floor+1 (y 56) sky 8 block 0 in water, daylight 1.0
imagecheck aquatic.png magenta=0.00000 black=0.0000 white=0.0008 std=51.4 hash=e0690a9318bf2409
imagecheck aquatic.png magenta=0.00000 black=0.0000 white=0.0008 std=51.4 hash=e0690a9318bf2409
seed 12345  pos -951.5 128.0 728.5  rd 8  chunks 297  (drawn 74)
gen 201 ms  mesh(all, parallel) 314 ms  mesh(1 section) 0.62 ms  quads 1009486 opaque / 65274 water
frame (encode+GPU, offscreen, median of 30) 6.04 ms  biome warmOcean
mesh slabs 36 MB, chunks 297 (block+light arrays 25 MB), Metal allocated 218 MB
memory: resident 287 MB  (section meshes 33 MB)
wrote snaps/aquatic.png
after 3.0 s: 30 mobs, villagers 
textures without a painter: missing
textures: 1665 layers at 128 px, BC3, 34.7 MB with mips (build 701 ms, upload 253 ms)
light probe: eye sky 15 block 0 in air; floor+1 (y 49) sky 1 block 0 in water, daylight 1.0
imagecheck boats.png magenta=0.00000 black=0.0000 white=0.0008 std=54.0 hash=7a7a7c52a1e93f35
imagecheck boats.png magenta=0.00000 black=0.0000 white=0.0008 std=54.0 hash=7a7a7c52a1e93f35
seed 12345  pos 104.5 128.0 200.5  rd 8  chunks 297  (drawn 80)
gen 234 ms  mesh(all, parallel) 188 ms  mesh(1 section) 0.59 ms  quads 555057 opaque / 59777 water
frame (encode+GPU, offscreen, median of 30) 4.70 ms  biome ocean
mesh slabs 24 MB, chunks 297 (block+light arrays 23 MB), Metal allocated 206 MB
memory: resident 262 MB  (section meshes 19 MB)
wrote snaps/boats.png
textures without a painter: missing
textures: 1665 layers at 128 px, BC3, 34.7 MB with mips (build 758 ms, upload 250 ms)
light probe: eye sky 15 block 0 in air; floor+1 (y 70) sky 15 block 0 in air, daylight 1.0
imagecheck armor.png magenta=0.00000 black=0.0000 white=0.0008 std=46.4 hash=3a04f53150d62866
imagecheck armor.png magenta=0.00000 black=0.0000 white=0.0008 std=46.4 hash=3a04f53150d62866
seed 12345  pos -87.5 135.0 104.5  rd 8  chunks 297  (drawn 74)
gen 332 ms  mesh(all, parallel) 263 ms  mesh(1 section) 0.21 ms  quads 792974 opaque / 16522 water
frame (encode+GPU, offscreen, median of 30) 3.40 ms  biome plains
mesh slabs 28 MB, chunks 297 (block+light arrays 26 MB), Metal allocated 210 MB
memory: resident 262 MB  (section meshes 25 MB)
wrote snaps/armor.png
textures without a painter: missing
textures: 1665 layers at 128 px, BC3, 34.7 MB with mips (build 633 ms, upload 232 ms)
light probe: eye sky 15 block 0 in air; floor+1 (y 70) sky 15 block 0 in air, daylight 1.0
imagecheck banners.png magenta=0.00000 black=0.0000 white=0.0008 std=46.5 hash=064a9113e62b369d
imagecheck banners.png magenta=0.00000 black=0.0000 white=0.0008 std=46.5 hash=064a9113e62b369d
seed 12345  pos -87.5 137.0 104.5  rd 8  chunks 297  (drawn 75)
gen 200 ms  mesh(all, parallel) 173 ms  mesh(1 section) 0.21 ms  quads 793189 opaque / 16522 water
frame (encode+GPU, offscreen, median of 30) 4.75 ms  biome plains
mesh slabs 28 MB, chunks 297 (block+light arrays 26 MB), Metal allocated 198 MB
memory: resident 259 MB  (section meshes 25 MB)
wrote snaps/banners.png
textures without a painter: missing
textures: 1665 layers at 128 px, BC3, 34.7 MB with mips (build 696 ms, upload 246 ms)
light probe: eye sky 15 block 0 in air; floor+1 (y 72) sky 15 block 0 in air, daylight 1.0
imagecheck loom.png magenta=0.00000 black=0.0151 white=0.0090 std=49.6 hash=fdca4c9fbfc15786
imagecheck loom.png magenta=0.00000 black=0.0151 white=0.0090 std=49.6 hash=fdca4c9fbfc15786
seed 12345  pos 31.5 136.0 29.5  rd 8  chunks 297  (drawn 73)
gen 205 ms  mesh(all, parallel) 210 ms  mesh(1 section) 0.59 ms  quads 969508 opaque / 20135 water
frame (encode+GPU, offscreen, median of 30) 4.18 ms  biome forest
mesh slabs 36 MB, chunks 297 (block+light arrays 28 MB), Metal allocated 206 MB
memory: resident 271 MB  (section meshes 30 MB)
wrote snaps/loom.png
textures without a painter: missing
textures: 1665 layers at 128 px, BC3, 34.7 MB with mips (build 605 ms, upload 219 ms)
light probe: eye sky 15 block 0 in air; floor+1 (y 72) sky 15 block 0 in air, daylight 1.0
imagecheck book.png magenta=0.00000 black=0.0154 white=0.0040 std=66.2 hash=db642f68b0b16fa5
imagecheck book.png magenta=0.00000 black=0.0154 white=0.0040 std=66.2 hash=db642f68b0b16fa5
seed 12345  pos 31.5 136.0 29.5  rd 8  chunks 297  (drawn 73)
gen 192 ms  mesh(all, parallel) 200 ms  mesh(1 section) 0.71 ms  quads 969508 opaque / 20135 water
frame (encode+GPU, offscreen, median of 30) 3.93 ms  biome forest
mesh slabs 36 MB, chunks 297 (block+light arrays 28 MB), Metal allocated 206 MB
memory: resident 268 MB  (section meshes 30 MB)
wrote snaps/book.png
textures without a painter: missing
textures: 1665 layers at 128 px, BC3, 34.7 MB with mips (build 618 ms, upload 257 ms)
light probe: eye sky 15 block 0 in air; floor+1 (y 72) sky 15 block 0 in air, daylight 1.0
imagecheck advancements.png magenta=0.00000 black=0.0160 white=0.0083 std=52.2 hash=c356d144ff794bee
imagecheck advancements.png magenta=0.00000 black=0.0160 white=0.0083 std=52.2 hash=c356d144ff794bee
seed 12345  pos 31.5 136.0 29.5  rd 8  chunks 297  (drawn 73)
gen 207 ms  mesh(all, parallel) 219 ms  mesh(1 section) 0.62 ms  quads 969508 opaque / 20135 water
frame (encode+GPU, offscreen, median of 30) 4.21 ms  biome forest
mesh slabs 36 MB, chunks 297 (block+light arrays 28 MB), Metal allocated 206 MB
memory: resident 262 MB  (section meshes 30 MB)
wrote snaps/advancements.png
textures without a painter: missing
textures: 1665 layers at 128 px, BC3, 34.7 MB with mips (build 608 ms, upload 223 ms)
light probe: eye sky 15 block 0 in air; floor+1 (y 72) sky 15 block 0 in air, daylight 1.0
imagecheck credits.png magenta=0.00000 black=0.9814 white=0.0000 std=23.3 hash=685a14e5bf8a47f5
imagecheck credits.png magenta=0.00000 black=0.9814 white=0.0000 std=23.3 hash=685a14e5bf8a47f5
seed 12345  pos 31.5 136.0 29.5  rd 8  chunks 297  (drawn 73)
gen 189 ms  mesh(all, parallel) 193 ms  mesh(1 section) 0.61 ms  quads 969508 opaque / 20135 water
frame (encode+GPU, offscreen, median of 30) 4.00 ms  biome forest
mesh slabs 36 MB, chunks 297 (block+light arrays 28 MB), Metal allocated 206 MB
memory: resident 269 MB  (section meshes 30 MB)
wrote snaps/credits.png
textures without a painter: missing
textures: 1665 layers at 128 px, BC3, 34.7 MB with mips (build 595 ms, upload 217 ms)
light probe: eye sky 15 block 0 in air; floor+1 (y 72) sky 15 block 0 in air, daylight 1.0
imagecheck pause.png magenta=0.00000 black=0.0161 white=0.0118 std=55.4 hash=a19aa1416ab94cb9
imagecheck pause.png magenta=0.00000 black=0.0161 white=0.0118 std=55.4 hash=a19aa1416ab94cb9
seed 12345  pos 31.5 136.0 29.5  rd 8  chunks 297  (drawn 73)
gen 194 ms  mesh(all, parallel) 205 ms  mesh(1 section) 0.63 ms  quads 969508 opaque / 20135 water
frame (encode+GPU, offscreen, median of 30) 3.89 ms  biome forest
mesh slabs 36 MB, chunks 297 (block+light arrays 28 MB), Metal allocated 206 MB
memory: resident 271 MB  (section meshes 30 MB)
wrote snaps/pause.png
textures without a painter: missing
textures: 1665 layers at 128 px, BC3, 34.7 MB with mips (build 623 ms, upload 218 ms)
light probe: eye sky 15 block 0 in air; floor+1 (y 72) sky 15 block 0 in air, daylight 1.0
imagecheck options.png magenta=0.00000 black=0.0161 white=0.0142 std=57.8 hash=ad2f3861740b6adb
imagecheck options.png magenta=0.00000 black=0.0161 white=0.0142 std=57.8 hash=ad2f3861740b6adb
seed 12345  pos 31.5 136.0 29.5  rd 8  chunks 297  (drawn 73)
gen 209 ms  mesh(all, parallel) 221 ms  mesh(1 section) 0.58 ms  quads 969508 opaque / 20135 water
frame (encode+GPU, offscreen, median of 30) 4.17 ms  biome forest
mesh slabs 36 MB, chunks 297 (block+light arrays 28 MB), Metal allocated 206 MB
memory: resident 252 MB  (section meshes 30 MB)
wrote snaps/options.png
textures without a painter: missing
textures: 1665 layers at 128 px, BC3, 34.7 MB with mips (build 600 ms, upload 215 ms)
light probe: eye sky 15 block 0 in air; floor+1 (y 72) sky 15 block 0 in air, daylight 1.0
imagecheck death.png magenta=0.00000 black=0.0025 white=0.0037 std=43.4 hash=7928382980d4c701
imagecheck death.png magenta=0.00000 black=0.0025 white=0.0037 std=43.4 hash=7928382980d4c701
seed 12345  pos 31.5 136.0 29.5  rd 8  chunks 297  (drawn 73)
gen 239 ms  mesh(all, parallel) 216 ms  mesh(1 section) 0.72 ms  quads 969508 opaque / 20135 water
frame (encode+GPU, offscreen, median of 30) 4.29 ms  biome forest
mesh slabs 36 MB, chunks 297 (block+light arrays 28 MB), Metal allocated 206 MB
memory: resident 257 MB  (section meshes 30 MB)
wrote snaps/death.png
textures without a painter: missing
textures: 1665 layers at 128 px, BC3, 34.7 MB with mips (build 654 ms, upload 227 ms)
light probe: eye sky 15 block 0 in air; floor+1 (y 72) sky 15 block 0 in air, daylight 1.0
imagecheck title.png magenta=0.00000 black=0.0153 white=0.0065 std=50.7 hash=e3e1e8f84c19d0a3
imagecheck title.png magenta=0.00000 black=0.0153 white=0.0065 std=50.7 hash=e3e1e8f84c19d0a3
seed 12345  pos 31.5 136.0 29.5  rd 8  chunks 297  (drawn 73)
gen 196 ms  mesh(all, parallel) 204 ms  mesh(1 section) 0.60 ms  quads 969508 opaque / 20135 water
frame (encode+GPU, offscreen, median of 30) 4.06 ms  biome forest
mesh slabs 36 MB, chunks 297 (block+light arrays 28 MB), Metal allocated 206 MB
memory: resident 271 MB  (section meshes 30 MB)
wrote snaps/title.png
textures without a painter: missing
textures: 1665 layers at 128 px, BC3, 34.7 MB with mips (build 600 ms, upload 221 ms)
light probe: eye sky 15 block 0 in air; floor+1 (y 72) sky 15 block 0 in air, daylight 1.0
imagecheck create.png magenta=0.00000 black=0.0156 white=0.0091 std=51.3 hash=4518ded5ba8540f4
imagecheck create.png magenta=0.00000 black=0.0156 white=0.0091 std=51.3 hash=4518ded5ba8540f4
seed 12345  pos 31.5 136.0 29.5  rd 8  chunks 297  (drawn 73)
gen 217 ms  mesh(all, parallel) 231 ms  mesh(1 section) 0.63 ms  quads 969508 opaque / 20135 water
frame (encode+GPU, offscreen, median of 30) 3.82 ms  biome forest
mesh slabs 36 MB, chunks 297 (block+light arrays 28 MB), Metal allocated 206 MB
memory: resident 251 MB  (section meshes 30 MB)
wrote snaps/create.png
textures without a painter: missing
textures: 1665 layers at 128 px, BC3, 34.7 MB with mips (build 590 ms, upload 216 ms)
light probe: eye sky 15 block 0 in air; floor+1 (y 72) sky 15 block 0 in air, daylight 1.0
imagecheck recipes.png magenta=0.00000 black=0.0131 white=0.0116 std=59.2 hash=0ab097c2ff47201e
imagecheck recipes.png magenta=0.00000 black=0.0131 white=0.0116 std=59.2 hash=0ab097c2ff47201e
seed 12345  pos 31.5 136.0 29.5  rd 8  chunks 297  (drawn 73)
gen 192 ms  mesh(all, parallel) 196 ms  mesh(1 section) 0.61 ms  quads 969508 opaque / 20135 water
frame (encode+GPU, offscreen, median of 30) 4.12 ms  biome forest
mesh slabs 36 MB, chunks 297 (block+light arrays 28 MB), Metal allocated 206 MB
memory: resident 266 MB  (section meshes 30 MB)
wrote snaps/recipes.png
console: /help
console:   Commands: help time weather gamemode difficulty tp give summon kill clear effect xp locate seed spawnpoint setblock vessel
console:   Tab completes names; arrow keys recall earlier commands.
console: /time set noon
console:   Set the time to 6000
console: /give diamond 5
console:   Gave 5 [Diamond] to Player
console: /give hisser_head
console:   Gave 1 [Hisser Head] to Player
console: /locate sea_temple
console:   The nearest Sea Temple is at [296, ~, 736] (782 blocks away)
console: /summon hisser
console:   Summoned new Hisser
console: <Player> hello
console: /tp ~ ~2 ~
console:   Teleported Player to 8.5, 88.0, 8.5
console: /xp 5L
console:   Gave 5 experience levels to Player
console: /bogus
console:   Unknown command: bogus. Type /help for a list
textures without a painter: missing
textures: 1665 layers at 128 px, BC3, 34.7 MB with mips (build 587 ms, upload 216 ms)
light probe: eye sky 15 block 0 in air; floor+1 (y 72) sky 15 block 0 in air, daylight 1.0
imagecheck commands.png magenta=0.00000 black=0.0177 white=0.0068 std=44.8 hash=177891970f159fca
imagecheck commands.png magenta=0.00000 black=0.0177 white=0.0068 std=44.8 hash=177891970f159fca
seed 12345  pos 31.5 136.0 29.5  rd 8  chunks 297  (drawn 73)
gen 192 ms  mesh(all, parallel) 198 ms  mesh(1 section) 0.58 ms  quads 969508 opaque / 20135 water
frame (encode+GPU, offscreen, median of 30) 3.28 ms  biome forest
mesh slabs 36 MB, chunks 297 (block+light arrays 28 MB), Metal allocated 218 MB
memory: resident 285 MB  (section meshes 30 MB)
wrote snaps/commands.png
textures without a painter: missing
textures: 1665 layers at 128 px, BC3, 34.7 MB with mips (build 676 ms, upload 257 ms)
light probe: eye sky 15 block 0 in air; floor+1 (y 70) sky 15 block 0 in air, daylight 0.12
imagecheck boom_night.png magenta=0.00000 black=0.1753 white=0.0202 std=82.6 hash=ebe2cd394efaf6ee
imagecheck boom_night.png magenta=0.00000 black=0.1753 white=0.0202 std=82.6 hash=ebe2cd394efaf6ee
seed 12345  pos -87.5 136.0 104.5  rd 8  chunks 297  (drawn 74)
gen 185 ms  mesh(all, parallel) 197 ms  mesh(1 section) 0.21 ms  quads 793167 opaque / 16522 water
frame (encode+GPU, offscreen, median of 30) 4.50 ms  biome plains
mesh slabs 28 MB, chunks 297 (block+light arrays 26 MB), Metal allocated 198 MB
memory: resident 263 MB  (section meshes 25 MB)
wrote snaps/boom_night.png
textures without a painter: missing
textures: 1665 layers at 128 px, BC3, 34.7 MB with mips (build 591 ms, upload 216 ms)
light probe: eye sky 15 block 0 in air; floor+1 (y 70) sky 15 block 0 in air, daylight 0.12
imagecheck fireworks.png magenta=0.00000 black=0.5007 white=0.0038 std=29.8 hash=8902df729f41bae8
imagecheck fireworks.png magenta=0.00000 black=0.5007 white=0.0038 std=29.8 hash=8902df729f41bae8
seed 12345  pos -87.5 135.0 104.5  rd 8  chunks 297  (drawn 75)
gen 186 ms  mesh(all, parallel) 152 ms  mesh(1 section) 0.20 ms  quads 793167 opaque / 16522 water
frame (encode+GPU, offscreen, median of 30) 5.00 ms  biome plains
mesh slabs 28 MB, chunks 297 (block+light arrays 26 MB), Metal allocated 198 MB
memory: resident 263 MB  (section meshes 25 MB)
wrote snaps/fireworks.png
structure monument at 296 48 736 (1 pieces, framed)
textures without a painter: missing
textures: 1665 layers at 128 px, BC3, 34.7 MB with mips (build 590 ms, upload 220 ms)
light probe: eye sky 15 block 0 in air; floor+1 (y 33) sky 0 block 0 in water, daylight 1.0
imagecheck monument.png magenta=0.00000 black=0.0000 white=0.0008 std=51.3 hash=853a7bfa5ccbfb99
imagecheck monument.png magenta=0.00000 black=0.0000 white=0.0008 std=51.3 hash=853a7bfa5ccbfb99
seed 12345  pos 265.5 135.9 713.5  rd 8  chunks 297  (drawn 84)
gen 173 ms  mesh(all, parallel) 174 ms  mesh(1 section) 0.63 ms  quads 495175 opaque / 65367 water
frame (encode+GPU, offscreen, median of 30) 4.24 ms  biome deepOcean
mesh slabs 20 MB, chunks 297 (block+light arrays 22 MB), Metal allocated 202 MB
memory: resident 270 MB  (section meshes 17 MB)
wrote snaps/monument.png
structure mansion at 6872 71 1422 (1 pieces, framed)
textures without a painter: missing
textures: 1665 layers at 128 px, BC3, 34.7 MB with mips (build 593 ms, upload 218 ms)
light probe: eye sky 15 block 0 in air; floor+1 (y 68) sky 15 block 2 in firefly_bush, daylight 1.0
imagecheck mansion.png magenta=0.00000 black=0.0000 white=0.0008 std=57.3 hash=2323ba3369260a4e
imagecheck mansion.png magenta=0.00000 black=0.0000 white=0.0008 std=57.3 hash=2323ba3369260a4e
seed 12345  pos 6830.9 167.3 1406.9  rd 8  chunks 297  (drawn 74)
gen 182 ms  mesh(all, parallel) 205 ms  mesh(1 section) 0.62 ms  quads 1100542 opaque / 11584 water
frame (encode+GPU, offscreen, median of 30) 3.84 ms  biome swamp
mesh slabs 40 MB, chunks 297 (block+light arrays 26 MB), Metal allocated 222 MB
memory: resident 286 MB  (section meshes 34 MB)
wrote snaps/mansion.png
structure ancient_city at -136 -50 836 (1 pieces)
textures without a painter: missing
textures: 1665 layers at 128 px, BC3, 34.7 MB with mips (build 614 ms, upload 224 ms)
light probe: eye sky 0 block 0 in air; floor+1 (y -51) sky 0 block 0 in air, daylight 1.0
imagecheck ancient_city.png magenta=0.00000 black=0.0003 white=0.0010 std=36.0 hash=df40292c8979bc97
imagecheck ancient_city.png magenta=0.00000 black=0.0003 white=0.0010 std=36.0 hash=df40292c8979bc97
seed 12345  pos -135.5 17.0 836.5  rd 5  chunks 145  (drawn 30)
gen 93 ms  mesh(all, parallel) 77 ms  mesh(1 section) 0.56 ms  quads 245090 opaque / 30507 water
frame (encode+GPU, offscreen, median of 30) 2.68 ms  biome lukewarmOcean
mesh slabs 12 MB, chunks 145 (block+light arrays 11 MB), Metal allocated 182 MB
memory: resident 226 MB  (section meshes 8 MB)
wrote snaps/ancient_city.png
structure trial_chambers at 184 -29 184 (1 pieces)
textures without a painter: missing
textures: 1665 layers at 128 px, BC3, 34.7 MB with mips (build 587 ms, upload 215 ms)
light probe: eye sky 0 block 12 in air; floor+1 (y -29) sky 0 block 5 in air, daylight 1.0
imagecheck trial_chambers.png magenta=0.00000 black=0.0001 white=0.0018 std=27.4 hash=e0a007dbf83c9482
imagecheck trial_chambers.png magenta=0.00000 black=0.0001 white=0.0018 std=27.4 hash=e0a007dbf83c9482
seed 12345  pos 184.5 41.0 184.5  rd 5  chunks 145  (drawn 6)
gen 91 ms  mesh(all, parallel) 66 ms  mesh(1 section) 0.38 ms  quads 231949 opaque / 21181 water
frame (encode+GPU, offscreen, median of 30) 2.77 ms  biome lukewarmOcean
mesh slabs 12 MB, chunks 145 (block+light arrays 11 MB), Metal allocated 194 MB
memory: resident 235 MB  (section meshes 8 MB)
wrote snaps/trial_chambers.png
textures without a painter: missing
textures: 1665 layers at 128 px, BC3, 34.7 MB with mips (build 665 ms, upload 238 ms)
light probe: eye sky 15 block 9 in air; floor+1 (y 70) sky 15 block 9 in air, daylight 1.0
imagecheck copper.png magenta=0.00000 black=0.0000 white=0.0027 std=48.8 hash=a15d7e0cf8720e00
imagecheck copper.png magenta=0.00000 black=0.0000 white=0.0027 std=48.8 hash=a15d7e0cf8720e00
seed 12345  pos -87.5 135.0 104.5  rd 8  chunks 297  (drawn 76)
gen 213 ms  mesh(all, parallel) 190 ms  mesh(1 section) 0.26 ms  quads 793406 opaque / 16522 water
frame (encode+GPU, offscreen, median of 30) 4.42 ms  biome plains
mesh slabs 28 MB, chunks 297 (block+light arrays 26 MB), Metal allocated 198 MB
memory: resident 261 MB  (section meshes 25 MB)
wrote snaps/copper.png
textures without a painter: missing
textures: 1665 layers at 128 px, BC3, 34.7 MB with mips (build 595 ms, upload 220 ms)
light probe: eye sky 15 block 0 in air; floor+1 (y 70) sky 15 block 0 in air, daylight 1.0
imagecheck decor.png magenta=0.00000 black=0.0000 white=0.0008 std=46.1 hash=177abcdfc4c7b155
imagecheck decor.png magenta=0.00000 black=0.0000 white=0.0008 std=46.1 hash=177abcdfc4c7b155
seed 12345  pos -87.5 135.0 104.5  rd 8  chunks 297  (drawn 74)
gen 184 ms  mesh(all, parallel) 154 ms  mesh(1 section) 0.19 ms  quads 793219 opaque / 16522 water
frame (encode+GPU, offscreen, median of 30) 3.97 ms  biome plains
mesh slabs 28 MB, chunks 297 (block+light arrays 26 MB), Metal allocated 198 MB
memory: resident 267 MB  (section meshes 25 MB)
wrote snaps/decor.png
textures without a painter: missing
textures: 1665 layers at 128 px, BC3, 34.7 MB with mips (build 599 ms, upload 220 ms)
light probe: eye sky 15 block 0 in air; floor+1 (y 72) sky 15 block 0 in air, daylight 1.0
imagecheck map.png magenta=0.00000 black=0.0000 white=0.0008 std=51.5 hash=05266d89679b3768
imagecheck map.png magenta=0.00000 black=0.0000 white=0.0008 std=51.5 hash=05266d89679b3768
seed 12345  pos 31.5 156.0 29.5  rd 8  chunks 297  (drawn 78)
gen 196 ms  mesh(all, parallel) 201 ms  mesh(1 section) 0.63 ms  quads 969508 opaque / 20135 water
frame (encode+GPU, offscreen, median of 30) 6.12 ms  biome forest
mesh slabs 36 MB, chunks 297 (block+light arrays 28 MB), Metal allocated 206 MB
memory: resident 274 MB  (section meshes 30 MB)
wrote snaps/map.png
textures without a painter: missing
textures: 1665 layers at 128 px, BC3, 34.7 MB with mips (build 590 ms, upload 219 ms)
light probe: eye sky 15 block 0 in air; floor+1 (y 70) sky 15 block 0 in air, daylight 1.0
imagecheck third_back.png magenta=0.00000 black=0.0000 white=0.0007 std=45.4 hash=a70bd62f820e2e04
imagecheck third_back.png magenta=0.00000 black=0.0000 white=0.0007 std=45.4 hash=a70bd62f820e2e04
seed 12345  pos -87.5 135.0 104.5  rd 8  chunks 297  (drawn 78)
gen 187 ms  mesh(all, parallel) 155 ms  mesh(1 section) 0.19 ms  quads 793167 opaque / 16522 water
frame (encode+GPU, offscreen, median of 30) 4.02 ms  biome plains
mesh slabs 28 MB, chunks 297 (block+light arrays 26 MB), Metal allocated 210 MB
memory: resident 270 MB  (section meshes 25 MB)
wrote snaps/third_back.png
textures without a painter: missing
textures: 1665 layers at 128 px, BC3, 34.7 MB with mips (build 593 ms, upload 219 ms)
light probe: eye sky 14 block 0 in water; floor+1 (y 49) sky 1 block 0 in water, daylight 1.0
swim pose: prone true eye 0.40000153
imagecheck third_swim.png magenta=0.00000 black=0.0000 white=0.0007 std=10.4 hash=ec7be373ff73496d
imagecheck third_swim.png magenta=0.00000 black=0.0000 white=0.0007 std=10.4 hash=ec7be373ff73496d
seed 12345  pos 104.5 127.0 200.5  rd 8  chunks 297  (drawn 80)
gen 183 ms  mesh(all, parallel) 157 ms  mesh(1 section) 0.54 ms  quads 555057 opaque / 59777 water
frame (encode+GPU, offscreen, median of 30) 3.40 ms  biome ocean
mesh slabs 24 MB, chunks 297 (block+light arrays 23 MB), Metal allocated 206 MB
memory: resident 267 MB  (section meshes 19 MB)
wrote snaps/third_swim.png
textures without a painter: missing
textures: 1665 layers at 128 px, BC3, 34.7 MB with mips (build 589 ms, upload 220 ms)
light probe: eye sky 15 block 0 in air; floor+1 (y 70) sky 15 block 0 in air, daylight 1.0
imagecheck third_front.png magenta=0.00000 black=0.0000 white=0.0007 std=35.2 hash=c3cb70b809970ea4
imagecheck third_front.png magenta=0.00000 black=0.0000 white=0.0007 std=35.2 hash=c3cb70b809970ea4
seed 12345  pos -87.5 135.0 104.5  rd 8  chunks 297  (drawn 74)
gen 184 ms  mesh(all, parallel) 154 ms  mesh(1 section) 0.21 ms  quads 793167 opaque / 16522 water
frame (encode+GPU, offscreen, median of 30) 3.20 ms  biome plains
mesh slabs 28 MB, chunks 297 (block+light arrays 26 MB), Metal allocated 210 MB
memory: resident 275 MB  (section meshes 25 MB)
wrote snaps/third_front.png
textures without a painter: missing
textures: 1665 layers at 128 px, BC3, 34.7 MB with mips (build 592 ms, upload 218 ms)
light probe: eye sky 15 block 0 in air; floor+1 (y 70) sky 15 block 0 in air, daylight 1.0
imagecheck mobs_new.png magenta=0.00000 black=0.0000 white=0.0008 std=40.2 hash=38f0db66b97919b7
imagecheck mobs_new.png magenta=0.00000 black=0.0000 white=0.0008 std=40.2 hash=38f0db66b97919b7
seed 12345  pos -87.5 135.0 104.5  rd 8  chunks 297  (drawn 74)
gen 213 ms  mesh(all, parallel) 163 ms  mesh(1 section) 0.21 ms  quads 792974 opaque / 16522 water
frame (encode+GPU, offscreen, median of 30) 4.77 ms  biome plains
mesh slabs 28 MB, chunks 297 (block+light arrays 26 MB), Metal allocated 210 MB
memory: resident 268 MB  (section meshes 25 MB)
wrote snaps/mobs_new.png
textures without a painter: missing
textures: 1665 layers at 128 px, BC3, 34.7 MB with mips (build 593 ms, upload 222 ms)
light probe: eye sky 15 block 0 in air; floor+1 (y 70) sky 15 block 0 in air, daylight 1.0
imagecheck soldiers.png magenta=0.00000 black=0.0000 white=0.0008 std=48.7 hash=118a6a2b60040db7
imagecheck soldiers.png magenta=0.00000 black=0.0000 white=0.0008 std=48.7 hash=118a6a2b60040db7
seed 12345  pos -87.5 135.0 104.5  rd 8  chunks 297  (drawn 74)
gen 195 ms  mesh(all, parallel) 160 ms  mesh(1 section) 0.20 ms  quads 792974 opaque / 16522 water
frame (encode+GPU, offscreen, median of 30) 4.09 ms  biome plains
mesh slabs 28 MB, chunks 297 (block+light arrays 26 MB), Metal allocated 210 MB
memory: resident 273 MB  (section meshes 25 MB)
wrote snaps/soldiers.png
textures without a painter: missing
textures: 1665 layers at 128 px, BC3, 34.7 MB with mips (build 671 ms, upload 259 ms)
light probe: eye sky 15 block 0 in air; floor+1 (y 70) sky 15 block 0 in air, daylight 1.0
imagecheck captains.png magenta=0.00000 black=0.0002 white=0.0008 std=47.5 hash=9478ec7915a7d554
imagecheck captains.png magenta=0.00000 black=0.0002 white=0.0008 std=47.5 hash=9478ec7915a7d554
seed 12345  pos -87.5 135.0 104.5  rd 8  chunks 297  (drawn 74)
gen 184 ms  mesh(all, parallel) 152 ms  mesh(1 section) 0.19 ms  quads 792974 opaque / 16522 water
frame (encode+GPU, offscreen, median of 30) 4.50 ms  biome plains
mesh slabs 28 MB, chunks 297 (block+light arrays 26 MB), Metal allocated 210 MB
memory: resident 269 MB  (section meshes 25 MB)
wrote snaps/captains.png
fired 14 shots, 5 hits, 0 rounds in flight
textures without a painter: missing
textures: 1665 layers at 128 px, BC3, 34.7 MB with mips (build 592 ms, upload 221 ms)
light probe: eye sky 15 block 0 in air; floor+1 (y 70) sky 15 block 0 in air, daylight 1.0
imagecheck firefight.png magenta=0.00000 black=0.0001 white=0.0013 std=40.9 hash=c75275f3a261dee6
imagecheck firefight.png magenta=0.00000 black=0.0001 white=0.0013 std=40.9 hash=c75275f3a261dee6
seed 12345  pos -87.5 135.0 104.5  rd 8  chunks 297  (drawn 78)
gen 213 ms  mesh(all, parallel) 194 ms  mesh(1 section) 0.19 ms  quads 792974 opaque / 16522 water
frame (encode+GPU, offscreen, median of 30) 4.74 ms  biome plains
mesh slabs 28 MB, chunks 297 (block+light arrays 26 MB), Metal allocated 210 MB
memory: resident 258 MB  (section meshes 25 MB)
wrote snaps/firefight.png
textures without a painter: missing
textures: 1665 layers at 128 px, BC3, 34.7 MB with mips (build 586 ms, upload 216 ms)
light probe: eye sky 15 block 0 in air; floor+1 (y 70) sky 15 block 0 in air, daylight 1.0
imagecheck deck_gun.png magenta=0.00000 black=0.0000 white=0.0008 std=43.2 hash=ff2390f0725203bc
imagecheck deck_gun.png magenta=0.00000 black=0.0000 white=0.0008 std=43.2 hash=ff2390f0725203bc
seed 12345  pos -87.5 139.0 104.5  rd 8  chunks 297  (drawn 79)
gen 186 ms  mesh(all, parallel) 194 ms  mesh(1 section) 0.19 ms  quads 792974 opaque / 16522 water
frame (encode+GPU, offscreen, median of 30) 3.22 ms  biome plains
mesh slabs 28 MB, chunks 297 (block+light arrays 26 MB), Metal allocated 210 MB
memory: resident 274 MB  (section meshes 25 MB)
wrote snaps/deck_gun.png
textures without a painter: missing
textures: 1665 layers at 128 px, BC3, 34.7 MB with mips (build 688 ms, upload 236 ms)
light probe: eye sky 15 block 0 in air; floor+1 (y 70) sky 15 block 0 in air, daylight 1.0
imagecheck spear_hold.png magenta=0.00000 black=0.0044 white=0.0007 std=45.6 hash=bb25ce1a59a69497
imagecheck spear_hold.png magenta=0.00000 black=0.0044 white=0.0007 std=45.6 hash=bb25ce1a59a69497
seed 12345  pos -87.5 135.0 104.5  rd 8  chunks 297  (drawn 73)
gen 186 ms  mesh(all, parallel) 196 ms  mesh(1 section) 0.21 ms  quads 793167 opaque / 16522 water
frame (encode+GPU, offscreen, median of 30) 4.04 ms  biome plains
mesh slabs 28 MB, chunks 297 (block+light arrays 26 MB), Metal allocated 198 MB
memory: resident 264 MB  (section meshes 25 MB)
wrote snaps/spear_hold.png
textures without a painter: missing
textures: 1665 layers at 128 px, BC3, 34.7 MB with mips (build 607 ms, upload 220 ms)
light probe: eye sky 15 block 0 in air; floor+1 (y 70) sky 15 block 0 in air, daylight 1.0
imagecheck gun_hip.png magenta=0.00000 black=0.0000 white=0.0013 std=45.1 hash=1aa735112d0a5232
imagecheck gun_hip.png magenta=0.00000 black=0.0000 white=0.0013 std=45.1 hash=1aa735112d0a5232
seed 12345  pos -87.5 135.0 104.5  rd 8  chunks 297  (drawn 73)
gen 187 ms  mesh(all, parallel) 155 ms  mesh(1 section) 0.21 ms  quads 793167 opaque / 16522 water
frame (encode+GPU, offscreen, median of 30) 4.16 ms  biome plains
mesh slabs 28 MB, chunks 297 (block+light arrays 26 MB), Metal allocated 198 MB
memory: resident 254 MB  (section meshes 25 MB)
wrote snaps/gun_hip.png
textures without a painter: missing
textures: 1665 layers at 128 px, BC3, 34.7 MB with mips (build 605 ms, upload 224 ms)
light probe: eye sky 15 block 0 in air; floor+1 (y 70) sky 15 block 0 in air, daylight 1.0
imagecheck gun_aim.png magenta=0.00000 black=0.0000 white=0.0011 std=44.8 hash=a1f32fb39fde2031
imagecheck gun_aim.png magenta=0.00000 black=0.0000 white=0.0011 std=44.8 hash=a1f32fb39fde2031
seed 12345  pos -87.5 135.0 104.5  rd 8  chunks 297  (drawn 73)
gen 188 ms  mesh(all, parallel) 152 ms  mesh(1 section) 0.21 ms  quads 793167 opaque / 16522 water
frame (encode+GPU, offscreen, median of 30) 4.06 ms  biome plains
mesh slabs 28 MB, chunks 297 (block+light arrays 26 MB), Metal allocated 198 MB
memory: resident 261 MB  (section meshes 25 MB)
wrote snaps/gun_aim.png
textures without a painter: missing
textures: 1665 layers at 128 px, BC3, 34.7 MB with mips (build 590 ms, upload 217 ms)
light probe: eye sky 15 block 0 in air; floor+1 (y 70) sky 15 block 0 in air, daylight 1.0
imagecheck gun_scope.png magenta=0.00000 black=0.2289 white=0.0004 std=63.9 hash=b8846ca3acbfdc23
imagecheck gun_scope.png magenta=0.00000 black=0.2289 white=0.0004 std=63.9 hash=b8846ca3acbfdc23
seed 12345  pos -87.5 135.0 104.5  rd 8  chunks 297  (drawn 73)
gen 184 ms  mesh(all, parallel) 158 ms  mesh(1 section) 0.20 ms  quads 793167 opaque / 16522 water
frame (encode+GPU, offscreen, median of 30) 4.10 ms  biome plains
mesh slabs 28 MB, chunks 297 (block+light arrays 26 MB), Metal allocated 198 MB
memory: resident 264 MB  (section meshes 25 MB)
wrote snaps/gun_scope.png
structure military_base at -968 72 157 (1 pieces, framed)
textures without a painter: missing
textures: 1665 layers at 128 px, BC3, 34.7 MB with mips (build 591 ms, upload 216 ms)
light probe: eye sky 15 block 0 in air; floor+1 (y 78) sky 15 block 0 in air, daylight 1.0
imagecheck steelhold.png magenta=0.00000 black=0.0000 white=0.0049 std=50.3 hash=e81ec64cf6c11982
imagecheck steelhold.png magenta=0.00000 black=0.0000 white=0.0049 std=50.3 hash=e81ec64cf6c11982
seed 12345  pos -1011.0 169.8 76.9  rd 8  chunks 297  (drawn 80)
gen 186 ms  mesh(all, parallel) 206 ms  mesh(1 section) 0.67 ms  quads 1000746 opaque / 12816 water
frame (encode+GPU, offscreen, median of 30) 4.28 ms  biome birchForest
mesh slabs 36 MB, chunks 297 (block+light arrays 27 MB), Metal allocated 218 MB
memory: resident 277 MB  (section meshes 31 MB)
wrote snaps/steelhold.png
structure military_base at -968 72 157 (1 pieces)
textures without a painter: missing
textures: 1665 layers at 128 px, BC3, 34.7 MB with mips (build 596 ms, upload 217 ms)
light probe: eye sky 15 block 6 in air; floor+1 (y 72) sky 15 block 4 in air, daylight 1.0
imagecheck steelhold_gate.png magenta=0.00000 black=0.0000 white=0.0267 std=60.3 hash=ff2a0487a743a355
imagecheck steelhold_gate.png magenta=0.00000 black=0.0000 white=0.0267 std=60.3 hash=ff2a0487a743a355
seed 12345  pos -967.5 137.0 157.5  rd 8  chunks 297  (drawn 75)
gen 207 ms  mesh(all, parallel) 203 ms  mesh(1 section) 0.81 ms  quads 998846 opaque / 14364 water
frame (encode+GPU, offscreen, median of 30) 4.66 ms  biome birchForest
mesh slabs 36 MB, chunks 297 (block+light arrays 26 MB), Metal allocated 218 MB
memory: resident 285 MB  (section meshes 31 MB)
wrote snaps/steelhold_gate.png
structure military_base at -968 72 157 (1 pieces)
textures without a painter: missing
textures: 1665 layers at 128 px, BC3, 34.7 MB with mips (build 618 ms, upload 219 ms)
light probe: eye sky 4 block 9 in air; floor+1 (y 72) sky 3 block 10 in air, daylight 1.0
imagecheck steelhold_armory.png magenta=0.00000 black=0.0018 white=0.0008 std=23.8 hash=46603910fd1fd031
imagecheck steelhold_armory.png magenta=0.00000 black=0.0018 white=0.0008 std=23.8 hash=46603910fd1fd031
seed 12345  pos -953.5 136.0 97.5  rd 8  chunks 297  (drawn 67)
gen 326 ms  mesh(all, parallel) 237 ms  mesh(1 section) 1.44 ms  quads 986853 opaque / 11289 water
frame (encode+GPU, offscreen, median of 30) 3.60 ms  biome birchForest
mesh slabs 36 MB, chunks 297 (block+light arrays 26 MB), Metal allocated 218 MB
memory: resident 276 MB  (section meshes 30 MB)
wrote snaps/steelhold_armory.png
structure military_base at -968 72 157 (1 pieces)
fortresstest: 24 soldiers within 48, 8 aggro, 21 moved, 0 stuck in blocks, player took 325 damage, cover no (20 s)
fortresstest: PASS
textures without a painter: missing
textures: 1665 layers at 128 px, BC3, 34.7 MB with mips (build 600 ms, upload 222 ms)
light probe: eye sky 4 block 9 in air; floor+1 (y 72) sky 3 block 10 in air, daylight 1.0
imagecheck steelhold_fight.png magenta=0.00000 black=0.0000 white=0.0008 std=19.9 hash=1b8e81e8c158c51f
imagecheck steelhold_fight.png magenta=0.00000 black=0.0000 white=0.0008 std=19.9 hash=1b8e81e8c158c51f
seed 12345  pos -953.5 136.0 97.5  rd 8  chunks 297  (drawn 67)
gen 189 ms  mesh(all, parallel) 194 ms  mesh(1 section) 1.06 ms  quads 986853 opaque / 11289 water
frame (encode+GPU, offscreen, median of 30) 4.59 ms  biome birchForest
mesh slabs 36 MB, chunks 297 (block+light arrays 26 MB), Metal allocated 218 MB
memory: resident 306 MB  (section meshes 31 MB)
wrote snaps/steelhold_fight.png
structure military_base at -968 72 157 (1 pieces)
textures without a painter: missing
textures: 1665 layers at 128 px, BC3, 34.7 MB with mips (build 618 ms, upload 223 ms)
light probe: eye sky 9 block 8 in air; floor+1 (y 78) sky 8 block 9 in air, daylight 1.0
imagecheck steelhold_command.png magenta=0.00000 black=0.0115 white=0.0008 std=25.5 hash=f092f5074ce75b1d
imagecheck steelhold_command.png magenta=0.00000 black=0.0115 white=0.0008 std=25.5 hash=f092f5074ce75b1d
seed 12345  pos -967.5 142.0 124.5  rd 8  chunks 297  (drawn 73)
gen 186 ms  mesh(all, parallel) 194 ms  mesh(1 section) 1.14 ms  quads 983254 opaque / 12917 water
frame (encode+GPU, offscreen, median of 30) 3.56 ms  biome birchForest
mesh slabs 36 MB, chunks 297 (block+light arrays 26 MB), Metal allocated 218 MB
memory: resident 276 MB  (section meshes 30 MB)
wrote snaps/steelhold_command.png
mobtest ok   raid wave counts 3/5/7
mobtest ok   raid normal wave sizes: [4, 5, 4, 8, 11]
mobtest ok   raid wave 1 captain: 4 pillager
mobtest ok   raid wave 2 captain: 3 pillager, 2 vindicator
mobtest ok   raid wave 3 captain: 3 pillager, 1 ravager
mobtest ok   raid wave 4 captain: 4 pillager, 1 vindicator, 3 witch
mobtest ok   raid wave 5 captain: 1 evoker, 4 pillager, 1 pillager rider, 1 ravager, 4 vindicator
mobtest ok   raid normal wave 5 siegebeast rider: 1 evoker, 4 pillager, 1 pillager rider, 1 ravager, 4 vindicator
mobtest ok   raid wave 3 siegebeast unridden: 3 pillager, 1 ravager
mobtest ok   raid hard wave 7 riders: 2 evoker, 1 evoker rider, 4 pillager, 2 ravager, 7 vindicator, 1 vindicator rider, 2 witch
mobtest ok   raid hard wave 7 extras: 2 evoker, 1 evoker rider, 4 pillager, 2 ravager, 7 vindicator, 1 vindicator rider, 2 witch
mobtest ok   raid easy has no witches
mobtest ok   raid normal bonus wave: 1 evoker, 5 pillager, 2 ravager, 5 vindicator, 1 witch
mobtest ok   raid enchant odds
mobtest ok   raid ill omen -> siege omen
mobtest ok   raid omen II has a bonus wave: total 6
mobtest ok   raid waves spawned: 6: 3 pillager 1 pillager* | 4 pillager 2 vindicator 1 vindicator* | 2 pillager 1 pillager* 1 ravager | 4 pillager 1 vindicator 1 vindicator* 3 witch | 1 evoker 5 pillager 1 ravager 4 vindicator 1 vindicator* 1 witch | 1 evoker 5 pillager 2 ravager 4 vindicator 1 vindicator* 1 witch
mobtest ok   raid every wave has a captain: 3 pillager 1 pillager* | 4 pillager 2 vindicator 1 vindicator* | 2 pillager 1 pillager* 1 ravager | 4 pillager 1 vindicator 1 vindicator* 3 witch | 1 evoker 5 pillager 1 ravager 4 vindicator 1 vindicator* 1 witch | 1 evoker 5 pillager 2 ravager 4 vindicator 1 vindicator* 1 witch
mobtest ok   raid victory: state 2 after 131 s
mobtest ok   raid village hero II: level 2
mobtest ok   path wall detour: 14 nodes 1,0,-4 2,0,-4 3,0,-3 4,0,-2 5,0,-1 6,0,-1 6,0,0 6,0,1 5,0,2 4,0,3 3,0,4 2,0,4 1,0,5 0,0,5
mobtest ok   path diagonal: 10 nodes -4,0,-4 -3,0,-3 -2,0,-2 -1,0,-1 0,0,0 1,0,1 2,0,2 3,0,3 4,0,4 5,0,5
mobtest ok   path lava bridge: 14 nodes 1,0,-4 2,0,-4 3,0,-3 4,0,-2 5,0,-2 6,0,-1 7,0,0 6,0,1 5,0,2 4,0,3 3,0,4 2,0,4 1,0,5 0,0,5
mobtest ok   path cliff uses stairs: max drop 3: 19 nodes 1,0,-4 2,0,-3 3,0,-2 4,0,-1 5,0,0 6,0,0 7,0,0 8,0,0 8,-1,1 8,-2,2 8,-3,3 7,-6,3 6,-6,3 5,-6,3 4,-6,3 3,-6,4 2,-6,4 1,-6,5 0,-6,5
mobtest ok   path cliff drop when allowed: 10 nodes 0,0,-4 0,0,-3 0,0,-2 0,0,-1 0,0,0 0,-6,1 0,-6,2 0,-6,3 0,-6,4 0,-6,5
mobtest ok   path ladder climb: 3 rungs: 13 nodes 0,0,-4 0,0,-3 0,0,-2 0,0,-1 0,0,0 0,1,0 0,2,0 0,3,0 0,4,1 0,4,2 0,4,3 0,4,4 0,4,5
mobtest ok   path wooden door: opener 10 nodes 0,0,-4 0,0,-3 0,0,-2 0,0,-1 0,0,0 0,0,1 0,0,2 0,0,3 0,0,4 0,0,5 | other 6 nodes 0,0,-4 0,0,-3 0,0,-2 0,0,-1 0,0,0 0,0,1
mobtest ok   path iron door blocks
mobtest ok   path land mob avoids water: 16 nodes 1,0,-4 2,0,-4 3,0,-3 4,0,-2 5,0,-2 6,0,-2 6,0,-1 6,0,0 6,0,1 6,0,2 5,0,3 4,0,3 3,0,4 2,0,4 1,0,5 0,0,5
mobtest ok   path swimmer crosses water: 10 nodes 0,0,-4 0,0,-3 0,0,-2 0,-1,-1 0,-1,0 0,-1,1 0,0,2 0,0,3 0,0,4 0,0,5
mobtest ok   path wide mob uses wide gap: 15 nodes 1,0,-4 2,0,-4 3,0,-3 4,0,-2 5,0,-2 6,0,-2 6,0,-1 6,0,0 6,0,1 5,0,2 4,0,3 3,0,4 2,0,4 1,0,5 0,0,5
mobtest ok   path narrow mob uses narrow gap: 10 nodes 0,0,-4 0,0,-3 0,0,-2 0,0,-1 0,0,0 0,0,1 0,0,2 0,0,3 0,0,4 0,0,5
mobtest ok   path one-block step: 10 nodes 0,0,-4 0,0,-3 0,0,-2 0,0,-1 0,0,0 0,1,1 0,1,2 0,1,3 0,1,4 0,1,5
mobtest ok   path two-block step blocked: 5 nodes 0,0,-4 0,0,-3 0,0,-2 0,0,-1 0,0,0
mobtest ok   live zombie climbs ladder: after 6.1 s
mobtest ok   live brigand opens door: after 3.4 s
mobtest ok   spawn no monsters in mushroom fields / deep dark
mobtest ok   spawn desert husks 80
mobtest ok   spawn snowy strays 80
mobtest ok   spawn river drowned 100
mobtest ok   spawn categories
mobtest ok   spawn caps 70/10/15/20
mobtest ok   spawn night monsters placed legally: 70: 19 creeper 1 enderman 21 skeleton 1 slime 8 spider 1 witch 19 zombie
mobtest ok   spawn monster cap: 70
mobtest ok   spawn monsters come in packs: biggest 5
mobtest ok   spawn none in daylight: 0 of 70 in sky light > 7
mobtest ok   spawn chunk animal packs: 87 animals in 266 chunks
mobtest ok   spawn animals on natural ground
mobtest ok   spawn chunk population runs once
mobtest ok   despawn beyond 128
mobtest ok   despawn spares animals and named mobs
mobtest ok   despawn after 30 s far away: gone after 60.8 s
mobtest ok   villager schedule idle/work/meet/idle
mobtest ok   villager nitwits don't work
mobtest ok   villager children play
mobtest ok   gossip trading cap: 25
mobtest ok   gossip four hits = -100: -100
mobtest ok   gossip cured = +125: 125
mobtest ok   gossip cured discount: cost 4
mobtest ok   gossip decays 20/day (minor negative): -60
mobtest ok   gossip transfer minus 20: [0, 40, 0, 0, 0]
mobtest ok   golems calm above -100
mobtest ok   golems hostile at reputation -100
mobtest ok   golem not summoned by four
mobtest ok   golem summoned by five sleepers
mobtest ok   golem summon waits after one appears
mobtest ok   golem needs villagers that slept
mobtest ok   convert zombie -> sunken after 45 s under water: drowned
mobtest ok   convert dust zombie -> zombie under water
mobtest ok   convert no change out of water
mobtest ok   convert boarling out of the Emberdeep
mobtest ok   convert tusker -> rot tusker
mobtest ok   convert tadpole grows into a frog
mobtest ok   skeleton trap: four horsemen: 4 riders
mobtest ok   bee enters hive with nectar (+1 honey): inside 1, honey 1
mobtest ok   bee leaves the hive by day
mobtest ok   breed horse + donkey = mule
mobtest ok   breed turtles carry an egg
mobtest ok   breed tame wolves have tame pups
mobtest ok   wandering trader arrives with llamas: 1 trader, 2 llamas
mobtest ok   sheep graze regrows wool
mobtest ok   voidwalker picks up a block: after 8 ticks
mobtest ok   panda recessive brown gene
mobtest ok   pets leave hissers alone
mobtest ok   pets attack what hurts the owner
mobtest ok   zombie picks up a helmet
mobtest ok   fox sleeps by day
mobtest ok   wolf variants by biome
mobtest ok   guns and ammo registered: 6 guns, 5 ammo
mobtest ok   gun lookup by item
mobtest ok   rifle reloads from inventory: tag 30, left 34
mobtest ok   rifle kills a zombie at 12 blocks: 4 shots, hp 0, 26 left
mobtest ok   recoil kicks the view up: 0.0095 rad
mobtest ok   recoil settles back: debt 0.005 -> 0.000
mobtest ok   shotgun fires 9 pellets: 9
mobtest ok   rocket explodes on a wall: 9 blocks blown out
mobtest ok   arc lance beam burns: hp -4
mobtest ok   soldier rank armour: 4 / 14
mobtest ok   ironclad armour and knockback resistance: 64 of 120, push 0.83
mobtest ok   troopers carry shotguns or rifles: [0, 2]
mobtest ok   soldiers alert each other
mobtest ok   recruit shoots the player after a reaction delay: first hit at 1.20 s
mobtest ok   firefight audio: gunfire, hits or whizzes, alert barks: 21 shots, 66 near, 1 barks
mobtest ok   combat music while soldiers hunt the player: level 2
mobtest ok   trooper takes cover to reload: 1.7 s, cover 2.5,-12.5
mobtest ok   marksman aims a laser, then fires: laser true, shot true
mobtest ok   deck gun turns and fires a salvo: 2 shells after 4.7 s, facing 1.000
mobtest ok   shells land: 1.0 s
mobtest ok   soldier drops ammo and sometimes its gun: 40 ammo, 10 guns of 40
mobtest ok   fortresses are rare: 37 in 144 regions of 64x64 chunks
mobtest ok   fortress built from steel: 14470 steel_grating, 14713 steel_plating, 149 light_panel, 276 steel_plating_slab, 394 armored_glass, 61 command_console, 78 steel_plating_stairs
mobtest ok   fortress garrison, deck guns and loot: [14, 11, 5, 2] soldiers, 4 deck guns, 17 chests
mobtest ok   zombies trample turtle eggs: 1.6 s
mobtest ok   soldiers path up steel stairs: 12 nodes, ends at y 6
mobtest ok   steelhold explorer map marks the nearest fortress: marker [-968, 120, 14725152]
mobtest ok   raid state round-trips through the save: wave 4, level 3, 8 waves
mobtest ok   saved raiders rejoin the raid: 1 raiders, state 1
mobtest ok   a spear for every tool tier
mobtest ok   spear jabs further, weaker and slower than a sword
mobtest ok   spears are crafted
mobtest ok   spears take melee enchantments and Lunge
mobtest ok   a spear charge at 8 blocks/s strikes: 20 -> 14
mobtest ok   a slow charge does no harm: 20 -> 20
mobtest ok   a tired charge only shoves: 20 -> 20
mobtest ok   faster charges hit harder
mobtest ok   the copper set is craftable
mobtest ok   wooden shelves are crafted from stripped logs and stems
mobtest ok   copper blocks have every oxidation stage and a waxed form
mobtest ok   carved pumpkin on exposed copper builds an exposed copper golem
mobtest ok   a copper golem carries a copper chest's items to the chest that holds them: 21 moved, 0 left, 12.5 s
mobtest ok   an oxidized golem becomes a statue
mobtest ok   an axe scrapes a statue back into a weathered golem
mobtest ok   dye, glow ink and ink sac on a sign
mobtest ok   warm and cold chickens lay brown and blue eggs
mobtest ok   thrown eggs hatch their own kind
mobtest ok   savanna is warm, snowy plains cold
mobtest ok   calves take their parents' climate look
mobtests: 0 failed (1.9 s)
textures without a painter: missing
textures: 1665 layers at 128 px, BC3, 34.7 MB with mips (build 766 ms, upload 249 ms)
light probe: eye sky 15 block 0 in air; floor+1 (y 70) sky 15 block 0 in air, daylight 1.6
imagecheck mobtests.png magenta=0.00000 black=0.0000 white=0.0001 std=34.8 hash=2fbca8fc715bf2ba
imagecheck mobtests.png magenta=0.00000 black=0.0000 white=0.0001 std=34.8 hash=2fbca8fc715bf2ba
seed 12345  pos -87.5 137.0 104.5  rd 8  chunks 266  (drawn 74)
gen 187 ms  mesh(all, parallel) 152 ms  mesh(1 section) 0.45 ms  quads 793167 opaque / 16522 water
frame (encode+GPU, offscreen, median of 30) 6.64 ms  biome plains
mesh slabs 32 MB, chunks 266 (block+light arrays 24 MB), Metal allocated 202 MB
memory: resident 276 MB  (section meshes 25 MB)
wrote snaps/mobtests.png
path: 16 nodes, ends 0,0,5
pathtest: zombie start 10.0 from player, end 0.0, reached after 7.7 s
textures without a painter: missing
textures: 1665 layers at 128 px, BC3, 34.7 MB with mips (build 688 ms, upload 243 ms)
light probe: eye sky 15 block 0 in air; floor+1 (y 81) sky 15 block 0 in air, daylight 0.12
imagecheck pathtest.png magenta=0.00000 black=0.0000 white=0.0008 std=19.8 hash=31b221a70a3fbc72
imagecheck pathtest.png magenta=0.00000 black=0.0000 white=0.0008 std=19.8 hash=31b221a70a3fbc72
seed 12345  pos -87.5 148.0 104.5  rd 8  chunks 297  (drawn 74)
gen 313 ms  mesh(all, parallel) 269 ms  mesh(1 section) 0.25 ms  quads 793167 opaque / 16522 water
frame (encode+GPU, offscreen, median of 30) 5.10 ms  biome plains
mesh slabs 28 MB, chunks 297 (block+light arrays 26 MB), Metal allocated 210 MB
memory: resident 264 MB  (section meshes 25 MB)
wrote snaps/pathtest.png
textures without a painter: missing
textures: 1665 layers at 128 px, BC3, 34.7 MB with mips (build 705 ms, upload 248 ms)
light probe: eye sky 15 block 0 in air; floor+1 (y 79) sky 15 block 0 in air, daylight 1.0
treecheck: 200 trunks, 31 in the wrong biome: dark_oak_log@2211,-412=forest dark_oak_log@2085,-438=swamp dark_oak_log@2240,-535=oldGrowthSpruceTaiga pale_oak_log@2169,-398=birchForest dark_oak_log@2116,-457=swamp dark_oak_log@2196,-385=birchForest dark_oak_log@2130,-413=birchForest dark_oak_log@2250,-515=oldGrowthSpruceTaiga dark_oak_log@2184,-392=birchForest dark_oak_log@2260,-554=oldGrowthSpruceTaiga dark_oak_log@2263,-544=oldGrowthSpruceTaiga dark_oak_log@2242,-550=oldGrowthSpruceTaiga
imagecheck ashen_grove.png magenta=0.00000 black=0.0008 white=0.0008 std=57.4 hash=8b0438b58f63ddeb
imagecheck ashen_grove.png magenta=0.00000 black=0.0008 white=0.0008 std=57.4 hash=8b0438b58f63ddeb
seed 12345  pos 2168.5 147.0 -471.5  rd 8  chunks 297  (drawn 72)
gen 241 ms  mesh(all, parallel) 284 ms  mesh(1 section) 0.74 ms  quads 995910 opaque / 26080 water
frame (encode+GPU, offscreen, median of 30) 5.27 ms  biome paleGarden
mesh slabs 36 MB, chunks 297 (block+light arrays 26 MB), Metal allocated 218 MB
memory: resident 274 MB  (section meshes 31 MB)
wrote snaps/ashen_grove.png
textures without a painter: missing
textures: 1665 layers at 128 px, BC3, 34.7 MB with mips (build 682 ms, upload 238 ms)
light probe: eye sky 14 block 0 in air; floor+1 (y 70) sky 14 block 0 in air, daylight 1.0
imagecheck ashen_inside.png magenta=0.00000 black=0.0164 white=0.0010 std=38.6 hash=86c325e56faa8725
imagecheck ashen_inside.png magenta=0.00000 black=0.0164 white=0.0010 std=38.6 hash=86c325e56faa8725
seed 12345  pos 2168.5 134.0 -471.5  rd 8  chunks 297  (drawn 71)
gen 223 ms  mesh(all, parallel) 219 ms  mesh(1 section) 0.80 ms  quads 995910 opaque / 26080 water
frame (encode+GPU, offscreen, median of 30) 4.23 ms  biome paleGarden
mesh slabs 36 MB, chunks 297 (block+light arrays 26 MB), Metal allocated 218 MB
memory: resident 285 MB  (section meshes 31 MB)
wrote snaps/ashen_inside.png
after 4.0 s: 41 mobs, villagers 
textures without a painter: missing
textures: 1665 layers at 128 px, BC3, 34.7 MB with mips (build 915 ms, upload 296 ms)
light probe: eye sky 15 block 0 in air; floor+1 (y 79) sky 15 block 0 in air, daylight 0.12
imagecheck ashen_night.png magenta=0.00000 black=0.4766 white=0.0008 std=25.1 hash=9a25bd3e011ec7cb
imagecheck ashen_night.png magenta=0.00000 black=0.4766 white=0.0008 std=25.1 hash=9a25bd3e011ec7cb
seed 12345  pos 2168.5 145.0 -471.5  rd 8  chunks 297  (drawn 79)
gen 210 ms  mesh(all, parallel) 213 ms  mesh(1 section) 0.72 ms  quads 995935 opaque / 26080 water
frame (encode+GPU, offscreen, median of 30) 5.13 ms  biome paleGarden
mesh slabs 36 MB, chunks 297 (block+light arrays 26 MB), Metal allocated 218 MB
memory: resident 287 MB  (section meshes 31 MB)
wrote snaps/ashen_night.png
cave pocket at 104 -39 -88
textures without a painter: missing
textures: 1665 layers at 128 px, BC3, 34.7 MB with mips (build 848 ms, upload 275 ms)
light probe: eye sky 0 block 5 in air; floor+1 (y -39) sky 0 block 4 in air, daylight 1.0
imagecheck lush_caves.png magenta=0.00000 black=0.0143 white=0.0008 std=38.3 hash=f757ad6471db3e63
imagecheck lush_caves.png magenta=0.00000 black=0.0143 white=0.0008 std=38.3 hash=f757ad6471db3e63
seed 12345  pos 104.5 25.0 -87.5  rd 8  chunks 297  (drawn 38)
gen 265 ms  mesh(all, parallel) 399 ms  mesh(1 section) 0.91 ms  quads 1255061 opaque / 16457 water
frame (encode+GPU, offscreen, median of 30) 4.04 ms  biome flowerForest
cave biome around the eye: lush_caves (moss 207, dripstone 0, sculk 0)
mesh slabs 44 MB, chunks 297 (block+light arrays 32 MB), Metal allocated 214 MB
memory: resident 290 MB  (section meshes 39 MB)
wrote snaps/lush_caves.png
cave pocket at 8 37 248
textures without a painter: missing
textures: 1665 layers at 128 px, BC3, 34.7 MB with mips (build 701 ms, upload 248 ms)
light probe: eye sky 0 block 0 in air; floor+1 (y 37) sky 0 block 0 in air, daylight 1.0
imagecheck dripstone_caves.png magenta=0.00000 black=0.0000 white=0.0010 std=26.0 hash=a91aec5233e6e785
imagecheck dripstone_caves.png magenta=0.00000 black=0.0000 white=0.0010 std=26.0 hash=a91aec5233e6e785
seed 12345  pos 8.5 101.0 248.5  rd 8  chunks 297  (drawn 5)
gen 262 ms  mesh(all, parallel) 205 ms  mesh(1 section) 0.61 ms  quads 579939 opaque / 62007 water
frame (encode+GPU, offscreen, median of 30) 4.24 ms  biome ocean
cave biome around the eye: dripstone_caves (moss 0, dripstone 43, sculk 0)
mesh slabs 24 MB, chunks 297 (block+light arrays 24 MB), Metal allocated 206 MB
memory: resident 264 MB  (section meshes 20 MB)
wrote snaps/dripstone_caves.png
structure mineshaft at 88 23 136 (53 pieces, framed)
camera in solid at 69 40 122: moved to 67 38 122
textures without a painter: missing
textures: 1665 layers at 128 px, BC3, 34.7 MB with mips (build 813 ms, upload 254 ms)
light probe: eye sky 0 block 0 in air; floor+1 (y 27) sky 0 block 7 in air, daylight 1.0
imagecheck mineshaft_torches.png magenta=0.00000 black=0.0929 white=0.0013 std=45.6 hash=be3bce1397b57c0b
imagecheck mineshaft_torches.png magenta=0.00000 black=0.0929 white=0.0013 std=45.6 hash=be3bce1397b57c0b
seed 12345  pos 67.5 102.0 122.5  rd 8  chunks 297  (drawn 27)
gen 222 ms  mesh(all, parallel) 200 ms  mesh(1 section) 0.46 ms  quads 669331 opaque / 45618 water
frame (encode+GPU, offscreen, median of 30) 5.36 ms  biome ocean
mesh slabs 28 MB, chunks 297 (block+light arrays 24 MB), Metal allocated 210 MB
memory: resident 260 MB  (section meshes 22 MB)
wrote snaps/mineshaft_torches.png
cave pocket at 337 -53 -527
textures without a painter: missing
textures: 1665 layers at 128 px, BC3, 34.7 MB with mips (build 822 ms, upload 261 ms)
light probe: eye sky 0 block 7 in air; floor+1 (y -53) sky 0 block 8 in air, daylight 1.0
imagecheck deep_dark.png magenta=0.00000 black=0.0123 white=0.0010 std=31.6 hash=a1d683e2185be2c0
imagecheck deep_dark.png magenta=0.00000 black=0.0123 white=0.0010 std=31.6 hash=a1d683e2185be2c0
seed 12345  pos 337.5 11.0 -526.5  rd 8  chunks 297  (drawn 27)
gen 325 ms  mesh(all, parallel) 278 ms  mesh(1 section) 0.67 ms  quads 1049888 opaque / 8964 water
frame (encode+GPU, offscreen, median of 30) 2.80 ms  biome snowySlopes
cave biome around the eye: deep_dark (moss 0, dripstone 0, sculk 93)
mesh slabs 36 MB, chunks 297 (block+light arrays 46 MB), Metal allocated 206 MB
memory: resident 296 MB  (section meshes 32 MB)
wrote snaps/deep_dark.png
textures without a painter: missing
textures: 1665 layers at 128 px, BC3, 34.7 MB with mips (build 709 ms, upload 249 ms)
light probe: eye sky 15 block 0 in air; floor+1 (y 80) sky 15 block 0 in air, daylight 1.0
treecheck: 200 trunks, 35 in the wrong biome: dark_oak_log@-270,-133=forest dark_oak_log@-316,-117=forest dark_oak_log@-216,-96=forest dark_oak_log@-161,-114=forest dark_oak_log@-220,-88=forest dark_oak_log@-138,-111=forest dark_oak_log@-262,-105=forest dark_oak_log@-264,-119=forest dark_oak_log@-166,-90=forest dark_oak_log@-170,-120=forest dark_oak_log@-257,-145=forest dark_oak_log@-137,-106=forest
imagecheck dark_forest.png magenta=0.00000 black=0.0199 white=0.0008 std=30.0 hash=aa15f2b50bbfcc57
imagecheck dark_forest.png magenta=0.00000 black=0.0199 white=0.0008 std=30.0 hash=aa15f2b50bbfcc57
seed 12345  pos -231.5 148.0 -183.5  rd 8  chunks 297  (drawn 74)
gen 217 ms  mesh(all, parallel) 269 ms  mesh(1 section) 0.48 ms  quads 1293633 opaque / 13796 water
frame (encode+GPU, offscreen, median of 30) 5.10 ms  biome darkForest
mesh slabs 44 MB, chunks 297 (block+light arrays 29 MB), Metal allocated 214 MB
memory: resident 278 MB  (section meshes 40 MB)
wrote snaps/dark_forest.png
seabed at y 55, camera 5.0 above
textures without a painter: missing
textures: 1665 layers at 128 px, BC3, 34.7 MB with mips (build 766 ms, upload 278 ms)
light probe: eye sky 14 block 0 in water; floor+1 (y 56) sky 8 block 0 in water, daylight 1.0
imagecheck seabed_warm.png magenta=0.00000 black=0.0000 white=0.0008 std=24.4 hash=f2cc374db63d6f98
imagecheck seabed_warm.png magenta=0.00000 black=0.0000 white=0.0008 std=24.4 hash=f2cc374db63d6f98
seed 12345  pos -951.5 125.0 728.5  rd 8  chunks 297  (drawn 74)
gen 212 ms  mesh(all, parallel) 319 ms  mesh(1 section) 0.60 ms  quads 1009486 opaque / 65274 water
frame (encode+GPU, offscreen, median of 30) 4.38 ms  biome warmOcean
mesh slabs 36 MB, chunks 297 (block+light arrays 25 MB), Metal allocated 218 MB
memory: resident 284 MB  (section meshes 33 MB)
wrote snaps/seabed_warm.png
seabed at y 32, camera 5.0 above
textures without a painter: missing
textures: 1665 layers at 128 px, BC3, 34.7 MB with mips (build 643 ms, upload 230 ms)
light probe: eye sky 0 block 0 in water; floor+1 (y 33) sky 0 block 0 in water, daylight 1.0
imagecheck seabed_deep.png magenta=0.00000 black=0.0000 white=0.0008 std=13.3 hash=6491c50c54452830
imagecheck seabed_deep.png magenta=0.00000 black=0.0000 white=0.0008 std=13.3 hash=6491c50c54452830
seed 12345  pos 296.5 102.0 584.5  rd 8  chunks 297  (drawn 72)
gen 185 ms  mesh(all, parallel) 184 ms  mesh(1 section) 0.57 ms  quads 504921 opaque / 65049 water
frame (encode+GPU, offscreen, median of 30) 3.38 ms  biome deepOcean
mesh slabs 20 MB, chunks 297 (block+light arrays 21 MB), Metal allocated 202 MB
memory: resident 263 MB  (section meshes 17 MB)
wrote snaps/seabed_deep.png
seabed at y 32, camera 14.0 above
textures without a painter: missing
textures: 1665 layers at 128 px, BC3, 34.7 MB with mips (build 722 ms, upload 255 ms)
light probe: eye sky 0 block 0 in water; floor+1 (y 33) sky 0 block 0 in water, daylight 1.0
imagecheck seabed_deep_far.png magenta=0.00000 black=0.0000 white=0.0008 std=11.6 hash=955e1f37316d834d
imagecheck seabed_deep_far.png magenta=0.00000 black=0.0000 white=0.0008 std=11.6 hash=955e1f37316d834d
seed 12345  pos 296.5 111.0 584.5  rd 8  chunks 297  (drawn 73)
gen 174 ms  mesh(all, parallel) 171 ms  mesh(1 section) 0.56 ms  quads 504921 opaque / 65049 water
frame (encode+GPU, offscreen, median of 30) 4.16 ms  biome deepOcean
mesh slabs 20 MB, chunks 297 (block+light arrays 21 MB), Metal allocated 202 MB
memory: resident 268 MB  (section meshes 17 MB)
wrote snaps/seabed_deep_far.png
cave pocket at 8 37 248
openview: yaw 45, 13.1 blocks clear
textures without a painter: missing
textures: 1665 layers at 128 px, BC3, 34.7 MB with mips (build 992 ms, upload 311 ms)
light probe: eye sky 0 block 0 in air; floor+1 (y 37) sky 0 block 0 in air, daylight 1.0
imagecheck cave_torches.png magenta=0.00000 black=0.5409 white=0.0008 std=11.6 hash=2ede898e386d432d
imagecheck cave_torches.png magenta=0.00000 black=0.5409 white=0.0008 std=11.6 hash=2ede898e386d432d
seed 12345  pos 8.5 101.0 248.5  rd 8  chunks 297  (drawn 5)
gen 214 ms  mesh(all, parallel) 222 ms  mesh(1 section) 0.43 ms  quads 580007 opaque / 62007 water
frame (encode+GPU, offscreen, median of 30) 3.94 ms  biome ocean
cave biome around the eye: dripstone_caves (moss 0, dripstone 43, sculk 0)
mesh slabs 24 MB, chunks 297 (block+light arrays 24 MB), Metal allocated 206 MB
memory: resident 272 MB  (section meshes 20 MB)
wrote snaps/cave_torches.png
textures without a painter: missing
textures: 1665 layers at 128 px, BC3, 34.7 MB with mips (build 677 ms, upload 235 ms)
light probe: eye sky 15 block 0 in air; floor+1 (y 70) sky 15 block 0 in air, daylight 1.0
imagecheck in_lava.png magenta=0.00000 black=0.0000 white=0.0008 std=20.7 hash=a33cd234f9770606
imagecheck in_lava.png magenta=0.00000 black=0.0000 white=0.0008 std=20.7 hash=a33cd234f9770606
seed 12345  pos -87.5 135.0 104.5  rd 8  chunks 297  (drawn 74)
gen 208 ms  mesh(all, parallel) 158 ms  mesh(1 section) 0.21 ms  quads 793167 opaque / 16522 water
frame (encode+GPU, offscreen, median of 30) 5.57 ms  biome plains
mesh slabs 28 MB, chunks 297 (block+light arrays 26 MB), Metal allocated 198 MB
memory: resident 267 MB  (section meshes 25 MB)
wrote snaps/in_lava.png
textures without a painter: missing
textures: 1665 layers at 128 px, BC3, 34.7 MB with mips (build 855 ms, upload 283 ms)
light probe: eye sky 15 block 0 in air; floor+1 (y 72) sky 15 block 0 in air, daylight 1.0
imagecheck spawn_portal_check.png magenta=0.00000 black=0.0001 white=0.0172 std=44.9 hash=1ab72009c8b72a19
imagecheck spawn_portal_check.png magenta=0.00000 black=0.0001 white=0.0172 std=44.9 hash=1ab72009c8b72a19
seed 12345  pos 31.5 138.0 29.5  rd 16  chunks 997  (drawn 262)
gen 668 ms  mesh(all, parallel) 899 ms  mesh(1 section) 0.58 ms  quads 2052952 opaque / 85033 water
frame (encode+GPU, offscreen, median of 30) 6.84 ms  biome forest
mesh slabs 72 MB, chunks 997 (block+light arrays 98 MB), Metal allocated 254 MB
memory: resident 412 MB  (section meshes 65 MB)
wrote snaps/spawn_portal_check.png
textures without a painter: missing
textures: 1665 layers at 128 px, BC3, 34.7 MB with mips (build 751 ms, upload 254 ms)
light probe: eye sky 15 block 0 in air; floor+1 (y 70) sky 15 block 0 in air, daylight 1.0
imagecheck gallery_stone.png magenta=0.00000 black=0.0000 white=0.0008 std=43.7 hash=22aff2cdd6bc81b4
imagecheck gallery_stone.png magenta=0.00000 black=0.0000 white=0.0008 std=43.7 hash=22aff2cdd6bc81b4
seed 12345  pos -87.5 140.0 104.5  rd 8  chunks 297  (drawn 75)
gen 238 ms  mesh(all, parallel) 201 ms  mesh(1 section) 0.19 ms  quads 793231 opaque / 16522 water
frame (encode+GPU, offscreen, median of 30) 4.44 ms  biome plains
mesh slabs 28 MB, chunks 297 (block+light arrays 26 MB), Metal allocated 198 MB
memory: resident 263 MB  (section meshes 25 MB)
wrote snaps/gallery_stone.png
textures without a painter: missing
textures: 1665 layers at 128 px, BC3, 34.7 MB with mips (build 876 ms, upload 331 ms)
light probe: eye sky 15 block 0 in air; floor+1 (y 70) sky 15 block 0 in air, daylight 1.0
imagecheck gallery_wood.png magenta=0.00000 black=0.0000 white=0.0008 std=45.0 hash=94e9605fc3417ee7
imagecheck gallery_wood.png magenta=0.00000 black=0.0000 white=0.0008 std=45.0 hash=94e9605fc3417ee7
seed 12345  pos -87.5 140.0 104.5  rd 8  chunks 297  (drawn 75)
gen 211 ms  mesh(all, parallel) 238 ms  mesh(1 section) 0.20 ms  quads 793237 opaque / 16522 water
frame (encode+GPU, offscreen, median of 30) 4.34 ms  biome plains
mesh slabs 28 MB, chunks 297 (block+light arrays 26 MB), Metal allocated 198 MB
memory: resident 264 MB  (section meshes 25 MB)
wrote snaps/gallery_wood.png
textures without a painter: missing
textures: 1665 layers at 128 px, BC3, 34.7 MB with mips (build 722 ms, upload 260 ms)
light probe: eye sky 15 block 0 in air; floor+1 (y 70) sky 15 block 0 in air, daylight 1.0
imagecheck gallery_ores.png magenta=0.00000 black=0.0000 white=0.0008 std=42.0 hash=4125693d4acda804
imagecheck gallery_ores.png magenta=0.00000 black=0.0000 white=0.0008 std=42.0 hash=4125693d4acda804
seed 12345  pos -87.5 140.0 104.5  rd 8  chunks 297  (drawn 75)
gen 238 ms  mesh(all, parallel) 171 ms  mesh(1 section) 0.21 ms  quads 793235 opaque / 16522 water
frame (encode+GPU, offscreen, median of 30) 4.87 ms  biome plains
mesh slabs 28 MB, chunks 297 (block+light arrays 26 MB), Metal allocated 198 MB
memory: resident 263 MB  (section meshes 25 MB)
wrote snaps/gallery_ores.png
textures without a painter: missing
textures: 1665 layers at 128 px, BC3, 34.7 MB with mips (build 785 ms, upload 265 ms)
light probe: eye sky 15 block 4 in air; floor+1 (y 70) sky 15 block 0 in air, daylight 1.0
imagecheck gallery_earth.png magenta=0.00000 black=0.0000 white=0.0013 std=44.5 hash=2fa9ba9c40eefc4f
imagecheck gallery_earth.png magenta=0.00000 black=0.0000 white=0.0013 std=44.5 hash=2fa9ba9c40eefc4f
seed 12345  pos -87.5 140.0 104.5  rd 8  chunks 297  (drawn 75)
gen 215 ms  mesh(all, parallel) 155 ms  mesh(1 section) 0.27 ms  quads 793313 opaque / 16524 water
frame (encode+GPU, offscreen, median of 30) 4.83 ms  biome plains
mesh slabs 28 MB, chunks 297 (block+light arrays 26 MB), Metal allocated 198 MB
memory: resident 265 MB  (section meshes 25 MB)
wrote snaps/gallery_earth.png
textures without a painter: missing
textures: 1665 layers at 128 px, BC3, 34.7 MB with mips (build 769 ms, upload 256 ms)
light probe: eye sky 15 block 0 in air; floor+1 (y 70) sky 15 block 0 in air, daylight 1.0
imagecheck gallery_color.png magenta=0.00051 black=0.0000 white=0.0008 std=41.6 hash=18a0653882d330bb
imagecheck gallery_color.png magenta=0.00051 black=0.0000 white=0.0008 std=41.6 hash=18a0653882d330bb
seed 12345  pos -87.5 140.0 104.5  rd 8  chunks 297  (drawn 75)
gen 243 ms  mesh(all, parallel) 194 ms  mesh(1 section) 0.57 ms  quads 793233 opaque / 16537 water
frame (encode+GPU, offscreen, median of 30) 4.39 ms  biome plains
mesh slabs 28 MB, chunks 297 (block+light arrays 26 MB), Metal allocated 198 MB
memory: resident 263 MB  (section meshes 25 MB)
wrote snaps/gallery_color.png
textures without a painter: missing
textures: 1665 layers at 128 px, BC3, 34.7 MB with mips (build 596 ms, upload 213 ms)
light probe: eye sky 15 block 4 in air; floor+1 (y 70) sky 15 block 0 in air, daylight 1.0
imagecheck gallery_build.png magenta=0.00000 black=0.0000 white=0.0016 std=42.6 hash=a87f8e63521e668b
imagecheck gallery_build.png magenta=0.00000 black=0.0000 white=0.0016 std=42.6 hash=a87f8e63521e668b
seed 12345  pos -87.5 140.0 104.5  rd 8  chunks 297  (drawn 75)
gen 188 ms  mesh(all, parallel) 150 ms  mesh(1 section) 0.29 ms  quads 793394 opaque / 16522 water
frame (encode+GPU, offscreen, median of 30) 4.45 ms  biome plains
mesh slabs 28 MB, chunks 297 (block+light arrays 26 MB), Metal allocated 198 MB
memory: resident 263 MB  (section meshes 25 MB)
wrote snaps/gallery_build.png
textures without a painter: missing
textures: 1665 layers at 128 px, BC3, 34.7 MB with mips (build 686 ms, upload 245 ms)
light probe: eye sky 15 block 4 in air; floor+1 (y 70) sky 15 block 0 in air, daylight 0.12
imagecheck gallery_build_night.png magenta=0.00000 black=0.3509 white=0.0034 std=46.2 hash=a3a757c916301cfd
imagecheck gallery_build_night.png magenta=0.00000 black=0.3509 white=0.0034 std=46.2 hash=a3a757c916301cfd
seed 12345  pos -87.5 140.0 104.5  rd 8  chunks 297  (drawn 75)
gen 235 ms  mesh(all, parallel) 190 ms  mesh(1 section) 0.36 ms  quads 793394 opaque / 16522 water
frame (encode+GPU, offscreen, median of 30) 4.33 ms  biome plains
mesh slabs 28 MB, chunks 297 (block+light arrays 26 MB), Metal allocated 198 MB
memory: resident 264 MB  (section meshes 25 MB)
wrote snaps/gallery_build_night.png
textures without a painter: missing
textures: 1665 layers at 128 px, BC3, 34.7 MB with mips (build 689 ms, upload 244 ms)
light probe: eye sky 15 block 7 in air; floor+1 (y 70) sky 15 block 0 in air, daylight 1.0
imagecheck gallery_ember.png magenta=0.00000 black=0.0000 white=0.0015 std=46.9 hash=f8ebabf30b09c436
imagecheck gallery_ember.png magenta=0.00000 black=0.0000 white=0.0015 std=46.9 hash=f8ebabf30b09c436
seed 12345  pos -87.5 140.0 104.5  rd 8  chunks 297  (drawn 75)
gen 199 ms  mesh(all, parallel) 156 ms  mesh(1 section) 0.29 ms  quads 793306 opaque / 16522 water
frame (encode+GPU, offscreen, median of 30) 4.86 ms  biome plains
mesh slabs 28 MB, chunks 297 (block+light arrays 26 MB), Metal allocated 198 MB
memory: resident 264 MB  (section meshes 25 MB)
wrote snaps/gallery_ember.png
textures without a painter: missing
textures: 1665 layers at 128 px, BC3, 34.7 MB with mips (build 845 ms, upload 290 ms)
light probe: eye sky 15 block 0 in air; floor+1 (y 70) sky 15 block 0 in air, daylight 1.0
imagecheck gallery_plants.png magenta=0.00000 black=0.0000 white=0.0008 std=41.9 hash=cbf906cfd944a107
imagecheck gallery_plants.png magenta=0.00000 black=0.0000 white=0.0008 std=41.9 hash=cbf906cfd944a107
seed 12345  pos -87.5 140.0 104.5  rd 8  chunks 297  (drawn 75)
gen 266 ms  mesh(all, parallel) 227 ms  mesh(1 section) 0.26 ms  quads 793271 opaque / 16522 water
frame (encode+GPU, offscreen, median of 30) 4.85 ms  biome plains
mesh slabs 28 MB, chunks 297 (block+light arrays 26 MB), Metal allocated 198 MB
memory: resident 258 MB  (section meshes 25 MB)
wrote snaps/gallery_plants.png
textures without a painter: missing
textures: 1665 layers at 128 px, BC3, 34.7 MB with mips (build 904 ms, upload 295 ms)
light probe: eye sky 15 block 5 in air; floor+1 (y 70) sky 15 block 0 in air, daylight 1.0
imagecheck gallery_copper.png magenta=0.00000 black=0.0000 white=0.0023 std=41.8 hash=4da8351ac23854f1
imagecheck gallery_copper.png magenta=0.00000 black=0.0000 white=0.0023 std=41.8 hash=4da8351ac23854f1
seed 12345  pos -87.5 140.0 104.5  rd 8  chunks 297  (drawn 75)
gen 287 ms  mesh(all, parallel) 222 ms  mesh(1 section) 0.29 ms  quads 793572 opaque / 16522 water
frame (encode+GPU, offscreen, median of 30) 4.67 ms  biome plains
mesh slabs 28 MB, chunks 297 (block+light arrays 26 MB), Metal allocated 198 MB
memory: resident 263 MB  (section meshes 25 MB)
wrote snaps/gallery_copper.png
textures without a painter: missing
textures: 1665 layers at 128 px, BC3, 34.7 MB with mips (build 1064 ms, upload 336 ms)
light probe: eye sky 15 block 5 in air; floor+1 (y 70) sky 15 block 0 in air, daylight 0.12
imagecheck gallery_copper_night.png magenta=0.00000 black=0.3523 white=0.0057 std=47.6 hash=5dd6b56757d1a873
imagecheck gallery_copper_night.png magenta=0.00000 black=0.3523 white=0.0057 std=47.6 hash=5dd6b56757d1a873
seed 12345  pos -87.5 140.0 104.5  rd 8  chunks 297  (drawn 75)
gen 254 ms  mesh(all, parallel) 199 ms  mesh(1 section) 0.77 ms  quads 793572 opaque / 16522 water
frame (encode+GPU, offscreen, median of 30) 6.32 ms  biome plains
mesh slabs 28 MB, chunks 297 (block+light arrays 26 MB), Metal allocated 198 MB
memory: resident 265 MB  (section meshes 25 MB)
wrote snaps/gallery_copper_night.png
textures without a painter: missing
textures: 1665 layers at 128 px, BC3, 34.7 MB with mips (build 897 ms, upload 298 ms)
light probe: eye sky 15 block 0 in air; floor+1 (y 70) sky 15 block 0 in air, daylight 1.0
imagecheck farm_variants.png magenta=0.00000 black=0.0001 white=0.0008 std=46.9 hash=e8509e9662fb95ee
imagecheck farm_variants.png magenta=0.00000 black=0.0001 white=0.0008 std=46.9 hash=e8509e9662fb95ee
seed 12345  pos -87.5 135.0 104.5  rd 8  chunks 297  (drawn 74)
gen 266 ms  mesh(all, parallel) 225 ms  mesh(1 section) 0.46 ms  quads 792974 opaque / 16522 water
frame (encode+GPU, offscreen, median of 30) 5.16 ms  biome plains
mesh slabs 28 MB, chunks 297 (block+light arrays 26 MB), Metal allocated 210 MB
memory: resident 273 MB  (section meshes 25 MB)
wrote snaps/farm_variants.png
textures without a painter: missing
textures: 1665 layers at 128 px, BC3, 34.7 MB with mips (build 914 ms, upload 309 ms)
light probe: eye sky 15 block 0 in air; floor+1 (y 70) sky 15 block 0 in air, daylight 1.0
imagecheck copper_golems.png magenta=0.00000 black=0.0001 white=0.0008 std=45.6 hash=d1b824a20a58862e
imagecheck copper_golems.png magenta=0.00000 black=0.0001 white=0.0008 std=45.6 hash=d1b824a20a58862e
seed 12345  pos -87.5 135.0 104.5  rd 8  chunks 297  (drawn 74)
gen 293 ms  mesh(all, parallel) 215 ms  mesh(1 section) 0.48 ms  quads 792974 opaque / 16522 water
frame (encode+GPU, offscreen, median of 30) 4.86 ms  biome plains
mesh slabs 28 MB, chunks 297 (block+light arrays 26 MB), Metal allocated 210 MB
memory: resident 266 MB  (section meshes 25 MB)
wrote snaps/copper_golems.png
textures without a painter: missing
textures: 1665 layers at 128 px, BC3, 34.7 MB with mips (build 871 ms, upload 289 ms)
light probe: eye sky 15 block 8 in air; floor+1 (y 70) sky 15 block 1 in air, daylight 1.0
imagecheck gallery_hollow.png magenta=0.00000 black=0.0000 white=0.0091 std=46.8 hash=d4469151f63839b5
imagecheck gallery_hollow.png magenta=0.00000 black=0.0000 white=0.0091 std=46.8 hash=d4469151f63839b5
seed 12345  pos -87.5 140.0 104.5  rd 8  chunks 297  (drawn 75)
gen 259 ms  mesh(all, parallel) 220 ms  mesh(1 section) 0.34 ms  quads 793308 opaque / 16532 water
frame (encode+GPU, offscreen, median of 30) 4.45 ms  biome plains
mesh slabs 28 MB, chunks 297 (block+light arrays 26 MB), Metal allocated 198 MB
memory: resident 266 MB  (section meshes 25 MB)
wrote snaps/gallery_hollow.png
textures without a painter: missing
textures: 1665 layers at 128 px, BC3, 34.7 MB with mips (build 1115 ms, upload 371 ms)
light probe: eye sky 15 block 0 in air; floor+1 (y 64) sky 15 block 0 in air, daylight 1.0
imagecheck leak_12345.png magenta=0.00000 black=0.0000 white=0.0013 std=54.4 hash=bff9e7b2a7f084df
imagecheck leak_12345.png magenta=0.00000 black=0.0000 white=0.0013 std=54.4 hash=bff9e7b2a7f084df
seed 12345  pos 36.0 134.0 56.0  rd 8  chunks 297  (drawn 80)
gen 271 ms  mesh(all, parallel) 251 ms  mesh(1 section) 0.36 ms  quads 810252 opaque / 29591 water
frame (encode+GPU, offscreen, median of 30) 5.40 ms  biome beach
mesh slabs 32 MB, chunks 297 (block+light arrays 26 MB), Metal allocated 202 MB
memory: resident 254 MB  (section meshes 26 MB)
wrote snaps/leak_12345.png
textures without a painter: missing
textures: 1665 layers at 128 px, BC3, 34.7 MB with mips (build 760 ms, upload 286 ms)
light probe: eye sky 15 block 6 in air; floor+1 (y 69) sky 15 block 8 in bush, daylight 1.0
imagecheck agent_door_777.png magenta=0.00000 black=0.0000 white=0.0008 std=48.8 hash=ce0b3dcbd9631eee
imagecheck agent_door_777.png magenta=0.00000 black=0.0000 white=0.0008 std=48.8 hash=ce0b3dcbd9631eee
seed 777  pos 959.5 138.0 272.5  rd 8  chunks 297  (drawn 82)
gen 257 ms  mesh(all, parallel) 230 ms  mesh(1 section) 0.78 ms  quads 765073 opaque / 11714 water
frame (encode+GPU, offscreen, median of 30) 4.49 ms  biome plains
mesh slabs 28 MB, chunks 297 (block+light arrays 26 MB), Metal allocated 210 MB
memory: resident 266 MB  (section meshes 24 MB)
wrote snaps/agent_door_777.png
naming audit: 5898 names, 0 flagged
selftest: 982 blocks, 97 mob kinds, 4/4 special recipes, bundle fill 32/64, 83 advancements
selftest ok: 188 mobs after 3 s
textures without a painter: missing
textures: 1665 layers at 128 px, BC3, 34.7 MB with mips (build 988 ms, upload 324 ms)
light probe: eye sky 15 block 0 in air; floor+1 (y 70) sky 15 block 0 in air, daylight 1.0
imagecheck selftest.png magenta=0.00000 black=0.0002 white=0.0090 std=51.6 hash=fbcb5eea2c38246c
imagecheck selftest.png magenta=0.00000 black=0.0002 white=0.0090 std=51.6 hash=fbcb5eea2c38246c
seed 12345  pos -87.5 135.0 104.5  rd 8  chunks 297  (drawn 78)
gen 256 ms  mesh(all, parallel) 211 ms  mesh(1 section) 0.31 ms  quads 793167 opaque / 16522 water
frame (encode+GPU, offscreen, median of 30) 5.52 ms  biome plains
mesh slabs 28 MB, chunks 297 (block+light arrays 26 MB), Metal allocated 210 MB
memory: resident 261 MB  (section meshes 25 MB)
wrote snaps/selftest.png
structure village at 14 129 -322 (38 pieces, framed)
textures without a painter: missing
textures: 1665 layers at 128 px, BC3, 34.7 MB with mips (build 932 ms, upload 286 ms)
light probe: eye sky 15 block 0 in air; floor+1 (y 136) sky 15 block 0 in air, daylight 1.0
imagecheck flicker_village.png magenta=0.00000 black=0.0000 white=0.0008 std=51.9 hash=c35a08f292608e7d flicker=0.00087
imagecheck flicker_village.png magenta=0.00000 black=0.0000 white=0.0008 std=51.9 hash=c35a08f292608e7d flicker=0.00087
seed 12345  pos -24.8 218.4 -355.8  rd 8  chunks 297  (drawn 80)
gen 220 ms  mesh(all, parallel) 455 ms  mesh(1 section) 1.10 ms  quads 1583161 opaque / 12820 water
frame (encode+GPU, offscreen, median of 30) 5.35 ms  biome taiga
mesh slabs 56 MB, chunks 297 (block+light arrays 37 MB), Metal allocated 238 MB
memory: resident 319 MB  (section meshes 49 MB)
wrote snaps/flicker_village.png
textures without a painter: missing
textures: 1665 layers at 128 px, BC3, 34.7 MB with mips (build 873 ms, upload 310 ms)
light probe: eye sky 15 block 0 in air; floor+1 (y 87) sky 15 block 0 in air, daylight 1.0
imagecheck flicker_forest.png magenta=0.00000 black=0.0000 white=0.0008 std=52.9 hash=f138fea781c509df flicker=0.00038
imagecheck flicker_forest.png magenta=0.00000 black=0.0000 white=0.0008 std=52.9 hash=f138fea781c509df flicker=0.00038
seed 12345  pos -135.5 173.0 -39.5  rd 8  chunks 297  (drawn 79)
gen 228 ms  mesh(all, parallel) 385 ms  mesh(1 section) 1.26 ms  quads 1123696 opaque / 9408 water
frame (encode+GPU, offscreen, median of 30) 5.30 ms  biome forest
mesh slabs 40 MB, chunks 297 (block+light arrays 29 MB), Metal allocated 210 MB
memory: resident 278 MB  (section meshes 35 MB)
wrote snaps/flicker_forest.png
textures without a painter: missing
textures: 1665 layers at 128 px, BC3, 34.7 MB with mips (build 691 ms, upload 238 ms)
light probe: eye sky 15 block 6 in air; floor+1 (y 70) sky 15 block 0 in air, daylight 1.0
imagecheck flicker_build.png magenta=0.00000 black=0.0000 white=0.0015 std=43.0 hash=c2a236da3c96aa85 flicker=0.00099
imagecheck flicker_build.png magenta=0.00000 black=0.0000 white=0.0015 std=43.0 hash=c2a236da3c96aa85 flicker=0.00099
seed 12345  pos -87.5 140.0 104.5  rd 8  chunks 297  (drawn 75)
gen 214 ms  mesh(all, parallel) 179 ms  mesh(1 section) 0.29 ms  quads 793380 opaque / 16522 water
frame (encode+GPU, offscreen, median of 30) 4.43 ms  biome plains
mesh slabs 28 MB, chunks 297 (block+light arrays 26 MB), Metal allocated 198 MB
memory: resident 257 MB  (section meshes 25 MB)
wrote snaps/flicker_build.png
imagecheck: 133 frames, black_frame 1, missing_texture 2
